event,date,driver,team,lap,run_start_m,swing_independent_kw,deploy_frac_step,clip_start_frac_step,harvest_kw_step,swing_fit_kw_step,energy_used_kj_step,rmse_kmh_step,clip_range_m_step,deploy_frac_ramp,clip_start_frac_ramp,harvest_kw_ramp,swing_fit_kw_ramp,energy_used_kj_ramp,rmse_kmh_ramp,clip_range_m_ramp,period
Australian Grand Prix,2026-03-08,RUS,Mercedes,2,0.0,280.56615568669883,0.4256859577503741,0.8144422310756972,251.77071366778216,278.9857232294793,1189.9519766906908,5.117340164477789,198.9000000000002,0.4237826802007004,0.6933764940239043,57.7482256897071,129.21194950140932,1304.7095551447717,5.229689274714552,165.75,before
Australian Grand Prix,2026-03-08,RUS,Mercedes,3,0.0,79.68750266293425,0.05909022767637612,0.5053784860557768,90.82583313108665,95.47888515062824,-362.93058288424425,1.9328590580331027,44.25,0.06232664149795634,0.4348605577689243,99.20938143255992,119.81666835897283,-392.00092291343094,1.8324155128354715,44.25,before
Australian Grand Prix,2026-03-08,RUS,Mercedes,5,0.0,142.50377867908944,0.29647121326525133,0.666633466135458,79.78298296726891,122.20836780595884,819.0710632961107,3.4773674072912475,194.0000000000001,0.29659780887755444,0.5796812749003983,75.44419860408367,137.6857955498689,837.4635691668511,3.5021157416730446,97.0,before
Australian Grand Prix,2026-03-08,RUS,Mercedes,45,0.0,131.54914675131573,0.4033091755855948,0.49585657370517927,2.052593832012557e-06,46.28334797795747,1007.4122385467656,5.120386625241908,82.55000000000007,0.4024806058088048,0.49585657370517927,47.40769841801067,11.87724749263779,1026.1544154776411,5.10191621064569,146.05,before
Australian Grand Prix,2026-03-08,RUS,Mercedes,54,0.0,194.0851578881097,0.3619755965910277,0.6840139442231075,87.16729357144033,130.8413393073557,933.1888299489457,3.2595371765746695,102.5,0.36031705610392556,0.5921314741035857,91.13917197380962,157.92936311657448,957.071520594333,3.3350478572345024,76.875,before
Australian Grand Prix,2026-03-08,ANT,Mercedes,5,0.0,156.7788337442183,0.24905282769485504,0.6050796812749003,61.84665746034565,101.49388411619005,524.6306064618852,2.0380408673891015,70.31250000000011,0.24852004814041057,0.5266434262948207,64.72339890102167,123.12386203760497,521.2482960131919,2.0598211303982232,70.31250000000011,before
Australian Grand Prix,2026-03-08,ANT,Mercedes,11,0.0,150.33428870444226,0.2851973587488642,0.6561752988047808,53.85595822588583,96.41047685597873,674.4107716490754,2.2123061471874585,76.25000000000011,0.28439237292278235,0.5832669322709163,56.649903291173686,116.81830831678164,670.9972883275591,2.232871746606016,76.25,before
Australian Grand Prix,2026-03-08,ANT,Mercedes,25,0.0,147.93466523267296,0.2736695064548123,0.6163346613545817,80.98869683842055,119.3363584218751,536.6967782610662,1.5729772601390595,55.25,0.2727186164289443,0.5282868525896415,93.40697290717335,154.04924888726077,524.2582915667407,1.618156074134618,41.4375,before
Australian Grand Prix,2026-03-08,LEC,Ferrari,36,0.0,229.68407853044977,0.2776245075137676,0.3631075697211155,1.706193073089984e-06,41.80864146726129,592.9800145535241,2.5804779368941833,31.38749999999999,0.2764532573918035,0.3631075697211155,47.40769841801067,10.412629321895714,609.7288380024196,2.531182139314231,83.70000000000005,before
Australian Grand Prix,2026-03-08,HAM,Ferrari,5,0.0,216.00904298220885,0.2743950504468699,0.7018924302788845,144.86007937440095,176.3777491278444,414.67150396995385,1.834081683481329,45.5625,0.2760613401752123,0.5687749003984064,229.38604390340353,290.41240841460126,367.2793057449945,1.5096817935322677,15.1875,before
Australian Grand Prix,2026-03-08,HAM,Ferrari,11,0.0,255.48232853810657,0.32438432265908057,0.7442729083665338,145.7366945113411,178.88502146972843,647.3743932785436,2.9663242498440754,91.875,0.3281973037344102,0.5978585657370518,203.30760311959094,269.2171184514389,627.6091746025744,2.8804902057659167,30.625,before
Australian Grand Prix,2026-03-08,HAM,Ferrari,14,0.0,261.4605824771711,0.22771540621302905,0.22036852589641429,3.619383598976657e-05,70.26140003453834,331.1824710686803,1.1525982641206367,37.50000000000006,0.2262546284471024,0.17928286852589642,42.09687518727305,98.15554641684513,330.9679005943987,1.1510983721714452,37.50000000000003,before
Australian Grand Prix,2026-03-08,HAM,Ferrari,35,0.0,217.83998173567164,0.3416740271946398,0.6841135458167331,115.9326792960758,154.82687426259272,622.2813830715019,2.3306832607636276,60.25,0.3454208390700975,0.564093625498008,216.50902481296242,284.4825648957365,548.8315156646347,2.2765173926019373,30.125,before
Australian Grand Prix,2026-03-08,HAM,Ferrari,37,0.0,237.7626287962921,0.32152052211225934,0.7230079681274899,134.68280355792623,171.7292231408925,636.5492605641946,2.5580156261820512,59.5,0.3293573417501537,0.5807768924302789,198.97492584832932,264.0397370575749,601.0515668548804,2.473814471273126,44.625,before
Australian Grand Prix,2026-03-08,HAM,Ferrari,41,0.0,243.19187730929076,0.33533397709954027,0.7564243027888445,160.08011290772743,191.12039077508567,598.899149845999,2.327132638941795,77.8125,0.34369617975554123,0.595219123505976,218.30605262296842,284.09864479239144,574.0889705773596,2.0967533492236425,31.125,before
Australian Grand Prix,2026-03-08,HAM,Ferrari,44,0.0,221.9083522189197,0.29051432811556877,0.6776892430278885,122.24371610932879,156.38127207652903,426.3910899624528,2.2097391862385938,60.75,0.28981958394009383,0.5687749003984064,230.57549682145654,289.9352032826873,348.56153395985365,1.9032721060805782,15.1875,before
Australian Grand Prix,2026-03-08,HAM,Ferrari,45,0.0,223.99654139668942,0.33169446972192,0.7350597609561752,167.55581786331635,201.21840391513953,503.39303899611906,2.7893797769461184,92.25,0.34503721824619493,0.5635458167330677,234.41402185750306,301.6511976101952,467.5664044854924,2.5587665559464394,46.125,before
Australian Grand Prix,2026-03-08,HAM,Ferrari,51,0.0,231.1575138858974,0.30131931530619577,0.7047808764940238,139.95954232331496,170.98629069464002,440.2105154865008,2.351385719609583,61.0,0.3044451087077363,0.5711155378486056,228.30889606974497,289.0843935189898,386.4290699109159,2.1943156093265634,30.5,before
Australian Grand Prix,2026-03-08,NOR,McLaren,3,0.0,,0.18197075622032613,0.8862948207171314,91.09750876316787,82.60644721879407,741.6336825168372,4.236219100948155,261.05000000000007,0.18189554342404726,0.8252490039840635,47.40769841801067,56.86701956036746,750.5920558657252,4.236282196296231,227.0000000000001,before
Australian Grand Prix,2026-03-08,NOR,McLaren,5,0.0,209.12379990238853,0.31839734346209686,0.150199203187251,0.00010653798205599886,94.21547315184863,333.1996286027458,1.1683349378774985,39.0,0.32598690301528277,0.08027888446215138,47.40769841801067,108.79620025437433,331.41658443477377,1.0838450574354892,38.999999999999986,before
Australian Grand Prix,2026-03-08,NOR,McLaren,6,0.0,181.53226601092814,0.32888059827688093,0.7171314741035856,59.014405308875006,105.21271193780083,904.1804626537984,2.6381383976089325,120.0,0.32977729552806456,0.6334661354581672,60.740136292018036,125.12011810957867,901.6088050043793,2.6547677953919124,90.00000000000011,before
Australian Grand Prix,2026-03-08,VER,Red Bull Racing,3,0.0,,0.363660338011188,0.7263944223107569,6.3522536995033985,62.782323789646256,1185.6832868509946,3.8983898674038127,221.0000000000001,0.363941118473577,0.6713645418326692,1.9481100467746466,68.78293230377774,1188.0563139739013,3.8985335855323426,221.0,before
Australian Grand Prix,2026-03-08,VER,Red Bull Racing,7,0.0,,0.1822926621676267,0.5832171314741036,42.96011774623871,77.65698941227994,370.1816769372798,2.2139396084301546,119.50000000000011,0.1825555027044135,0.5237051792828684,43.591294025931255,90.8475225444665,368.4605318329883,2.206382985846238,104.5625,before
Australian Grand Prix,2026-03-08,VER,Red Bull Racing,29,0.0,174.44504258938412,0.2713118649217803,0.6100597609561752,77.82275971449371,118.511282080359,445.7188067075511,2.24806344371755,61.25,0.272028249488872,0.5246513944223107,87.45248951013312,148.96389013798705,430.2117732097746,2.2458624492859656,61.25,before
Australian Grand Prix,2026-03-08,VER,Red Bull Racing,32,0.0,138.70347878409123,0.2631193125144246,0.602589641434263,80.12532232281755,119.83390953043411,402.3522169006694,1.8259949655918826,45.375,0.266730930331785,0.5061752988047807,86.80186503181082,148.2490769733523,390.4122395918466,1.8182862086893854,45.375,before
Australian Grand Prix,2026-03-08,VER,Red Bull Racing,40,0.0,186.8049753484386,0.3173807612133092,0.64402390438247,68.61222181767529,112.64887229359563,679.4856464091728,2.3169827742471765,91.50000000000011,0.31668916320150314,0.5589641434262947,76.200089723699,141.91593867320097,668.4877477483451,2.320710067075994,76.25000000000011,before
Australian Grand Prix,2026-03-08,VER,Red Bull Racing,47,0.0,220.64518826417847,0.34745707728859515,0.6832669322709163,65.58516997731189,110.0668012873184,796.5994793575582,3.2496074913330903,122.50000000000011,0.34719359904625574,0.5978585657370518,73.92561051289242,139.04167848881008,786.1359418031745,3.2639843549416145,91.875,before
Australian Grand Prix,2026-03-08,VER,Red Bull Racing,49,0.0,145.36017295591336,0.3099996853074569,0.645418326693227,54.15474335686547,98.5915304790212,684.7034979456031,1.9936166879378419,75.00000000000011,0.30923427034911477,0.5737051792828686,57.650934606587896,118.69284626773525,680.2914267993764,2.0108790154974043,75.0,before
Australian Grand Prix,2026-03-08,VER,Red Bull Racing,50,0.0,196.76564150919071,0.30292885529480096,0.6655876494023905,79.3009140726081,119.69059298902116,595.6542856023455,2.0710720783228593,75.93750000000011,0.3025638270008314,0.5808764940239044,93.96216533436694,153.8302201398853,576.1310333118562,2.038017618045735,60.75,before
Australian Grand Prix,2026-03-08,VER,Red Bull Racing,52,0.0,234.68748497498373,0.3479191248211609,0.6954681274900398,97.95023619632494,138.15883849739637,709.2725319986811,2.759401497427579,91.875,0.3465860220241639,0.5978585657370518,203.79157813624445,269.0277648795811,634.5074266025706,2.56918123614407,30.625,before
Australian Grand Prix,2026-03-08,VER,Red Bull Racing,58,0.0,230.8907731058707,0.2949773032883922,0.6255478087649401,121.81566975474145,156.98313581272348,328.21959050926324,2.454458054310718,14.8125,0.30239504029356734,0.5075199203187251,202.59235317915594,266.6786444769093,231.20230108643034,2.139723200196874,0.0,before
Australian Grand Prix,2026-03-08,BEA,Haas F1 Team,3,0.0,220.4757438734069,0.3619566571347769,0.7721115537848605,57.482705763177556,104.57591155882683,1126.5549435866003,5.2543532004217886,228.0000000000001,0.3617585687930807,0.692629482071713,48.62508562295972,114.02607414735483,1138.4786338362696,5.26913036849741,171.0,before
Australian Grand Prix,2026-03-08,BEA,Haas F1 Team,6,0.0,178.73588538388742,0.3388690101916032,0.756125498007968,77.89567922052869,120.25508652256313,924.7687442894921,3.1966485029436487,120.49999999999989,0.3412195927874902,0.6601095617529881,148.03554514793132,211.89407406774527,883.233097591649,3.1283434792051277,90.37500000000011,before
Australian Grand Prix,2026-03-08,BEA,Haas F1 Team,25,0.0,188.5639747554905,0.3692404367030313,0.6643426294820717,92.65855339189693,139.52169399964225,833.5499210581914,2.571375369991913,71.875,0.3722045294619835,0.549800796812749,101.81550277328788,176.83426451844326,823.2815874819175,2.607079780637887,57.5,before
Australian Grand Prix,2026-03-08,BEA,Haas F1 Team,28,0.0,205.29674570694468,0.38465052032187813,0.7874501992031872,91.90373767724668,134.58870993014037,1081.3373811308975,4.275525483150475,177.0000000000001,0.3849485496241667,0.6816733067729083,117.63177333952014,182.1108108766694,1089.0514520797356,4.285287120957145,88.5,before
Australian Grand Prix,2026-03-08,BEA,Haas F1 Team,29,0.0,1278.425546030892,0.34243733360717554,0.8309262948207171,130.0765511028058,162.60227732500195,1032.4510746913713,5.8145365338934845,235.0000000000001,0.3434957424327815,0.7138944223107568,93.47532060849254,154.64591452116824,1067.5989834326022,5.853093677666857,176.25,before
Australian Grand Prix,2026-03-08,BEA,Haas F1 Team,32,0.0,250.60989179681462,0.3823582369075642,0.8074701195219122,176.56480159619318,207.7012557591635,895.9433832228889,3.993213159639974,105.875,0.385357179816969,0.6507968127490039,152.58980038323543,220.31088183061553,947.137222206948,4.113722171254964,75.62500000000011,before
Australian Grand Prix,2026-03-08,BEA,Haas F1 Team,33,0.0,221.57536282688594,0.29933972563359434,0.6749003984063745,125.41697131408075,162.82416569540771,470.53796180282916,2.396655312245453,60.5,0.30100771513310176,0.5543824701195218,231.66844239774812,295.5674204254212,391.83960931417425,2.1765192560250464,30.25,before
Australian Grand Prix,2026-03-08,BEA,Haas F1 Team,35,0.0,228.32616605600663,0.2516128777792089,0.6137450199203186,102.33986013244866,136.624665100868,313.20476263435523,1.954134335654481,14.8125,0.24982575312187288,0.5193227091633466,124.8183218084021,182.4070552139118,281.6911221609902,1.8789593716505442,44.4375,before
Australian Grand Prix,2026-03-08,BEA,Haas F1 Team,37,0.0,197.87528391012012,0.3337537817590743,0.6721115537848605,104.42070193545783,145.30498147157402,662.4290515942794,2.3327327316598914,75.3125,0.3366662586109724,0.564093625498008,155.79999519285266,224.4603730075803,610.0584290710723,2.204223105497735,45.1875,before
Australian Grand Prix,2026-03-08,BEA,Haas F1 Team,38,0.0,175.951270951655,0.3819940680928936,0.6902390438247011,85.11536679522982,134.25923849312215,921.6525365211252,2.4543394757312607,72.1875,0.3823235844047469,0.5867031872509959,105.5894536829109,177.48263709861553,907.3925356336557,2.484762761390789,43.3125,before
Australian Grand Prix,2026-03-08,BEA,Haas F1 Team,39,0.0,155.7026037821944,0.41393754911782144,0.7754980079681274,79.64982093836865,125.72983793958244,1130.9408379207912,4.406578561152211,229.0000000000001,0.41600070579646564,0.6728585657370517,102.16325416999813,169.86369286275206,1129.543741307799,4.415690136086555,114.5,before
Australian Grand Prix,2026-03-08,BEA,Haas F1 Team,42,0.0,230.76034191413774,0.28056932119806527,0.6373505976095617,139.8464694557074,171.3035193514193,259.23428739887896,2.0862861146150062,29.625,0.28493650842191653,0.5075199203187251,256.2555338582109,318.85302883000855,165.86720814359165,1.7221608431993798,14.8125,before
Australian Grand Prix,2026-03-08,LIN,Racing Bulls,3,0.0,151.98432238620072,0.3698744322651824,0.7171314741035856,69.27265410666043,118.40293578639903,1028.913792271382,2.8989579093135545,112.5,0.36968760543349827,0.6274900398406374,95.310645014799,164.74722737880944,1020.31985786875,2.9257279326672796,98.43750000000011,before
Australian Grand Prix,2026-03-08,LIN,Racing Bulls,17,0.0,161.8535308497057,0.3392988988050667,0.6525896414342629,88.65337321994903,133.7043857813306,719.4886077941179,1.999860481611556,58.5,0.3397378568459823,0.5477091633466136,99.50383562653184,170.53914855637697,707.8221676697781,2.0309895460731013,43.875,before
Australian Grand Prix,2026-03-08,LIN,Racing Bulls,20,0.0,151.89967981762467,0.24368169341720763,0.5360059760956175,92.300854763448,129.4671194460077,231.53681828397185,2.370470676325624,85.87500000000011,0.2459497804829387,0.43336653386454177,99.9281994306265,165.2887405182415,213.65101724104505,2.2381344619817227,28.625,before
Australian Grand Prix,2026-03-08,LIN,Racing Bulls,22,0.0,178.97959355844256,0.33388703754933896,0.6787848605577689,81.59587190087082,127.15978915735496,749.6554093731593,2.291041926741228,73.4375,0.33384471002041943,0.5851593625498008,94.46080120978358,160.13919026086444,737.6353772978155,2.3300132768348125,58.75,before
Australian Grand Prix,2026-03-08,LIN,Racing Bulls,25,0.0,167.90462058811372,0.31015663711408764,0.6400398406374502,94.85509010395899,134.67167358455796,544.164139248872,1.6438315010001008,44.625,0.3130291042034802,0.5333665338645417,103.93218473485875,170.35067099440255,533.4878228915885,1.700279767383679,29.75,before
Australian Grand Prix,2026-03-08,LIN,Racing Bulls,28,0.0,171.3361235414901,0.30380118964739466,0.6373505976095617,103.61519893423845,143.52721508903358,505.68959123784816,1.6713089377515058,44.4375,0.3068966471519427,0.5193227091633466,110.74234298997068,178.23442368939706,494.65495971480755,1.6527598141545978,29.625,before
Australian Grand Prix,2026-03-08,LIN,Racing Bulls,29,0.0,160.19007181485563,0.2974052175414216,0.599402390438247,75.58116465817729,121.23868667672402,660.1372227347699,1.8091807022261306,63.75,0.3013589380302749,0.49780876494023907,78.45532914730775,146.48795863747486,654.6080169473908,1.8023864088965007,51.0,before
Australian Grand Prix,2026-03-08,LIN,Racing Bulls,32,0.0,173.83068928607787,0.367486474260599,0.6436752988047809,84.6626601078107,131.50895577980245,762.0233189526253,2.1504716854381325,58.75,0.367582780457,0.5383466135458166,95.08871847662974,169.04390316616588,750.0714999198345,2.169093932990611,58.750000000000114,before
Australian Grand Prix,2026-03-08,LIN,Racing Bulls,35,0.0,185.8059968887094,0.28965614681227336,0.6163346613545816,101.41555152495434,138.58191807235895,403.1205123837101,1.6915360438709472,44.625,0.3014169002396234,0.49780876494023896,112.2451138573232,178.8850124739253,388.1709890456159,1.7236866877987143,44.625,before
Australian Grand Prix,2026-03-08,LIN,Racing Bulls,37,0.0,169.4234978658185,0.2914886546054175,0.6241035856573705,99.30249271364217,136.5394609247693,423.12217688661696,1.527793100171589,30.125,0.2977490714163366,0.5160856573705178,115.72942093864036,180.4555637857701,401.12589452124956,1.4940630144700864,30.125,before
Australian Grand Prix,2026-03-08,LIN,Racing Bulls,38,0.0,188.23363367455767,0.2874741659265222,0.6215139442231075,100.85202849252475,139.12426386863376,408.8712655395813,1.5246212014950826,30.0,0.295115735440747,0.5139442231075696,119.19354283759642,183.9787257362449,385.0367651127378,1.4663378196864496,30.0,before
Australian Grand Prix,2026-03-08,LIN,Racing Bulls,39,0.0,152.9522941613962,0.3471257299163158,0.6614541832669322,70.1941615238649,117.06140007091636,799.839228913194,2.179581550684096,71.5625,0.3470570699698332,0.5702191235059761,78.29845836408548,145.77534169497397,792.6850475085245,2.2123320287843153,57.25,before
Australian Grand Prix,2026-03-08,LIN,Racing Bulls,41,0.0,157.8067734068781,0.34059246772948665,0.6033864541832669,70.48339766788973,121.37091438409183,686.8172262285512,2.2286129739267104,58.25,0.34376587775077777,0.4989541832669322,71.55317586264236,145.86969254765205,682.8176221486884,2.250136247597695,58.25,before
Australian Grand Prix,2026-03-08,LIN,Racing Bulls,43,0.0,169.72047477166188,0.3259992181560722,0.6609561752988048,81.84744832071046,124.85127096596511,686.0190728412837,1.6001553805327615,44.4375,0.3256228245572585,0.5665338645418326,94.98463774554698,160.32438821598276,671.188279822304,1.6248514268823475,29.625,before
Australian Grand Prix,2026-03-08,LIN,Racing Bulls,50,0.0,189.42203743440334,0.30883772227508827,0.6427290836653387,97.3676928381145,138.87137239558464,534.6256324709532,1.8256952927738617,44.8125,0.30945212140234574,0.5356075697211155,107.0810493007404,172.32286818057534,521.7388770268968,1.8502995814291339,29.875,before
Australian Grand Prix,2026-03-08,LIN,Racing Bulls,53,0.0,424.7005816969933,0.32252479051635363,0.5817529880478087,2.88233258054233e-06,35.876891719155836,898.9638187354111,1.921323601977963,50.28750000000002,0.32191552088780423,0.5817529880478087,47.40769841801067,10.32008501513693,914.1474523600547,1.9111765676681993,96.85000000000014,before
Australian Grand Prix,2026-03-08,LIN,Racing Bulls,54,0.0,,0.29115527650667133,0.8199203187250996,1.6642768703830855e-06,31.326194932649525,1043.646037393667,6.357087398393497,84.00000000000011,0.29094063045184915,0.8199203187250996,47.40769841801067,14.388512685518238,1057.3554006447712,6.341343695668659,136.5000000000001,before
Australian Grand Prix,2026-03-08,LIN,Racing Bulls,55,0.0,150.29816374805839,0.39747759089417556,0.6874501992031873,71.8488796161548,119.91587220132642,918.3943647460928,2.4973565881970323,74.375,0.3973469085502801,0.5926294820717132,75.16844086608656,145.82249781327974,916.9617003401519,2.5553629496409545,59.5,before
Australian Grand Prix,2026-03-08,LIN,Racing Bulls,56,0.0,166.47408898324616,0.3459944004684519,0.6427290836653387,85.38343612619045,131.73283084195694,660.7833634267158,2.063247956691302,59.750000000000114,0.34860248474478295,0.5356075697211155,91.70999144526027,161.4451350049471,649.9017680077969,2.0860795659528852,44.8125,before
Australian Grand Prix,2026-03-08,BOR,Audi,3,0.0,334.89162026760783,0.3488854194798853,0.5817529880478087,2.4936875820122994e-07,40.20545721247641,1011.5137622241459,5.478110578186178,50.28750000000002,0.3485191121402264,0.5817529880478087,47.40769841801067,10.797170619959877,1029.3118337542348,5.42121394113303,96.85000000000014,before
Australian Grand Prix,2026-03-08,BOR,Audi,6,0.0,237.00149427816592,0.309493314283754,0.6862549800796812,52.99051178161892,100.1384579654891,912.905651908629,2.2714635597311585,92.75,0.3092243725652325,0.6123505976095618,61.78465672977397,125.0758032250447,911.7148035051906,2.286751553858054,66.25,before
Australian Grand Prix,2026-03-08,BOR,Audi,7,0.0,215.20235738548263,0.2479633747459105,0.6520318725099601,3.561201758396031e-06,30.298787005212347,822.9565529451783,14.091875062794958,275.55000000000007,0.2476179303194138,0.6520318725099601,47.40769841801067,12.42466762052237,836.004460974604,14.08869715510083,359.05,before
Australian Grand Prix,2026-03-08,BOR,Audi,10,0.0,272.25657297024446,0.3294166313559535,0.7649402390438246,149.19070244788819,183.2356999915653,772.7772188227858,3.707876821761506,120.0,0.3325946179414775,0.6215139442231075,173.55414672876842,239.4228684833747,784.78109105809,3.783725174412592,60.0,before
Australian Grand Prix,2026-03-08,BOR,Audi,26,0.0,200.52928143415792,0.21142423076189218,0.5880478087649402,126.97826937522825,151.71457309978194,-35.979869001530346,2.5675988821298996,76.875,0.21343570351486257,0.47778884462151383,145.7969277267634,199.62898081985128,-70.88826912672486,2.340126027047594,61.5,before
Australian Grand Prix,2026-03-08,BOR,Audi,49,0.0,208.73285844548988,0.2574305597587561,0.6033864541832669,104.20290746502516,140.7553570188951,319.80819893626364,1.5525403216365827,0.0,0.25892740225725724,0.4989541832669322,123.83979910533274,184.00550125012128,290.63213389875125,1.4376121989031203,14.5625,before
Australian Grand Prix,2026-03-08,BOR,Audi,54,0.0,225.044653908904,0.3503095399129879,0.6993027888446214,128.75001017785746,165.20991654146317,677.8372107475171,2.4250329890841846,74.375,0.35231474145349906,0.5689243027888446,203.0515883801997,271.7337769150085,640.2431493567386,2.2570675500520023,29.75,before
Australian Grand Prix,2026-03-08,BOR,Audi,55,0.0,224.19187607915254,0.2352120660408145,0.6944223107569721,152.4315120401739,177.31859029055792,178.42249928111002,3.6897034454547617,124.50000000000011,0.2403275776656916,0.5580179282868525,262.8944689453072,316.40882694289627,91.2028548223226,2.9515586658820534,31.125,before
Australian Grand Prix,2026-03-08,GAS,Alpine,14,5.0,175.06956543001482,0.27216265186631444,0.18749999999999997,128.1211401542757,175.51307892866956,258.9262523317075,3.167219802662194,82.49999999999997,0.26990105876643056,0.10806772908366531,43.29967279668533,97.16314948380501,297.44104846088146,3.2143412585408693,82.49999999999997,before
Australian Grand Prix,2026-03-08,GAS,Alpine,31,0.0,145.12863897051366,0.30064888167466575,0.6334661354581672,77.43833000172278,119.90828201453199,575.3692847609007,2.040192469406889,75.00000000000011,0.29959779853927165,0.549800796812749,90.19485517002312,153.46376829716394,557.4391557761568,2.0167026717330425,45.0,before
Australian Grand Prix,2026-03-08,GAS,Alpine,34,0.0,115.79411591448283,0.23645089453021872,0.5360557768924302,76.83718836949252,114.31019157982996,266.9432950462359,1.7369489949815597,58.500000000000114,0.2382500758542613,0.44282868525896407,80.43373687505225,142.5423194831232,258.5327205596574,1.6720884218991559,58.5,before
Australian Grand Prix,2026-03-08,GAS,Alpine,40,0.0,135.1343810059476,0.33555572899187913,0.647011952191235,27.24016423106437,79.80371738798604,948.9835841834432,1.8201707416702315,101.5,0.3350240603737657,0.5863545816733068,28.65935837016415,94.12119542820423,950.7165114854946,1.8300202468255713,63.4375,before
Australian Grand Prix,2026-03-08,GAS,Alpine,41,0.0,154.41335459119438,0.4097806599123772,0.1544820717131474,225.4778857433032,280.8596066885452,292.92616798879345,0.8703883751659274,20.5625,0.4163336045019705,0.04915338645418326,47.40769841801067,119.15656791326451,369.28939739593494,1.551766753973385,47.0,before
Australian Grand Prix,2026-03-08,GAS,Alpine,44,0.0,161.05011560699216,0.2961286778773595,0.5153784860557769,4.0138970425042896e-05,36.63422236439496,785.0594152300071,2.009318728046312,44.549999999999955,0.2954940015205743,0.5153784860557769,47.40769841801067,10.936811041218817,800.0348368075489,1.9867839065815898,85.80000000000007,before
Australian Grand Prix,2026-03-08,GAS,Alpine,49,0.0,130.3177716851082,0.31483033404743793,0.43346613545816726,18.144885520562017,81.75416561924322,728.9546476064077,3.1548459113613316,128.00000000000006,0.3155246169038083,0.3633466135458167,47.40769841801067,111.576665903367,731.0426767126941,3.1556959183000264,224.0,before
Australian Grand Prix,2026-03-08,GAS,Alpine,50,0.0,144.69403842061067,0.31125888300610866,0.5772908366533864,74.30844691031518,121.08804992406647,661.6405118447456,2.3072117421894953,90.56250000000011,0.31344116664033755,0.4742031872509959,78.0387759145873,150.66017431450172,656.9064678888761,2.2928232211333,64.68750000000011,before
Australian Grand Prix,2026-03-08,OCO,Haas F1 Team,5,0.0,130.7517296992059,0.27989069667672645,0.6375,48.28148938059469,93.22643555107643,655.5200696256915,2.314595668500073,94.125,0.28011830549869676,0.5624999999999999,49.25525034746478,111.14388722113722,653.181076514117,2.3305367079042987,78.43750000000011,before
Australian Grand Prix,2026-03-08,OCO,Haas F1 Team,6,0.0,1068.466147134902,0.2788904306225535,0.5917828685258963,113.05156575721435,149.56929986929788,322.96776422457873,9.764531310973782,174.7500000000001,0.275045813685421,0.47574701195219116,114.10720446450333,181.46146786761162,326.3206906669359,9.861032626206681,116.5,before
Australian Grand Prix,2026-03-08,OCO,Haas F1 Team,14,0.0,226.59908829180944,0.24927566289834524,0.7081673306772908,149.89977184274795,174.51385074974445,370.80050202020817,2.011324763044465,59.25,0.2540427397441346,0.5665338645418326,216.15556115382586,272.7347155958031,341.2242162647548,1.889429903507923,29.625,before
Australian Grand Prix,2026-03-08,OCO,Haas F1 Team,15,0.0,200.39736914766343,0.26236346731901145,0.6812749003984063,122.09377015297784,154.43415927321627,433.43528608875187,3.936019308730145,105.0,0.26151940714454097,0.5737051792828686,221.3542346502039,279.58386106433505,368.4047527518781,3.8465136742176855,75.0,before
Australian Grand Prix,2026-03-08,OCO,Haas F1 Team,22,0.0,233.13601613965142,0.4199993307808178,0.795816733067729,165.84664201752872,202.72135392267032,1056.1760537683097,3.8233826673946467,117.50000000000011,0.42373904576763644,0.6436752988047809,141.11224486590123,207.2624729548924,1103.5730264454696,3.9512076369497615,73.4375,before
Australian Grand Prix,2026-03-08,OCO,Haas F1 Team,25,0.0,233.80648997724148,0.2880266106463288,0.7442729083665338,138.2086445347196,167.63883496969243,549.1368032790259,3.2757025913818953,91.875,0.2906507095960328,0.6100597609561752,202.58391917184608,261.4405083179851,522.64401528148,3.173500109986239,30.625,before
Australian Grand Prix,2026-03-08,OCO,Haas F1 Team,29,0.0,216.38155499592872,0.2879498046652462,0.7141434262948206,123.0582890161286,156.95459081026382,545.44460552007,3.1367100668189396,104.5625,0.2890257645248795,0.5951195219123505,198.4910643781982,257.23246537709673,509.23125204593595,3.0890333082112145,59.75,before
Australian Grand Prix,2026-03-08,OCO,Haas F1 Team,31,0.0,221.07344761261572,0.41059830034981754,0.8167828685258964,151.93843203414937,189.84716155826612,1115.5133439306549,5.318465315132196,173.2500000000001,0.41142523282650184,0.6902390438247011,102.38666507990945,161.6979994407124,1169.1527255514738,5.382944182742059,115.5,before
Australian Grand Prix,2026-03-08,OCO,Haas F1 Team,34,0.0,266.50088423430606,0.3096782416590132,0.7141434262948206,138.1219651701071,172.68970041799633,556.7196080321897,2.821396150819536,89.625,0.309795033769585,0.5832171314741036,204.0408102258693,266.3511406434059,536.0569612804288,2.789941223511034,44.8125,before
Australian Grand Prix,2026-03-08,OCO,Haas F1 Team,40,0.0,253.34963506519532,0.36322349941562837,0.747011952191235,103.65588966068758,147.71146513823837,852.8836556767224,2.874377554383166,93.75,0.364696152883868,0.6349601593625497,190.1618127366704,257.06675223802245,799.9908736494655,2.7409686342546036,31.25,before
Australian Grand Prix,2026-03-08,OCO,Haas F1 Team,44,0.0,255.2011733270041,0.41655588715236824,0.8025896414342628,153.27822099574536,194.7734331231116,1088.328247271651,3.8425922920065334,118.50000000000011,0.41893321289908003,0.6609561752988048,139.64007606766407,201.40373172968503,1130.8651012524585,3.9201899968622334,74.0625,before
Australian Grand Prix,2026-03-08,OCO,Haas F1 Team,46,0.0,,0.4647803076683682,0.8433466135458169,2.8783218826463713e-06,41.42970685039943,1458.525905062272,6.105122751040717,86.4000000000002,0.4643953560886988,0.8433466135458169,47.40769841801067,14.284405569875126,1477.3353699553436,6.090473543049379,140.4000000000002,before
Australian Grand Prix,2026-03-08,OCO,Haas F1 Team,47,0.0,234.3922333724738,0.27720263449887983,0.7011454183266932,119.62243361137824,151.92165061616572,464.15061915204484,2.1276460261364782,61.75,0.27819996662248586,0.5904382470119522,243.83080135489632,285.6128600258551,385.8224377000874,1.865857087772791,15.4375,before
Australian Grand Prix,2026-03-08,OCO,Haas F1 Team,49,0.0,205.64373984845932,0.2469739213253834,0.6413844621513943,94.82444040619313,128.0284541690794,366.7703083544591,2.3511569777644845,136.6875,0.25125037209153894,0.5687749003984064,236.65480687680636,291.11334153735476,242.36292807062023,1.8153887102148052,15.1875,before
Australian Grand Prix,2026-03-08,OCO,Haas F1 Team,50,0.0,,0.2587412220615251,0.5622310756972112,2.5222459458725857e-06,31.83071630969768,741.9718374368408,2.2582453243822056,57.600000000000136,0.2582487144384149,0.5622310756972112,47.40769841801067,10.379816043430504,755.3038543799244,2.242613229295925,93.60000000000014,before
Australian Grand Prix,2026-03-08,OCO,Haas F1 Team,52,0.0,257.62439441835636,0.3129790218011705,0.7351593625498007,135.38238542327448,165.60448795362976,604.1542347531155,3.599541238893015,105.875,0.3149020664316953,0.602589641434263,196.05685374678137,257.04213589027233,582.2764951393673,3.5400525607089617,60.5,before
Australian Grand Prix,2026-03-08,OCO,Haas F1 Team,54,0.0,183.06006708323454,0.41014357222051,0.7890438247011952,80.47397847446632,127.16198208804572,1143.229748989641,4.39283313014416,233.0000000000001,0.4096293562987762,0.696215139442231,94.82838793975178,161.6191606023461,1156.137480909406,4.416032886497859,116.5,before
Australian Grand Prix,2026-03-08,ALB,Williams,3,0.0,164.92525127903104,0.3541332601664481,0.6557270916334661,62.330967838243716,113.65125642946249,943.7695310736591,3.257176081184553,101.0625,0.35478014292273835,0.563695219123506,67.71848823164235,143.32600972935353,937.5700530101567,3.2780449299619234,86.625,before
Australian Grand Prix,2026-03-08,ALB,Williams,5,0.0,,0.32401778209743237,0.7165338645418325,11.897297123757653,63.837834000676246,1096.016846072949,3.5496214357134854,218.0000000000001,0.32414412094062395,0.6622509960159362,10.33253729773602,74.00269488955105,1096.8369224201817,3.549350220398915,163.5,before
Australian Grand Prix,2026-03-08,ALB,Williams,10,5.0,86.73007393097808,0.14155636508674585,0.5729083665338646,79.65293972007166,102.02081416373522,197.3475039255112,3.1690235101999216,102.00000000000011,0.14339644576733432,0.49163346613545816,82.85361741065212,123.8478583176898,192.55122941278032,3.160292030908729,102.00000000000011,before
Australian Grand Prix,2026-03-08,ALB,Williams,14,20.0,116.93242830177863,0.19696487778529834,0.5911354581673306,79.9506827724448,113.2584504402872,247.9582237566563,1.5715752705503796,43.3125,0.19928802847337115,0.49910358565737045,81.51238833542544,134.63634259208197,243.84562802573294,1.5876975623349117,43.3125,before
Australian Grand Prix,2026-03-08,ALB,Williams,24,0.0,119.35057843335345,0.16309374481836883,0.5892430278884461,74.52022177540648,99.97606901921381,185.45313596447323,1.817788448240375,58.0,0.15818755524051376,0.5314741035856573,83.22097167521612,123.99477123100124,174.0151299463312,1.8737401055418659,72.5,before
Australian Grand Prix,2026-03-08,ALB,Williams,25,0.0,114.43067527967345,0.18419722168286132,0.5968625498007967,79.81724710111173,108.14722399141796,235.86154521790618,3.3502911342585833,102.8125,0.1838788602485115,0.5149402390438246,83.26212682740754,131.07003140685612,230.0291801238111,3.3588074545726223,102.8125,before
Australian Grand Prix,2026-03-08,ALB,Williams,29,0.0,,0.25766461923469,0.6470617529880477,63.71623209301903,104.15907570986559,660.5420991726228,1.8283048958481376,79.875,0.2590347887489735,0.5622011952191234,67.66020692649231,125.35309482637173,655.7690110472372,1.8364412099946938,53.25,before
Australian Grand Prix,2026-03-08,ALB,Williams,30,0.0,136.57174107825833,0.1728856905320641,0.5539342629482071,90.72107713793277,117.5093405278357,95.42273345695054,1.9128542045225132,56.75,0.17480806990091827,0.4634960159362549,95.56345600901007,143.27868701716224,87.39050662214196,1.8938814864677165,42.5625,before
Australian Grand Prix,2026-03-08,ALB,Williams,31,0.0,107.2232093188298,0.1433511337415053,0.5383466135458166,80.42916239286782,104.13144649928523,4.133002344623514,1.3976359126580729,44.0625,0.1413996193933817,0.46812749003984055,84.64925997514749,124.78357518825179,-4.50192605476416,1.3902124936362097,44.0625,before
Australian Grand Prix,2026-03-08,ALB,Williams,35,0.0,126.7679067021551,0.19499201187987455,0.5717131474103586,76.07739014888054,105.32493750293601,341.2745039771363,1.5617423153166754,64.0625,0.19585890285963006,0.4900398406374502,79.02406570759683,128.9103672924601,337.9015219479175,1.5636233953372476,38.4375,before
Australian Grand Prix,2026-03-08,ALB,Williams,37,0.0,130.77650288333285,0.20574775739317752,0.5685756972111554,87.33995285514828,118.25557157478218,207.51891399107797,1.7777122459198293,58.25,0.20701370940866098,0.47574701195219116,91.70931898114415,145.77086361096556,198.82040303529124,1.7249486871864277,43.6875,before
Australian Grand Prix,2026-03-08,ALB,Williams,38,0.0,123.84993281306065,0.1699353360814227,0.5876494023904383,90.98969942205984,114.0151505397591,109.40055557522743,1.9519402181498728,59.0,0.17359788848446034,0.493625498007968,92.40987162463708,138.14003280975876,106.12493006231097,1.9523381273414315,44.25,before
Australian Grand Prix,2026-03-08,ALB,Williams,39,0.0,155.11392616367047,0.2903446330489386,0.593027888446215,78.03458997506334,120.52421602161685,524.0586266333536,1.7700532779457465,57.25,0.2904090393187492,0.5017928286852589,85.11814826577674,150.9442625880768,513.5793662922845,1.778793558439185,42.9375,before
Australian Grand Prix,2026-03-08,ALB,Williams,40,0.0,143.6899678624407,0.24889519939144564,0.5783366533864542,86.9140643792455,125.34601583471687,324.2060551470335,1.8000841698659327,59.25,0.25325427227152386,0.47211155378486047,88.5922427902674,151.6459628737211,318.6180840031036,1.7606907725948944,44.4375,before
Australian Grand Prix,2026-03-08,ALB,Williams,42,0.0,143.98286489355004,0.20238676072345718,0.5876494023904383,92.22105755107563,119.79326575224582,188.3690988311708,1.6169105018511687,44.25,0.20403275423165815,0.493625498007968,96.10241393688561,147.38731351626967,180.7342715730977,1.5959561046617907,29.5,before
Australian Grand Prix,2026-03-08,ALB,Williams,43,0.0,123.79052454459813,0.19818643075335088,0.5593625498007968,82.14042399957195,115.03432001171886,188.0062629246734,2.25032700845531,87.75,0.20184827029468036,0.4661354581673306,83.27541098227005,136.4210007100714,184.05342608284212,2.222105619187185,58.5,before
Australian Grand Prix,2026-03-08,ALB,Williams,44,0.0,133.64899234138355,0.2138320185129357,0.552390438247012,86.94067508129824,119.24410585169882,181.11981695969595,2.84955374981255,88.50000000000011,0.21458690711879602,0.45836653386454174,91.51791574681819,147.6963825394317,171.52620625825918,2.820238824560931,88.5,before
Australian Grand Prix,2026-03-08,ALB,Williams,47,0.0,140.42702338925957,0.17754636694917397,0.5689243027888446,90.43855885568287,115.954451584719,78.51443569032344,1.7206741923230413,44.625,0.18018568931513046,0.47410358565737043,91.00011187181067,138.2579065188073,73.89299414386836,1.6927367241593643,44.625,before
Australian Grand Prix,2026-03-08,ALB,Williams,48,0.0,133.96794784941338,0.17786078950254855,0.5665338645418326,93.12392690375961,119.82615479276801,64.2859438206607,1.5292787659562863,44.4375,0.18048506420129032,0.47211155378486047,96.40732876169899,143.82178962061505,57.00978741756237,1.4929808933999602,29.625,before
Australian Grand Prix,2026-03-08,ALB,Williams,50,0.0,146.25092700315778,0.19781645053419947,0.5951195219123506,88.49630118884473,118.31738939548356,187.0352859377087,1.2893718911073797,29.875,0.19986726798838406,0.4999003984063744,89.56540180448233,139.10895005958645,183.87927480845823,1.3101556281051994,29.875,before
Australian Grand Prix,2026-03-08,ALB,Williams,51,0.0,137.09367744215984,0.18918878145919668,0.5689243027888446,87.20778775370862,114.8572307647607,126.10497707556642,1.6283142641531343,29.75,0.19266454579118283,0.47410358565737043,87.6116504577979,137.24972450160328,123.68297118865698,1.6378889667740728,44.625,before
Australian Grand Prix,2026-03-08,ALB,Williams,57,0.0,161.88549022958665,0.2781437793472518,0.6019422310756971,61.442448163544626,103.79340220257373,537.8811310784918,1.8699508099603506,59.25,0.2782363653995795,0.5193227091633466,62.877575022120205,124.11893331664213,535.0438261940981,1.8911902539526644,44.4375,before
Australian Grand Prix,2026-03-08,LAW,Racing Bulls,4,0.0,199.54329370653332,0.3580651832268157,0.7153884462151393,84.51663570644699,128.94194824522737,977.6129489652999,3.523019218528351,110.5,0.3581263689098922,0.6163346613545817,118.46601540857436,187.22666923686793,977.265431901644,3.5653536546064966,82.875,before
Australian Grand Prix,2026-03-08,LAW,Racing Bulls,5,0.0,181.03021419401398,0.3271471374027242,0.7315737051792828,44.124444565579,90.21901607455561,998.7517614633022,3.0020757792895414,113.0,0.3267048291497488,0.6640438247011952,50.3975032371587,112.82450216793055,997.7617645816679,3.0053356991933113,98.875,before
Australian Grand Prix,2026-03-08,LAW,Racing Bulls,6,0.0,200.44023558417248,0.30912481639542694,0.7540836653386453,73.20707686637813,115.37717168075845,937.60103626635,2.7339239175175503,98.875,0.30971420028496555,0.6640438247011952,67.10421165120738,127.72473562970052,945.797086551356,2.761893182796387,84.75,before
Australian Grand Prix,2026-03-08,LAW,Racing Bulls,7,0.0,,0.33872181514731164,0.7607569721115537,53.58307692522251,99.9502474747486,1072.338136573763,2.519320381208985,114.00000000000011,0.3394494414440078,0.6812749003984063,55.34666800437158,119.14258442712662,1071.7786942030746,2.528729788394905,99.75,before
Australian Grand Prix,2026-03-08,LAW,Racing Bulls,8,0.0,192.77944711165733,0.28816211720295026,0.6609561752988048,105.39595642338648,143.1775189132808,532.6852638692162,1.7743526722578864,44.4375,0.2915343235664858,0.5429282868525896,115.2781134742646,180.33740793106017,518.2266419965962,1.811088750605338,44.4375,before
Australian Grand Prix,2026-03-08,LAW,Racing Bulls,9,0.0,168.70022539310384,0.31041195646686864,0.649800796812749,77.5150002366322,122.52860549388575,695.842821371442,1.9604667946656522,72.8125,0.31109021450676366,0.5569721115537849,88.1987286443888,155.06029332551367,682.4736031006689,1.9435908633003356,43.6875,before
Australian Grand Prix,2026-03-08,LAW,Racing Bulls,15,0.0,146.12103402187546,0.40282930939220196,0.6633466135458166,52.66449187974699,111.14516867403876,1093.4277643373637,2.4850489367533637,111.0,0.4034258005212804,0.5749003984063744,58.97534957705639,137.0142066986303,1088.3226247628572,2.497003952658524,83.25,before
Australian Grand Prix,2026-03-08,LAW,Racing Bulls,16,0.0,154.16742493290255,0.30403900433414477,0.6611055776892429,66.84979239847617,111.33438854313363,773.9947850373012,2.2761776520877377,98.4375,0.30525777862533937,0.5714641434262947,72.25252637983127,137.4757621394014,767.6236535676837,2.3006768764280214,70.3125,before
Australian Grand Prix,2026-03-08,LAW,Racing Bulls,17,0.0,179.52495538843976,0.28254516143288166,0.5807768924302789,109.94547276643776,149.48459654803077,305.77302797394907,3.223542966314346,104.125,0.28705343438327424,0.4503984063745019,116.82521935130993,189.541332472027,282.27050714773503,3.1244513344401623,74.375,before
Australian Grand Prix,2026-03-08,LAW,Racing Bulls,21,0.0,230.8629745380451,0.2374872444626478,0.6553784860557769,121.05606526933522,152.4801117778641,314.0094053356147,7.979161577633673,234.9999999999999,0.23916879582632328,0.5383466135458167,137.26079910231786,192.71501379495095,296.94971907101717,7.998806667305171,176.2500000000001,before
Australian Grand Prix,2026-03-08,LAW,Racing Bulls,22,0.0,183.47950018482751,0.27102622172260005,0.6189243027888446,99.14556868156201,138.69096403865277,407.26115806140314,1.4297862049452712,14.9375,0.2853373737401299,0.4999003984063744,115.80338226585951,183.03254413484433,382.81771025724754,1.2652954795369484,0.0,before
Australian Grand Prix,2026-03-08,LAW,Racing Bulls,23,0.0,225.5003969113976,0.27936632594756555,0.6324203187250995,125.04337382907548,158.4572807600944,252.9144687458358,1.8480249899064438,46.6875,0.2818824686835591,0.5084163346613545,139.6928099345736,203.76838371240865,228.48765032773483,1.7800748095855303,31.125,before
Australian Grand Prix,2026-03-08,LAW,Racing Bulls,26,0.0,194.5315291554915,0.33035875278380084,0.5856573705179283,110.08706410004893,156.39813784770791,436.8494671683227,3.503690020659594,90.0,0.3377570215069792,0.4541832669322709,120.97978591402789,202.31267503349343,414.1994299242368,3.3352716409631915,75.0,before
Australian Grand Prix,2026-03-08,LAW,Racing Bulls,27,0.0,212.00043465380816,0.22827916040665258,0.6095617529880477,121.97669138819383,150.85909950787774,130.57499597142797,1.8870628230992492,45.0,0.23344146180172634,0.4900398406374501,132.1994789327647,189.0004484110416,112.45203654226768,1.730917961982717,15.0,before
Australian Grand Prix,2026-03-08,LAW,Racing Bulls,29,0.0,237.1776737773129,0.26282470684977804,0.6710657370517928,151.5860273732805,182.07035294518414,226.6793952084523,1.8826161837697688,45.9375,0.26562481517413883,0.5368525896414341,262.31552087088886,321.8690131428341,142.33346556421304,1.3478186467120143,0.0,before
Australian Grand Prix,2026-03-08,LAW,Racing Bulls,30,0.0,238.03424255240725,0.2510154315156285,0.6519422310756972,154.24351738704547,179.11179994608864,106.80757319448122,2.2091602679263826,61.75,0.25760645273049315,0.5166334661354581,285.2695045464915,344.72324652145767,-11.68985801312921,1.5047166456520433,15.4375,before
Australian Grand Prix,2026-03-08,LAW,Racing Bulls,31,0.0,231.38390188204468,0.26375635448406975,0.6507968127490039,135.77670891771425,168.66417671804723,276.0026420368623,1.9273874515733307,30.25,0.2644041911982971,0.5302788844621513,256.0519086370254,316.57607043603394,177.98695648810084,1.5071881553139073,15.125,before
Australian Grand Prix,2026-03-08,LAW,Racing Bulls,32,0.0,276.9580079372246,0.28198246511777664,0.6183266932270916,96.47424798894733,135.988102959762,651.8846799370787,1.8039244258279923,84.875,0.2835170572058387,0.5120517928286852,123.92757539900887,187.67083421772963,653.0214793678957,1.8232882743119518,36.375,before
Australian Grand Prix,2026-03-08,LAW,Racing Bulls,35,0.0,253.3154157868116,0.3227263365262925,0.6932270916334662,146.62852147732087,180.72130739171186,481.04903081704,2.2114323684193766,60.0,0.3281128845414919,0.549800796812749,227.3074084243109,293.5964327938738,434.55659897554455,2.048464094930324,30.0,before
Australian Grand Prix,2026-03-08,LAW,Racing Bulls,40,0.0,210.71303780182598,0.2690438374121372,0.5926294820717131,120.86510088392876,154.48753772983753,211.37059439314658,2.094352874699987,59.5,0.27252879578257116,0.47410358565737043,139.41886493945117,203.86419827146014,180.36543010911217,1.8563784536932575,44.625,before
Australian Grand Prix,2026-03-08,LAW,Racing Bulls,41,0.0,222.97044224423385,0.27612993613039793,0.6361055776892429,145.47864398257303,174.68068854557893,207.8100626127386,2.0667744123816383,45.1875,0.2810670598003253,0.5040836653386453,252.46059827494116,315.6544327265061,103.71713715986309,1.8293299287051943,30.125,before
Australian Grand Prix,2026-03-08,LAW,Racing Bulls,43,0.0,222.02441303110925,0.29280402739394784,0.6163346613545816,122.94851474539072,157.3791985946669,306.82498056364454,1.9564016377373137,44.625,0.29371715858490793,0.5096613545816732,272.2164127910859,322.94232458456895,186.35839329366686,1.7298373069836548,29.75,before
Australian Grand Prix,2026-03-08,LAW,Racing Bulls,44,0.0,255.1928725945188,0.29377859371076775,0.7076693227091633,169.26184526160384,194.5917161505479,325.67330064701014,2.205017323195679,30.625,0.3008717912510239,0.5490537848605577,247.2953700305648,309.6413363490439,283.4588073104272,1.894656078353526,15.3125,before
Australian Grand Prix,2026-03-08,LAW,Racing Bulls,49,0.0,211.2082398903632,0.2668931985717743,0.6387450199203186,111.17023585187327,145.9229775249532,328.228225336223,2.1331032196126247,30.25,0.2672707922530154,0.5302788844621513,130.15543422661162,188.67940163255233,301.4454453795098,2.061085005887936,30.25,before
Australian Grand Prix,2026-03-08,LAW,Racing Bulls,51,0.0,196.37935723704894,0.3185250240282818,0.6699203187250996,85.56334633305559,127.44824385991724,663.5953434342372,2.3523595246202196,59.0,0.31760708622405887,0.5758964143426295,96.93964903910886,159.61150414549462,653.3579693065069,2.4084672948949186,44.25,before
Australian Grand Prix,2026-03-08,LAW,Racing Bulls,53,0.0,148.43395624365422,0.3437534938079101,0.6663346613545816,46.98196814972825,95.52173424881862,856.8605412868724,2.8050702605356497,111.5,0.34475835409217986,0.5885956175298804,46.451205451316895,110.51955557494736,856.4933271690894,2.815616840319962,83.62500000000011,before
Australian Grand Prix,2026-03-08,LAW,Racing Bulls,54,0.0,169.24269775160644,0.3792565878640106,0.6872509960159362,67.39096744989246,118.26576413184692,944.7813185787154,2.4600365874515187,86.25,0.38001454936323276,0.595617529880478,77.21397181000535,146.80904963553155,935.9590320535302,2.4896716833059194,57.5,before
Australian Grand Prix,2026-03-08,LAW,Racing Bulls,56,0.0,195.8554489343881,0.4128541852187074,0.6956673306772907,91.45371057944556,139.0104984116041,989.2082984022137,2.8394488164616476,71.5625,0.4124576716898799,0.593027888446215,103.81309628468007,177.3900312174768,998.4153207875046,2.973295284054789,57.25,before
Australian Grand Prix,2026-03-08,LAW,Racing Bulls,57,0.0,163.3892498222193,0.30467483088226005,0.6642430278884462,61.75812903376817,103.41086764030554,704.7060860379929,3.0896192604197044,102.375,0.30486929125935053,0.5826693227091633,66.09088708963192,126.44474102791258,699.4918844492046,3.1101079200230006,73.125,before
Australian Grand Prix,2026-03-08,COL,Alpine,3,0.0,131.50565772998837,0.2981222056515038,0.6622509960159362,71.47258181986751,117.36812506646864,817.0439100713055,2.1001674749984223,81.75,0.2979176348555351,0.5753984063745019,92.28430901745527,158.69558089521095,803.8402652186328,2.132212050776641,54.5,before
Australian Grand Prix,2026-03-08,COL,Alpine,5,20.0,178.8607944014031,0.3784823888054301,0.7566733067729082,67.97137419768818,116.77841191213736,1116.1881456933954,3.7469053371282657,166.5,0.3783470095784153,0.668227091633466,72.44270604518604,141.79139250859316,1124.0205232387693,3.7749181226988404,111.0,before
Australian Grand Prix,2026-03-08,COL,Alpine,6,0.0,146.69884545417392,0.3596983916601578,0.7432768924302788,47.16474294387385,90.85469464040528,1174.928566415047,2.7970316003884808,129.35000000000014,0.35980491177492246,0.6739043824701194,47.40769841801067,84.84083017639848,1184.6374869572562,2.7981382172733746,149.2500000000001,before
Australian Grand Prix,2026-03-08,COL,Alpine,7,0.0,151.57586300014427,0.30378315724169563,0.6472111553784861,73.17443658943199,119.14207611159208,704.193825915577,1.6876561666079561,57.0,0.30400851790726213,0.5563745019920319,78.84543696407364,144.51381712300812,698.6644728953999,1.7439116147058287,42.75,before
Australian Grand Prix,2026-03-08,COL,Alpine,24,0.0,161.3863733954294,0.2744072192465383,0.5832171314741036,99.66013862788662,141.1076355460178,323.6637112558766,1.4446225119833829,29.875,0.280033626263906,0.46419322709163346,102.90480701851207,171.4113674996887,315.2154606041062,1.4982839549169753,0.0,before
Australian Grand Prix,2026-03-08,COL,Alpine,25,0.0,152.16673111275458,0.27910214214006585,0.5781374501992032,92.96938452363693,135.06308445946115,321.49261859753864,1.596687061941725,46.3125,0.2825070308957595,0.46743027888446204,97.91584392929194,167.05568471875554,309.4796655587789,1.518766413819341,30.875,before
Australian Grand Prix,2026-03-08,COL,Alpine,32,0.0,154.88541616686,0.32677420055708234,0.6163346613545816,91.7143634437222,135.39622216925594,567.6263829498441,1.892079289888601,44.625,0.33246959018285566,0.49780876494023896,93.07574075837616,166.2965073427012,561.7268951841515,1.9201615550016178,44.625,before
Australian Grand Prix,2026-03-08,COL,Alpine,35,0.0,148.57316934144268,0.30968292199237674,0.5807768924302789,77.90727718484243,123.40187457889563,513.7121705693567,2.0505308908394535,59.5,0.30964742090820235,0.4859561752988047,83.33860142296479,153.97609028436045,503.80903230466765,2.0607806626970184,59.5,before
Australian Grand Prix,2026-03-08,COL,Alpine,36,0.0,138.11986224071453,0.3149773931653809,0.595019920318725,79.50700818190128,127.09999060919174,690.5254571161256,1.7458294222762882,64.375,0.31803412957315097,0.49243027888446217,97.50679671704316,169.1806938248005,672.0984178979872,1.709520823759822,38.625,before
Australian Grand Prix,2026-03-08,COL,Alpine,37,0.0,,0.12470218099435845,0.4559760956175298,81.22839230576051,105.0293391894356,-118.36921876888256,2.4872648439036174,95.375,0.12183488862313646,0.3908366533864541,88.22085796564632,127.36080247077017,-133.20839225915373,2.428870136886612,95.37499999999994,before
Australian Grand Prix,2026-03-08,COL,Alpine,42,0.0,146.02557485504775,0.27091577258730754,0.5244023904382469,87.80245770061593,129.74594729541258,270.62721905053536,1.9167324518521467,43.875,0.27304946886458464,0.4195219123505976,95.40202492873722,166.75883530797873,251.0698494467096,1.7969964614003469,43.875,before
Australian Grand Prix,2026-03-08,COL,Alpine,43,0.0,143.56321936810284,0.25009776681727275,0.5539342629482071,79.42411950503804,118.82489277520415,343.26578755176644,1.8080182549205026,42.5625,0.25284829019766647,0.4634960159362549,90.21511380350933,152.4120162932533,324.9848761547496,1.775436778302976,28.375,before
Australian Grand Prix,2026-03-08,COL,Alpine,45,5.0,163.41312524313665,0.281427802333157,0.5848605577689243,85.76459016078178,126.20065274344996,372.50186926042585,1.566766441355011,45.5625,0.2811162778334828,0.48804780876494014,91.78779691718931,157.18172489634443,360.91719612052736,1.6034105924998148,30.375,before
Australian Grand Prix,2026-03-08,COL,Alpine,48,0.0,286.1776987936167,0.5037362050164066,0.8019920318725099,114.11068365539866,164.90798249562945,1242.363093502706,7.331317483881559,183.0000000000001,0.5033256742558009,0.6804780876494024,127.49296271087228,203.27007624648746,1266.596414223522,7.414185716740585,122.00000000000011,before
Australian Grand Prix,2026-03-08,SAI,Williams,3,0.0,,0.33715631976982724,0.7834661354581672,25.956735379790604,74.0406131964543,1141.158863189971,4.180701687741711,228.0000000000001,0.3377992026746369,0.7266932270916334,30.954438079500722,92.3148850561167,1143.2271391909196,4.18222838750323,285.0,before
Australian Grand Prix,2026-03-08,SAI,Williams,4,0.0,146.25732398254914,0.278872856731949,0.646414342629482,48.325512650550365,94.58738014334038,737.4516911048369,2.804238874705059,103.25000000000011,0.2782994322505875,0.5758964143426295,50.60337923062578,112.76177701738472,735.1237370343289,2.8263007379055223,88.5,before
Australian Grand Prix,2026-03-08,SAI,Williams,6,0.0,,0.30202800882732694,0.7110557768924302,4.639858314620396,55.96957668793864,1021.153123693234,2.6130890990727247,121.0,0.3021703808580745,0.6628486055776892,2.98899255558048,63.24254191730407,1022.7673664601878,2.61133140600531,121.00000000000011,before
Australian Grand Prix,2026-03-08,SAI,Williams,7,0.0,,0.20098733945805605,0.5570717131474103,58.59505566712339,94.79094789504856,318.1469046884649,2.9312397177263296,104.12500000000011,0.20465959703371175,0.47410358565737043,57.55686934829933,113.29245883489476,318.1420725229187,2.907783975998759,119.0,before
Australian Grand Prix,2026-03-08,SAI,Williams,10,0.0,100.68692993829389,0.20092924425207612,0.5727091633466136,65.87981279443908,100.48286642432282,340.34967998004055,2.0525957376270836,71.875,0.20224567777872793,0.49252988047808755,67.58744881328377,121.84000864423639,336.1883110461819,2.0290198757704907,71.875,before
Australian Grand Prix,2026-03-08,SAI,Williams,14,0.0,129.29748745736669,0.31348044259572794,0.5851593625498007,54.31591082732425,106.0382171117157,709.7276635545695,2.6611034374585465,88.125,0.31645433094826503,0.49153386454183257,55.00728381945567,130.7002996302911,705.8715345989829,2.6503032587556365,73.4375,before
Australian Grand Prix,2026-03-08,SAI,Williams,15,0.0,125.46736867204935,0.2684250294929092,0.6137450199203186,50.711030722217075,95.22833853117089,627.66713593999,1.3314129409243425,44.4375,0.2701260254003452,0.531125498007968,49.749237776766854,112.84012751482538,627.3783495573545,1.352167635882611,44.4375,before
Australian Grand Prix,2026-03-08,SAI,Williams,23,0.0,118.45292214047981,0.25999227104956035,0.564093625498008,71.51517307340688,114.26894020446733,428.9767841680066,2.282900017698187,75.3125,0.26256733899354723,0.4680776892430278,73.81048907763355,142.66552064164836,422.4557862241807,2.244481622355377,60.25,before
Australian Grand Prix,2026-03-08,SAI,Williams,25,0.0,126.81933296286698,0.23685781101885525,0.5617529880478087,80.35855934874313,119.07731314342757,292.64159181344115,1.6031206304846732,45.0,0.23566665867626457,0.47808764940239035,87.27523490681453,147.77964168525435,279.07531614059536,1.5482752939402387,15.0,before
Australian Grand Prix,2026-03-08,SAI,Williams,29,0.0,118.65236699208427,0.2202477655482993,0.5543824701195218,90.85018246581114,126.68510113003043,166.62647203876602,2.204810035549895,75.62500000000011,0.226507950223331,0.4459163346613546,91.63374857619878,153.01807719080978,162.4235669030196,2.107744209003084,60.5,before
Australian Grand Prix,2026-03-08,SAI,Williams,30,0.0,169.17784245111704,0.2881206098435994,0.6642430278884462,81.30638626327458,120.48194994073144,639.6585423015142,2.1452161643559675,73.125,0.2882177667429228,0.57101593625498,89.79583541858344,151.4111639027877,630.7630694322406,2.1913747232321814,58.5,before
Australian Grand Prix,2026-03-08,SAI,Williams,31,0.0,141.24485152775733,0.30295330371168966,0.6044820717131473,68.52853906389566,113.99175980899116,616.4648636706044,1.6048103734137724,44.625,0.30170103764479844,0.5215139442231075,75.66948035223646,143.67441411500323,605.8020740767223,1.6365825625495007,44.625,before
Australian Grand Prix,2026-03-08,SAI,Williams,35,0.0,124.30012708613248,0.2684864025693599,0.6070219123505975,76.75293648608124,118.7108997893279,481.72216807159816,1.6179262523553686,44.8125,0.26995213202372936,0.5118027888446214,79.44479654650318,142.80659698460713,475.82925985265535,1.6137103025986985,44.8125,before
Australian Grand Prix,2026-03-08,SAI,Williams,40,0.0,,0.33069278296694987,0.6728585657370517,21.536211175897066,72.1334782528944,954.3781831208706,2.341955838079356,114.5,0.3306833314246745,0.6158366533864542,21.995525276736565,85.0460779863508,954.0721512508153,2.346056737855236,85.87500000000011,before
Australian Grand Prix,2026-03-08,SAI,Williams,43,0.0,152.14616777509485,0.317682995770046,0.6609561752988048,38.7137665475274,86.29566557922237,838.0574805904387,2.9233047767798244,118.50000000000011,0.31781058458300376,0.5901394422310756,38.98634348940235,102.05845352175206,837.5779502881742,2.9324404779326847,88.875,before
Australian Grand Prix,2026-03-08,SAI,Williams,44,0.0,142.18028771978476,0.3175102646955904,0.6373505976095617,58.380509353845426,105.55001062693488,755.3268418475337,2.060086644127086,59.250000000000114,0.3171172239561216,0.5547310756972111,61.516645168970676,128.36403198276992,751.5173634130864,2.1168207597909423,59.25,before
Australian Grand Prix,2026-03-08,SAI,Williams,48,0.0,112.44547841811273,0.20818314465468077,0.5159362549800797,42.4613459183087,80.55456129927762,460.8081866124191,2.0113553287215375,138.75,0.2080960236130614,0.4606573705179282,55.491089009390045,109.48904287454442,446.9391003293018,1.984494953052009,115.62499999999994,before
Australian Grand Prix,2026-03-08,SAI,Williams,51,0.0,126.62806114254786,0.27477175045972285,0.5594123505976095,79.36986319600024,123.46100940667581,374.3542590608548,2.0529754333754995,74.68750000000011,0.27559083731982525,0.46419322709163335,84.30032195799757,150.66754260678314,363.77169766544563,1.9555311262741846,59.75,before
Australian Grand Prix,2026-03-08,PER,Cadillac,3,0.0,280.93747306269296,0.471051130851325,0.767430278884462,124.60554198295483,172.09382837077177,1275.3070233751343,5.357703059290162,172.5000000000001,0.47344378306030876,0.6299800796812749,118.43140224209142,199.46650506348735,1302.8798301486877,5.424921821278193,115.00000000000011,before
Australian Grand Prix,2026-03-08,PER,Cadillac,4,0.0,209.02673035535054,0.27483926923907676,0.741235059760956,113.39408460705863,146.88054501558236,629.1223342251966,4.004814016825945,122.0,0.27522302926591785,0.6318725099601593,186.09881036306305,243.76945652433812,594.0815606698617,4.041785405527943,76.25,before
Australian Grand Prix,2026-03-08,PER,Cadillac,5,0.0,190.61220338832678,0.24833228351931527,0.6749003984063745,108.94207105501762,144.47987454625422,459.6915549278654,1.7932863887715875,45.375,0.24828296124963498,0.5664342629482072,121.7123274261779,180.8564151774894,446.1967672263302,1.8560010248535632,45.375,before
Australian Grand Prix,2026-03-08,PER,Cadillac,7,0.0,214.55798611694954,0.2283839247133544,0.6897908366533865,121.61789078357194,150.22435655978416,341.6010905810332,1.5725196643091335,45.5625,0.23166532118339445,0.5808764940239044,229.41217540978118,282.7307250990752,257.94855048219887,1.4138205812245215,30.375,before
Australian Grand Prix,2026-03-08,PER,Cadillac,9,0.0,235.35658413037368,0.26426590635321806,0.7105577689243027,148.46338308217264,179.06311075580658,382.2325976665153,2.219148953240477,61.5,0.26575256349772486,0.575796812749004,234.45616104674136,293.679284694708,333.3064872268538,1.9514415812590578,15.375,before
Australian Grand Prix,2026-03-08,PER,Cadillac,15,0.0,197.1999531561032,0.2518009025467049,0.6519422310756972,118.80269682740803,150.19092321274297,321.7926156061544,1.7895061442382416,0.0,0.2529414462002485,0.5412350597609561,142.99246986065037,203.19807432118301,286.65793014761965,1.6666433494566761,30.875,before
Australian Grand Prix,2026-03-08,PER,Cadillac,16,0.0,106.2507171459261,0.09967217358275672,0.47983067729083656,114.84062049351333,128.96414800776674,-439.8670424395842,2.2347377442358622,88.125,0.10915098282213316,0.37450199203187245,116.1455868310696,153.30814358946856,-441.1982171222196,2.060320934464805,73.43749999999994,before
Australian Grand Prix,2026-03-08,PER,Cadillac,23,0.0,232.10350266880317,0.2799194224079852,0.699003984063745,134.9119014440283,169.08470408030922,461.9996898227505,2.3748421401905073,60.5,0.2842513180645063,0.5664342629482072,225.90984554465305,287.6859174660664,401.828709982138,2.227775265315909,30.25,before
Australian Grand Prix,2026-03-08,PER,Cadillac,24,0.0,,0.24957347253809542,0.6598406374501993,87.1744421048422,78.91182999637118,783.6855736308581,2.194151023751965,67.60000000000014,0.24915009060140283,0.6059760956175297,47.40769841801067,49.3695273144969,798.7325730338157,2.1937644317350333,84.50000000000011,before
Australian Grand Prix,2026-03-08,PER,Cadillac,25,0.0,229.98183228827327,0.25847917865826875,0.7139940239043824,163.01144480207293,189.50893854213058,325.6193036925987,2.2106125911628327,60.75,0.2609066137524057,0.5687749003984064,233.29599312215424,290.74859478023245,297.54664272914215,2.005999902628826,15.1875,before
Australian Grand Prix,2026-03-08,PER,Cadillac,26,0.0,232.45716209772033,0.2628391772331236,0.7171314741035856,129.28626943482723,158.9053278012022,481.50060685971914,2.366766108836825,75.0,0.2644306680011632,0.5976095617529881,203.98928391011694,260.0613142530124,444.6573398939491,2.3541971658874163,30.0,before
Australian Grand Prix,2026-03-08,PER,Cadillac,28,0.0,225.48493983742932,0.26783230321395235,0.7381972111553784,146.70072093483972,175.63303292126616,475.7113983167706,2.614804516552093,75.9375,0.26936970352678186,0.6050796812749004,208.0736785178014,264.4846960026697,458.2475979170314,2.5130784570916234,45.5625,before
Australian Grand Prix,2026-03-08,PER,Cadillac,29,0.0,220.12920606227158,0.26007110547755047,0.7351593625498007,148.5035359133639,172.40033311150472,452.2731265828718,2.433604592019719,75.625,0.2662081244391473,0.5905378486055777,211.63151784517507,268.6907224130735,422.1151099635945,2.358308050585517,30.25,before
Australian Grand Prix,2026-03-08,PER,Cadillac,31,0.0,185.33836447691021,0.20944987955637276,0.6525896414342629,129.24330601273118,152.65376307070298,204.92499537611502,1.5567526424753286,43.875,0.21577648182380627,0.5244023904382469,134.692096314458,186.6642322263293,196.63943899730208,1.4780051618770014,29.25,before
Australian Grand Prix,2026-03-08,PER,Cadillac,33,0.0,250.24581050425093,0.26274270959334634,0.7198705179282867,168.64429061812152,192.16343191399255,344.4556985410944,2.3829552065024755,61.25,0.2708197081664461,0.5612549800796812,242.02847817384796,302.5917259849142,304.67217687195114,2.1373843198151454,15.3125,before
Australian Grand Prix,2026-03-08,PER,Cadillac,35,0.0,189.15802015233407,0.23468383668959647,0.6642430278884462,136.1866677201774,161.6935361530902,290.76454151251835,1.3969111375075387,29.25,0.24106853982166188,0.5360557768924302,157.47434610084747,213.6066288387465,280.7954404167257,1.3090013063308712,29.25,before
Australian Grand Prix,2026-03-08,PER,Cadillac,37,0.0,247.90466461652716,0.28666384018385543,0.6869521912350598,144.23158064375875,178.36784043310442,420.9436435349887,2.6277621910726436,45.375,0.29406925872849654,0.5423306772908366,242.07670718066504,306.9833982148988,350.58038798632896,2.4603519864139245,30.25,before
Australian Grand Prix,2026-03-08,PER,Cadillac,39,0.0,194.0895726055483,0.15105411653028997,0.5856573705179283,136.64234283504697,153.0655381200476,-244.22533606930213,2.591268657365434,61.25,0.15323282567970334,0.47584661354581664,154.5169193675106,197.08788975930767,-276.88771322159005,2.366438344632977,45.9375,before
Australian Grand Prix,2026-03-08,PER,Cadillac,40,0.0,207.96714141488394,0.25394426713171914,0.6869521912350598,113.83128721267316,146.64883710892792,425.1241577741229,1.846852422977987,45.375,0.25556323460284636,0.5784860557768924,150.53188112530626,206.05886736121528,384.83612465218476,1.7922838710967475,30.25,before
Australian Grand Prix,2026-03-08,PER,Cadillac,41,20.0,186.6940209491247,0.23913971131126815,0.6768924302788845,121.48848427737113,149.86879728947022,317.24133540438254,1.3992847030814453,0.0,0.2416968287358643,0.5588645418326692,137.77919075012932,192.85386922606406,298.12256350666166,1.3696919907121476,29.625,before
Australian Grand Prix,2026-03-08,PER,Cadillac,42,0.0,229.91900087019803,0.2461050659684495,0.708117529880478,151.43567476720492,175.00270026477344,332.07940420278544,2.048405369941894,60.25,0.2535310678676255,0.564093625498008,233.00650262122076,289.1376171381912,282.4866577213329,1.9266614059452272,15.0625,before
Australian Grand Prix,2026-03-08,PER,Cadillac,45,0.0,240.9716118457379,0.2383018091089448,0.6932270916334661,155.05173285949158,178.7597350236767,251.63789798944597,1.826181190696516,15.0,0.24616656525392228,0.549800796812749,241.87791828146868,297.1559253269334,194.44830383431588,1.4224278897235165,15.0,before
Australian Grand Prix,2026-03-08,PER,Cadillac,46,0.0,221.1438295233389,0.23585043600539252,0.6804780876494024,151.93213188117429,174.96517976666863,186.3851848691308,2.094343478030735,45.75,0.23880721360136653,0.546812749003984,255.69546059949144,309.96361411466734,111.18099653551565,1.6826347612523538,0.0,before
Australian Grand Prix,2026-03-08,PER,Cadillac,47,0.0,251.86274097524065,0.2453059300115912,0.7228087649402389,170.8865626447458,195.0904961151093,251.1461890081503,2.588544361771857,15.375,0.2542253724774203,0.5635458167330677,246.93494320631166,302.84576270566464,207.4104630277395,2.1860189800340475,30.75,before
Australian Grand Prix,2026-03-08,PER,Cadillac,48,0.0,263.239946543572,0.22174270503222246,0.7228087649402389,174.60551469906213,195.0253077502988,153.75018628199902,2.6020956995494062,76.875,0.2233780087762503,0.575796812749004,245.70501919561687,295.0404822284183,127.67387812989276,2.487382323259755,30.75,before
Australian Grand Prix,2026-03-08,PER,Cadillac,50,0.0,228.66689957831824,0.2435817473883347,0.7139940239043824,167.77671954328633,191.0658604319206,254.10880528554927,2.83136654659434,15.1875,0.2534846782985076,0.5566733067729084,244.61683756104975,300.36381443201554,209.10722661689735,2.7504356590247054,45.5625,before
Australian Grand Prix,2026-03-08,PER,Cadillac,53,0.0,244.15635959681916,0.23229626852127708,0.7442729083665338,183.5228602551581,200.0650409027199,233.22475716399805,2.6508400747617613,61.25,0.2378747756223936,0.5856573705179283,233.08148155976852,284.2482966220618,225.9395658844054,2.3541878331907355,15.3125,before
Australian Grand Prix,2026-03-08,PER,Cadillac,54,0.0,213.32988023072403,0.19475492443194797,0.6507968127490039,141.14725713903587,162.78549211536964,36.13253293929031,1.5373858578297868,30.25,0.19770695647782308,0.5302788844621513,177.91632850013607,224.9918936665054,-10.896200689588818,1.3168654517859875,0.0,before
Australian Grand Prix,2026-03-08,STR,Aston Martin,4,0.0,146.17675582005228,0.1918349444814319,0.7132470119521911,90.68793383520014,117.0051039081779,461.43397604777135,2.9932860791323344,115.5,0.1915825641715803,0.6327191235059761,163.68798492652797,208.34085269503186,424.10960256600714,2.971668728037683,57.750000000000114,before
Australian Grand Prix,2026-03-08,STR,Aston Martin,5,0.0,211.3788007133323,0.19253377684272296,0.6588645418326693,132.3386470900434,157.09963120698495,112.2348143201234,2.233669474815992,61.250000000000114,0.19054538339778265,0.5612549800796812,260.5105973822698,308.4129807753316,4.053116740103579,1.797748345517017,15.3125,before
Australian Grand Prix,2026-03-08,STR,Aston Martin,6,0.0,224.50376214359838,0.14977905398986976,0.6481075697211155,151.046404803209,163.42485198954174,-108.60011402852301,2.43325115443312,60.250000000000114,0.14814329081622182,0.5400896414342629,273.91641367381027,313.8535287471563,-208.48846013082687,2.195797941387558,15.0625,before
Australian Grand Prix,2026-03-08,STR,Aston Martin,7,0.0,140.70032827710563,0.13444458819886365,0.5929780876494024,103.55577793992217,121.03285820805566,-76.59092471781224,2.0197185004468365,45.5625,0.1377493424692935,0.49616533864541823,106.1187276776975,145.23716858873843,-82.11767350238205,2.022382234646538,60.75,before
Australian Grand Prix,2026-03-08,STR,Aston Martin,14,0.0,242.91447603279957,0.1019686539788839,0.6175298804780877,213.93765873615854,211.78856523348858,-768.2832895474874,3.96848228179887,77.5,0.1095981599075247,0.4693227091633466,532.867898504499,403.3297631854436,-922.1361662837642,2.712650888524935,31.0,before
Australian Grand Prix,2026-03-08,ALO,Aston Martin,5,0.0,148.4879968026766,0.1457671600609156,0.5926294820717132,111.7958785860004,129.67866909622865,-61.1174515871396,2.26997661549152,74.375,0.1511627718957447,0.4859561752988047,115.24930267760094,157.59639473380065,-71.1455571064762,2.235624066018605,59.5,before
Australian Grand Prix,2026-03-08,ALO,Aston Martin,6,0.0,195.7203652191477,0.14813560833155634,0.6346613545816733,127.84919463687392,145.80310377718925,-11.893142158626434,2.8907526247393163,88.50000000000011,0.14293610087517367,0.5523904382470118,258.0714389655135,290.58250595940007,-110.44417189162714,2.691456941673763,44.25,before
Australian Grand Prix,2026-03-08,ALO,Aston Martin,7,0.0,203.05379846479448,0.19455975105254994,0.8330677290836651,141.18744549283684,159.34047434636435,508.06504692746023,2.256497990554164,123.00000000000023,0.19672816084226621,0.7105577689243027,149.89581088552478,192.44103798491454,522.546187166607,2.249105101829877,61.5,before
Australian Grand Prix,2026-03-08,ALO,Aston Martin,8,0.0,215.98430527109576,0.15721772027716158,0.4685258964143426,133.40307271830315,92.06444744616846,395.85145644340236,1.9835259243988252,78.00000000000006,0.15634108100540503,0.41235059760956166,47.40769841801067,52.58774027504246,414.05786099716823,1.9876257824957404,120.00000000000006,before
Australian Grand Prix,2026-03-08,ALO,Aston Martin,9,0.0,104.03328374447496,0.11558030672136739,0.5215139442231075,100.52200460243463,116.64520026245741,-235.30994056252257,1.983116029623848,59.5,0.11956929285399702,0.4266932270916335,102.21268677678482,139.57903596542147,-239.20334694697362,1.8977586448527917,59.5,before
Australian Grand Prix,2026-03-08,BOT,Cadillac,4,0.0,108.0267147085967,0.09505909381842323,0.5664342629482072,91.72840594380276,104.28221160613101,-186.00338995802966,1.6352688718936863,15.125,0.09392509268005465,0.4941235059760955,95.7146949803482,123.48891412462912,-194.16238899657557,1.6060027883491497,15.125,before
Australian Grand Prix,2026-03-08,BOT,Cadillac,5,0.0,154.264839085682,0.19952857398806856,0.6095617529880477,88.1747222459949,118.37462693613195,238.34362186830052,1.5380447171915352,45.0,0.20174019711828398,0.5139442231075696,87.99089766960492,139.62041231278022,237.34672614307968,1.5806711333376042,30.0,before
Australian Grand Prix,2026-03-08,BOT,Cadillac,6,0.0,183.89715649063595,0.17733819245096513,0.6051792828685258,69.6380190867461,98.08986283422011,411.910363144528,1.9154464000476703,73.5,0.17787287594387358,0.5270916334661354,67.84385442909013,113.63521027499745,414.5876428712348,1.9439231316346883,49.000000000000114,before
Australian Grand Prix,2026-03-08,BOT,Cadillac,7,0.0,194.69386620592311,0.221973863027026,0.732121513944223,141.812339408352,163.9817698091122,371.83336354727334,1.880562732482391,45.1875,0.22675205125221093,0.6000996015936254,210.62421607681094,261.9931669522045,337.40750118712407,1.8302704471754236,15.0625,before
Australian Grand Prix,2026-03-08,BOT,Cadillac,9,0.0,208.21580912067216,0.25953756930115884,0.7649402390438246,158.70592713975816,183.67699643453415,530.2882921755483,2.6779576461010572,75.0,0.26344084350021685,0.6215139442231075,185.58447968660693,241.41164634419738,539.5759742814956,2.7300608452466517,30.0,before
Australian Grand Prix,2026-03-08,BOT,Cadillac,14,0.0,,0.26013770199745245,0.3396812749003984,2.598230602473927e-06,43.80830506932473,548.684840331463,2.9105486567631873,34.80000000000007,0.2587971085562094,0.3396812749003984,47.40769841801067,11.081429834268565,566.0367064424125,2.8636678516402134,78.30000000000007,before
Chinese Grand Prix,2026-03-15,ANT,Mercedes,6,10.0,176.86194959115133,0.32318144095298634,0.5661458333333333,70.15558603139588,124.04003646454674,619.3027502468701,3.5795724571134935,94.12500000000011,0.3235883409917171,0.47107007575757565,72.1089283611574,150.4164597189214,614.2913287222063,3.6217043157179916,94.125,before
Chinese Grand Prix,2026-03-15,ANT,Mercedes,7,95.0,179.9737045996139,0.39471644050771215,0.5772727272727273,74.37472958147063,139.09190594516807,691.1268732849313,12.784654810036114,290.0,0.3956490246515853,0.4674242424242424,79.22749118178399,176.9723805005928,681.4895174059485,12.803727634381323,348.0,before
Chinese Grand Prix,2026-03-15,ANT,Mercedes,8,100.0,189.82447448996214,0.34590000440567464,0.6254734848484849,70.7805003961865,127.25146258488355,802.9330872662312,4.105074375790135,94.06250000000011,0.34565207943161547,0.5338541666666666,82.98531090219028,166.15212007999824,790.0946874292816,4.149889119850137,94.06250000000011,before
Chinese Grand Prix,2026-03-15,ANT,Mercedes,9,40.0,169.7294868209031,0.33957948972841606,0.4646212121212121,2.7153605942910645e-06,43.61152178875215,863.7824233693594,4.9357327349634215,46.799999999999955,0.33879847851491296,0.462405303030303,47.40769841801067,12.514220916752892,882.2890196571351,4.900057418523182,134.55,before
Chinese Grand Prix,2026-03-15,ANT,Mercedes,14,15.0,153.97609933782383,0.36424257154881434,0.5880681818181818,55.34890231726828,112.16334749527827,927.7520969125845,4.188620386107897,157.5,0.36246368866809686,0.5085227272727273,61.550376021384565,139.51327715902346,928.1179274685287,4.227299887971639,91.875,before
Chinese Grand Prix,2026-03-15,ANT,Mercedes,18,45.0,175.552062776098,0.4117032593243952,0.5909090909090909,73.08451127534231,132.0432458180616,795.2556361129991,3.0076706225003353,75.0,0.41328111077549684,0.48863636363636354,78.09698669892506,166.02342567889337,785.4284956054177,3.0730218591884637,75.0,before
Chinese Grand Prix,2026-03-15,ANT,Mercedes,21,80.0,202.3643134090726,0.378536580535594,0.5789772727272726,76.89897415111622,133.09791229359683,594.2833368108013,3.274053525099629,74.37500000000011,0.38210263313880793,0.4662878787878788,78.14857982514785,166.6442989046108,589.351703557474,3.3614533112377214,74.375,before
Chinese Grand Prix,2026-03-15,ANT,Mercedes,22,10.0,151.46226296576987,0.3304516271964139,0.5822916666666665,58.35361347040705,108.9621083171278,742.5659732785517,4.254585435019854,119.00000000000011,0.3296945576944054,0.5034090909090908,61.97856236845869,134.8029278679716,737.4550304363968,4.289082855862801,119.00000000000011,before
Chinese Grand Prix,2026-03-15,ANT,Mercedes,23,40.0,177.39952626488005,0.3878159102055415,0.5424242424242424,67.05277953789486,127.59138413120709,766.6062763004575,3.468914022799503,91.00000000000011,0.38817119285125673,0.44393939393939386,74.82046452770497,163.372385885917,757.9397683435234,3.5376614670962336,78.0,before
Chinese Grand Prix,2026-03-15,ANT,Mercedes,27,60.0,159.38616259567075,0.37405645122525116,0.6322443181818181,78.37166456860969,130.15214278198545,731.0941344104698,3.730576387168065,91.125,0.3756352645865035,0.5286931818181817,80.25096812273526,158.8259240107331,726.7576078638458,3.7876332278176155,75.9375,before
Chinese Grand Prix,2026-03-15,ANT,Mercedes,32,60.0,163.83033506220983,0.4126291619407315,0.6160037878787878,71.22484691033135,126.967517626259,816.4625302108313,3.368627034687556,75.3125,0.41434158336474963,0.5133049242424241,74.19668641820986,158.6397080997008,810.1289243076476,3.4416557349296375,90.375,before
Chinese Grand Prix,2026-03-15,ANT,Mercedes,49,70.0,204.67125884365134,0.37153243674655384,0.5622632575757575,64.0472381775115,122.48162932396235,615.2849506432862,3.483782466290424,74.6875,0.3741546969737894,0.46041666666666664,63.13201109006584,147.72241469547905,614.7599291950607,3.5546046831637446,89.625,before
Chinese Grand Prix,2026-03-15,ANT,Mercedes,50,155.0,128.36414022830584,0.4836625907145588,0.6535037878787878,48.96623700049755,112.28533852386859,953.5838457447493,3.262435635065017,97.125,0.4863182912486684,0.5589015151515151,50.03736493475217,140.19820197190563,950.5296673674036,3.2850658220829105,83.25,before
Chinese Grand Prix,2026-03-15,ANT,Mercedes,55,115.0,169.39131794676476,0.2504335158174729,0.25625,2.4148487832900857e-06,45.06097350064274,294.1009150858186,2.235219634866083,18.80000000000001,0.23526128246104053,0.26159090909090904,47.40769841801067,3.239357385060692,301.81870885361326,2.0984360805624904,42.30000000000001,before
Chinese Grand Prix,2026-03-15,ANT,Mercedes,56,60.0,180.1910136920762,0.3631367673894807,0.5681818181818181,76.15840147620005,129.62334057079718,560.494518694321,4.169039167897315,90.00000000000011,0.3649390891252445,0.4659090909090909,78.01517004864202,159.88446787737323,555.027350241465,4.2270735210859165,90.0,before
Chinese Grand Prix,2026-03-15,RUS,Mercedes,8,55.0,152.01492017374588,0.4460931576951414,0.5703125,18.187698052744665,88.89720978405775,1146.4681508439692,4.505768592559931,101.50000000000011,0.44540415453856613,0.503030303030303,20.65931499534863,112.92102116186992,1146.336487029482,4.519410645250408,101.50000000000011,before
Chinese Grand Prix,2026-03-15,RUS,Mercedes,16,105.0,,0.555156087501128,0.7536931818181817,0.0010033072039474817,70.62162868204514,1528.8853218930296,3.6757917416849324,211.8750000000001,0.5552381977496684,0.700189393939394,3.742978462801182e-05,83.18046000708793,1529.9379105879918,3.6719377451721833,155.3749999999999,before
Chinese Grand Prix,2026-03-15,RUS,Mercedes,20,70.0,,0.4533203303895825,0.6060132575757575,0.0005023601045078144,69.76491378209857,1175.9819470336497,4.779522929429249,229.0,0.45344661665582325,0.5517992424242424,0.0004593158915691206,84.09702777915946,1176.7033607017215,4.776539334952077,229.0000000000001,before
Chinese Grand Prix,2026-03-15,RUS,Mercedes,21,60.0,209.04006925708555,0.61104485752495,0.8946969696969697,235.66803003774652,261.6694800737923,1734.3281231875517,9.211253052984077,271.4000000000002,0.6113117801378063,0.7829545454545455,47.40769841801067,114.61377615449666,1805.3427881972727,9.224994082099203,295.0,before
Chinese Grand Prix,2026-03-15,RUS,Mercedes,22,70.0,211.92483460710994,0.5744119219174021,0.8734848484848485,144.44955445015313,178.95517485216536,1603.8402526536613,9.599800477554911,205.20000000000016,0.5751978514009134,0.7763257575757576,47.40769841801067,103.88484437660411,1636.3694856214827,9.592008944179657,342.0000000000001,before
Chinese Grand Prix,2026-03-15,RUS,Mercedes,28,110.0,249.71619572212944,0.6492734559821318,0.8125,29.284605950556724,100.27417984825682,1672.0200781893595,9.527127035300083,220.0000000000001,0.6488210373587223,0.7395833333333333,47.40769841801067,128.65512281644854,1679.035807129631,9.53247592624008,330.0000000000001,before
Chinese Grand Prix,2026-03-15,RUS,Mercedes,29,80.0,252.50938326219435,0.6056399523634334,0.7886363636363637,48.3989369390268,114.26157375823243,1518.5313612540085,8.60397654161586,248.0000000000001,0.6034079441087773,0.7064393939393939,47.6355120763493,131.6290679666616,1527.9590096196785,8.613679340128321,247.9999999999999,before
Chinese Grand Prix,2026-03-15,RUS,Mercedes,30,55.0,173.51064004691233,0.359923636084688,0.6143939393939394,68.79898802814868,121.812226807543,673.5316056442888,3.915387107548305,110.25000000000011,0.36145537992872523,0.5189393939393938,69.38932218216853,146.26885499260192,670.4777092120157,3.955729156543466,94.5,before
Chinese Grand Prix,2026-03-15,RUS,Mercedes,40,60.0,151.27950004630804,0.3817506920167245,0.6302083333333334,55.81307369544344,111.79568610846493,822.0644697970583,3.1987156950247955,77.1875,0.3807938007880218,0.5483428030303029,57.61696994573903,133.52385282592232,819.6730326679443,3.246739127800565,77.1875,before
Chinese Grand Prix,2026-03-15,RUS,Mercedes,46,95.0,178.538222374749,0.3750803027277857,0.5687499999999999,53.09338736098785,112.36054153325458,627.0541218416802,3.1847763756567278,91.5,0.3775158374228436,0.47632575757575757,53.08945817502547,137.43830215975962,624.9910513545797,3.235002022472008,91.50000000000006,before
Chinese Grand Prix,2026-03-15,RUS,Mercedes,55,80.0,158.13539528599546,0.37917698374641357,0.6193181818181818,65.85980872957666,117.88226078091522,739.3062082719377,4.069866830715503,88.5,0.37883617519006535,0.5299242424242423,69.36660991920012,147.22631062613658,733.7903132419119,4.105811480924736,88.5,before
Chinese Grand Prix,2026-03-15,RUS,Mercedes,56,60.0,103.662101389353,0.3941710212490391,0.7870738636363637,47.765134720569314,96.42699781870718,1169.8051337580398,3.7535891451919627,227.0000000000001,0.39536772305337875,0.7118371212121212,70.00782152080963,135.1579039362506,1160.1264489734538,3.7552611793511157,170.2499999999999,before
Chinese Grand Prix,2026-03-15,HAM,Ferrari,7,50.0,218.41137508506054,0.2903906198264674,0.6053503787878787,67.35623130783323,112.89419390741867,583.1018186370509,3.689453492914694,117.50000000000011,0.28862118835714995,0.5274621212121211,75.44917955442115,142.64511154343379,571.5170180025821,3.6950225021284973,102.8125,before
Chinese Grand Prix,2026-03-15,HAM,Ferrari,8,50.0,236.67818136573456,0.2789976409292279,0.5399621212121212,71.77421506003118,118.6141855210267,383.52115053231375,3.8681551201095847,105.4375,0.27871659509770746,0.4486742424242424,73.42259004715119,147.59860042551122,378.9613534006844,3.927262595060079,90.375,before
Chinese Grand Prix,2026-03-15,HAM,Ferrari,9,70.0,194.9983039117137,0.31221994478613935,0.553030303030303,67.05594059348084,119.64015306541947,750.754138800334,4.339154103015291,200.0,0.3121403156834713,0.4696969696969697,68.65856076228,146.0562519068897,765.4045508685905,4.363321578607051,160.0,before
Chinese Grand Prix,2026-03-15,HAM,Ferrari,14,70.0,299.235245137737,0.515851016020349,0.6284090909090909,1.7805287208894877e-06,48.40607692229181,1378.871130923161,6.689305904943207,100.75000000000011,0.5152009246808952,0.6254734848484849,47.40769841801067,13.522462791102386,1399.5972575196968,6.677832129932799,178.2500000000001,before
Chinese Grand Prix,2026-03-15,HAM,Ferrari,15,55.0,268.6106604859402,0.4631086153917277,0.8047348484848484,120.43802025764933,170.0882443326187,1272.6571496387173,7.871163058298301,296.25,0.4655739820169137,0.6812973484848485,127.49176291968269,192.27805216874006,1294.66094332762,7.8964494502348295,177.75,before
Chinese Grand Prix,2026-03-15,HAM,Ferrari,17,70.0,160.30032030992348,0.3370056284381129,0.6141098484848484,44.12850984496352,98.62355493065157,774.0116205903853,6.219402213907417,177.7500000000001,0.33552274299067,0.5467803030303029,49.245340712468476,122.042766684998,767.2607009182013,6.222519639105293,177.75,before
Chinese Grand Prix,2026-03-15,HAM,Ferrari,19,60.0,124.77530953214762,0.3531061516978851,0.508806818181818,51.39042074795167,114.59818370146004,592.4931094515167,3.3503317605746274,87.375,0.3526869932000091,0.4205492424242424,54.32845280594169,143.51018568507845,585.8415813833332,3.386448627091507,87.37500000000006,before
Chinese Grand Prix,2026-03-15,HAM,Ferrari,20,50.0,172.4442505227329,0.3240795193044821,0.5697443181818181,67.4745008462441,121.23659881449876,581.7821874001903,4.353612815433261,119.50000000000011,0.32455133542419,0.47921401515151507,71.38327568965803,148.63905491396733,573.5625986152254,4.377934696075505,104.5625,before
Chinese Grand Prix,2026-03-15,HAM,Ferrari,21,0.0,153.60997475702945,0.27111249721038105,0.5488162878787878,55.23079858465546,101.89498661277442,767.5105614655604,4.724384771615723,216.25,0.2710319954743955,0.475094696969697,52.808625681218544,120.05854334624688,775.6946095123518,4.7307051899584796,173.0,before
Chinese Grand Prix,2026-03-15,HAM,Ferrari,22,65.0,195.8578222396107,0.33379856643001704,0.5697916666666666,73.18193317036301,127.68076007163263,535.4442543447091,3.114729067000874,74.68750000000011,0.33640743618510915,0.46794507575757577,74.81337370327829,155.63626066825609,530.0640456548801,3.1621457849846304,74.6875,before
Chinese Grand Prix,2026-03-15,HAM,Ferrari,23,70.0,212.71011299978483,0.3338970096874321,0.5416666666666666,75.96120314348015,130.54953846218234,436.04125671650166,3.6367974047553444,90.0,0.3361181033808061,0.4393939393939394,78.63450310651154,163.29940892675555,428.2951575189688,3.687306625866252,75.00000000000006,before
Chinese Grand Prix,2026-03-15,HAM,Ferrari,25,95.0,164.00603119992113,0.46522595851706094,0.6070075757575757,33.339094746761866,102.71350749386798,1044.883135638114,4.731566334251825,169.5000000000001,0.46405742949204715,0.5321022727272726,38.16314367766542,128.83025098391778,1039.3300183933422,4.747060535812109,113.00000000000011,before
Chinese Grand Prix,2026-03-15,HAM,Ferrari,26,30.0,219.80146799525997,0.49763767315267804,0.7890151515151516,22.938145503164765,84.71470320486897,1539.2480820055766,7.758432100646798,297.5,0.49690386022470734,0.7326704545454544,47.424111572204545,121.8850470748717,1535.3895060030823,7.758445488435883,357.0000000000001,before
Chinese Grand Prix,2026-03-15,HAM,Ferrari,27,35.0,,0.28477968459448183,0.4329545454545455,7.362952361791062,72.13380018924259,646.6652117323612,2.8037050975509206,87.0,0.28480372778907487,0.378030303030303,7.23733906379325,88.54466252392342,647.1219499845248,2.8106491075395215,116.00000000000006,before
Chinese Grand Prix,2026-03-15,HAM,Ferrari,28,55.0,291.9001544543038,0.47059438020068983,0.754592803030303,135.44821200783778,183.96120913176605,1076.2942293451536,7.245120873288918,179.2499999999999,0.476735516751998,0.6074810606060606,170.09184152366072,251.33572741621617,1070.8832788159195,7.267407955523646,89.625,before
Chinese Grand Prix,2026-03-15,HAM,Ferrari,29,70.0,231.52546111869555,0.45696099834511594,0.6814393939393939,71.12129896193105,128.0865081159136,1033.1584955117225,6.203683524900603,118.50000000000011,0.4577196399093108,0.5804450757575758,74.93313118784975,157.22834926153593,1029.4783694481882,6.249800951965575,118.50000000000011,before
Chinese Grand Prix,2026-03-15,HAM,Ferrari,30,75.0,223.93840858378604,0.5238221905570366,0.7326704545454544,47.95853159322552,111.9280559863709,1344.6652100934898,6.518019544315272,234.0,0.5229699557754821,0.6551136363636363,59.853919469696095,141.74935280788253,1339.166272843013,6.531558105553074,175.5,before
Chinese Grand Prix,2026-03-15,HAM,Ferrari,31,70.0,197.2568038958998,0.45103733614365465,0.6754261363636364,53.45168671974626,113.64824554572543,1066.1339526011063,6.054460960076061,179.25,0.4494096933781211,0.5962121212121212,62.529163873665276,142.37568011368944,1057.6511167133458,6.070855978548371,119.50000000000011,before
Chinese Grand Prix,2026-03-15,HAM,Ferrari,32,65.0,202.8061740113308,0.5552142702883226,0.729403409090909,40.86607609043584,105.17770111586366,1505.3070696219468,7.0193150439807015,221.0000000000001,0.5556418786916494,0.6456912878787879,36.78126287366505,122.41793945704255,1511.7819559197271,7.036463157319729,221.0,before
Chinese Grand Prix,2026-03-15,HAM,Ferrari,33,55.0,273.19380491969713,0.5033876402386586,0.7979166666666665,143.75883710769503,189.05693823297304,1259.8011641827816,7.117867386959311,242.0,0.5041663263257187,0.6604166666666665,137.84675888951486,217.71281663713864,1300.7388462561446,7.164727642691489,105.87500000000011,before
Chinese Grand Prix,2026-03-15,HAM,Ferrari,37,25.0,211.32481377546384,0.3083077760145352,0.5042613636363635,88.39835625019842,140.30702330237244,281.3390652938445,3.1604619085603276,62.5,0.3007899562191218,0.40956439393939387,95.0978688325448,175.66876065184647,265.97983145466964,3.2945211470238926,78.12499999999994,before
Chinese Grand Prix,2026-03-15,HAM,Ferrari,38,0.0,174.22402288859246,0.27728519432872145,0.5284090909090908,92.41397204908003,139.1045298944561,319.0830952612413,4.019636540992874,77.50000000000011,0.2786904855513416,0.42272727272727273,95.34775728962335,169.38759411694767,311.252066367775,4.112685560529731,93.0,before
Chinese Grand Prix,2026-03-15,HAM,Ferrari,39,55.0,160.05489010187037,0.3063133435484914,0.578030303030303,102.33176993189386,144.46209168332922,356.9009745241045,2.8051345748900363,73.75000000000011,0.3161782174280965,0.44393939393939397,96.63602867194365,175.1792285444838,361.9377864501438,2.8152213994851127,59.0,before
Chinese Grand Prix,2026-03-15,HAM,Ferrari,43,80.0,204.43106111204835,0.34500047818529583,0.5319128787878787,93.91433007912272,148.87318237429082,295.34129988705024,2.8288681371368054,59.25,0.3449154831027809,0.4196969696969697,99.22824045763956,186.10083283773224,282.22429732199714,2.900732962798718,59.25,before
Chinese Grand Prix,2026-03-15,HAM,Ferrari,44,110.0,177.08760017547039,0.37171506027269713,0.5427083333333332,76.88942632235886,136.7379428084284,440.19239191141315,2.912753563156051,72.1875,0.36423597736357594,0.4552083333333333,91.46516063856303,178.5263001846032,412.901595684355,2.8844366165076876,72.18750000000006,before
Chinese Grand Prix,2026-03-15,HAM,Ferrari,46,60.0,141.6062835525793,0.3538037424633104,0.6356818181818182,0.0008465412380427736,37.66695669886218,1034.895110507284,4.273681140573151,103.35000000000014,0.35351603391496206,0.6025568181818182,47.40769841801067,35.43732241529256,1041.2569901949648,4.271999885284706,143.10000000000002,before
Chinese Grand Prix,2026-03-15,HAM,Ferrari,47,40.0,202.66530248903362,0.3337627811853577,0.5020359848484848,88.35441617244464,141.44129995830497,336.62349200103176,2.4112144561935085,45.5625,0.3335730980725187,0.3869791666666666,91.16025039590411,182.87574436727576,328.0511392112748,2.582075857107448,45.5625,before
Chinese Grand Prix,2026-03-15,LEC,Ferrari,7,75.0,,0.999999794219134,0.3104166666666667,28.5574370901461,247.67544447630596,1408.6743906979507,17.139403666602707,206.0,0.9999997600881159,0.09583333333333334,72.66853596719248,422.66845199803305,1397.7434854229032,18.394495331098113,82.39999999999998,before
Chinese Grand Prix,2026-03-15,LEC,Ferrari,9,40.0,158.34778492026643,0.37028388203004226,0.5621685606060606,36.15597751129108,98.76486149743354,844.2669370105864,5.228871937424513,119.50000000000011,0.3682473679146313,0.49427083333333327,39.55787765372744,120.86212490050893,839.6797924466102,5.242341361144451,119.5,before
Chinese Grand Prix,2026-03-15,LEC,Ferrari,15,75.0,287.9777740793594,0.9999999962752317,0.7261363636363636,55.307589743627844,139.93890368157213,2224.8932273617206,8.88722965354196,342.0000000000001,0.9938986382455868,0.618181818181818,70.64315212968134,167.9526382138448,2307.832671622383,8.034684464566782,626.9999999999999,before
Chinese Grand Prix,2026-03-15,LEC,Ferrari,17,40.0,171.16609031191084,0.31580100716953297,0.560842803030303,71.28176703342886,122.3001836478262,495.76378435840627,3.9979075203923355,108.93750000000011,0.3156960544969326,0.46652462121212124,73.37542050154717,149.79073782923984,490.290349796586,4.043132134626859,93.375,before
Chinese Grand Prix,2026-03-15,LEC,Ferrari,18,5.0,179.92194332726476,0.3404404664718923,0.5300662878787878,62.76436227588797,119.42301543993446,646.9637365128061,3.7260188754947356,92.62500000000011,0.3370564830507832,0.44820075757575756,69.33802364420751,151.23443227538462,634.9971800531952,3.7568972884231,92.625,before
Chinese Grand Prix,2026-03-15,LEC,Ferrari,19,0.0,159.65695161839926,0.30355444350153965,0.5433238636363635,57.064570913188575,110.53508189780455,603.7144881910684,3.7962065312076363,95.62500000000011,0.3005244583683521,0.4708806818181817,62.04467146662374,135.27941214092039,594.3496660906693,3.8175784839394726,95.625,before
Chinese Grand Prix,2026-03-15,LEC,Ferrari,20,20.0,155.75866765617047,0.32453708649560636,0.5714962121212122,59.98852994767345,112.51537454441322,674.4560410536814,3.9943240499930286,109.37500000000011,0.3240980197065499,0.48863636363636354,62.36061242371521,138.5014750895995,669.3666558429093,4.0171505759414545,109.375,before
Chinese Grand Prix,2026-03-15,LEC,Ferrari,21,20.0,136.29393110673442,0.30167375929707874,0.5380681818181817,54.50411208008759,107.1083190898676,563.6497993379256,4.296177965176999,125.50000000000011,0.30246392277239975,0.45487689393939396,56.673957207819406,131.99784657004645,557.7013006161056,4.303495878359833,109.8125,before
Chinese Grand Prix,2026-03-15,LEC,Ferrari,22,35.0,155.2522685827809,0.3262194561022929,0.5946969696969697,48.762955235668116,100.9134394302411,719.1101701354752,4.369327762722589,125.00000000000011,0.3247639612642323,0.5236742424242423,52.65893599549365,124.00465965421257,712.5389460070214,4.378971720972001,109.375,before
Chinese Grand Prix,2026-03-15,LEC,Ferrari,25,10.0,204.18470434035177,0.283763105041559,0.5226799242424242,97.7326583012816,143.28036001524305,228.30962500406332,3.894304416644271,79.0625,0.2833000940675842,0.4148674242424242,101.44695749055472,177.60285144314156,218.07072390813337,3.961149626963852,63.25000000000006,before
Chinese Grand Prix,2026-03-15,LEC,Ferrari,27,0.0,264.19009177518626,0.3116450532876694,0.6179924242424242,113.46846323911596,155.36369757432496,500.3841326583424,5.197860064152154,94.125,0.31681561403343467,0.4872632575757575,108.72967754470686,181.8346495968815,504.3796405523788,5.19815182037317,109.8125,before
Chinese Grand Prix,2026-03-15,LEC,Ferrari,28,0.0,186.61844102421907,0.27199750364268577,0.5840909090909091,94.62601421165209,136.11847390090878,381.8056572432572,4.280320293058446,112.43750000000011,0.2746605680258174,0.47457386363636356,94.89567759790748,163.3339220934729,378.79478072111556,4.352448802870825,96.375,before
Chinese Grand Prix,2026-03-15,LEC,Ferrari,29,45.0,229.2908629770805,0.31994082297563853,0.5155303030303029,93.49473735649714,146.70429791520957,270.2872407603709,3.2336954316445126,77.5,0.3012327765361364,0.39810606060606063,99.67208283385325,184.55723267471558,190.4231937076637,3.4758687173288956,108.49999999999994,before
Chinese Grand Prix,2026-03-15,LEC,Ferrari,30,10.0,238.54915931563312,0.4261306293707093,0.7035984848484848,70.40785457915428,122.10019000301831,1131.5551682363116,6.851217549784517,244.9999999999999,0.42653427965305074,0.6107954545454545,81.23738482753537,155.73766892334504,1121.9808659887424,6.859202250598358,122.50000000000011,before
Chinese Grand Prix,2026-03-15,LEC,Ferrari,31,10.0,225.86871920273825,0.47670863903863503,0.6660984848484849,41.25975370347843,102.72229298810512,1290.9805244770062,6.651076119783645,183.0,0.47685519122842107,0.5852272727272726,41.46615595933182,123.03161866378088,1291.6682893871298,6.672318685714517,183.0000000000001,before
Chinese Grand Prix,2026-03-15,LEC,Ferrari,32,25.0,310.27828199953063,0.4386145859100188,0.752840909090909,122.39403414183742,167.1614664975677,1066.248989252596,7.926194285693505,250.0000000000001,0.44120184457421746,0.6226325757575757,178.89861075456182,254.78475012259202,1045.9659997930928,7.9160769933673185,125.00000000000011,before
Chinese Grand Prix,2026-03-15,LEC,Ferrari,33,10.0,144.38119726042203,0.3019479267073407,0.5508996212121211,60.30551420187609,112.07205803610901,565.1073818444186,3.7122500997898267,95.62500000000011,0.30203634935337353,0.4663825757575757,62.60530493308908,135.79431524846962,559.168757026105,3.729826980980707,95.625,before
Chinese Grand Prix,2026-03-15,LEC,Ferrari,37,5.0,338.05552889997955,0.46313353155925363,0.7405776515151514,220.43199897775,252.5514145890301,855.6226022415339,7.135721385138037,61.749999999999886,0.47269003978475166,0.5417613636363635,213.3915598719368,297.02415121997427,906.1341765361301,7.203831238483413,77.18750000000011,before
Chinese Grand Prix,2026-03-15,LEC,Ferrari,38,65.0,218.56900693776072,0.4740129388798746,0.6339488636363636,52.3742912413605,116.7394886345366,1062.8747666161673,5.940207936895692,174.75,0.4729403781065762,0.5456912878787878,56.403228324384685,142.95421209575062,1059.7274910920207,5.969879535033002,116.50000000000011,before
Chinese Grand Prix,2026-03-15,LEC,Ferrari,39,25.0,201.81590102125926,0.46071321148845384,0.8753787878787879,197.47059666792143,219.78024591536948,1436.825500374768,6.698623621398425,273.70000000000016,0.4619340265084868,0.7626893939393938,47.40769841801067,115.78715342613464,1479.6977100424788,6.70669730910494,297.5,before
Chinese Grand Prix,2026-03-15,LEC,Ferrari,41,80.0,272.9196133445173,0.4295299761418693,0.6011837121212121,80.6706293438187,136.75335569203955,704.3931876831733,5.014156626098607,116.50000000000011,0.43304682305201736,0.49086174242424235,87.10878827166985,174.40208983031883,691.5056158150396,5.072911344383341,116.5,before
Chinese Grand Prix,2026-03-15,LEC,Ferrari,43,50.0,242.5497162352988,0.3191983893852374,0.5018465909090908,72.40647476304274,127.85215906752593,361.12905048347767,3.004600179478523,59.75,0.31630660784461734,0.4113162878787879,76.67017101142437,157.3218173029857,351.03914841041853,3.086665057645295,74.68749999999994,before
Chinese Grand Prix,2026-03-15,LEC,Ferrari,45,115.0,187.94035786821732,0.3666095575897144,0.5316761363636363,77.56607579660155,137.88985704550927,390.99507939786434,2.884486457364013,71.5625,0.36800512833752586,0.42324810606060603,80.89677996157731,173.4258006531598,382.2223842356886,2.9947342377080046,71.5625,before
Chinese Grand Prix,2026-03-15,LEC,Ferrari,46,35.0,169.88499010276524,0.3297189471326932,0.5410984848484848,85.23896086032912,135.5548057539646,418.83079521270605,3.0433247624248776,77.1875,0.33472442376692774,0.4241477272727272,82.88967435475045,166.40777514933725,419.79548639324395,3.106725778858296,77.18750000000006,before
Chinese Grand Prix,2026-03-15,LEC,Ferrari,47,55.0,197.20682782838514,0.4532998072164705,0.6692708333333334,51.36425523658886,109.1546932892514,1093.0400458708757,4.40182807333982,180.75,0.4534796330715648,0.5893939393939394,61.27666051362858,140.39592122412813,1079.6039543679046,4.382206964277041,120.50000000000011,before
Chinese Grand Prix,2026-03-15,LEC,Ferrari,49,35.0,167.13621718703905,0.277128463099268,0.521685606060606,80.03710825752769,124.79202093076458,270.0531085892772,3.3235608184516945,62.25,0.2769661456104497,0.42736742424242413,82.00003179524143,154.28346875970723,263.97148655125915,3.414499826836138,77.81250000000006,before
Chinese Grand Prix,2026-03-15,LEC,Ferrari,51,60.0,155.39749939324395,0.3233376217780922,0.5475378787878787,87.1943744121878,135.18505712203165,374.61671957109485,2.5672582269619046,75.3125,0.33154821608056684,0.42201704545454544,83.40001569915263,168.28770387670554,377.4459494861151,2.576381049780301,60.24999999999994,before
Chinese Grand Prix,2026-03-15,LEC,Ferrari,52,50.0,179.2441744489374,0.31718089902551067,0.5524621212121211,88.03616974340729,135.61965980347222,357.270807045113,3.502686222362485,46.3125,0.31674721430721553,0.4472064393939394,91.46686927928268,168.80741636954593,348.60753640131304,3.566775138037599,77.18750000000006,before
Chinese Grand Prix,2026-03-15,LEC,Ferrari,53,50.0,205.0197618502481,0.3325788761552074,0.5191287878787878,83.69907889550443,137.1566665706122,366.3260009283584,2.9923140370428483,45.375,0.33181866067689125,0.4160037878787879,87.847618422869,172.32767989967553,355.9852155082679,3.1104767612644824,60.49999999999994,before
Chinese Grand Prix,2026-03-15,LEC,Ferrari,54,55.0,193.24267334333553,0.340421239809434,0.5343749999999999,82.44083812724705,135.08658660614768,396.0280529549781,3.07162542459071,75.625,0.3451277113514846,0.4197916666666667,81.3012401651821,165.9152371302032,394.87866351635427,3.1565650198856763,75.62499999999994,before
Chinese Grand Prix,2026-03-15,LEC,Ferrari,56,70.0,198.62045639516182,0.34427109849296633,0.5286458333333333,79.22797669271542,132.66832103449946,387.9294063328843,2.990546865063314,61.25,0.3446612120675861,0.42424242424242425,81.7764723997904,169.07464706099427,380.1978199522271,3.1062739577348744,76.56249999999994,before
Chinese Grand Prix,2026-03-15,BEA,Haas F1 Team,27,80.0,191.43716735547068,0.3696876217825246,0.5613162878787878,99.0666696356653,155.86816493654143,452.6523093812432,2.5615700616498525,44.0625,0.3778450970318952,0.4277935606060606,100.6013716864134,197.4319623570086,445.84339734275994,2.706451905709933,58.74999999999994,before
Chinese Grand Prix,2026-03-15,BEA,Haas F1 Team,28,105.0,195.8382629338886,0.36716110877397024,0.5349431818181817,92.92517566121332,152.50175236112898,356.8415389952005,3.1185716864253594,71.5625,0.3748790489732518,0.40482954545454547,95.22235619462298,195.6758363911687,348.6385129148416,3.225892654122103,71.5625,before
Chinese Grand Prix,2026-03-15,BEA,Haas F1 Team,29,105.0,192.67306603148882,0.3832945836590723,0.5189393939393938,93.58603649664666,155.43781171628635,326.21685707769495,2.4089938457967635,43.5,0.38792269748006253,0.38712121212121214,98.58828654586591,205.60873305307132,312.5740743412329,2.5511176379577036,58.0,before
Chinese Grand Prix,2026-03-15,BEA,Haas F1 Team,30,90.0,196.12726624682804,0.35677153416817897,0.5170454545454545,89.4395973831557,150.44924057018613,310.6956014296468,3.151492218131101,59.25,0.3475198722202638,0.4160511363636364,97.75780976414512,189.73402739367535,292.14656914595145,3.3091012769420907,59.25,before
Chinese Grand Prix,2026-03-15,BEA,Haas F1 Team,32,115.0,198.90953468325716,0.4108553461925653,0.524621212121212,84.36230502154282,152.62069108225236,433.0421596250703,1.9730115973631865,43.3125,0.4135680519944389,0.4043087121212121,91.26152690453262,199.33926136276452,421.26009025526326,2.1086139739142014,57.75,before
Chinese Grand Prix,2026-03-15,BEA,Haas F1 Team,33,85.0,199.49109172821383,0.3597487202915515,0.5244791666666666,90.39581163073137,150.73680101065838,347.26299786264855,2.3049018630053704,44.4375,0.3652543649479328,0.4010416666666667,94.23962085921951,192.53004467208524,335.8161109884514,2.383045490637636,44.4375,before
Chinese Grand Prix,2026-03-15,BEA,Haas F1 Team,34,120.0,201.99197049684554,0.3915819626681868,0.5315814393939393,88.18373018627221,151.34114885236343,378.5472906019667,2.415775667851051,42.5625,0.3911320311665189,0.4133522727272727,95.89178205787408,196.45760534393037,361.47366712172146,2.5286680460781152,56.75,before
Chinese Grand Prix,2026-03-15,BEA,Haas F1 Team,35,140.0,199.4086027127962,0.37948407335478485,0.4912878787878788,90.80227034262269,154.5158333058714,186.8972651089135,2.4029690898368687,42.37499999999994,0.3823533897460082,0.36287878787878786,97.31698494106398,210.1934983477281,168.96869186728588,2.50459388371625,70.625,before
Chinese Grand Prix,2026-03-15,BEA,Haas F1 Team,36,130.0,180.73627117962752,0.379044719490647,0.5232007575757575,94.11086312625584,155.11179404904212,252.37571347242277,2.133508312143023,43.125,0.3838791108056544,0.3925189393939394,97.37072717060035,201.22945281391347,241.75843485127356,2.30730554782482,57.5,before
Chinese Grand Prix,2026-03-15,BEA,Haas F1 Team,37,95.0,189.21542819919728,0.37013796679256106,0.5170454545454545,97.66731772921574,157.9331481793786,258.5532520207323,2.8834107065548253,44.0625,0.3759143354318469,0.3835227272727273,100.47311632367673,201.9476652790535,248.76817444836132,3.0135090316891393,58.75,before
Chinese Grand Prix,2026-03-15,BEA,Haas F1 Team,38,100.0,189.66838803612103,0.3987951970183186,0.5094696969696969,90.12044873670501,156.12756414092075,367.47826767090993,3.0381584940262854,57.25,0.40240524586595394,0.3793560606060606,95.61578562590188,204.48641390193347,353.36825581439336,3.169357149871644,85.875,before
Chinese Grand Prix,2026-03-15,BEA,Haas F1 Team,42,85.0,214.14792488476635,0.3510966178173893,0.5132575757575757,100.97901022942243,160.1282593598718,231.99554254795558,3.253650566814622,59.25,0.35137586082133093,0.38982007575757577,107.04591926849548,204.97287797784082,215.99337881234396,3.388556557511507,74.0625,before
Chinese Grand Prix,2026-03-15,BEA,Haas F1 Team,43,110.0,205.77926066314805,0.42148965889565987,0.524621212121212,97.79150981965876,165.5821963831872,379.46153510634787,1.6568265195895315,29.125,0.4284940790550825,0.38120265151515154,103.08546333883588,220.01027105082548,364.3000233973294,1.7645081962434768,43.6875,before
Chinese Grand Prix,2026-03-15,BEA,Haas F1 Team,45,125.0,204.1506061880056,0.38417179465397433,0.5334280303030302,96.9003540871386,155.18830581766795,306.1791315405682,2.3469473725078807,42.375,0.3883227512334813,0.4050189393939394,101.81771793554292,203.28614659344586,293.46105967945897,2.508142783962988,56.5,before
Chinese Grand Prix,2026-03-15,BEA,Haas F1 Team,47,120.0,181.08400755071753,0.3790142054760037,0.5303030303030302,82.52438668198715,142.41625123009885,355.17337233165904,2.3193736270386958,43.5,0.38349894088489844,0.409469696969697,85.59156143674333,184.0650200160711,345.60923071778194,2.4261044532972487,58.0,before
Chinese Grand Prix,2026-03-15,BEA,Haas F1 Team,48,125.0,178.04170750307904,0.4574911436671755,0.5120265151515151,66.26927391996335,142.6277744217625,611.6706960998421,1.396419872485723,28.25,0.462299877423728,0.38361742424242423,70.31131204252871,196.1968777920104,600.8491271056592,1.500649891345784,42.375,before
Chinese Grand Prix,2026-03-15,BEA,Haas F1 Team,50,70.0,203.26491055476603,0.34311470768475394,0.5169981060606059,96.98627312754489,153.4385265657592,267.79640441904553,2.7350764697553465,44.8125,0.3468637186821249,0.3925189393939394,100.06051421710907,193.2728829687778,257.9173369777459,2.9036054648211596,59.75,before
Chinese Grand Prix,2026-03-15,BEA,Haas F1 Team,51,115.0,188.19929592384148,0.3588407754136947,0.524621212121212,91.47861446654758,150.79409644886115,269.7180908547138,2.29696939552351,43.3125,0.3616193249136525,0.4043087121212121,95.5860431710939,191.3060449918362,258.1099818247111,2.423443631049486,43.3125,before
Chinese Grand Prix,2026-03-15,BEA,Haas F1 Team,53,100.0,192.2874641159448,0.3900959761003951,0.537121212121212,87.78767958255206,146.38669283162832,422.9200188314901,1.9134280342035312,43.5,0.38496310119755145,0.42727272727272725,95.71052275235903,190.18075223179088,401.02945455267735,2.057804817110473,43.5,before
Chinese Grand Prix,2026-03-15,BEA,Haas F1 Team,54,75.0,176.0061489981071,0.37382291307537296,0.5434185606060605,88.67514539781844,148.0661617194214,457.4163778718212,1.763382559546083,29.875,0.3738498862057608,0.4302556818181818,94.77843595817097,187.35360684954983,443.98903552011217,1.903175183214433,44.8125,before
Chinese Grand Prix,2026-03-15,BEA,Haas F1 Team,55,95.0,180.8891680518609,0.41206496165856493,0.5662878787878787,83.10516243255515,144.76148765893737,578.8607753526773,2.4238086876249647,43.5,0.41667696186445513,0.44545454545454544,85.10969736223953,180.48096850654352,571.9739339944189,2.526043255552494,58.00000000000006,before
Chinese Grand Prix,2026-03-15,GAS,Alpine,53,60.0,106.04161679661128,0.3812249109789928,0.5206060606060606,3.3914200536693255e-06,43.4021833703139,945.8704183404046,3.7977020498280427,51.200000000000045,0.38046359869287566,0.5206060606060606,47.40769841801067,11.376547664406345,963.5641106593654,3.7774862217507765,115.2000000000001,before
Chinese Grand Prix,2026-03-15,LAW,Racing Bulls,21,35.0,186.23673329594615,0.5315235630459169,0.8840151515151515,3.5185742405073353e-06,46.88857051323971,1761.9266161018552,10.51333375075167,207.9000000000002,0.5311295135880604,0.8796401515151515,47.40769841801067,16.908305877616446,1782.3528244765291,10.512036398020633,265.6500000000002,before
Chinese Grand Prix,2026-03-15,LAW,Racing Bulls,29,100.0,162.97658443362846,0.4147177342119746,0.5100757575757575,2.131274731576596e-06,45.98228721169983,950.3000166047472,5.97327021428971,46.799999999999955,0.4138518253508855,0.5078598484848484,47.40769841801067,12.258277143491025,969.7773766745782,5.9357076201352905,134.55,before
Chinese Grand Prix,2026-03-15,LAW,Racing Bulls,40,95.0,142.60869755785933,0.3702407669863002,0.6446969696969697,79.28205907906464,130.2992230931045,706.5883819612287,2.6312751247785213,70.00000000000011,0.3735044429267481,0.5386363636363636,81.482194899241,158.00814940941234,701.7378828160453,2.685117060833645,70.0,before
Chinese Grand Prix,2026-03-15,LAW,Racing Bulls,42,60.0,193.4837431396253,0.3451760003242365,0.6008522727272726,98.72689123746034,144.249248968823,534.3743320230551,3.687600632564452,100.625,0.3458697787721694,0.4919507575757575,108.21313354128341,184.85798150860322,520.5868752188459,3.6842942162578955,86.25,before
Chinese Grand Prix,2026-03-15,LAW,Racing Bulls,44,65.0,184.59569502573302,0.36547792973175425,0.5981060606060605,0.0017003637755709275,61.805208690086324,1031.9416501181217,3.3967021101833526,126.00000000000011,0.36552579158729886,0.5503787878787879,47.40769841801067,103.58678828513077,1025.2528474961998,3.3967241787680997,210.0,before
Chinese Grand Prix,2026-03-15,LAW,Racing Bulls,46,65.0,165.95916944032564,0.3762414281945071,0.592471590909091,46.72114891735962,82.54644233938106,1022.8876902115924,2.841892935088973,96.85000000000014,0.3760441262285057,0.5360321969696968,47.40769841801067,61.42419753340585,1034.6899271169248,2.8421427340770093,149.0000000000001,before
Chinese Grand Prix,2026-03-15,LAW,Racing Bulls,53,115.0,178.89463629618925,0.41316017890555634,0.560842803030303,0.003795567831393702,70.73077918530808,994.766072669277,3.4425683072530213,108.75,0.41320244525255057,0.5059185606060606,47.40769841801067,101.4421599814548,994.9758118472131,3.442806388909322,181.2500000000001,before
Chinese Grand Prix,2026-03-15,LAW,Racing Bulls,55,90.0,165.39714983716667,0.38073901216932826,0.6151515151515151,5.28751100159982e-05,54.09972433985949,1023.0722143881262,3.8033870586332412,98.80000000000007,0.38141592753615944,0.5647727272727272,47.40769841801067,61.23770183759912,1024.4364776120908,3.802488314442829,152.0000000000001,before
Chinese Grand Prix,2026-03-15,HAD,Red Bull Racing,38,150.0,239.42142354650804,0.5519877865430635,0.734375,31.135896845785304,99.56406901426503,1353.6079908243662,6.4731272651783405,158.1249999999999,0.5522017192006975,0.6581439393939393,34.64813448434511,122.73599416851235,1350.5792774215377,6.485284559806098,115.00000000000011,before
Chinese Grand Prix,2026-03-15,HAD,Red Bull Racing,40,65.0,281.5401677090836,0.5596797718376922,0.7801136363636364,35.17738577751653,98.76022034514749,1537.769798747658,9.159546319024972,170.2500000000001,0.5597360948834936,0.7048768939393939,40.6873641674899,120.96031174021932,1540.3846697789659,9.165032173269553,340.5000000000001,before
Chinese Grand Prix,2026-03-15,HAD,Red Bull Racing,42,55.0,219.57286719021394,0.5303528990884793,0.6595643939393938,49.609278322300845,115.17235980773889,1255.185676957844,6.378553949447184,168.75,0.5298452823131933,0.5743371212121211,56.994411346938044,143.8927367055858,1251.2526677775015,6.41156294228466,168.7500000000001,before
Chinese Grand Prix,2026-03-15,HAD,Red Bull Racing,43,80.0,269.8184011210107,0.5396153629642564,0.680776515151515,69.14964564662884,130.63061523865156,1186.244445156669,6.341952385019408,166.5,0.5372444708368163,0.5861742424242424,77.47290218794706,164.44332446996327,1189.6384197503958,6.39501167236379,111.00000000000011,before
Chinese Grand Prix,2026-03-15,HAD,Red Bull Racing,45,125.0,243.78203873947263,0.6199343828178683,0.6749526515151515,49.40883585397455,122.00446433488096,1299.4701389736276,6.530163716316734,107.50000000000011,0.6179895665503745,0.5833333333333334,48.126912775542,144.60029302834886,1308.4962995470325,6.5957814749300185,107.50000000000011,before
Chinese Grand Prix,2026-03-15,HAD,Red Bull Racing,48,120.0,135.02092451747615,0.4254760353414008,0.6610795454545455,54.56683907903209,110.9006498262022,908.7510184456146,2.3604525353139185,69.68750000000011,0.42547910724922766,0.5766098484848484,62.684003871694046,142.79432981316026,898.8538805464841,2.35315056729973,69.68750000000011,before
Chinese Grand Prix,2026-03-15,HAD,Red Bull Racing,53,145.0,129.97289386629552,0.4631819898954023,0.7263257575757575,53.17671516647017,110.44713391259428,1064.4646808290404,2.002888410869248,108.5,0.4667819498752232,0.6338541666666666,59.47903597848733,139.14634661540774,1054.200573690995,1.9680551272567515,54.25,before
Chinese Grand Prix,2026-03-15,HAD,Red Bull Racing,54,155.0,,0.45068529024083226,0.7282196969696969,6.132190098210476,69.67170631519242,1170.5054441560667,1.7996397704298543,107.5,0.4498203674495875,0.6875,20.411647570592308,95.1103833051117,1159.076826715665,1.790174397525549,94.06250000000011,before
Chinese Grand Prix,2026-03-15,HAD,Red Bull Racing,55,130.0,118.80180633815198,0.47318356334990713,0.712121212121212,21.670096641604342,84.86857305810607,1193.5263641051463,1.9913672557164595,108.0,0.4722567396496434,0.6609848484848485,54.95027966874433,132.81329604502474,1167.2713711773122,1.9608082160277769,54.0,before
Chinese Grand Prix,2026-03-15,SAI,Williams,3,50.0,,0.5095007187684772,0.8208333333333333,12.022068996789981,56.32517479974097,1608.3229046683932,7.479789559985631,190.80000000000007,0.5094846569329332,0.7706439393939393,47.40769841801067,52.878710816064604,1611.6820061763053,7.479719268533769,265.0,before
Chinese Grand Prix,2026-03-15,SAI,Williams,21,110.0,,0.595571751495512,0.8368939393939393,47.39131301236567,77.44992400358949,1724.5497675035358,10.462417166878481,131.95000000000005,0.5777469896850902,0.8368939393939393,47.40769841801067,14.446134520636464,1727.9330175544226,10.428380467023883,233.45000000000005,before
Chinese Grand Prix,2026-03-15,SAI,Williams,28,65.0,150.89465134499622,0.42149801448683205,0.6450757575757575,50.76456922811311,111.60024631813401,1006.7323868307855,2.9122513367934184,105.875,0.42282607662909183,0.5534090909090909,50.778184920518605,133.91068806458736,1005.3571576009307,2.940732602230285,90.75,before
Chinese Grand Prix,2026-03-15,SAI,Williams,30,45.0,132.42724037758305,0.36158113164121886,0.5797727272727272,1.2942682601198768e-07,41.52646798553315,1066.760963596742,5.663857534452408,58.80000000000007,0.3610902450266122,0.5797727272727272,47.40769841801067,10.922126137938546,1084.7749596227993,5.6355399332363305,132.29999999999995,before
Chinese Grand Prix,2026-03-15,SAI,Williams,31,60.0,169.13048407358568,0.40717178787555686,0.721590909090909,63.377053468660684,117.52059072088966,1077.4262306652788,4.123517739535897,119.0,0.4051830136988671,0.6427083333333332,73.4501464087423,145.65914512338506,1075.1839294898693,4.177773948671672,104.12500000000011,before
Chinese Grand Prix,2026-03-15,SAI,Williams,34,90.0,146.7042258389626,0.41930766025173205,0.6970170454545455,58.52279810802791,114.3783490205204,1025.7143640462323,3.4235034193629224,101.9375,0.4200788102641302,0.6087594696969697,61.2441629081751,138.63777024684236,1022.6652284485849,3.4607577477601827,87.375,before
Chinese Grand Prix,2026-03-15,SAI,Williams,35,120.0,148.5381800381246,0.4069002036983954,0.6875,66.72190752753832,119.78484669324747,913.4043674048112,2.9664881831951893,98.4375,0.40808381192344495,0.5916193181818182,71.8365209457412,151.02092672668567,907.4274481984862,3.011268954250401,84.37500000000011,before
Chinese Grand Prix,2026-03-15,SAI,Williams,37,65.0,144.16151755703743,0.3613016959948779,0.6573863636363636,61.03069920421424,111.46882534619647,839.2720977996967,4.370846283680301,123.50000000000011,0.3604169215324347,0.5755208333333333,63.95795969572079,137.28909846446402,835.7099417930154,4.404493055974132,123.50000000000011,before
Chinese Grand Prix,2026-03-15,SAI,Williams,39,65.0,152.4371110319806,0.36811225468475817,0.656439393939394,61.64880554497293,114.29917409625126,867.854428876159,3.877538685426052,114.50000000000011,0.3686971613710182,0.5696969696969697,65.81248763399336,139.04353543723403,862.8156078329721,3.9019180275389713,114.50000000000011,before
Chinese Grand Prix,2026-03-15,SAI,Williams,42,105.0,167.43049084742432,0.377325803705544,0.5472727272727272,2.1820092740317603e-06,44.26122133200481,937.0132148234769,4.107413350034607,50.39999999999998,0.3765749364027558,0.5472727272727272,47.40769841801067,11.75269338971711,954.9895618530337,4.07846824360081,113.40000000000003,before
Chinese Grand Prix,2026-03-15,SAI,Williams,43,60.0,173.26368522415618,0.3685021916336315,0.6363636363636362,68.89633497180206,120.29405975665316,764.447361823432,3.2484955041562924,90.0,0.36923475220149715,0.5454545454545454,71.93489407069772,146.59827254668534,759.1678338249998,3.301078302361374,90.0,before
Chinese Grand Prix,2026-03-15,SAI,Williams,44,90.0,165.80145233269485,0.3929031432092654,0.6833333333333333,74.21019174084817,127.3513883317497,872.1406915439177,3.495247465198612,116.00000000000011,0.39398771059599724,0.584469696969697,77.32627146565912,153.167996440179,868.5936124584991,3.5356753028763253,87.00000000000011,before
Chinese Grand Prix,2026-03-15,SAI,Williams,49,85.0,142.99475528806227,0.3552898481011683,0.6789772727272727,61.76053178130554,111.82068976220145,811.9096853308117,5.679200777581024,177.0,0.3542076973401574,0.6007575757575757,68.68982729638697,137.47724491080513,804.6484985619966,5.693988859035873,118.00000000000011,before
Chinese Grand Prix,2026-03-15,COL,Alpine,14,60.0,137.99971325894853,0.479532774442119,0.6261837121212122,26.347509577413152,95.60663645605365,1207.2086176740504,3.657979374790253,111.50000000000011,0.47843285799275687,0.5628314393939394,38.194285631659184,124.75223311977932,1195.1126447949841,3.656268105258563,111.50000000000011,before
Chinese Grand Prix,2026-03-15,COL,Alpine,19,60.0,198.5524828860814,0.3756627810458586,0.588778409090909,72.43506777955272,130.08577263255728,734.3261067767537,3.7453527431170808,98.4375,0.37402348529440743,0.4928977272727272,78.92648426966515,161.8338305270595,727.0643318770627,3.799007240660822,84.375,before
Chinese Grand Prix,2026-03-15,COL,Alpine,21,40.0,189.6014421429694,0.3617836041225097,0.5734848484848485,75.17734672530372,131.30610466378914,647.8005531476981,3.9265482569477426,104.56250000000011,0.3626641537793931,0.4716382575757575,77.91127710280261,160.45140720500027,641.8959476561942,3.9781603822646474,89.625,before
Chinese Grand Prix,2026-03-15,COL,Alpine,22,90.0,174.45686524809292,0.567893903769805,0.7257575757575757,30.418134053032336,97.57059283840655,1447.2056235641703,7.021004089244382,223.9999999999999,0.5707582591880126,0.6303030303030303,13.292569665300045,101.95564499190276,1458.9398431135244,7.000688352529972,280.0,before
Chinese Grand Prix,2026-03-15,COL,Alpine,23,90.0,186.95580073295318,0.5665492811765179,0.7073863636363635,35.90123005934849,103.19422638810461,1367.3878012511161,6.403827957642856,168.75,0.5687536984149608,0.6115056818181818,20.90493932265976,110.1966408387354,1381.397315229749,6.37309720827227,112.50000000000011,before
Chinese Grand Prix,2026-03-15,COL,Alpine,24,45.0,110.94312423998414,0.4492227512819473,0.6941287878787878,29.75609622882066,91.32764385827258,1306.9615124650006,4.501049650044214,205.0000000000001,0.45005546311827366,0.626183712121212,47.42305207464587,125.02774017594498,1307.0736648238583,4.5054310337556185,205.0,before
Chinese Grand Prix,2026-03-15,COL,Alpine,26,95.0,152.3009815658389,0.45282104146411395,0.6477272727272726,59.659873343977274,120.53945012779558,1077.9698456227698,3.961584543758968,142.4999999999999,0.4527954124257036,0.5577651515151514,47.75282038561059,132.9443805398044,1098.712523565515,3.9954695620610408,95.00000000000011,before
Chinese Grand Prix,2026-03-15,COL,Alpine,28,90.0,145.41845530932403,0.43281403417878894,0.6150568181818181,65.21342419018355,127.02029066947725,830.4976120239572,2.9255736909899572,72.1875,0.43355185870753765,0.516619318181818,69.93127698058858,157.42505371461058,822.7912831762158,2.97926236541592,86.625,before
Chinese Grand Prix,2026-03-15,COL,Alpine,35,65.0,170.41620871471318,0.3794680515811184,0.6197916666666666,71.23941001437917,123.14482414708246,724.0070724312664,3.427933140891225,90.375,0.3785412338246863,0.5285037878787878,77.58548048225587,155.18139133818408,714.1724190405331,3.4695459969244458,75.3125,before
Chinese Grand Prix,2026-03-15,COL,Alpine,36,70.0,165.22096620420746,0.3874376517736246,0.6301609848484848,70.02758269941222,125.15804218847612,763.7375847367273,3.418391117794971,89.625,0.3895132848638896,0.5283143939393938,69.10647080402363,148.60133452213037,763.5750732647712,3.4864257540079966,74.6875,before
Chinese Grand Prix,2026-03-15,COL,Alpine,37,85.0,136.2870184887467,0.4012054872378773,0.6516098484848484,63.82884320516765,118.87800332185247,850.031662416281,4.133147257559853,117.00000000000011,0.4006099560975559,0.5629734848484848,67.60895835879367,145.25799267912737,845.9945833975567,4.175991077452599,102.37500000000011,before
Chinese Grand Prix,2026-03-15,COL,Alpine,38,60.0,151.38085723465886,0.39819700459602825,0.6427083333333332,64.35824664615068,117.65836796561247,868.1405292504905,4.16555641137476,104.12500000000011,0.3987838039921938,0.5525568181818181,67.85184488867239,145.4411142619934,862.794325555642,4.19778359879451,104.12500000000011,before
Chinese Grand Prix,2026-03-15,COL,Alpine,40,90.0,154.50264044348825,0.44005411977028863,0.6753787878787879,54.6709098130557,113.42975219100036,999.727618984136,3.5965478274527762,114.50000000000011,0.4403968419729123,0.5886363636363636,58.0557334628801,137.2050126527414,996.338809730141,3.6263681696522974,114.50000000000011,before
Chinese Grand Prix,2026-03-15,COL,Alpine,41,85.0,185.39355360379352,0.5403521339317342,0.8073390151515152,79.4440566771142,136.4878308265545,1460.5708306884237,6.879442536890064,221.0000000000001,0.5406827876001292,0.7131628787878787,59.87430937964481,137.9144634736696,1485.1475139403683,6.895012817903354,276.25,before
Chinese Grand Prix,2026-03-15,COL,Alpine,43,100.0,172.37963341243062,0.4311445334636076,0.5871212121212122,73.69249358178244,134.72321149358496,724.1451924938583,2.598136851798591,56.25,0.43269956500972345,0.4805871212121211,78.45139384387869,170.70184979522335,715.4000307115334,2.6717144078244734,70.31249999999994,before
Chinese Grand Prix,2026-03-15,COL,Alpine,44,120.0,173.97525730203802,0.47031864560778924,0.5909090909090909,65.57656214096009,131.52462917033,814.6774811014889,2.343597298090557,55.0,0.4651330278803711,0.49715909090909083,77.04687871506518,172.20499818491447,801.23586554842,2.4295892930962344,55.0,before
Chinese Grand Prix,2026-03-15,COL,Alpine,53,190.0,,0.793435800372733,0.4446212121212121,7.172883036600462e-06,80.04189467397529,1201.1998346814141,7.148571599269434,32.400000000000034,0.8092394327903857,0.4446212121212121,47.40769841801067,27.664372667066722,1294.355475466099,6.50568762087714,255.14999999999998,before
Chinese Grand Prix,2026-03-15,COL,Alpine,54,65.0,160.96290641070166,0.5582137347661488,0.6403882575757576,19.316145990411915,90.05485222726382,1302.9196192446987,6.403370085186196,156.0624999999999,0.5612400654692364,0.5544034090909091,13.050411140380278,103.23753469279555,1307.3031347759736,6.406322818848693,170.2500000000001,before
Chinese Grand Prix,2026-03-15,HUL,Audi,26,80.0,,0.3661008539704161,0.5320454545454545,5.2220686101581695,46.93595928624787,931.3589813247196,4.872560183612626,82.55000000000007,0.3658835694507808,0.4875473484848485,47.40769841801067,46.01186637171199,935.4774558577487,4.871544657524909,158.75,before
Chinese Grand Prix,2026-03-15,HUL,Audi,28,100.0,,0.4387821344090385,0.5865056818181817,0.0017809096667905466,71.02364905541867,1097.3646187671807,4.013795338585494,120.75000000000011,0.43755392374208246,0.5407670454545453,47.40769841801067,111.6007731478111,1100.0660543336498,4.011333864857045,241.5000000000001,before
Chinese Grand Prix,2026-03-15,HUL,Audi,29,120.0,,0.5432988560802149,0.7143465909090908,0.001601206027232455,70.35787050473938,1405.826426973989,4.246896752007213,209.0000000000001,0.5444549626330479,0.654971590909091,0.011057586209966186,85.06963940377345,1402.8610187936986,4.2462274712978845,209.0,before
Chinese Grand Prix,2026-03-15,HUL,Audi,32,95.0,,0.34069920376577423,0.5239583333333332,22.15528890330575,86.42936028412161,713.8315676437562,4.156409566803121,166.50000000000006,0.3403803072593649,0.46089015151515145,23.95801445998815,106.32178014408103,710.6497316102864,4.151826338901769,166.49999999999994,before
Chinese Grand Prix,2026-03-15,HUL,Audi,37,95.0,105.6067607190293,0.3986125928607866,0.5993844696969697,32.18686153637517,95.78610661986541,892.5846235171954,3.2188129009577877,103.68750000000011,0.40002107067928405,0.5208333333333333,32.30443028807356,116.67099176570639,891.1997410989059,3.2298484596797317,118.5,before
Chinese Grand Prix,2026-03-15,HUL,Audi,45,35.0,,0.24723123539169148,0.4321969696969697,61.32468140869091,113.37105570548324,191.56100972548285,2.6094572749747305,59.5,0.23282940160473053,0.3758522727272727,67.49467828784722,138.5253132557057,175.6208426159593,2.7470339394709553,14.875,before
Chinese Grand Prix,2026-03-15,HUL,Audi,54,0.0,141.1068906144005,0.2303307295806109,0.4666666666666667,75.40347040806544,118.9031269402419,445.5561212591598,4.30532500284113,88.00000000000011,0.22841023472547034,0.3833333333333333,82.40425471023953,149.52726771452026,444.63577179222364,4.361003176724607,77.00000000000006,before
Chinese Grand Prix,2026-03-15,LIN,Racing Bulls,33,80.0,177.68326122044402,0.37083124904858134,0.6425662878787878,78.5172220612153,129.15356936760259,729.6922212195727,2.8712254441632727,75.3125,0.37213307455221306,0.5398674242424242,81.45250217233634,160.27326829994203,723.9193767176429,2.92118159246105,75.3125,before
Chinese Grand Prix,2026-03-15,LIN,Racing Bulls,34,80.0,180.52363640417266,0.3804946498412543,0.5877272727272727,6.9214672158455175e-06,41.867832188058266,1022.5618233554585,3.800827804485202,92.30000000000007,0.3800342537481686,0.5581439393939394,47.40769841801067,33.74013838533456,1031.9236313893773,3.7990520270383215,163.30000000000007,before
Chinese Grand Prix,2026-03-15,LIN,Racing Bulls,36,55.0,158.83596786573383,0.40158295443642905,0.603125,67.5669347135637,126.37314058926621,813.8719364207869,3.123006319469663,90.75,0.40506897030651473,0.4999999999999999,68.93048677789746,155.0041006008525,808.2516568200193,3.1624970718311087,75.625,before
Chinese Grand Prix,2026-03-15,LIN,Racing Bulls,37,55.0,170.1297659559849,0.38883340575679887,0.593844696969697,79.51738976391347,133.35467786573406,687.7526480903306,3.6657161864249463,89.25,0.3894977326692801,0.4924242424242423,85.39713233008735,168.43612763114973,677.2176124456552,3.713296275387383,104.125,before
Chinese Grand Prix,2026-03-15,LIN,Racing Bulls,39,60.0,174.10960519124112,0.41656166917037496,0.5948484848484848,46.41622999455918,69.7459688881576,1157.8449582505361,3.5637805622279513,96.20000000000005,0.4165110387943078,0.5359848484848484,47.40769841801067,56.5110487405811,1164.9035487759334,3.5635267907250965,148.0000000000001,before
Chinese Grand Prix,2026-03-15,LIN,Racing Bulls,45,35.0,152.0354788482593,0.33154125041049254,0.5428030303030303,67.31145807140376,121.34390881254018,581.6654519413358,3.790426393868468,87.00000000000011,0.33383036601005234,0.44393939393939386,68.3681574116052,148.46145918935508,577.7780158420312,3.829907840472454,87.0,before
Chinese Grand Prix,2026-03-15,LIN,Racing Bulls,48,55.0,165.98568992913295,0.3458304951391267,0.546590909090909,73.41930752270217,128.2801904536486,473.7420960286274,2.9652594976556688,62.0,0.34086872830942916,0.4643939393939394,82.89863960266892,161.35225960800406,454.80033553668085,2.9511912828953264,62.0,before
Chinese Grand Prix,2026-03-15,BOT,Cadillac,25,100.0,179.04697071725306,0.3653986803650626,0.6263257575757575,94.32539993583202,147.0429650219375,605.337887874149,2.841917171895724,57.0,0.3653090452885017,0.5183712121212121,104.48936912877728,185.54780531411816,591.8680586217498,2.937172416131547,71.25,before
Chinese Grand Prix,2026-03-15,BOT,Cadillac,31,125.0,130.77086245196875,0.4527854943808947,0.5696969696969697,69.55826123392197,114.21169126521231,1046.593838542165,2.963034735133819,85.80000000000007,0.4523471145634198,0.5009469696969697,47.40769841801067,74.68645088060757,1068.1559153296266,2.9650165737433753,165.00000000000006,before
Chinese Grand Prix,2026-03-15,BOT,Cadillac,32,50.0,146.7879573362311,0.34617203353992987,0.5992424242424242,87.31069711644592,118.74150719852294,977.354815886253,3.6799712490955776,101.40000000000009,0.34579956324485195,0.5327651515151515,47.40769841801067,75.65852363364371,999.8814205141687,3.683037537832112,156.0000000000001,before
Chinese Grand Prix,2026-03-15,BOT,Cadillac,38,90.0,149.98435320243388,0.35862466744404153,0.5878787878787879,2.371918676142088e-05,40.55336451675104,965.2142090877495,4.6823062851110695,91.00000000000011,0.3579763833784452,0.5878787878787879,47.40769841801067,10.813353602655086,982.2575513559594,4.6753551032673055,161.0000000000001,before
Chinese Grand Prix,2026-03-15,BOT,Cadillac,48,105.0,162.00900678578205,0.38397117501955014,0.6193181818181818,93.05605786131531,147.61253190146263,604.1740254619687,2.535239367525963,71.25,0.3966500409163354,0.5005681818181817,102.2838612384415,188.19724462345062,604.3089185412259,2.5364242196893563,57.0,before
Chinese Grand Prix,2026-03-15,BOT,Cadillac,50,135.0,206.37649943438905,0.3734470525598236,0.5664772727272727,101.50279328730618,153.9741491676134,315.45701291232257,2.551840637968564,57.0,0.37810712458213125,0.4369318181818182,106.47613660406212,201.2612585700744,302.8332454394827,2.6176483471153236,57.0,before
Chinese Grand Prix,2026-03-15,BOT,Cadillac,52,85.0,179.34546029809653,0.3796512946055176,0.6306818181818181,94.94020930005055,147.5492755090264,659.2620845493733,2.384569429048169,57.5,0.3809187628888646,0.521780303030303,109.0394626370495,188.9603477578914,639.5527174888074,2.394875795331119,43.125,before
Chinese Grand Prix,2026-03-15,BOT,Cadillac,53,110.0,159.1518076767569,0.38763942700738896,0.6076704545454545,87.76109834134768,143.7400488157279,605.9248237898476,2.0810499763357924,56.5,0.3944787580504112,0.5006628787878787,103.9945914744663,189.71622937815994,592.6362686908162,2.0648766404377303,42.375,before
Chinese Grand Prix,2026-03-15,BOT,Cadillac,54,115.0,168.28915147076512,0.40883952820784264,0.6517518939393938,98.93430175185597,151.81878213520753,719.0880335986687,1.9199730337025243,42.1875,0.41482846132814066,0.5239109848484848,102.35120090329826,188.96518127052784,711.6301498126869,2.000381481114769,42.1875,before
Chinese Grand Prix,2026-03-15,OCO,Haas F1 Team,32,45.0,187.93805766829487,0.2818852423724832,0.5677083333333333,91.51998461668319,133.80239757656784,307.9316924920512,3.597467006185178,76.56250000000011,0.2836277433415626,0.46330492424242425,94.79463046311149,165.14177691632472,299.33214865767246,3.624566681061837,91.875,before
Chinese Grand Prix,2026-03-15,OCO,Haas F1 Team,36,55.0,219.05620166262727,0.2961664097409704,0.5075757575757575,91.497805083481,141.07672562315187,581.4910211388958,4.167364787265276,82.00000000000011,0.2979290363943723,0.39886363636363636,103.75221893245019,186.51518589575548,586.799434200932,4.254494919916554,82.00000000000006,before
Chinese Grand Prix,2026-03-15,OCO,Haas F1 Team,37,75.0,190.80547994233186,0.33616662537364705,0.6131628787878788,101.92513709969032,147.83474301473052,486.6110044070696,3.0711573268999697,88.125,0.3619151981240393,0.49076704545454536,107.70774985139653,189.1037102443771,521.2076276648932,2.995218564466913,58.75,before
Chinese Grand Prix,2026-03-15,OCO,Haas F1 Team,40,140.0,190.1032740445279,0.3738695905196918,0.5378787878787878,94.33687407143915,152.51217862789852,258.6414232712052,2.5917325780851757,42.75,0.3751464875289732,0.4191287878787879,102.37015011802667,198.781086699151,239.69798468659374,2.6519185768739253,57.0,before
Chinese Grand Prix,2026-03-15,OCO,Haas F1 Team,43,80.0,,0.3574319688056843,0.44176136363636365,53.19684552943114,122.10425646413441,423.7472706033773,2.309743901977924,57.5,0.35595655409384064,0.34375,55.81987270594852,163.01778584314596,415.95014453785967,2.3850589914326634,71.875,before
Chinese Grand Prix,2026-03-15,OCO,Haas F1 Team,45,100.0,159.0518493755642,0.45572094763512955,0.5297821969696969,39.050050392485055,114.50685575483521,893.9149733718406,1.9476466643466201,55.75,0.45659508722417347,0.4347537878787879,41.68184220099944,150.8119016100663,888.7299125844179,1.9929920625495305,55.75,before
Chinese Grand Prix,2026-03-15,OCO,Haas F1 Team,48,55.0,319.6628185918032,0.3245331740745874,0.6522727272727272,191.15104414361818,224.16713343336346,96.86700817396127,4.2259886853620365,108.5,0.33882900712583885,0.4761363636363635,315.9641396197066,394.3013554231951,-15.340484100505579,3.2573298374245883,15.5,before
Chinese Grand Prix,2026-03-15,OCO,Haas F1 Team,49,40.0,301.2616957449175,0.263720171951001,0.6507575757575756,185.86935648308872,209.16004260310189,-50.036755666620984,4.785610752114839,110.25,0.2725745136940358,0.4956439393939393,429.76433569164374,385.6177530405819,-174.5531339684317,3.9643498813567675,31.5,before
Chinese Grand Prix,2026-03-15,OCO,Haas F1 Team,50,30.0,313.49747819679624,0.2991852868817567,0.6312499999999999,174.34189672903943,203.06747735214512,72.52957938397344,4.749555222642806,110.25,0.31275959029920997,0.4761363636363635,344.9112761948492,393.7504929022181,-75.15194558110626,3.9634165473341816,47.25,before
Chinese Grand Prix,2026-03-15,OCO,Haas F1 Team,53,45.0,203.76764146703792,0.31769472917103897,0.5135890151515151,88.03008231043718,136.91379653383856,273.2127649447915,2.864665468917628,61.75,0.29819362162435253,0.4083333333333333,94.76718018236245,173.40535179968288,197.3610081790614,3.115992874345905,108.06249999999994,before
Chinese Grand Prix,2026-03-15,OCO,Haas F1 Team,55,70.0,190.98898083668422,0.3385749263183388,0.5150568181818181,85.04708369489248,139.21447940045445,320.8672550144619,2.8652252770057767,44.625,0.3405870672172865,0.4023674242424242,88.2867539312237,177.13227794165007,311.3867482907881,2.985694593737001,74.375,before
Chinese Grand Prix,2026-03-15,PER,Cadillac,2,100.0,183.40500090486654,0.9999990748598063,0.3352746212121212,44.78732643572503,228.7747923175156,1177.5955900302422,9.473705019609401,141.74999999999994,0.9999999974040388,0.09007575757575759,107.29770996181607,457.29770905322965,1109.1337144737402,10.669598610376577,51.974999999999994,before
Chinese Grand Prix,2026-03-15,PER,Cadillac,3,50.0,127.61304253644079,0.9999996639375054,0.2840909090909091,53.227904890943044,281.23542604206403,1226.9209836462194,12.790512339764575,100.0,0.9960664648060347,0.06628787878787878,118.1113971213325,466.73465980344463,1174.3785045759641,14.272203777479142,79.99999999999999,before
Chinese Grand Prix,2026-03-15,PER,Cadillac,5,0.0,478.2535930459381,0.47131265527592725,0.45085227272727263,53.681071985545394,129.1006348205978,831.6931807245745,1.6310547680968728,51.750000000000114,0.4791611809299749,0.3332386363636363,54.90211354781215,170.79124130787184,826.9922395866599,1.7043570929006866,38.8125,before
Chinese Grand Prix,2026-03-15,PER,Cadillac,7,55.0,157.53168017154505,0.4476049259423135,0.5083333333333332,49.97385084747939,126.95925178068867,880.8539879423538,2.5788964232912583,70.0,0.4481168757112624,0.4022727272727273,53.25239354338017,167.1571589125553,874.7291343905055,2.657477069670388,69.99999999999994,before
Chinese Grand Prix,2026-03-15,PER,Cadillac,9,65.0,185.4301030045024,0.4028355645868629,0.5321496212121212,79.11630178129927,146.79668973223679,690.7367801949881,3.2536636697436103,81.37500000000011,0.40345978554979417,0.4191287878787879,89.80430104332919,193.00095780803758,673.8838105560869,3.311653517809541,81.37499999999994,before
Chinese Grand Prix,2026-03-15,PER,Cadillac,14,215.0,,0.6962558548150971,0.9684090909090909,0.008077022481071474,52.320918972841994,2118.258300442434,6.970799277614752,141.05000000000007,0.69684838338216,0.9232007575757576,47.40769841801067,46.65233656152177,2126.7512513325437,6.953321943441166,195.30000000000007,before
Chinese Grand Prix,2026-03-15,PER,Cadillac,15,40.0,309.7572654298284,0.8006111757494194,0.790625,226.35983284283932,272.7322066853295,1985.0300530259979,9.874943165004439,217.0000000000001,0.8199662050807844,0.6673295454545454,47.40769841801067,133.45388194692953,2141.4866231768738,9.799454731439814,271.25,before
Chinese Grand Prix,2026-03-15,PER,Cadillac,16,65.0,214.6931244196538,0.5743010194834526,0.6933238636363636,57.6550069170628,125.29034496147017,1421.7615760773692,6.086352353907581,167.25,0.5760657718212926,0.5982954545454544,129.51326919902954,220.37784546428404,1385.6809077214598,6.076704605494092,111.50000000000011,before
Chinese Grand Prix,2026-03-15,PER,Cadillac,17,0.0,,1.9149719695751245e-10,0.016590909090909094,63.33172912327492,47.45586332585917,-824.0140619231003,6.36280721880802,0.0,5.810467189888545e-09,0.016590909090909094,62.04054140376393,62.040543437427445,-775.7102999058924,7.02871312624017,5.475000000000005,before
Chinese Grand Prix,2026-03-15,PER,Cadillac,20,45.0,167.29298652026475,0.3884855242514217,0.6386363636363637,61.18170392008821,114.60014013502811,932.5515587609286,4.501009680655887,114.00000000000011,0.3889206117756896,0.5522727272727272,68.00938290054498,145.3248230597361,924.735446401555,4.514377384311818,114.00000000000011,before
Chinese Grand Prix,2026-03-15,PER,Cadillac,21,45.0,175.182241787969,0.40940522269123286,0.6015624999999999,58.95417345056191,118.44604337678989,918.686144665161,4.295485399476812,102.8125,0.40803057226577893,0.5125473484848484,63.84324394791114,149.1449045748835,913.0932206964858,4.333796037225894,88.125,before
Chinese Grand Prix,2026-03-15,PER,Cadillac,24,50.0,229.58300881926792,0.4335153390038769,0.5847537878787878,52.71887767560568,118.5253618567572,964.2113052244054,3.788234897865761,101.0625,0.4329869646152922,0.49725378787878777,60.5577218623333,150.9739475474012,953.1223086164667,3.8030306323050724,86.625,before
Chinese Grand Prix,2026-03-15,PER,Cadillac,25,90.0,327.124851150627,0.5634097336163563,0.7393465909090908,218.91547684118734,266.11484735887456,1011.6417988667565,5.761106390327765,98.4375,0.5679546645201923,0.5475852272727272,179.07463461130595,277.24849491795806,1105.23990074126,6.1642716470193335,84.37500000000011,before
Chinese Grand Prix,2026-03-15,PER,Cadillac,26,55.0,183.02653069489656,0.3978766110035299,0.6297348484848485,78.51963497257739,134.06598631225057,846.2888172518411,3.900942217885921,86.25000000000011,0.39736455597465475,0.5317234848484848,91.3287229836983,172.49913218911016,831.9818381134631,3.947646355967344,100.62500000000011,before
Chinese Grand Prix,2026-03-15,PER,Cadillac,30,65.0,171.56401330794753,0.4409280274906593,0.6299715909090909,34.31521557701743,99.13761382598395,1111.1337187251072,4.787081562250709,167.25,0.44092689384148814,0.556060606060606,37.29065184740089,121.02014855341025,1108.282579810368,4.798044456268833,111.50000000000011,before
Chinese Grand Prix,2026-03-15,PER,Cadillac,31,85.0,188.95510584975,0.4194388502818368,0.6232954545454544,71.24105967623244,128.1357007972912,857.5912156022346,2.8936390863789683,85.125,0.4223785455331994,0.5158143939393939,74.94058124937621,162.89014505932468,850.3977143576215,2.9607000756415776,70.9375,before
Chinese Grand Prix,2026-03-15,PER,Cadillac,32,65.0,148.794141116691,0.36931831222869865,0.5651515151515152,73.52305874682997,131.322071684355,652.2518197922898,3.1357514195562275,85.125,0.3729719156016701,0.45767045454545446,75.30270841108081,163.10693876046338,646.7966188013476,3.181147331138024,70.9375,before
Chinese Grand Prix,2026-03-15,PER,Cadillac,35,35.0,261.8023755758457,0.4610876620475782,0.6051136363636362,60.316725087398076,122.09641816976149,1032.222937591764,5.17893526816845,117.50000000000011,0.45953014620982036,0.5049715909090908,52.53319988942866,142.1952222247997,1051.9907884457991,5.250534529635703,117.50000000000011,before
Chinese Grand Prix,2026-03-15,PER,Cadillac,36,65.0,173.28576514534333,0.4456509843938749,0.5284090909090909,55.92946138983499,128.8379623703784,856.546079252413,3.40768719007331,68.75000000000011,0.44752894045027886,0.42424242424242425,59.65888588932201,165.5379752874303,849.058345199112,3.4616282355445804,96.24999999999994,before
Chinese Grand Prix,2026-03-15,PER,Cadillac,37,60.0,168.047154802223,0.40554448646620034,0.4988636363636363,61.49243172799521,128.32639542571692,649.0835370498642,3.1171708326334104,71.25,0.4013307694926842,0.4017045454545455,67.81832389488599,169.2813152645938,637.5468308420454,3.1961260179142794,85.50000000000006,before
Chinese Grand Prix,2026-03-15,PER,Cadillac,38,80.0,220.69763698475592,0.4157068246615805,0.5635416666666667,69.42234665566201,130.76284397700863,724.1550092555941,3.305290021464965,84.75000000000011,0.4174119767251944,0.4565340909090908,72.74547528513818,166.8097832313904,717.4042484983646,3.377759270722485,84.74999999999994,before
Chinese Grand Prix,2026-03-15,PER,Cadillac,39,130.0,173.39144681589886,0.4779864319632497,0.5346590909090909,69.41236300776782,144.6921403423936,773.4070239200339,1.6970863469584452,36.75,0.4845764295147777,0.4047348484848485,73.31819348836665,195.74979451658686,767.0959142420877,1.904230868976206,24.5,before
Chinese Grand Prix,2026-03-15,PER,Cadillac,42,55.0,179.93635899924806,0.38660431253434174,0.5125,63.91795182765689,129.444547275653,655.96693980493,3.0603366955708053,84.75,0.38783621654358585,0.40549242424242427,66.13607041475666,165.04066150380865,650.7347891919454,3.166003446686219,70.62499999999994,before
Chinese Grand Prix,2026-03-15,PER,Cadillac,43,0.0,310.0439122027489,0.2295493543762003,0.33749999999999997,78.33125228814058,122.74546867909035,-20.3444108054142,0.7459496487904126,0.0,0.23146789732640408,0.24375,81.05872073003407,153.40838426037243,-27.742573051340237,0.8787418671120495,24.75,before
Chinese Grand Prix,2026-03-15,PER,Cadillac,44,135.0,164.5265538632309,0.4897904973875602,0.6693655303030303,40.4896995192858,106.24569265671452,1174.3630518392563,3.0541930525186385,101.5,0.491505334406906,0.5828598484848484,42.76559564564049,132.646794467911,1171.915519686345,3.082637441288146,76.125,before
Chinese Grand Prix,2026-03-15,PER,Cadillac,49,150.0,,0.4115225653349766,0.5752840909090909,84.28211185449801,145.82971513422396,848.26772628425,2.2394123948902833,75.00000000000011,0.41244854959974614,0.46875,65.35575043244576,163.45858740796407,877.7362302691978,2.367831479511274,56.25,before
Chinese Grand Prix,2026-03-15,PER,Cadillac,50,135.0,232.68705266096532,0.5122725627245598,0.6877840909090909,70.7742062799034,131.1905626552024,1028.1010941597551,5.096030935042328,114.50000000000011,0.5122294862028085,0.5901988636363635,84.33137271022602,172.78254665342828,1014.8284526199166,5.146762429853599,100.18750000000011,before
Chinese Grand Prix,2026-03-15,PER,Cadillac,51,175.0,177.88446095545027,0.4104785599751761,0.5971590909090908,86.07374428793244,144.35341801576834,486.97367608704013,1.6487282269684782,27.875,0.41355610294687084,0.4810132575757576,92.99461287444069,189.34809697864193,472.51444350892524,1.7258676337008703,41.8125,before
Chinese Grand Prix,2026-03-15,PER,Cadillac,53,130.0,238.4628781663242,0.4586240700551077,0.6466382575757574,74.43699551466767,132.41510485264914,811.6987004523136,5.472105719436134,113.50000000000011,0.46022593742495727,0.5391571969696969,77.92563595368225,165.8561593218636,806.0897840858796,5.520508539270313,113.5,before
Chinese Grand Prix,2026-03-15,PER,Cadillac,55,110.0,178.44965544026363,0.39382340793534254,0.6106060606060606,91.75313263081362,146.64150636549974,575.5269358869941,2.5360322570153886,58.0,0.39878057726124916,0.48977272727272725,96.35220895161959,184.19565804026806,564.8575141471624,2.6274604694477155,58.0,before
Chinese Grand Prix,2026-03-15,VER,Red Bull Racing,8,15.0,223.687355961817,0.48455444618065235,0.6982954545454545,26.02368910466062,91.43776191869416,1463.8337545123716,7.9222940362172745,351.0000000000001,0.48444157197728704,0.6318181818181818,30.181743976117318,111.07139721227315,1461.9813941709442,7.923331815724404,292.4999999999999,before
Chinese Grand Prix,2026-03-15,VER,Red Bull Racing,17,40.0,159.55694647665675,0.6185040866900281,0.710464015151515,1.6516738253599137,75.849968037154,1754.539469449368,10.227315309248993,276.25,0.6180337063110071,0.6581439393939393,10.877468507931187,99.76767354749964,1753.5765880460901,10.227492086151917,386.75,before
Chinese Grand Prix,2026-03-15,VER,Red Bull Racing,21,10.0,160.22422742602362,0.5238983873289519,0.6834280303030302,23.72207230055618,92.67262652894621,1557.0039317756632,7.171798564313101,292.5000000000001,0.5234689871128889,0.6169507575757576,27.027532731310902,111.69374341638012,1557.0880424100765,7.176060557591322,233.9999999999999,before
Chinese Grand Prix,2026-03-15,VER,Red Bull Racing,23,75.0,292.2538306852215,0.37160377125189553,0.6132575757575757,50.84819540483506,106.98533407949164,823.3208678962392,3.725412230652119,113.00000000000011,0.36970748233127587,0.5383522727272726,59.19825065758317,136.47704517007458,813.5507687575939,3.7398801143789244,98.87500000000011,before
Chinese Grand Prix,2026-03-15,VER,Red Bull Racing,24,30.0,224.73260231280844,0.382174053465193,0.5767045454545454,56.54892547878204,116.88887027590594,867.4279507678079,3.419361653443556,87.75,0.38248037267035395,0.48806818181818173,59.68258440955775,144.39222270099174,862.1735141635339,3.458762780817945,73.125,before
Chinese Grand Prix,2026-03-15,VER,Red Bull Racing,28,35.0,174.04965681196117,0.35800815405860775,0.6332859848484849,55.69691146800214,108.71775407459424,879.7259204286639,4.159316715347532,116.50000000000011,0.35734141468560304,0.556060606060606,60.889492109307724,133.34625558767343,874.3538162118966,4.175484474819036,116.50000000000011,before
Chinese Grand Prix,2026-03-15,VER,Red Bull Racing,29,35.0,179.77134559857055,0.3882190598318186,0.6112215909090908,55.40051097240222,114.10418143136712,938.6648011354954,3.6154894327627947,101.93750000000011,0.38837053547554623,0.522964015151515,58.74164466225112,139.6145150474113,934.2235850082342,3.6513479608041925,87.37500000000011,before
Chinese Grand Prix,2026-03-15,VER,Red Bull Racing,30,60.0,150.55022746839182,0.37303332600165384,0.6309659090909091,59.205126996322576,111.9767535314913,861.9134106665558,4.1855691694312,100.18750000000011,0.37385666256341604,0.5442234848484848,63.35430946306204,140.14895378201442,855.8057959026629,4.20925125406782,100.18750000000011,before
Chinese Grand Prix,2026-03-15,VER,Red Bull Racing,32,40.0,158.628583135171,0.34910653102869393,0.590530303030303,47.10846458390356,101.44879777468738,802.0331529067228,4.279201514761903,116.00000000000011,0.3493517913860849,0.5136363636363636,49.831027657433566,124.71334358840703,797.4301743840749,4.292080838230337,116.00000000000011,before
Chinese Grand Prix,2026-03-15,VER,Red Bull Racing,33,40.0,172.91811080176032,0.32368832301844813,0.6396780303030303,56.808213106416936,104.54649627031199,785.9754616877792,4.579859344438067,117.00000000000011,0.32388557013504365,0.5621212121212121,62.021713920120305,129.60670548198573,778.7673690062843,4.585500106272152,117.00000000000011,before
Chinese Grand Prix,2026-03-15,VER,Red Bull Racing,35,60.0,149.25753350804504,0.34635953146426124,0.621590909090909,61.85956431869383,114.28201583507695,768.6110190714498,4.287658820145431,117.00000000000011,0.34443101132361303,0.5440340909090908,70.55064352866525,143.9797121011917,757.8983208863847,4.305342783767402,117.00000000000011,before
Chinese Grand Prix,2026-03-15,VER,Red Bull Racing,36,40.0,141.61788951999097,0.339185025174968,0.6507575757575758,58.77853611374936,106.98238279813097,835.2042269635078,4.588184422215741,117.00000000000011,0.3381071589604584,0.5732007575757576,63.390899800180904,131.69921305453312,831.7497424171208,4.605191212987825,117.00000000000011,before
Chinese Grand Prix,2026-03-15,VER,Red Bull Racing,38,60.0,153.5707176165,0.3637258953722361,0.6473484848484848,54.52553182052368,106.7497542105123,887.8309128958427,4.062395907054723,113.50000000000011,0.3650260143976345,0.5613636363636364,56.04720272354568,129.62248629753495,884.7358130388616,4.084973574466792,113.50000000000011,before
Chinese Grand Prix,2026-03-15,VER,Red Bull Racing,40,25.0,168.52871600231066,0.3326450169826444,0.6642992424242424,60.696535290479495,108.6240724417471,855.0728725225379,4.444544634954715,176.25,0.33249412272192064,0.5864109848484848,65.00764970223416,130.5124652273024,851.3085454508806,4.462072687855706,102.8125,before
Chinese Grand Prix,2026-03-15,VER,Red Bull Racing,43,65.0,163.70913346107034,0.38180355112021697,0.6373106060606061,62.414189734016716,117.36884693073135,866.3398319502046,3.6738482548916243,86.25000000000011,0.3813125325288052,0.5501893939393939,68.05332268173734,144.95532517721773,860.2119956370307,3.7153044384878116,71.87500000000011,before
Chinese Grand Prix,2026-03-15,ALO,Aston Martin,30,25.0,165.0579301816894,0.32083392040862124,0.6172348484848484,59.400482205225146,108.06717227528092,743.4875280564188,4.471617081537032,121.50000000000011,0.32137633457449627,0.5366950757575757,63.26463766159727,132.63062442563188,736.4331198993336,4.483251868552831,106.31250000000011,before
Chinese Grand Prix,2026-03-15,STR,Aston Martin,5,30.0,,0.2790642741323475,0.4944602272727272,55.49794210762585,109.90731351665588,466.527129764,2.97211792166485,91.125,0.27735319114361895,0.41392045454545445,58.532776610627444,140.19129451585468,459.0282030701262,3.0004070135945877,75.93750000000006,before
Chinese Grand Prix,2026-03-15,STR,Aston Martin,8,30.0,131.04847173654346,0.2554467801146826,0.5319602272727272,65.9510076084844,114.11401784845584,403.26178873795953,3.320167161969274,89.62500000000011,0.2540718301983421,0.45274621212121213,69.63105266689955,138.52377451971586,395.4569750833031,3.3415953239157257,59.75,before
Japanese Grand Prix,2026-03-29,ANT,Mercedes,38,0.0,,0.2459173816661311,0.24452054794520547,161.746887857912,216.26949492714616,-577.608527242238,1.4768725352786967,0.0,0.2643140302360417,0.0163013698630137,345.31658159453093,391.503058670647,-704.3197069444998,2.820714387516343,77.35,before
Japanese Grand Prix,2026-03-29,PIA,McLaren,30,0.0,,0.7563936796034134,0.148972602739726,164.2451757569414,374.9642427470886,-495.42149693100686,2.433657202882978,28.999999999999986,0.2748840667115888,0.01589041095890411,345.71696667131687,387.13546702223243,-652.3954997452765,5.914093832363703,39.14999999999999,before
Japanese Grand Prix,2026-03-29,PIA,McLaren,31,0.0,,2.8181347381223345e-07,0.23578767123287672,187.08056723342386,166.7841192712,-758.5276049389144,1.4979123209496692,12.75,0.01482880733278187,0.03493150684931507,192.12531481805803,197.31539738453168,-770.292698990702,1.4459807616710032,6.375,before
Japanese Grand Prix,2026-03-29,PIA,McLaren,32,0.0,,4.937245036557422e-07,0.10428082191780821,185.7779682015062,164.70673998197958,-805.5637151583161,0.6830008219854055,10.875,1.5657062890393814e-07,0.011917808219178084,2714.5197929232163,282.29098282035113,-725.5340051455267,5.188638910866428,0.0,before
Japanese Grand Prix,2026-03-29,PIA,McLaren,33,0.0,,0.36937519366416793,0.18869863013698626,165.47189991155122,255.98439153311804,-618.6138232129225,2.823584355428808,36.25,0.23057709638338011,0.01589041095890411,340.5900493535012,386.2993812728439,-764.3536971863077,4.3761840582209395,39.14999999999999,before
Japanese Grand Prix,2026-03-29,RUS,Mercedes,5,0.0,,2.9132678462750126e-07,0.14109589041095888,161.71949761365465,140.67850901940216,-809.1542270723444,1.145082959329467,12.875,4.854578452528267e-07,0.014109589041095891,182.42956168310002,182.42973159334585,-820.3014405520229,1.2777239904164799,2.575000000000003,before
Japanese Grand Prix,2026-03-29,RUS,Mercedes,6,0.0,,0.2109322335739295,0.2222602739726027,157.26951075708607,206.16337327256215,-635.8281950040308,1.3768270369802516,0.0,0.07950518230791769,0.11113013698630136,176.12268536032258,203.94949916809378,-681.742767502887,2.367393899089008,14.75,before
Japanese Grand Prix,2026-03-29,RUS,Mercedes,28,0.0,,4.013859434345258e-07,0.09888698630136987,169.8136164658021,151.44178409114713,-944.7902234397568,1.395947477027357,19.687499999999993,3.621918273157449e-06,0.014383561643835616,845.5391961962097,348.8088034478293,-1105.6355604026674,4.945091946556707,9.1875,before
Japanese Grand Prix,2026-03-29,NOR,McLaren,28,0.0,172.48392601946836,0.07081705876633229,0.2404109589041096,190.02627125383916,189.76448951216432,-724.4747735194134,0.7297593639715096,6.5,0.056633901234466245,0.04452054794520548,203.13617125646263,222.95803668852582,-740.8581179450836,1.8250864235070976,12.999999999999993,before
Japanese Grand Prix,2026-03-29,HAM,Ferrari,6,0.0,197.3178711741395,0.09771534045228776,0.2465753424657534,168.17843771243406,178.2546615829384,-773.0578419213562,1.741293771137666,7.5,0.01632515369938302,0.13356164383561644,182.91693571929176,188.63073951407583,-806.7904489135109,2.280633112107916,15.0,before
Japanese Grand Prix,2026-03-29,VER,Red Bull Racing,28,0.0,,9.022175976869578e-07,0.1506849315068493,172.74413602384917,152.15279659148817,-678.9141109614313,0.7129431390568042,0.0,1.3292691578022268e-06,0.012054794520547946,2168.7909673707327,285.6733547544672,-742.9243505621035,1.672695090896091,0.0,before
Japanese Grand Prix,2026-03-29,VER,Red Bull Racing,29,0.0,,0.2754167741868795,0.2461472602739726,152.99016516708573,219.24692687811057,-462.647278408599,1.6055406395564817,0.0,0.287670019028176,0.015753424657534248,325.9354889228579,377.86285778387236,-572.0034906467097,2.0256050714420115,17.25,before
Japanese Grand Prix,2026-03-29,VER,Red Bull Racing,51,0.0,189.56090245867347,0.2629947679265718,0.2953767123287671,163.66586587518844,226.06124750576922,-401.28574176883075,1.1825056101146971,14.375,0.3138232326689892,0.015753424657534248,182.54887881867916,292.3870102528254,-415.59912818946833,2.7134945659223457,2.8750000000000036,before
Japanese Grand Prix,2026-03-29,OCO,Haas F1 Team,6,0.0,,0.252110235939955,0.32328767123287666,159.87288529121753,219.8137590360255,-357.92374533400715,1.6754722918698288,22.125,0.36011608013063046,0.016164383561643837,182.20239304747867,308.24302109319933,-381.8362670097696,2.0987572289875245,25.075,before
Japanese Grand Prix,2026-03-29,OCO,Haas F1 Team,28,0.0,263.8482092328546,0.37868376896356226,0.43741438356164375,190.41116104018175,283.2729026648618,-96.60660667623486,2.0752781774332814,32.75,0.5493571059524537,0.017945205479452053,241.18851176647144,433.4634988498302,-96.55338373013284,3.541686431609714,52.4,before
Japanese Grand Prix,2026-03-29,HUL,Audi,28,0.0,,0.32972109075269473,0.2589897260273973,137.14282045947832,221.17580267531145,-343.51314420150254,1.45380376574875,22.6875,0.35439235816103454,0.016575342465753425,160.81827861844445,284.85560397480657,-388.2962568753887,2.0467104982890363,18.15,before
Japanese Grand Prix,2026-03-29,HUL,Audi,45,0.0,,0.3864228594284843,0.7476883561643836,0.0015136884270270496,82.48965899533104,1009.960379476622,2.036805874292375,61.500000000000114,0.38763314805817517,0.6213184931506849,47.40769841801067,102.2109682466508,1012.2161939942373,2.025674170025065,184.50000000000006,before
Japanese Grand Prix,2026-03-29,HAD,Red Bull Racing,8,0.0,,0.30639850261911716,0.6162671232876712,50.95972744500237,131.7909085529053,650.8510153723776,1.451755523978797,59.0,0.31063834868660956,0.4445205479452054,52.762143673176986,161.48556571349033,663.5900231404935,1.4819217529071649,36.875,before
Japanese Grand Prix,2026-03-29,HAD,Red Bull Racing,12,0.0,,0.34192008934525187,0.2935787671232877,147.6565531925924,234.48470618664538,-328.49254750491025,2.2507698776749008,31.75,0.4341677803325642,0.017397260273972603,203.2636787584158,355.2224018748133,-408.28400042045223,1.4090203610027348,11.112499999999999,before
Japanese Grand Prix,2026-03-29,HAD,Red Bull Racing,45,0.0,,0.249684383222343,0.39255136986301364,151.8939099884861,212.66526270554945,-252.29405639726755,2.1144964260584613,16.375,0.2842744914915521,0.14580479452054795,181.88266518042218,281.3787372024654,-286.544129089819,2.448234000069302,32.75,before
Japanese Grand Prix,2026-03-29,BOR,Audi,28,0.0,,3.549620471883494e-07,0.19417808219178082,204.40410257502424,181.85463616896592,-688.076880443806,1.3557422451507661,10.5,8.618732699024432e-07,0.011506849315068493,2215.3918169058807,277.14794203953477,-699.6276393652919,1.7114006383077847,0.0,before
Japanese Grand Prix,2026-03-29,BOR,Audi,29,0.0,,0.19868502981293332,0.6645205479452054,0.00017590778240284634,32.992421946112984,491.4901084462557,2.7975142337492995,89.10000000000002,0.19777094807023435,0.6645205479452054,47.40769841801067,8.942998808973272,505.00439637086697,2.797581179964278,138.59999999999997,before
Japanese Grand Prix,2026-03-29,LIN,Racing Bulls,17,0.0,,0.26361210494248705,0.017465753424657535,173.1484094924875,173.62977761424006,-634.3390101036613,0.34019521273555337,22.949999999999996,1.1096904123759433e-07,0.009315068493150684,1205.1817977332585,214.14714647460494,-418.89129603826063,7.913066701052179,5.95,before
Japanese Grand Prix,2026-03-29,LIN,Racing Bulls,36,0.0,,0.16356321796025242,0.17131849315068493,172.22290016024462,202.19168677172937,-528.5593756125182,0.8727268288022932,21.750000000000014,0.06963973249298346,0.011917808219178084,295.55880154163737,278.6238506795724,-580.306767817134,1.8954269562710413,23.924999999999997,before
Japanese Grand Prix,2026-03-29,LIN,Racing Bulls,39,0.0,,0.10195182775177646,0.14743150684931505,168.0962829464599,176.83048379899134,-540.8609781458413,0.7585369185991185,15.375,0.011896058652151565,0.011232876712328766,570.043355900276,259.759449142232,-594.7197441456123,1.5499983158973882,7.175000000000001,before
Japanese Grand Prix,2026-03-29,LIN,Racing Bulls,46,0.0,201.57917263002759,0.24747710193686512,0.38065068493150683,162.17993411246383,216.24987847601273,-226.66559447470001,1.1465905262721652,14.625,0.3279339672512555,0.07011986301369862,198.23206630849177,313.0089548464312,-242.73645472873534,2.5098315732034595,58.5,before
Japanese Grand Prix,2026-03-29,LIN,Racing Bulls,49,0.0,,4.6487878822110435e-06,0.06027397260273973,165.34319317789064,144.75039970293017,-527.1459272155944,0.5862441690294397,8.0,2.6531700609508923e-07,0.008767123287671234,745.6534176119093,197.39136819941382,-356.2361777167889,6.268400236662607,1.6000000000000014,before
Japanese Grand Prix,2026-03-29,PER,Cadillac,20,0.0,138.28773071398035,0.2813699108979525,0.3672945205479452,168.12055311160603,232.10124948625398,-350.1010221895265,1.170932035521322,8.125,0.43995386078509885,0.01780821917808219,188.96763543710833,342.95148671189287,-371.8708094137392,2.0571261411345683,35.75,before
Japanese Grand Prix,2026-03-29,PER,Cadillac,28,0.0,159.4226407782224,0.2925435923785491,0.4643835616438356,144.7102483256799,216.32025055062448,156.60483736924968,1.4926239258962584,21.1875,0.3198371967270273,0.20316780821917804,156.7288989246003,268.67191777905987,183.83747403658063,2.5968883666682454,42.375,before
Japanese Grand Prix,2026-03-29,PER,Cadillac,29,0.0,185.16900291285882,0.26339262448025846,0.3973458904109588,177.93324073361572,238.00994537385017,-237.55231335373725,0.6476855612587529,0.0,0.36533884285711105,0.06113013698630137,214.25943100129888,342.12802600128776,-244.33261969724143,2.6596953886483257,77.35,before
Japanese Grand Prix,2026-03-29,PER,Cadillac,30,0.0,122.49453252462432,0.32174152881031776,0.42448630136986293,152.40348376391916,233.24837013973786,-83.24003829711033,1.1917669120624899,16.75,0.3794218252577481,0.1261986301369863,187.2552224193863,320.05286125959816,-121.91349909368087,1.9275576398424934,41.875,before
Japanese Grand Prix,2026-03-29,PER,Cadillac,31,0.0,164.0280824823188,0.25740364635568436,0.4240582191780821,167.1740406228931,226.00270781305636,-209.20572142905633,1.087306145195593,7.9375,0.3265524628564122,0.11960616438356164,195.81660889370357,310.1099708934479,-224.48791830168335,1.9831076496078717,39.68750000000001,before
Japanese Grand Prix,2026-03-29,ALO,Aston Martin,10,0.0,,4.1511157907483835e-07,0.12465753424657532,190.18805641143814,168.4967843132754,-1039.840912278796,1.3202039358942648,6.499999999999986,1.0840592382780575e-06,0.014246575342465755,1216.2427697568482,358.60801400239853,-1168.748136276722,4.274285850834071,9.1,before
Japanese Grand Prix,2026-03-29,ALO,Aston Martin,14,0.0,,0.19708524284967732,0.29126712328767124,189.23338678742365,224.06572059107546,-745.5973746381578,1.5365883544753853,15.75,0.29070412849617117,0.017260273972602738,369.72500503170187,435.7735104621963,-881.5539526658781,3.167832513787411,50.39999999999999,before
Japanese Grand Prix,2026-03-29,BOT,Cadillac,5,0.0,,0.35925590827007436,0.36164383561643837,137.03319961306863,230.04353621279245,-103.3621901538971,2.1332287430489587,24.75,0.47771072444040336,0.045205479452054796,166.28456309773424,333.4833166518754,-139.0788876982403,1.5320519121208287,8.25,before
Japanese Grand Prix,2026-03-29,BOT,Cadillac,7,0.0,,0.3075009776879795,0.3397260273972602,154.87369506763218,228.34568580490622,-271.74949916489345,1.754795470511612,23.25,0.4270624057076695,0.016986301369863014,182.6177073131475,332.08954931083184,-303.4168535405612,1.9302973807097192,18.6,before
Japanese Grand Prix,2026-03-29,BOT,Cadillac,8,0.0,,0.37833401217097284,0.35034246575342465,143.97809209767505,244.52069841900473,-139.01711175687694,1.9710046230790472,33.0,0.4948817913874635,0.033904109589041095,182.399893800487,355.60852078609923,-187.7957964285071,1.7649510322609954,8.25,before
Japanese Grand Prix,2026-03-29,BOT,Cadillac,13,0.0,283.333333821712,0.4025499183899241,0.47465753424657525,191.67245715133237,295.46707936026155,60.402878497701025,3.400700393353093,41.25,0.6161564129058192,0.01808219178082192,223.4897216606063,439.14446617764304,87.4224428045016,3.261668553211228,28.049999999999997,before
Japanese Grand Prix,2026-03-29,BOT,Cadillac,15,0.0,321.53630363247066,0.31171581016863226,0.4890410958904109,251.37847266967148,321.15185762542353,-355.20369921611893,3.4435270492018044,25.5,0.5270077093850049,0.01863013698630137,495.36979128679326,467.4017459853813,-317.58945785768736,3.948772961398219,45.89999999999999,before
Japanese Grand Prix,2026-03-29,BOT,Cadillac,27,0.0,317.71614283844536,0.3383875787916707,0.5124143835616437,204.18310861885314,282.54515905616,-10.84748007846228,2.430859150612499,8.3125,0.4947159777020559,0.07970890410958904,237.66779512325027,402.89809357304836,25.882482560753736,3.201215747207197,66.5,before
Japanese Grand Prix,2026-03-29,BOT,Cadillac,29,0.0,132.17665934496966,0.322407265472473,0.4118150684931506,145.86578779913896,228.70832016419152,-55.16153522853891,1.799358342319958,24.375,0.4322664459633373,0.08904109589041095,190.30544903256336,341.59870511973145,-89.82037820591083,1.3409460288408486,24.375,before
Japanese Grand Prix,2026-03-29,BOT,Cadillac,30,0.0,170.26993690272465,0.38032064662221476,0.39554794520547937,148.02903549789235,245.73917437891848,-28.596023357324157,2.4509944247284086,24.75,0.5637367935430873,0.01808219178082192,202.0452635054744,399.3531412455549,-72.33581063010968,1.7134517010928023,19.799999999999997,before
Japanese Grand Prix,2026-03-29,BOT,Cadillac,34,0.0,141.08287720978544,0.31413177317734375,0.38133561643835606,152.79549792889227,229.1104209967194,-193.9232873568307,1.5566665669576907,0.0,0.41628488975338723,0.0672945205479452,192.47540942827735,338.1751208419629,-234.64347658448833,1.6923749672201671,52.4,before
Japanese Grand Prix,2026-03-29,BOT,Cadillac,36,0.0,158.8301448695838,0.3142294421812425,0.41815068493150676,159.98862377732488,238.1404675346774,-134.967820434433,1.9052850330976059,24.75,0.39798227302529215,0.10171232876712329,211.43224375717634,350.72603931602856,-174.13196166938417,2.220329117412631,49.5,before
Japanese Grand Prix,2026-03-29,BOT,Cadillac,37,0.0,177.8552740604417,0.3575114465747122,0.42765410958904104,161.98440451675606,256.05090726167106,-71.20967792588505,2.03919786293902,16.875,0.5277545091591219,0.034674657534246575,269.12522058525775,437.5805841540201,-119.0816864578572,1.6535192110695358,45.56249999999999,before
Japanese Grand Prix,2026-03-29,BOT,Cadillac,39,0.0,188.06077658803196,0.3430632625918897,0.435958904109589,159.61420604407522,243.6906384504694,-53.009900386142206,1.6022770975150318,16.75,0.4955753157620588,0.05736301369863014,266.32451179873726,421.12392252234366,-95.53844356804795,1.852797348100656,53.6,before
Japanese Grand Prix,2026-03-29,BOT,Cadillac,41,0.0,209.30318834577227,0.34197770469939787,0.4392123287671232,168.77913121396048,255.01997966424776,-98.82165402058145,1.5298650225772987,8.4375,0.48623634155569495,0.05779109589041096,327.904973406216,423.4313921389816,-137.81615540145012,2.0277011471803608,54.0,before
Japanese Grand Prix,2026-03-29,BOT,Cadillac,42,0.0,155.6349732930252,0.3298133094759042,0.40376712328767117,157.62728888024782,240.15207989512476,-133.60587756696384,1.5628771289667687,8.1875,0.45047957794972127,0.05607876712328767,200.21417583983947,357.88202812224193,-167.35732308916351,1.8241914650021087,52.4,before
Japanese Grand Prix,2026-03-29,BOT,Cadillac,48,0.0,259.5698404142221,0.39143004067205966,0.47465753424657525,172.95034345537246,275.3756238095566,106.87738691654002,2.6606392671547807,33.0,0.6071475012796131,0.0226027397260274,216.18072863603612,428.6823540839007,118.137426581047,2.7259497523697758,44.54999999999999,before
Japanese Grand Prix,2026-03-29,BOT,Cadillac,52,0.0,196.2414181626031,0.3423075601614987,0.5271404109589041,129.77535694519412,214.14937263202344,299.48346868899245,1.6425935723432157,24.5625,0.396261232910169,0.2130993150684931,172.859115194288,311.5505467128472,298.41559700886427,1.942781225458431,32.75,before
Miami Grand Prix,2026-05-03,ANT,Mercedes,3,10.0,166.90898984158122,0.734225265931082,0.6441468253968253,10.106021370166316,98.72139685345358,1959.7215871333392,4.619097382460413,166.375,0.7390209369095012,0.5601190476190475,13.88756319203066,125.2634184348989,1968.7926442279643,4.588321438019693,166.375,after
Miami Grand Prix,2026-05-03,ANT,Mercedes,5,0.0,161.62761814921512,0.5635131604058095,0.4384920634920634,0.0014465969106464446,110.12162073398021,1418.8539997070195,1.5103355189266259,56.875,0.5645695796004072,0.3353174603174603,47.40769841801067,144.71523816862376,1437.6092463377865,1.5164175482877027,65.0,after
Miami Grand Prix,2026-05-03,ANT,Mercedes,12,0.0,,0.789154185908966,0.8983333333333334,3.0993624258078897e-06,56.929861677417534,2456.3306596249295,2.166833614307434,34.65000000000009,0.7829021186409686,0.8983333333333334,47.40769841801067,14.113935679192858,2484.302409324473,2.068710948673001,77.96250000000009,after
Miami Grand Prix,2026-05-03,ANT,Mercedes,13,0.0,229.25418007354253,0.8035066006197044,0.8464285714285714,34.56120891655016,111.8636557768708,2402.6068202756574,8.5709500252367,177.7500000000001,0.8064586446029717,0.7641369047619047,47.40769841801067,121.71392139844663,2443.2747411859154,8.42554676213784,296.25,after
Miami Grand Prix,2026-05-03,ANT,Mercedes,18,15.0,143.75132823438912,0.5742666302087885,0.7225198412698411,55.271499057843656,123.08346245619343,1568.1689744380399,2.1761852369652246,46.3125,0.5767442380541126,0.6122519841269841,53.16805429268322,146.42961486771682,1567.5844050425037,2.195675313678218,46.3125,after
Miami Grand Prix,2026-05-03,ANT,Mercedes,19,10.0,123.67310314841112,0.5551529729530896,0.7070436507936508,46.202977132939054,114.88444594726778,1564.8297549270142,2.4239345305052624,91.125,0.5563635329695162,0.6106150793650794,47.199480842553385,138.8626107835181,1562.9065600756737,2.4348299731203067,75.9375,after
Miami Grand Prix,2026-05-03,ANT,Mercedes,20,5.0,140.54585779109854,0.5691560185373874,0.6995039682539682,50.239180281367226,119.57883765604653,1547.9920030454186,2.092294623903748,46.125,0.5728286257412549,0.5896825396825397,48.285221454133776,142.37192941870526,1544.3235436995192,2.0700034269463625,30.75,after
Miami Grand Prix,2026-05-03,ANT,Mercedes,21,0.0,122.17485336031736,0.5604983679783809,0.6861111111111111,43.42489833383017,112.67637159940935,1570.2649592100422,1.922334526550921,77.1875,0.5620331616934091,0.5880952380952381,47.157882965577244,141.2543653108952,1563.1828089625146,1.8999424739080992,61.75,after
Miami Grand Prix,2026-05-03,ANT,Mercedes,22,0.0,133.0053919535664,0.5726156295157381,0.7011904761904761,46.06644736407637,113.8750333927366,1597.397021297636,1.8224111030936525,31.0,0.5742417452207117,0.6027777777777777,46.99680521128947,139.84292236716078,1594.1571494620432,1.7963550088746936,15.5,after
Miami Grand Prix,2026-05-03,ANT,Mercedes,23,0.0,125.32699551807538,0.5716072517959454,0.7351190476190476,57.98746845470739,125.01296198359114,1625.1595128991344,2.132420958819313,61.75,0.5734511001617631,0.6248511904761904,50.553172897319435,141.20559607879446,1632.0913273816846,2.0742526082852075,46.3125,after
Miami Grand Prix,2026-05-03,ANT,Mercedes,24,10.0,124.72991096753097,0.6045318089723116,0.7462301587301586,48.24479059433837,117.18007708883886,1699.2031961382022,1.9413807412539392,45.75,0.6047810163354707,0.6494047619047618,47.650781031890546,137.7681056404856,1700.2235924552995,1.8957435809253145,45.75,after
Miami Grand Prix,2026-05-03,ANT,Mercedes,25,0.0,109.89497884403315,0.5965608101978002,0.7499999999999999,48.11626406171037,116.11539359145485,1738.3694848905839,2.143091858497965,75.0,0.5753871894399695,0.6785714285714286,53.179369497822634,138.77441999963207,1724.2475791610345,2.0617473714241554,60.0,after
Miami Grand Prix,2026-05-03,ANT,Mercedes,29,0.0,301.4708659822624,0.7961350562914328,0.6642857142857141,72.29006967621837,152.97193410517332,1818.2652204344358,7.064126574979163,186.0,0.8164372743536851,0.5289682539682539,78.35252076416502,192.02561397700924,1860.1245426073506,6.967444470199857,124.00000000000011,after
Miami Grand Prix,2026-05-03,ANT,Mercedes,30,0.0,140.649397859628,0.5582279732294004,0.5781746031746032,58.60036244353514,133.13716885111515,1258.0313501790101,1.492472956527077,46.5,0.5614566251875545,0.45515873015873015,61.07902658366437,174.7425615342277,1250.3962208381506,1.5010438300314262,46.5,after
Miami Grand Prix,2026-05-03,ANT,Mercedes,31,5.0,221.47646055804805,0.5587745996270925,0.5134126984126984,2.6940916278174282e-05,58.276386052954436,1460.2030263320714,2.1990566328039978,36.02499999999998,0.5578787370231946,0.5043154761904762,47.40769841801067,18.837209938880434,1482.921263517347,2.1842274481579276,117.89999999999998,after
Miami Grand Prix,2026-05-03,ANT,Mercedes,33,5.0,171.36719458598137,0.5335322935902554,0.5721230158730157,64.66759630948732,139.25878823070613,1130.1949592375508,2.255094847062059,46.6875,0.5346758238043638,0.4486111111111111,67.69346881585062,180.081686621085,1125.347983137781,2.3555167663686247,46.6875,after
Miami Grand Prix,2026-05-03,ANT,Mercedes,34,0.0,145.9078666160918,0.5655750659527796,0.575843253968254,56.523896749613165,133.1923412978135,1264.4202665635396,1.9630363899453687,46.3125,0.5684650615662824,0.4533234126984127,58.946375180254634,172.91416384443298,1257.4102864576546,2.0115128017280366,61.75,after
Miami Grand Prix,2026-05-03,ANT,Mercedes,40,15.0,127.02342333694355,0.6056232457493604,0.5524603174603174,47.44222041412803,82.70484814885317,1553.2849250426773,2.4509440206481496,46.91250000000002,0.6034133254183363,0.501438492063492,47.40769841801067,49.27867582822351,1570.8960681699725,2.4351127254745646,139.0000000000001,after
Miami Grand Prix,2026-05-03,ANT,Mercedes,41,5.0,241.66218832174619,0.6072001503025775,0.5675595238095237,74.82329915059657,152.44040468682797,1211.924488445963,3.2248361747078684,77.1875,0.6224907003402855,0.396031746031746,68.37804181174026,202.05176910280508,1212.2135218624528,3.4092903338954286,46.3125,after
Miami Grand Prix,2026-05-03,ANT,Mercedes,42,5.0,165.6538507067773,0.5778785537695172,0.5452380952380952,54.749437350793386,136.9728339674846,1214.6415824546996,1.3273377396826405,0.0,0.5829274903231115,0.4099206349206349,54.61772655209952,180.67379084474194,1210.8333553017574,1.3785884081691648,15.499999999999943,after
Miami Grand Prix,2026-05-03,ANT,Mercedes,43,15.0,142.83761089934964,0.5768126693431778,0.6,56.329687064705205,131.81771973303802,1293.3855799376056,1.6209927980218797,30.875,0.5770651905803732,0.4897321428571428,63.68770149656244,171.83493602450548,1280.2090999760696,1.6072154743869886,30.875,after
Miami Grand Prix,2026-05-03,ANT,Mercedes,44,5.0,128.31637449561876,0.6031764757973287,0.6401785714285714,49.63605362797723,123.62534979464445,1483.5611369130295,1.8910619547896008,30.25,0.6029211468890473,0.532142857142857,48.4742610089324,150.06178545688792,1486.7134198581361,1.8703786834174174,45.375,after
Miami Grand Prix,2026-05-03,ANT,Mercedes,47,15.0,162.5518825487637,0.6264334755617391,0.6803075396825397,57.24150278256796,129.76035608738962,1556.1358759439092,2.529222139270539,61.25,0.6278962659126773,0.5709325396825397,59.30735527703282,157.9169754292459,1552.9788484146763,2.6208341663471413,61.250000000000114,after
Miami Grand Prix,2026-05-03,ANT,Mercedes,51,10.0,128.65673222412477,0.6529766197151454,0.6857142857142857,19.11490813078765,94.02581318601062,1744.0479338057842,2.7767798981197602,122.00000000000011,0.6519865150155653,0.6130952380952381,22.781013133009854,117.01976714295964,1744.681977322035,2.7858140405331415,91.5,after
Miami Grand Prix,2026-05-03,ANT,Mercedes,52,15.0,166.96306358691706,0.6437880214749234,0.7007936507936507,43.76515329568677,113.84126212733385,1649.318399571483,2.1346114471618893,77.5,0.6427084511113862,0.6146825396825397,53.74144144072959,147.38419644952472,1641.228837750483,2.1652430449620095,46.5,after
Miami Grand Prix,2026-05-03,ANT,Mercedes,54,10.0,141.95444899910603,0.6017901318894198,0.6058531746031746,39.18873027892252,114.14470904137227,1424.5562459661162,1.8465399349026348,15.375,0.6069048170796815,0.49603174603174593,39.31612464367894,145.79916109457093,1418.4583288107924,1.8650887753438314,46.125,after
Miami Grand Prix,2026-05-03,ANT,Mercedes,57,10.0,139.64095014241678,0.5772229406055271,0.6279761904761904,53.84925159135319,125.8390117615884,1337.9974955947769,1.6846295864370249,15.625,0.5790699571371336,0.5163690476190476,55.93020367089191,157.12123305142381,1332.4243283625924,1.6568839744186306,31.25,after
Miami Grand Prix,2026-05-03,NOR,McLaren,3,0.0,261.404107060341,0.7843128056893665,0.7512400793650793,44.29012123063609,124.69751247584432,2198.216587452116,7.27535709266173,291.25,0.792300206023157,0.6472222222222223,250.88831151607948,192.38805432727438,2209.142221105942,7.1486005167137305,174.75,after
Miami Grand Prix,2026-05-03,NOR,McLaren,12,0.0,151.68509301314333,0.5646014905248538,0.6335813492063491,40.49673190083378,114.36851206601374,1536.126252515871,3.0862450906275924,60.25,0.5647154105726148,0.5259920634920634,32.96198099842484,137.31527027147834,1549.2035196676884,3.011880256948039,60.25,after
Miami Grand Prix,2026-05-03,NOR,McLaren,13,0.0,298.56781665427417,0.7420314517777755,0.6197916666666666,105.51810336659618,184.1477159100015,1489.0921262207046,4.739955329524899,61.25,0.7474383531293445,0.4496527777777778,113.26684557201366,244.2898767660779,1490.048227668849,5.005400637526041,91.875,after
Miami Grand Prix,2026-05-03,NOR,McLaren,17,0.0,176.46879806754183,0.48926292728735077,0.4357638888888889,86.61816458631901,176.92909023806422,618.9980452468733,1.909854179804256,15.6875,0.4995112329399207,0.23655753968253965,91.25265237732636,266.08158390629865,601.8038299429684,2.3562117967400913,31.375,after
Miami Grand Prix,2026-05-03,NOR,McLaren,18,0.0,176.91812513879947,0.5110045737083001,0.4322916666666667,84.17212211502591,178.3584860063403,680.0888903537922,1.653162532371221,15.5625,0.5130862372097662,0.234672619047619,92.25453871672033,271.8347217401385,654.7499608290273,2.1102327576839994,31.125,after
Miami Grand Prix,2026-05-03,NOR,McLaren,20,0.0,184.88585932908555,0.49375653502541017,0.4322916666666667,87.70900726123288,179.47768444970268,616.9786123350513,1.5849468730970708,15.5625,0.49777472779805954,0.234672619047619,92.85304364727367,267.0741983765945,596.5142352467977,2.2148829169663884,31.125,after
Miami Grand Prix,2026-05-03,NOR,McLaren,21,0.0,187.86979469759956,0.504521854573135,0.44285714285714284,84.49079043347922,172.70611603253266,686.7965980746495,1.6546101499760317,31.0,0.5053184036993641,0.246031746031746,91.48354764184009,268.3449889366175,664.694688013697,2.128030628592906,46.5,after
Miami Grand Prix,2026-05-03,NOR,McLaren,22,0.0,187.73542427001672,0.5167619117190702,0.45882936507936506,83.47326864485505,170.26706153202355,763.1992667903014,1.6286578290066933,31.25,0.5207332238414795,0.26041666666666663,89.38297107418583,271.63959941870365,745.4320690216248,2.0619077222345275,62.50000000000006,after
Miami Grand Prix,2026-05-03,NOR,McLaren,23,5.0,177.88230980886212,0.5195610648542556,0.4609623015873016,84.20049948265094,174.29065522217837,756.424584131291,1.5040765357374373,15.5625,0.5255173161162957,0.25099206349206343,89.94076597804211,273.8718266187456,738.6777838346644,1.929157794627328,62.25,after
Miami Grand Prix,2026-05-03,NOR,McLaren,24,0.0,198.25252704321687,0.5239382372329272,0.425,77.40008085834157,174.9352910807752,711.3723705723957,1.4992340433461118,15.75,0.5315053868941119,0.22499999999999995,84.18031543934056,270.2072008522797,691.6778979874521,2.048713367471531,47.25,after
Miami Grand Prix,2026-05-03,NOR,McLaren,25,5.0,169.46063085779394,0.5184960043848548,0.45362103174603174,79.58207071566252,172.53980286604096,791.6034474539723,1.4746469297247995,15.3125,0.5346537470496091,0.2348710317460317,83.42614681994002,270.55495828730324,780.8666969455738,1.8661463035279722,61.25,after
Miami Grand Prix,2026-05-03,NOR,McLaren,26,0.0,176.54492613984797,0.5101630994375167,0.4655753968253967,74.53488343847458,163.17126213795996,825.5394974632495,1.7314881082930786,30.875,0.508491334341307,0.29404761904761906,77.60485398046768,243.07373639812937,809.0511371607197,2.0258312090169035,77.1875,after
Miami Grand Prix,2026-05-03,NOR,McLaren,29,0.0,278.6492102401564,0.8382540227375628,0.7201388888888888,0.0015111139893338656,86.76529844284924,2273.660854349821,8.273377853924847,297.5000000000001,0.8673284588887195,0.6256944444444443,7.818331803474144e-09,101.71927955570963,2334.3018748063987,7.867094974610671,238.0,after
Miami Grand Prix,2026-05-03,NOR,McLaren,30,0.0,158.87393327886514,0.5705104557945411,0.5665178571428572,52.3792882818026,130.42308708886623,1319.3524432660058,2.340544999407974,30.375,0.5720257251543927,0.4459821428571429,54.10959546371606,172.21720540420935,1315.545794952468,2.423788017004486,60.75,after
Miami Grand Prix,2026-05-03,NOR,McLaren,31,0.0,169.99103011673628,0.5700392301940528,0.5225694444444443,50.94061717265325,134.45069024503786,1232.9677006378736,2.3024963415629136,30.625,0.5685932158255965,0.40104166666666663,56.278957907416505,185.84006586580838,1224.0458957730432,2.454719396626434,45.93749999999994,after
Miami Grand Prix,2026-05-03,NOR,McLaren,33,0.0,163.5446167353039,0.5692264173733168,0.5225694444444443,49.331728942577904,132.4536499801517,1228.356890083685,2.479954440778331,45.9375,0.5726127732412166,0.38888888888888884,48.043358029036,180.58542161538972,1228.4395307637787,2.5306536820824403,45.9375,after
Miami Grand Prix,2026-05-03,NOR,McLaren,34,0.0,166.34641931307536,0.5729815366821768,0.5043650793650792,54.1377178856633,140.86064562039883,1144.0039218545942,2.2241231306252636,31.0,0.5782781537159787,0.35674603174603176,52.82148094464377,195.99293646737556,1143.07354437869,2.3119406741932402,77.5,after
Miami Grand Prix,2026-05-03,NOR,McLaren,40,0.0,136.32189289296957,0.6273126448677202,0.6396825396825396,18.011805576244956,97.8895354833231,1767.2498209172927,2.587554694000688,93.0,0.6284370271070893,0.5535714285714285,18.69626003747535,121.60032938086863,1766.1668398859097,2.603324693480096,93.00000000000011,after
Miami Grand Prix,2026-05-03,NOR,McLaren,42,0.0,153.46327126516542,0.6103318723161429,0.5491071428571428,37.550233976121525,123.16258565908359,1414.6569026406273,2.0837164337608622,46.125,0.611408463363313,0.4392857142857143,39.94554203063742,160.31787119655374,1410.0052068196305,2.1480678575917835,46.125,after
Miami Grand Prix,2026-05-03,NOR,McLaren,43,20.0,150.72927982553622,0.6168022435669462,0.5242063492063491,38.53941459522062,128.26699309658034,1323.3161512179606,2.1833990874485756,45.75,0.6183760672115322,0.40317460317460313,41.87946715721198,176.0206247531616,1316.6316128819587,2.276757748218629,60.99999999999994,after
Miami Grand Prix,2026-05-03,NOR,McLaren,44,15.0,165.4757350582241,0.6086777362731596,0.5223214285714285,53.3597471998535,138.2713075553572,1221.5748981164545,1.8843100552530938,45.9375,0.6129575478393169,0.37648809523809523,50.408634858092306,192.06655911659513,1228.6239032785172,2.0358911012571586,61.25,after
Miami Grand Prix,2026-05-03,NOR,McLaren,45,5.0,163.24649044053646,0.5720736500951628,0.5408730158730157,52.511704317777735,134.8180744510978,1224.4517963654205,2.103550079572835,30.75,0.5774300553712574,0.4066468253968254,52.271381889689515,179.32095231016808,1220.9261499051265,2.20490635351919,46.12499999999994,after
Miami Grand Prix,2026-05-03,NOR,McLaren,47,0.0,161.5690248649002,0.5780874282461514,0.5857142857142857,56.20847029263826,129.82125332170386,1324.3692245807217,1.9997181773885948,46.125,0.5807003369339653,0.4636904761904762,55.270604052553544,166.97663944983853,1323.7731042469788,2.0686613691945315,30.75,after
Miami Grand Prix,2026-05-03,NOR,McLaren,51,0.0,158.47548403353534,0.5752810156462099,0.5976190476190476,55.72277634254398,128.05362425461593,1341.9336851103037,2.227038053801024,47.0625,0.5740949811342902,0.4855654761904762,57.10998717598861,164.377025893608,1341.3787774037105,2.309113069934325,62.75,after
Miami Grand Prix,2026-05-03,NOR,McLaren,52,0.0,240.5814823096008,0.6504928496549103,0.5613095238095237,57.47648999755858,141.39236748879236,1405.7436721012064,3.908190128229331,76.87500000000011,0.6493285149136412,0.4392857142857143,60.751293866636715,183.11146838760374,1404.7926438786221,4.081961996979285,107.62500000000006,after
Miami Grand Prix,2026-05-03,NOR,McLaren,53,10.0,255.33979568189824,0.6313162161683521,0.5692460317460316,59.34342417235813,141.63806748315713,1351.1000375716603,4.095175830979223,76.87500000000011,0.6266718147247275,0.45942460317460315,68.57475466080547,185.76452064767878,1341.826931887884,4.239777080026298,76.875,after
Miami Grand Prix,2026-05-03,NOR,McLaren,54,10.0,147.73663001809246,0.5820361190138231,0.5791170634920635,61.483990782589906,136.3855114161015,1237.013885292942,1.7626172267382025,15.3125,0.5832701901463178,0.4575892857142857,65.7571470543515,178.63928879036777,1228.1852939542098,1.837211430388227,15.3125,after
Miami Grand Prix,2026-05-03,NOR,McLaren,57,0.0,155.72962026182086,0.5571283966875791,0.6003472222222223,68.78016850405722,140.81408176290117,1250.0145426117783,2.1239425694633174,46.3125,0.562770367430636,0.4655753968253967,68.15482077237439,177.79749749624472,1245.0510831131178,2.1553259577041626,61.75,after
Miami Grand Prix,2026-05-03,PIA,McLaren,3,0.0,142.13480294097693,0.6244139599914758,0.5016666666666667,2.5648773567070525e-06,64.40898351239886,1616.7366217822714,2.8223722974871324,43.53750000000002,0.6234477278957878,0.5016666666666667,47.40769841801067,13.935186163116363,1643.0647721414307,2.798054904798611,116.10000000000002,after
Miami Grand Prix,2026-05-03,PIA,McLaren,12,5.0,166.35643264864535,0.6065530771010577,0.5102182539682539,52.12604764257236,141.68537090657645,1275.2080665592596,1.9945002630108633,30.375,0.6118000810332939,0.3535218253968254,49.86439502907397,206.00024630719452,1282.7280126043036,2.133125442044811,75.9375,after
Miami Grand Prix,2026-05-03,PIA,McLaren,13,0.0,184.4276759037776,0.578491693426234,0.4860615079365078,63.97598933374671,157.29809319510173,1099.7452652783122,2.014320152070094,44.8125,0.5795450112896124,0.33194444444444443,70.78573187023882,228.45806795979993,1085.9023369179247,2.2459370413705755,74.6875,after
Miami Grand Prix,2026-05-03,PIA,McLaren,18,0.0,165.97205218702118,0.657563076815624,0.5478670634920635,10.36932920542526,102.65737759834795,1655.2697652350857,3.6194662131378847,117.50000000000011,0.6554316204494528,0.46626984126984117,14.759567089323225,135.27823650128244,1654.3913859912043,3.6546675578782915,117.5,after
Miami Grand Prix,2026-05-03,PIA,McLaren,20,0.0,165.0529309674456,0.6142497007705184,0.4860615079365078,29.842289721291685,127.95361853730988,1354.8242351904028,2.870430805025654,74.6875,0.6135190570321721,0.3675099206349206,33.572857453302575,177.8974458029636,1349.7680340189615,2.992256446622646,74.6875,after
Miami Grand Prix,2026-05-03,PIA,McLaren,21,0.0,196.10405736658961,0.6401083791753093,0.5267857142857142,18.123231243081413,110.4465414450335,1563.8935523936907,3.1141486150085225,73.75000000000011,0.6403100857663405,0.42142857142857143,19.061280539124045,150.2097248416241,1564.6044134711851,3.175325040001969,118.00000000000006,after
Miami Grand Prix,2026-05-03,PIA,McLaren,22,15.0,206.14088235993398,0.5535463283262707,0.46805555555555545,81.0369245958465,170.99104940925037,822.4428901613844,2.100706054810413,45.375,0.5520290821650511,0.2879960317460317,89.90322856075075,267.11779432502306,801.9381683308842,2.5493283915619256,90.75000000000006,after
Miami Grand Prix,2026-05-03,PIA,McLaren,23,0.0,151.4450246959397,0.5335089466376592,0.40431547619047614,74.87094887998721,176.29179095503304,693.8663145960626,1.3368194368746733,15.437499999999943,0.5392013350678941,0.2082837301587301,81.82959092541124,270.5500581991742,670.9671982856454,1.9128849579697438,30.87499999999997,after
Miami Grand Prix,2026-05-03,PIA,McLaren,25,0.0,186.5420829281526,0.5242146277655938,0.4623511904761904,80.10908905042142,164.81199609987746,825.2419795805253,1.3447969968304563,29.875,0.5316812570898365,0.27266865079365077,85.93260231797102,264.98902273204226,809.1886067985207,1.638482966041143,74.68750000000006,after
Miami Grand Prix,2026-05-03,PIA,McLaren,30,0.0,169.3422227417078,0.5540105424532655,0.48214285714285704,63.19640761953682,153.39254126969425,1021.1509785195407,1.4980507161561383,30.375,0.5574257281683502,0.3254464285714286,67.31267738748768,222.2519516970386,1010.4704917098749,1.7534087849316566,60.75,after
Miami Grand Prix,2026-05-03,PIA,McLaren,33,0.0,183.96873506906192,0.7121660015929338,0.6428571428571428,0.0007976724843230084,84.5723479814332,1914.194801355416,5.368661628397048,165.0,0.7204344051274395,0.5714285714285714,1.316942275593481e-10,103.60765346342299,1934.481520964202,5.314419210905345,120.00000000000011,after
Miami Grand Prix,2026-05-03,PIA,McLaren,34,0.0,159.93135134357954,0.6592146319489919,0.5714285714285714,0.0003356150104561374,88.76920828306675,1723.872857771568,4.010139648982351,120.00000000000011,0.6615882317943235,0.488095238095238,6.449602680226978e-05,113.59843319186797,1723.1951347785607,4.010964379887484,105.0,after
Miami Grand Prix,2026-05-03,PIA,McLaren,35,0.0,203.6851019086378,0.5176863115515935,0.38888888888888884,80.60315004905155,180.99217477813391,552.9408985382479,1.232487805591985,15.3125,0.528098179684378,0.19444444444444442,86.64100459788078,271.47536748741305,530.0533826875558,1.9120958254892588,15.3125,after
Miami Grand Prix,2026-05-03,PIA,McLaren,36,5.0,222.70939758201112,0.5242838572036178,0.4222222222222221,74.22688771094796,171.13786068786428,683.6143671724095,1.5554107807381106,30.999999999999943,0.5247643734394192,0.22539682539682535,80.96263039182537,264.6301610956221,661.7753979871329,1.9247412154844945,31.0,after
Miami Grand Prix,2026-05-03,PIA,McLaren,37,10.0,194.5961685153225,0.5406061839039542,0.4539186507936508,76.78364432598285,168.73976654035295,786.1896477330293,1.1971739686481826,15.1875,0.5497219984086482,0.24900793650793646,82.47068930329961,274.8733887463265,769.7638412815057,1.5579329996767723,60.75,after
Miami Grand Prix,2026-05-03,PIA,McLaren,40,0.0,170.9366862376714,0.5263205505531375,0.44107142857142856,70.9717019807821,162.13608462340292,779.8558643304416,1.5761027790037239,15.4375,0.5269903236752669,0.2695436507936508,77.48768657706198,252.6985923022281,762.1019262787055,1.8643386409123845,30.875,after
Miami Grand Prix,2026-05-03,PIA,McLaren,41,5.0,180.97935506316728,0.5355960445223447,0.5081349206349205,71.04434764154234,151.39483231796382,960.9440600259214,1.8870732644042227,30.25,0.5438322538797306,0.35208333333333336,72.07934855361235,210.93887697400345,954.1066375113775,2.0587300852893824,60.5,after
Miami Grand Prix,2026-05-03,PIA,McLaren,46,0.0,182.2567236910469,0.5406112671357345,0.49623015873015863,66.04199276941524,148.42201893711535,985.5505831769558,2.0325165422862055,45.75,0.5447083264436666,0.35099206349206347,70.35711547496649,209.80955226952977,974.0380092267046,2.1994029329841225,61.0,after
Miami Grand Prix,2026-05-03,PIA,McLaren,51,0.0,170.8239374668498,0.551970588595227,0.47976190476190467,62.510322335772315,146.9896068130304,964.3499649335886,1.6671942533624011,31.0,0.5551918117247016,0.33214285714285713,66.02401552240288,211.40162481411204,954.0841600360485,1.844811304689281,62.0,after
Miami Grand Prix,2026-05-03,PIA,McLaren,52,0.0,175.04022442138518,0.5770735241118117,0.5062499999999999,59.494821441359484,139.20999180451076,1061.5133698903956,1.7553508759694174,30.375,0.583319501393721,0.3616071428571428,60.213046191917584,194.20440579842284,1056.2255682816526,1.9130199919830968,30.375,after
Miami Grand Prix,2026-05-03,PIA,McLaren,55,0.0,190.2294459091771,0.6466160351717191,0.5595238095238095,18.25185742880917,103.1192128084465,1541.976647215523,4.8437327556856085,105.0,0.648392138760085,0.4761904761904761,21.64821856326234,132.7477428255365,1544.494180283702,4.865064354609969,120.0,after
Miami Grand Prix,2026-05-03,PIA,McLaren,56,0.0,189.20083854698356,0.68560294993314,0.5357142857142856,8.879921203173325,100.46744461447278,1646.0684892218399,3.5781563752454124,90.00000000000011,0.6843401363157531,0.4523809523809524,10.704734015752834,130.20203957827331,1650.501849053888,3.5932854089826356,90.0,after
Miami Grand Prix,2026-05-03,RUS,Mercedes,13,0.0,191.0107682227803,0.7765395243837288,0.5172222222222221,0.009140740444336916,68.4427320808238,1963.7415722876422,7.344054022743864,53.200000000000045,0.7762943174362789,0.5172222222222221,47.40769841801067,13.941236446937284,2006.259015102922,7.0664521253322485,385.69999999999993,after
Miami Grand Prix,2026-05-03,RUS,Mercedes,22,0.0,198.3184742375991,0.744614509232041,0.7427777777777778,3.735796765821726e-05,55.839189477807906,2141.947280565891,5.830772670393555,76.40000000000009,0.7439968216205975,0.7427777777777778,47.40769841801067,11.898258137275391,2174.2736520877365,5.729680261073415,171.9000000000001,after
Miami Grand Prix,2026-05-03,RUS,Mercedes,23,0.0,157.66115084731962,0.705087579942878,0.5595238095238094,2.433679431774064,96.31763803683923,1813.690420121888,4.746158013732829,141.0,0.7089377948458002,0.4569444444444444,0.3440779263463443,126.17330873080422,1813.032627132924,4.7338359426739025,141.0000000000001,after
Miami Grand Prix,2026-05-03,RUS,Mercedes,24,0.0,289.9505469613789,0.7907189112239267,0.5172222222222221,1.8241289005984201e-06,66.88366966301098,1914.793233939651,7.121174163028757,53.200000000000045,0.8214135304575994,0.5172222222222221,47.40769841801067,13.25183934357579,2020.8795005691268,6.766775012643536,418.94999999999993,after
Miami Grand Prix,2026-05-03,RUS,Mercedes,27,0.0,138.7524140292678,0.5388412823674328,0.7048611111111112,53.30193875310033,117.42435875506767,1515.5364379305302,1.883025522883246,76.5625,0.5416202142921274,0.5954861111111112,51.08534094437207,142.02070856650315,1513.8361759872562,1.8878211794666613,45.9375,after
Miami Grand Prix,2026-05-03,RUS,Mercedes,28,0.0,135.98733902638466,0.5704301633946305,0.6875,42.3915243934863,112.41831224024179,1532.9405087260081,1.6788301802605894,31.5,0.5722562866128214,0.5875,42.855555003433196,135.8810319645737,1529.6759764849091,1.6388892423089636,31.5,after
Miami Grand Prix,2026-05-03,RUS,Mercedes,29,0.0,123.47753694857212,0.5613871424756911,0.7077380952380952,37.382272590294654,106.89959914017044,1608.474168367875,1.8262561002685695,76.875,0.5620635712728719,0.6223214285714285,42.41336934764917,131.515694567175,1602.0718940205486,1.8246595395713436,61.5,after
Miami Grand Prix,2026-05-03,RUS,Mercedes,30,0.0,136.89573972345283,0.5672884742603678,0.7291666666666666,32.542480605926585,100.33514077132811,1682.0182093787766,2.6312874852882513,61.25,0.5681181040976944,0.6440972222222221,35.14460500958108,122.92110320086263,1678.2886902503703,2.624982329773655,76.56250000000011,after
Miami Grand Prix,2026-05-03,RUS,Mercedes,33,0.0,,0.6118070275529371,0.9047619047619048,47.48781806004516,103.93260740073531,2031.626787600627,2.450453568079518,96.0,0.6115785116850917,0.8214285714285713,47.40769841801067,93.02446715205667,2030.66788276077,2.4445987401565334,165.0000000000001,after
Miami Grand Prix,2026-05-03,RUS,Mercedes,34,0.0,132.62097029472275,0.6014970702101125,0.6319444444444443,49.824317323074396,125.2543680351951,1520.099085986668,1.9806561405122656,30.625,0.6019386656180661,0.5225694444444443,48.65941039247693,153.3888057992872,1523.4244309368682,1.9302149348610256,76.5625,after
Miami Grand Prix,2026-05-03,RUS,Mercedes,35,0.0,197.97300164453395,0.6348766512301526,0.9450000000000001,215.36624874008953,190.34503288510138,2067.77941462575,3.3992606008110466,97.20000000000005,0.6343742705987606,0.8678571428571429,47.40769841801067,68.1412164383162,2115.5182320953213,3.4084356485847236,121.50000000000023,after
Miami Grand Prix,2026-05-03,RUS,Mercedes,36,0.0,,0.8275904189584096,0.9411111111111111,46.45768916491246,87.19178795145046,2524.3895185713386,8.201586665744932,96.79999999999995,0.8360153048878022,0.9411111111111111,47.40769841801067,13.429567936156847,2613.6847121751007,8.030859743848703,157.30000000000018,after
Miami Grand Prix,2026-05-03,RUS,Mercedes,37,5.0,208.54601571395375,0.7400298555494701,0.7389880952380952,28.08488025495957,106.40426822623162,2034.245311781948,6.029304957270495,179.2499999999999,0.7540451832011834,0.6560019841269841,44.9497798761942,141.62540120322697,2056.2557710486135,5.989477905136419,179.25,after
Miami Grand Prix,2026-05-03,RUS,Mercedes,40,0.0,146.13435600190573,0.5986961769999327,0.5172222222222221,47.43920514883655,85.00117602371533,1552.6553579279405,2.760895281214746,36.57499999999993,0.5798111777315488,0.5013888888888889,47.40769841801067,24.435014632640232,1552.897761583073,2.6576631542056295,119.69999999999993,after
Miami Grand Prix,2026-05-03,RUS,Mercedes,41,0.0,142.47821768188484,0.6066952099872863,0.6414682539682539,49.19093176714229,121.06369092578136,1526.7317037779972,2.026588241759723,45.75,0.6029477804579205,0.5446428571428571,48.31840479712198,148.69877258218682,1539.904154042899,2.0340830959959812,61.0,after
Miami Grand Prix,2026-05-03,RUS,Mercedes,43,0.0,131.52709888283735,0.5728933808998061,0.6375,49.21001618499078,119.29045589464316,1433.248736738299,1.828735412470674,31.5,0.5741700431731211,0.5374999999999999,57.02719110399532,156.309538760408,1418.6701855306344,1.7574853726374005,47.25,after
Miami Grand Prix,2026-05-03,RUS,Mercedes,50,0.0,125.57882595242278,0.5369397899221096,0.6125992063492063,43.82693365289702,116.14612803009948,1325.2773031246,2.517252125724163,61.75,0.5380245110843788,0.5145833333333333,46.44556340646684,144.26154990441842,1319.9083682990552,2.549835388035303,77.1875,after
Miami Grand Prix,2026-05-03,RUS,Mercedes,51,0.0,129.98215108163134,0.5678174535758715,0.6345238095238094,49.054309267342425,119.49318046028036,1426.782916431855,2.108186830762001,30.75,0.5709228218905461,0.5247023809523809,50.84875253738562,150.7736676073113,1419.7536869654296,2.0998218450164217,46.125,after
Miami Grand Prix,2026-05-03,RUS,Mercedes,56,0.0,214.3356580799393,0.7922722946391056,0.731111111111111,0.009661117068151521,55.855267795820296,2173.024671732952,8.948755208000094,75.20000000000005,0.8137301458787787,0.731111111111111,47.40769841801067,11.343594630552762,2261.156291014597,8.70248934874985,169.20000000000005,after
Miami Grand Prix,2026-05-03,VER,Red Bull Racing,3,0.0,144.46738956059446,0.6020666198367374,0.4064484126984127,41.95358213316019,161.1372073127671,1141.1514720898738,2.5917450580578523,45.1875,0.6212739498575229,0.2032242063492063,49.09614843391401,266.54203088404705,1149.221709077347,2.9775052087760523,30.12499999999997,after
Miami Grand Prix,2026-05-03,VER,Red Bull Racing,5,0.0,179.346796219024,0.6683741806263936,0.569047619047619,0.9118336747997051,95.56758149349697,1815.5431568404738,4.213618063185596,119.50000000000011,0.6680544011668756,0.4860615079365078,1.677483319703129,122.58050344567484,1818.5220684183453,4.232953067908626,119.5,after
Miami Grand Prix,2026-05-03,VER,Red Bull Racing,12,0.0,,0.6369007579644098,0.6904761904761904,0.0006135863826004763,79.43677089260852,1913.751431258389,4.451619252583099,174.0,0.6377480255839774,0.6214285714285713,4.044954873363167e-07,96.15969868459331,1913.7127198061937,4.441570539446893,174.0,after
Miami Grand Prix,2026-05-03,VER,Red Bull Racing,14,0.0,180.99667622707324,0.6447241470923377,0.5379464285714286,7.427215836299679,100.35279957627743,1672.9620008167533,2.7789968173442903,45.1875,0.6450699193889752,0.4423115079365079,7.364254245919081,135.63961876855208,1675.5889464655547,2.84538361235484,90.375,after
Miami Grand Prix,2026-05-03,VER,Red Bull Racing,16,0.0,,0.6639304101467983,0.6818452380952381,0.000690713619293625,80.65338303823026,1944.136499142807,3.6954695480207658,148.1249999999999,0.6675563622527847,0.6113095238095237,0.0008986978777943365,98.84457535713534,1952.8301943893216,3.6803560504139825,118.50000000000011,after
Miami Grand Prix,2026-05-03,VER,Red Bull Racing,17,0.0,161.49736427412492,0.6225176435966344,0.5140376984126983,17.90659619330766,111.12393511428174,1526.7422054965216,3.098368336261414,75.3125,0.6228263662736732,0.4064484126984127,19.133754958769543,155.15934099930843,1526.4570422932406,3.1698342025212862,90.37500000000006,after
Miami Grand Prix,2026-05-03,VER,Red Bull Racing,20,0.0,201.22120861719492,0.6936536971963807,0.6147321428571427,22.65876040868059,108.6820642569508,1866.884632738807,4.316806387647075,106.3125,0.6993908510235275,0.5183035714285713,24.376791503103036,139.6018522113834,1878.6458143101784,4.343986687039859,121.50000000000011,after
Miami Grand Prix,2026-05-03,VER,Red Bull Racing,21,0.0,172.0518202609938,0.5451097905433973,0.4097222222222222,61.51008929974315,166.3765595897269,868.2630203947441,1.5684588347026123,14.75,0.5393307430163853,0.22242063492063488,69.93356211239258,258.6993221681275,846.6593962511621,2.1232820559941876,59.0,after
Miami Grand Prix,2026-05-03,VER,Red Bull Racing,22,0.0,168.4561923340853,0.5657956684321049,0.5738095238095238,57.92259202668944,134.36471978317056,1321.5994213945066,1.1965692406773125,30.125,0.5707560943581735,0.4423115079365079,59.126265749633625,179.87387903682523,1315.3418345524801,1.3235034444025786,30.125,after
Miami Grand Prix,2026-05-03,VER,Red Bull Racing,23,0.0,169.66783101637978,0.561086965004703,0.5119047619047619,49.81000333019042,136.7761119790533,1224.0171748687492,1.6320960357746066,45.0,0.5594548506631395,0.3928571428571428,56.11452398200086,188.7079732695649,1213.736407788868,1.8200185629682097,45.0,after
Miami Grand Prix,2026-05-03,VER,Red Bull Racing,25,0.0,150.37167278776832,0.5929288482591044,0.5430555555555555,19.463615662916347,106.95582545141603,1512.622504818027,2.181917140378261,14.875,0.5961273330511797,0.43680555555555556,20.183398180765938,143.6508175192818,1509.531802509443,2.260639589093443,14.875,after
Miami Grand Prix,2026-05-03,VER,Red Bull Racing,27,0.0,163.86749557450383,0.5323086852249964,0.5002976190476189,62.38160405590622,146.9168334289378,1032.9083018414435,1.3856233427466327,30.75,0.536635551226722,0.35386904761904764,65.99770976903054,208.20188927778895,1022.7438518443946,1.608891833079678,46.125,after
Miami Grand Prix,2026-05-03,VER,Red Bull Racing,29,0.0,180.02121776443343,0.5116780392353144,0.4357142857142857,71.98959382413302,163.0376628931195,765.5547449605409,1.6079628593425734,30.5,0.5142111795173986,0.242063492063492,76.19053306006576,256.16444589115525,752.3552156475796,2.1217301915090383,61.0,after
Miami Grand Prix,2026-05-03,VER,Red Bull Racing,30,0.0,171.72059497288612,0.6040729550567215,0.5407738095238094,35.58265283914591,122.82002896884231,1421.8158217544628,2.177628440443702,44.4375,0.6074708289209525,0.4232142857142857,36.85262838600745,162.61069736112736,1417.3894906863525,2.277767056207661,44.4375,after
Miami Grand Prix,2026-05-03,VER,Red Bull Racing,31,0.0,168.19812689745257,0.564688239652038,0.5927579365079365,56.93465511127637,133.47390911048308,1341.710634599847,1.6922610405764285,44.8125,0.5664454168226576,0.47420634920634913,59.10794391731877,169.96692825255542,1337.4342266224874,1.776808383636611,44.8125,after
Miami Grand Prix,2026-05-03,VER,Red Bull Racing,32,0.0,175.870703406198,0.5499491263163501,0.5665178571428572,64.73309049382273,139.86752511924345,1218.8089795095077,1.5375555410158213,30.375,0.5539801956160246,0.43392857142857144,67.78599969494493,187.18157542277518,1210.0380820962362,1.6540931182018406,30.375,after
Miami Grand Prix,2026-05-03,VER,Red Bull Racing,34,0.0,173.74346799870986,0.5500122765444556,0.49603174603174593,69.40995445645498,154.03163464568794,991.7903084611556,1.2662875463697882,15.625,0.5512331743724379,0.3472222222222222,74.77671780266208,219.2578418735676,978.2419531230969,1.5524516395499075,46.875,after
Miami Grand Prix,2026-05-03,VER,Red Bull Racing,36,0.0,192.83868626437555,0.5288837780046286,0.5104166666666666,77.09511577704588,154.94091227134615,954.557933831288,1.5637271184558026,15.3125,0.5349752230869196,0.3524305555555556,79.29658682576171,219.7735191619362,946.0231010787851,1.8817306515712684,61.25,after
Miami Grand Prix,2026-05-03,VER,Red Bull Racing,37,0.0,178.40746003285898,0.5365356353213832,0.5125,69.79162090073325,151.25836685123616,989.5170859388013,1.8567386456103132,31.5,0.5417519384413527,0.3625,72.5465340092552,210.3798846408439,980.0616221338554,2.106696987295939,47.25,after
Miami Grand Prix,2026-05-03,VER,Red Bull Racing,40,0.0,174.44410019875792,0.5571312621170058,0.575843253968254,59.47642667700347,135.3367407643017,1253.3346989236404,1.7741320157213858,30.875,0.5595651961561301,0.4533234126984127,63.197709144244534,176.8336457647047,1244.4120489617433,1.8714257882974807,46.3125,after
Miami Grand Prix,2026-05-03,VER,Red Bull Racing,41,0.0,153.6555407296202,0.60049363163231,0.5857142857142857,50.633641513383786,126.89050855969364,1405.2656037072104,2.3172944800491933,46.125,0.5984489980459773,0.47589285714285706,49.11523743546986,160.7658349029811,1414.5045592650902,2.4103223462113013,61.5,after
Miami Grand Prix,2026-05-03,VER,Red Bull Racing,42,0.0,180.30101764117165,0.5446995561548574,0.5456349206349206,66.84313917364517,146.28155428502322,1116.1376617934625,1.4218377692158082,31.25,0.5479658399393447,0.4092261904761904,70.1723303741841,193.6531761954098,1106.5775232959527,1.6312979698380932,31.249999999999943,after
Miami Grand Prix,2026-05-03,VER,Red Bull Racing,46,0.0,166.8965387127543,0.5352300020421737,0.5166666666666666,69.00221711970309,148.99490026672817,1002.9602672972891,1.3740091294477514,31.0,0.5420526127172504,0.369047619047619,70.59035019448979,203.5909735783748,995.0083015152297,1.5981707920316146,31.0,after
Miami Grand Prix,2026-05-03,VER,Red Bull Racing,51,0.0,142.9941021495464,0.569282699978639,0.6455357142857142,49.04212798075957,117.93726780597073,1464.5798798138167,2.5521866137950795,45.1875,0.5705091987381249,0.5379464285714285,45.101096466914385,142.7350877574556,1469.8771144218783,2.5687926208238547,60.25,after
Miami Grand Prix,2026-05-03,VER,Red Bull Racing,52,0.0,168.2555432573408,0.5609231645720987,0.575843253968254,60.0494353054406,134.95484933918914,1242.911979098802,1.9319978734930765,46.3125,0.5633555444951626,0.4533234126984127,63.28310858669344,175.40408422173093,1234.4248328260094,1.9923578406767621,46.3125,after
Miami Grand Prix,2026-05-03,VER,Red Bull Racing,55,0.0,166.87155245771294,0.5414168345064697,0.5618551587301587,66.13348291836232,138.34353541957128,1176.3392492486862,1.1860430161286113,30.125,0.5460981950857615,0.4303571428571429,69.12764843240465,185.74175552900414,1168.3833887973071,1.299205976879802,30.125,after
Miami Grand Prix,2026-05-03,VER,Red Bull Racing,56,0.0,169.29376191831284,0.5397587264906265,0.5140376984126983,69.54519416544558,146.2730278996048,1027.2607985662642,1.175168690555897,15.0625,0.5446235610098697,0.3705853174603174,74.68345902949946,207.12370563727274,1014.6081773143657,1.3815376402792974,30.125,after
Miami Grand Prix,2026-05-03,HAM,Ferrari,3,20.0,152.75510705998173,0.6160913927369817,0.48214285714285704,25.522013643726257,129.9323416572025,1361.588782767116,1.826411188348146,44.0625,0.6185310372511766,0.34226190476190477,26.80639638352911,193.40674253234215,1359.9722842122203,1.982894474174823,73.4375,after
Miami Grand Prix,2026-05-03,HAM,Ferrari,12,0.0,108.45355305414016,0.6091865149120164,0.4941964285714285,0.00031136003968594664,99.55219562174,1615.3086654072938,3.3799230408645387,15.1875,0.6009687853190466,0.421875,0.33408429917425037,132.4987117843257,1632.2534066229034,3.3686422931617566,91.12500000000006,after
Miami Grand Prix,2026-05-03,HAM,Ferrari,14,0.0,238.26255215478875,0.6795742434280894,0.6722222222222223,0.0005212785430460743,83.77891237132798,1954.251328512873,5.321461588149505,181.5,0.6808371571863951,0.6001984126984126,5.9309979130692e-07,100.95924669944716,1957.9598963494232,5.305068650302461,181.5000000000001,after
Miami Grand Prix,2026-05-03,HAM,Ferrari,18,0.0,347.48814050527704,0.6659020957911217,0.6722222222222223,94.10818729984923,166.35586548250214,1530.4564364093278,5.1493389572565675,121.00000000000011,0.6810752574836942,0.5281746031746031,197.42667838568386,307.1299557057929,1465.8501401555425,4.917473501396189,75.625,after
Miami Grand Prix,2026-05-03,HAM,Ferrari,20,0.0,165.7146761578167,0.48670016397367477,0.5468749999999999,30.634127362679983,109.15901778875701,1251.7047577011258,5.18446269650336,122.50000000000011,0.486710431243253,0.4496527777777778,31.378192338573186,142.20945649280452,1250.9713873962392,5.221083531762395,122.50000000000006,after
Miami Grand Prix,2026-05-03,HAM,Ferrari,21,10.0,204.18655365013808,0.490142310080149,0.5204365079365079,57.02894931268036,138.2354259526655,1022.7036531542194,3.2758075953494026,76.875,0.4895079860414127,0.3984126984126984,61.25659704623535,186.80545818609048,1014.2243886046704,3.4238982700407,92.24999999999994,after
Miami Grand Prix,2026-05-03,HAM,Ferrari,22,25.0,207.29320382297138,0.5357736449775518,0.48541666666666666,72.81120054730944,162.29809237174533,846.7665446850033,2.3006424111183383,46.3125,0.5401407245479863,0.3138888888888889,77.84294261673122,243.74273995339516,832.2296044334589,2.494392864824019,108.06250000000006,after
Miami Grand Prix,2026-05-03,HAM,Ferrari,23,10.0,198.24643080620902,0.5070940343325392,0.48769841269841263,64.79881912905716,149.50009556817128,909.7522849534841,2.44789395560424,46.5,0.5080883060612718,0.3400793650793651,67.85018962448336,214.0521449510284,898.9907909300441,2.632716786356563,77.5,after
Miami Grand Prix,2026-05-03,HAM,Ferrari,25,20.0,157.93833643767127,0.5031674873453386,0.4757936507936507,58.65522714733799,146.62972798118736,903.4279432856616,2.424284612484515,45.75,0.4993990091230753,0.34265873015873016,65.73085206616247,212.8948509021668,888.0313126987671,2.5979051608830157,76.25,after
Miami Grand Prix,2026-05-03,HAM,Ferrari,29,25.0,184.42592203538507,0.5621288422820145,0.45555555555555555,55.54162803212454,151.04167142752806,941.3929215731872,1.42384900299958,15.25,0.5630017404541451,0.28611111111111104,61.58303958800294,244.83187782433745,926.4241900359303,1.6558292116963693,76.25000000000006,after
Miami Grand Prix,2026-05-03,HAM,Ferrari,33,5.0,181.00150474967566,0.5446912148629452,0.5083333333333332,62.205935848832496,146.52720632064734,1053.4191650748828,1.3991754377744836,15.5,0.5500121908802321,0.3607142857142857,63.716977952623985,204.79217810565297,1046.847372065891,1.6709499474865726,31.0,after
Miami Grand Prix,2026-05-03,HAM,Ferrari,34,0.0,163.0694708614967,0.5527140144227658,0.5023313492063491,45.47544843850647,130.52399685978577,1183.9864415331085,1.6524386933463295,30.875,0.55311269174142,0.37981150793650786,48.96582240663663,182.58276027829896,1176.8573898805387,1.861000641317542,61.75,after
Miami Grand Prix,2026-05-03,HAM,Ferrari,36,15.0,154.7210714377131,0.5533326544213025,0.5061011904761904,50.05302067831004,133.7394529143537,1102.2492873645158,1.702164978024234,30.375,0.5555175777456979,0.37351190476190477,52.927242390695426,189.62758229300047,1095.1619863064614,1.8706334627205539,60.75,after
Miami Grand Prix,2026-05-03,HAM,Ferrari,38,30.0,196.7552014430359,0.5400407322571832,0.4999999999999999,59.940753213658645,144.88375421414955,952.5809090288587,1.806920337381499,30.0,0.543580729274407,0.35714285714285715,62.54349994841804,204.74986197135712,945.1238390488767,2.0327354165527343,60.0,after
Miami Grand Prix,2026-05-03,HAM,Ferrari,39,0.0,196.07808103239861,0.5226699473491028,0.44821428571428573,65.59061691565486,156.0217336862087,843.6177445530626,1.8841240683840708,31.375,0.5208331050617557,0.27390873015873013,70.20947042085733,246.17934778031648,817.7237640344654,2.1132540744877324,78.43750000000006,after
Miami Grand Prix,2026-05-03,HAM,Ferrari,40,15.0,215.10138149320395,0.535708781280325,0.5019841269841269,70.69305635228746,155.94340375934448,925.6657874198006,1.9817156848896844,30.875,0.5422193196427748,0.34270833333333334,73.69107144170958,221.886249289249,915.2199602836682,2.1987412352422586,61.75,after
Miami Grand Prix,2026-05-03,HAM,Ferrari,41,10.0,211.88027092674827,0.5324278395154258,0.5163690476190476,66.76501292109343,148.25671010780442,994.1416801733642,2.1527226856676673,31.25,0.5335410900759296,0.37996031746031744,71.2922175029076,203.07780180875847,983.3816629556696,2.366333300526916,62.5,after
Miami Grand Prix,2026-05-03,HAM,Ferrari,43,25.0,231.62084971896,0.5824857613495279,0.48353174603174603,61.90616814454489,151.61250466469806,986.0382877312422,2.0287683110805452,30.75,0.5895144279377103,0.3126984126984127,65.37838102336639,234.49308649957382,974.8962522325389,2.219048601673518,92.25,after
Miami Grand Prix,2026-05-03,HAM,Ferrari,44,15.0,174.1235846696797,0.6003147649163173,0.5444444444444444,49.62128997530675,133.6399266291298,1265.4532269879762,2.4465352206032365,45.75,0.5701667113537875,0.44761904761904764,43.65235398042253,159.4058212855704,1273.2453960900107,2.409733928066502,61.0,after
Miami Grand Prix,2026-05-03,HAM,Ferrari,45,35.0,175.84474998806033,0.574829652509033,0.5019841269841269,50.15144733352912,141.6195080992076,1090.730847061026,1.4840852012287433,0.0,0.5860481398307117,0.3360119047619048,47.718813602298674,207.38522750383888,1090.8498455344038,1.6870077485332535,29.875,after
Miami Grand Prix,2026-05-03,HAM,Ferrari,48,10.0,185.95950039349648,0.5250636388785189,0.49543650793650784,54.853325639807714,137.23731565495714,1029.453283354335,1.7183406359829136,43.875,0.5261129525299211,0.3677579365079365,59.60193301380639,191.437881370805,1019.8070405395806,1.8814743311821982,58.5,after
Miami Grand Prix,2026-05-03,HAM,Ferrari,49,15.0,177.64290608594135,0.5321440621676592,0.492063492063492,60.07655605338329,143.12882221666908,945.0247740434279,1.4617504915358137,30.25,0.5369057333257558,0.348015873015873,61.92186587021872,201.364617824738,938.467659743221,1.742597153007502,60.5,after
Miami Grand Prix,2026-05-03,HAM,Ferrari,50,10.0,157.67113935198205,0.5336831291584081,0.4980654761904761,61.62656361960285,142.00480610496666,998.3449323862667,2.17400573939295,30.125,0.536926396129212,0.35461309523809526,61.99469374054204,201.6859414229635,1001.1229924678961,2.366064927927455,60.25,after
Miami Grand Prix,2026-05-03,HAM,Ferrari,51,25.0,171.58264796291698,0.5511519408004182,0.4802579365079364,70.4771587096164,156.44978784711276,931.2407960513307,1.4014150986134983,27.625,0.5557112772383873,0.3158234126984127,76.30449505263634,234.19948084107318,919.0609840778246,1.6566864567703157,55.25,after
Miami Grand Prix,2026-05-03,HAM,Ferrari,52,25.0,186.20341881578508,0.5384976803725348,0.4933531746031745,65.52440093198456,150.42669104760736,965.8642200072636,2.0668385998078356,41.625,0.5397738983043737,0.3501984126984127,72.03781380624946,213.68984718912398,954.6504486522437,2.3177060252340955,55.5,after
Miami Grand Prix,2026-05-03,HAM,Ferrari,54,20.0,175.6345516142284,0.5322183785201932,0.48214285714285704,73.26170560203914,158.87890796062388,848.9621561803195,1.6976316244216918,29.375,0.5370295202409866,0.3189484126984127,77.35748583809584,231.18257033122225,837.6496639957372,1.9710703930339315,73.4375,after
Miami Grand Prix,2026-05-03,HAM,Ferrari,56,40.0,183.20024749586804,0.5490561632789653,0.44603174603174606,76.148419454645,170.75948591972184,708.6278666782346,1.0904852139049133,0.0,0.5687350529976803,0.21587301587301588,80.83754692087378,279.8948154700619,695.2483978824289,1.5507049958559718,28.99999999999997,after
Miami Grand Prix,2026-05-03,COL,Alpine,3,0.0,131.76411165664393,0.6332054942732515,0.6611111111111111,14.203769910980254,93.22924576854948,1809.1193016641437,2.9672773159345427,119.00000000000011,0.6339290602438166,0.5784722222222223,13.333793765586535,115.0959203868914,1810.9334782950323,2.978640543976751,104.125,after
Miami Grand Prix,2026-05-03,COL,Alpine,5,0.0,181.94248755533516,0.612215537141221,0.5267857142857142,39.535210988999665,129.67437791088125,1429.5064623035062,2.1735192112370836,44.25,0.6143486951161522,0.398015873015873,41.32843412432486,181.05965128609353,1426.5596400862153,2.3379452332320727,59.00000000000006,after
Miami Grand Prix,2026-05-03,COL,Alpine,12,5.0,217.59369095667824,0.7115161502708013,0.6534126984126983,2.2126241751443682e-06,56.19821153941372,2021.7726904285896,5.789276836868856,66.80000000000007,0.7119392676758187,0.6534126984126983,47.40769841801067,13.391195220178895,2051.921860574831,5.719242446958832,150.29999999999995,after
Miami Grand Prix,2026-05-03,COL,Alpine,14,0.0,164.59344431758598,0.6282194939202077,0.5833333333333334,27.417035441430357,112.59712223883953,1615.771351936464,2.604562697712818,75.0,0.6281290369800445,0.488095238095238,30.8988549859736,146.4724809410464,1612.2856082457422,2.6593323311829486,90.0,after
Miami Grand Prix,2026-05-03,COL,Alpine,16,0.0,158.30091280488162,0.6087990333469312,0.590625,48.08047363670055,128.40194879025566,1636.575333990709,2.840551302407263,118.12499999999989,0.6077036402104488,0.48749999999999993,47.42452321030382,161.91640072129962,1656.8735877103004,2.874749731210732,94.50000000000011,after
Miami Grand Prix,2026-05-03,COL,Alpine,18,0.0,151.468593578153,0.5727344923246908,0.5761904761904761,47.90457879647654,128.37585336218416,1377.933488481463,2.107571681013182,30.25,0.5721070297630048,0.4681547619047618,51.30327979406258,165.5101524187941,1374.2455045213821,2.249837401920487,30.25,after
Miami Grand Prix,2026-05-03,COL,Alpine,20,0.0,171.064298448341,0.5580060869691573,0.5401785714285713,48.81272593788683,132.81162055403985,1290.2260506183425,2.6409913363447703,45.375,0.5591259433930997,0.4201388888888889,51.95927773819415,177.50211836705813,1284.1584375371303,2.7322226653750072,60.5,after
Miami Grand Prix,2026-05-03,COL,Alpine,21,5.0,136.87469743652028,0.6140625593653919,0.625595238095238,16.085964359876872,96.38523721096118,1717.896718911308,3.6263610889135833,120.50000000000011,0.6139278532400333,0.5419146825396824,16.608178115730052,121.87698430455625,1719.25609049864,3.6512584520727356,120.50000000000011,after
Miami Grand Prix,2026-05-03,COL,Alpine,22,0.0,146.03961811888382,0.6026755917437364,0.5688492063492063,29.758895641167697,115.85008911859774,1533.8726648891102,2.175603983415543,45.75,0.6051657206245509,0.4599206349206349,28.95568058296112,148.44287475225406,1534.1119672426962,2.2739068327225502,45.75,after
Miami Grand Prix,2026-05-03,COL,Alpine,23,0.0,142.4828664072499,0.6023837004249954,0.5714285714285714,36.54880422405998,119.92701581220616,1500.9476834816066,2.258294059070748,30.0,0.6067972902702654,0.4523809523809523,34.192008056766596,155.2195103268851,1501.4669961408813,2.3566950100474853,60.0,after
Miami Grand Prix,2026-05-03,COL,Alpine,24,0.0,159.63776477083005,0.5656817328251791,0.5499007936507937,43.211341613150516,123.93775317129007,1339.454525395577,2.375768869053083,15.0625,0.5667762080470045,0.4303571428571429,41.821571277484,164.52809725227831,1342.0032131154885,2.4613274212461866,30.125,after
Miami Grand Prix,2026-05-03,COL,Alpine,25,0.0,151.72989395255775,0.6015894555029835,0.5238095238095237,51.06939676709209,138.52193612649543,1310.2799630181376,1.8164507399141627,45.0,0.5748550460104095,0.4166666666666666,52.306044526839706,178.71769542557223,1290.8472342335467,1.9179394192136392,60.00000000000006,after
Miami Grand Prix,2026-05-03,COL,Alpine,26,0.0,161.83954953644658,0.6083010782094507,0.5281746031746031,51.692634062144606,139.6731055178845,1338.2122556655168,1.6997121707167469,30.25,0.6077553520503591,0.39613095238095236,49.79421313405719,186.19127412317258,1349.04572418841,1.896455144760076,60.49999999999994,after
Miami Grand Prix,2026-05-03,COL,Alpine,27,0.0,159.010654710075,0.6038009448392032,0.5476190476190476,35.24208990485324,120.90667148907791,1437.1215632554633,2.207565332126247,45.0,0.6042987311710971,0.44047619047619047,37.68280908941114,159.67769920550293,1433.6574979069064,2.2994808146741956,45.0,after
Miami Grand Prix,2026-05-03,COL,Alpine,29,0.0,173.07954529072646,0.5593605921105763,0.5183035714285713,54.591439197644796,137.3289562436497,1188.6053121491168,1.9733747404132926,45.5625,0.561280887106403,0.3857142857142857,58.5704779737741,192.56682066850598,1179.9792274932968,2.1572784682831085,60.74999999999994,after
Miami Grand Prix,2026-05-03,COL,Alpine,30,0.0,167.9877639626693,0.5543537199988606,0.5174107142857143,57.442077485245605,143.31268718693784,1345.2111546359185,2.408758941141576,68.625,0.554270018207598,0.3903273809523809,70.29608882477982,202.556440359538,1349.0371214979837,2.6026778034632883,68.62499999999994,after
Miami Grand Prix,2026-05-03,COL,Alpine,35,0.0,173.33306438822189,0.5682041694377573,0.5491071428571428,70.8980864346372,151.1339702907077,1162.664890116477,1.461502878935108,30.75,0.5738422410613109,0.4026785714285714,73.27794095276774,202.5447329374957,1153.7458118252534,1.6714411917896765,46.12499999999994,after
Miami Grand Prix,2026-05-03,COL,Alpine,36,0.0,175.8168411763841,0.572469458125412,0.5161706349206349,59.20368718928475,143.96538273599595,1174.6880817833191,1.5453334929252045,30.25,0.5727329118552598,0.3841269841269841,64.11640763148739,197.91312356362107,1165.3420097860323,1.7914540070005815,30.25,after
Miami Grand Prix,2026-05-03,COL,Alpine,37,0.0,165.01194615348638,0.5775892674276731,0.575843253968254,55.262780235835436,133.6408030727293,1338.6190236242164,2.3851093690176404,46.3125,0.5746877140617407,0.46557539682539684,60.45820158725742,174.06942904541256,1333.2223708428996,2.5212610225272467,61.75,after
Miami Grand Prix,2026-05-03,COL,Alpine,38,10.0,172.9137252440252,0.56800831979362,0.5141865079365079,66.20816271324294,147.30221282555638,1058.238430241616,1.6725603234719715,30.375,0.5752084759809529,0.35749007936507937,67.76741921034764,211.32115908134512,1050.937947711737,1.8834163054950874,60.75,after
Miami Grand Prix,2026-05-03,COL,Alpine,42,5.0,163.81856904862414,0.554410780071126,0.5308035714285714,56.97257122396117,137.3053469043176,1161.5345322022727,2.082525965652439,46.3125,0.5547680732745868,0.40828373015873015,62.304795432290796,187.57429392485724,1150.6298667425226,2.2189629365793517,61.74999999999994,after
Miami Grand Prix,2026-05-03,COL,Alpine,43,0.0,170.05948877813404,0.5553327678308145,0.5325396825396824,57.402222186286615,137.81536872878718,1144.1655935334034,2.319547698232666,45.75,0.5597163061815471,0.3994047619047619,57.994663379792186,182.30658009602342,1139.9936700321207,2.4809887141813145,60.99999999999994,after
Miami Grand Prix,2026-05-03,COL,Alpine,50,0.0,145.23927984870244,0.6108855953478315,0.6026785714285713,49.74374297511195,125.73207039343129,1473.4445153368742,2.937197668691493,60.75,0.6094077596051058,0.4941964285714285,48.63207146400522,156.62183527400393,1481.294058447802,2.9864634115883715,91.125,after
Miami Grand Prix,2026-05-03,COL,Alpine,51,0.0,215.96890324620088,0.57539906900548,0.5247023809523809,73.0913149043141,154.66799220441294,1098.1925350237116,3.026960763204269,61.5,0.5775460339955909,0.37827380952380946,78.15878978951731,213.15546343221556,1086.6770016746405,3.256350122756212,76.87499999999994,after
Miami Grand Prix,2026-05-03,COL,Alpine,52,0.0,165.1316732140527,0.4914474509408693,0.5125,73.91901587255067,149.7396945543199,883.9379455790429,2.6377796347188536,46.125,0.4970002709101142,0.36607142857142855,76.12566375134226,204.22087729007686,875.6383136309432,2.8275369381468822,61.5,after
Miami Grand Prix,2026-05-03,COL,Alpine,53,0.0,182.61261457034323,0.5552768112459027,0.5145833333333333,74.47970379956234,152.05720070511947,993.2152763149988,1.8113103382180409,30.875,0.5578542208068751,0.36755952380952384,78.1263479509541,211.27570370088785,983.4677358468462,2.089165373975332,46.3125,after
Miami Grand Prix,2026-05-03,COL,Alpine,54,0.0,163.3007381791444,0.5367661700977496,0.5249999999999999,72.7015161028523,151.26184836012308,989.9868832500326,1.8112003566007264,31.5,0.5378022117360516,0.38749999999999996,76.68475053637229,202.2217160812469,979.9469510407866,2.0511653431656387,47.25,after
Miami Grand Prix,2026-05-03,COL,Alpine,55,0.0,159.86406425963446,0.5481543521477511,0.5225694444444443,66.25756420083327,143.39142068484492,1058.8628109142787,1.5385573101761665,30.625,0.5501947553414627,0.38888888888888884,69.7018985825648,195.70525026331777,1050.299222879119,1.7593183473348917,45.9375,after
Miami Grand Prix,2026-05-03,COL,Alpine,56,0.0,157.92294811460332,0.5328490826037665,0.5590277777777777,60.40457426703028,133.7582697766179,1144.4350706917596,2.5899070164635702,45.9375,0.5338962875058013,0.4375,62.00849778873094,174.15485087553168,1140.693102966594,2.7152235795337445,76.5625,after
Miami Grand Prix,2026-05-03,COL,Alpine,57,0.0,242.725455537674,0.600538977688696,0.5412698412698412,73.51141779200789,154.82336389883775,1164.714924378196,3.558554261034919,31.0,0.5929035410875054,0.41825396825396827,83.3376581449903,206.8842086440197,1152.9534281535332,3.8354572283948225,31.0,after
Miami Grand Prix,2026-05-03,LEC,Ferrari,3,5.0,199.99028668230562,0.47546237460058854,0.46279761904761907,94.62964991117538,177.11775582445148,585.3285649098154,1.6643085496300887,15.625,0.4774170629275722,0.27678571428571425,102.28862305865624,269.38459508330646,562.9648786421534,2.1751912994247258,62.50000000000006,after
Miami Grand Prix,2026-05-03,LEC,Ferrari,13,0.0,184.2554890194108,0.502275476427412,0.44285714285714284,82.2483792739286,172.00633398817175,713.6931493288937,1.7119395159012871,31.0,0.5193739454434683,0.23373015873015868,84.96403575769126,266.74491666290515,702.9518315621866,2.119660943730268,31.0,after
Miami Grand Prix,2026-05-03,LEC,Ferrari,18,0.0,182.72463691492078,0.5093724941893056,0.5332341269841269,82.50137443672116,161.15905559277854,944.141258769243,1.3831067339013574,15.625,0.5127584983224115,0.38442460317460314,87.31431357119823,217.79867583235898,931.1576261934636,1.589832001348036,46.875,after
Miami Grand Prix,2026-05-03,LEC,Ferrari,20,0.0,199.51319903333444,0.5012107186421217,0.5043650793650792,77.97395263889487,158.96273930125943,891.8073771209423,1.6337688836188853,31.0,0.5084651128160141,0.34444444444444444,82.9864068946139,226.97806866511536,873.6906355876424,1.9522558517847415,46.5,after
Miami Grand Prix,2026-05-03,LEC,Ferrari,24,5.0,152.50458644686174,0.602055611701868,0.6140873015873016,13.05708135542829,94.03582822986709,1668.208780138994,3.0366380757384674,76.875,0.6024877458229255,0.5286706349206348,12.963427530227525,119.187040498435,1669.1610637339118,3.0556191727461997,61.5,after
Miami Grand Prix,2026-05-03,LEC,Ferrari,25,0.0,205.3136116262817,0.6773293616558845,0.6694444444444444,0.0005406776990018744,81.2648099283842,1936.5116853223467,5.473383594292252,180.75,0.6759608820332309,0.6096726190476189,0.0010495155877329318,98.29812778246448,1947.4655164115195,5.466370199223303,120.50000000000011,after
Miami Grand Prix,2026-05-03,LEC,Ferrari,27,10.0,148.98903358606663,0.5650148766864777,0.5865079365079365,47.42177077536899,124.70417662383998,1360.7632348003726,2.0085052104080887,45.5625,0.5651617322810067,0.47802579365079356,51.64035543312787,164.09131461056157,1354.2367619151194,2.087159362970449,45.5625,after
Miami Grand Prix,2026-05-03,LEC,Ferrari,28,0.0,233.9849477491965,0.633525377547247,0.5954861111111112,26.55823988188277,109.38699025912562,1610.0631316899976,4.531097130971332,107.1875,0.631200986209276,0.5104166666666666,31.08437696153877,139.98170571629907,1608.693698702051,4.575321393115562,107.1875,after
Miami Grand Prix,2026-05-03,LEC,Ferrari,30,0.0,191.53677626151952,0.6656378378700014,0.6669642857142857,0.3161370752202091,81.88171159037506,1911.2666215025088,5.219709426558381,186.75,0.667239741144333,0.5928571428571429,0.0005349016214758023,99.66293240880366,1912.1605895384657,5.209410600548047,186.7500000000001,after
Miami Grand Prix,2026-05-03,LEC,Ferrari,33,10.0,187.3852737156168,0.5479969881890648,0.5246031746031745,59.7989371389743,142.73295611918292,1084.3437627673127,1.8299481967984972,31.0,0.5498355722295749,0.38928571428571423,62.87438260804712,194.06113766848824,1076.4776025835147,2.014883383543841,46.5,after
Miami Grand Prix,2026-05-03,LEC,Ferrari,35,15.0,195.57236724776226,0.5248357484651622,0.4936011904761904,86.51414707331566,170.73081063929595,776.3718226890642,1.331256453005381,15.5625,0.5303894082474206,0.32068452380952384,93.00570468403727,249.9438583079248,758.0853121787121,1.684125232764926,15.5625,after
Miami Grand Prix,2026-05-03,LEC,Ferrari,36,15.0,177.20620286338246,0.5305639404927455,0.4688988095238095,80.8778510745922,168.76350789469186,752.3603101477361,1.074161834170058,15.5625,0.5423844424372917,0.2589285714285714,84.04127413931835,273.8758289923704,739.3337058081157,1.405911839121351,62.25,after
Miami Grand Prix,2026-05-03,LEC,Ferrari,37,15.0,177.87372352339582,0.5159024315949647,0.4688988095238095,82.60887548134842,169.12478158179448,715.9397510034705,1.7073440545214909,31.125,0.5200276483853776,0.2836309523809523,87.28403350985343,262.6608175605501,700.944892106131,2.123059139956562,93.37500000000006,after
Miami Grand Prix,2026-05-03,LEC,Ferrari,40,15.0,187.01181140827686,0.514722452353819,0.4916666666666666,76.14081606804476,157.18786779273756,808.2649810068328,1.2241105508920582,0.0,0.514912474317156,0.33174603174603173,78.50863958108089,224.84727381335006,791.8383422760271,1.5333029196760655,46.5,after
Miami Grand Prix,2026-05-03,LEC,Ferrari,41,0.0,196.4799739276547,0.5435668027093392,0.4731150793650793,70.4987697800064,158.87046338256692,913.8609066767177,1.1040416231427634,15.6875,0.5461675429078412,0.31125992063492064,76.84382465906737,237.93289011192257,897.3095346066312,1.4011467868075114,47.0625,after
Miami Grand Prix,2026-05-03,LEC,Ferrari,43,0.0,184.72148669264075,0.5069341891593842,0.49404761904761896,73.40999082947232,156.33113925195042,885.7152397209052,1.839215983221927,31.125,0.5060016115221398,0.3458333333333333,76.9720713705811,216.45541187299494,873.05000756823,2.0675291407379963,46.6875,after
Miami Grand Prix,2026-05-03,LEC,Ferrari,46,10.0,223.98942960165547,0.6744066271797723,0.6481150793650793,20.875274188925953,101.77497207660818,1769.3821687519692,5.016022315444254,179.25,0.6744080410077073,0.5651289682539683,23.705454717291364,126.22061425868637,1771.1962601258613,5.017688474960363,119.50000000000011,after
Miami Grand Prix,2026-05-03,LEC,Ferrari,51,5.0,184.71931204750445,0.50527255323492,0.4856646825396824,79.27047366806104,160.61710237115634,772.9737955061917,1.6787799700525676,15.5625,0.505330569874273,0.33745039682539685,87.10959504281485,226.5839880540771,753.4258442756247,1.8516563308573066,46.6875,after
Miami Grand Prix,2026-05-03,LEC,Ferrari,52,0.0,172.06757417024076,0.4967217213148913,0.49603174603174593,75.6510061841065,152.54413497592333,810.7121247252878,2.1596114808285014,31.25,0.49800013370398744,0.3472222222222222,76.17935011496517,208.38419554145702,805.317723289072,2.3950952454554266,78.125,after
Miami Grand Prix,2026-05-03,LEC,Ferrari,55,5.0,179.16555555295287,0.5032696188688068,0.44325396825396823,82.01411295279662,166.3236559202927,653.0190304177117,1.1103886877252118,15.375,0.5049498503712624,0.26021825396825393,88.72885575391723,265.46130338385905,633.628146467661,1.6091113637935706,76.875,after
Miami Grand Prix,2026-05-03,LEC,Ferrari,56,0.0,185.6523424004013,0.4948263238314273,0.4712301587301587,86.18219447305242,164.20781047333446,680.4256146779687,1.3863423238044155,15.625,0.5012532844655212,0.2976190476190476,89.9471273094665,245.04658311316754,666.6625540289832,1.7041120385859583,46.875,after
Miami Grand Prix,2026-05-03,SAI,Williams,3,0.0,199.91852611324606,0.755761832176042,0.7492063492063491,0.0022669924961722142,82.74566886177274,2243.497671783365,7.193514157997503,236.0000000000001,0.7571756002716249,0.7023809523809523,47.06270554732422,143.08992899541298,2240.4983752635476,7.126864098056221,413.0,after
Miami Grand Prix,2026-05-03,SAI,Williams,4,0.0,237.5467879021087,0.7971302678954553,0.7437499999999999,0.002375194214248164,85.9794693590829,2276.2830169263198,6.921697663287844,297.5,0.8165227297361128,0.6611111111111111,0.001050703949282594,100.81808322399111,2314.383003872177,6.740215845564434,357.0,after
Miami Grand Prix,2026-05-03,SAI,Williams,5,0.0,236.53378956244322,0.7665266726244492,0.7023809523809523,0.770917865478607,85.95287713416388,2179.326254754216,6.4786548032309845,236.0000000000001,0.7733933327235244,0.6087301587301587,1.4702853091336735e-06,105.42363166741826,2180.172678512478,6.376271146790272,177.0,after
Miami Grand Prix,2026-05-03,SAI,Williams,14,0.0,147.18020582857602,0.7314378640926817,0.5444444444444444,0.009478590826750184,63.19011862718097,1850.5438931010412,7.813459986086691,56.000000000000114,0.7335389538382534,0.5444444444444444,47.40769841801067,13.026792221012728,1888.2275240556344,7.681384189819884,161.0000000000001,after
Miami Grand Prix,2026-05-03,SAI,Williams,16,0.0,167.1380538181448,0.5630001488236707,0.5499007936507937,41.4157429049618,122.92844388465802,1349.9410087588344,2.2594667002862296,15.0625,0.5684583694636453,0.4184027777777778,37.24252943735445,164.51069828617887,1353.6733943245042,2.3132341866759294,30.125,after
Miami Grand Prix,2026-05-03,SAI,Williams,17,0.0,141.75990266162833,0.5603729696667711,0.5499007936507937,38.658577609976525,120.38133850082217,1363.5426032153846,1.893047848466317,15.0625,0.5630298402818881,0.4303571428571429,37.13608770205415,160.76005054274037,1364.905161032238,1.9762868715094863,30.125,after
Miami Grand Prix,2026-05-03,SAI,Williams,20,5.0,196.16869079744313,0.5669795858256896,0.5343253968253967,44.42315603197989,128.786231069154,1308.8660349731442,1.9425186825544394,0.0,0.5700111442802489,0.40173611111111107,42.863793912483835,176.4794077559238,1310.2979429309346,2.0685830477411136,15.187499999999943,after
Miami Grand Prix,2026-05-03,SAI,Williams,21,0.0,159.5680965007743,0.551495109448535,0.5104166666666666,47.63467795643933,132.96149851025737,1207.7914965349883,1.8962169194562712,45.9375,0.5550097567382483,0.37673611111111105,48.48302506073713,186.42909575127393,1204.211449794323,2.0422634690225663,61.25,after
Miami Grand Prix,2026-05-03,SAI,Williams,22,0.0,155.91080297407143,0.5702930124082405,0.5476190476190476,53.447720192911135,135.90205257326383,1303.9556598305996,1.5836155133711902,15.0,0.572906255877457,0.4166666666666667,52.24069063915454,179.71253393095014,1304.7296811155873,1.702239313750602,15.0,after
Miami Grand Prix,2026-05-03,SAI,Williams,23,0.0,140.21386825300328,0.5710474952764394,0.5880952380952381,53.41521944621279,132.06583270597332,1385.2314890137675,1.536927275210538,30.875,0.5718959130714764,0.46557539682539684,51.596612541903596,167.4413193926133,1388.4245659570638,1.5719759657127579,46.3125,after
Miami Grand Prix,2026-05-03,SAI,Williams,24,0.0,151.55858153183848,0.5577151473238665,0.5289682539682539,40.206428605902595,126.3272389236341,1276.834391464155,1.86406228304761,46.5,0.5569413746577698,0.41825396825396816,43.422881523685525,167.84238421308552,1271.6179982506237,1.9981771887222872,62.00000000000006,after
Miami Grand Prix,2026-05-03,SAI,Williams,25,0.0,159.17573298093404,0.5484047002817066,0.5104166666666666,45.9900390744874,130.5205074139882,1198.0624643375454,1.3503717377679807,30.625,0.5491872720264686,0.38888888888888884,49.104460313527234,180.95412875505943,1191.4409997389332,1.5458379362343875,45.9375,after
Miami Grand Prix,2026-05-03,SAI,Williams,27,0.0,212.84255890299693,0.6558025321486484,0.6051587301587301,13.087498248802529,99.49183189844963,1750.3166810607725,5.069707438428069,167.75,0.6554582773938703,0.5204365079365079,13.587911608823973,123.43236533073467,1754.6817804470172,5.093945958099839,122.00000000000011,after
Miami Grand Prix,2026-05-03,SAI,Williams,35,0.0,157.689831052298,0.5498568766344948,0.5390873015873014,61.612753746269824,141.17494750640066,1180.2807683012338,1.2449803712599492,15.4375,0.5533915216694285,0.40431547619047614,64.04199196053098,191.64715062121007,1172.9788729932425,1.4191671619990756,30.874999999999943,after
Miami Grand Prix,2026-05-03,SAI,Williams,36,0.0,147.9116048026209,0.550227678172666,0.5513392857142856,57.81218449789043,135.73782677087075,1195.7737094547783,1.2826810815086722,30.875,0.5568702173517994,0.41656746031746034,57.544179272494446,180.0368267728033,1191.0674416262386,1.4202613412001184,30.875,after
Miami Grand Prix,2026-05-03,SAI,Williams,39,0.0,138.41151320969252,0.5405375858190912,0.5857142857142857,38.37365110000884,112.40524909022328,1345.0730031826752,2.699149027943043,76.875,0.5413010637443957,0.488095238095238,40.25143801425086,144.84745697154293,1341.536714057519,2.756100338902279,61.5,after
Miami Grand Prix,2026-05-03,SAI,Williams,40,0.0,260.2298080159844,0.6275432130162213,0.6076388888888888,66.60542299436435,143.23879193967394,1451.952645985103,3.561472444167157,30.625,0.62726720399023,0.486111111111111,73.71264721055563,186.98979957317104,1443.822743259945,3.740571871611106,61.25,after
Miami Grand Prix,2026-05-03,SAI,Williams,41,0.0,167.57013532131202,0.5402906091911667,0.5204365079365079,63.693917768557455,144.52441935788673,1074.876091271318,1.9687393781116327,30.5,0.541808487968438,0.38730158730158726,67.71817720261004,195.29960285400406,1065.7272811762582,2.14329769647977,60.99999999999994,after
Miami Grand Prix,2026-05-03,SAI,Williams,42,0.0,178.95189006288626,0.520007785593719,0.5369047619047618,61.511040916111774,139.90296549456818,1091.768558109974,2.0433845625659277,46.125,0.520198563662196,0.4148809523809523,66.11104902517025,184.4497587773961,1082.5660261303376,2.2179387896511984,61.50000000000006,after
Miami Grand Prix,2026-05-03,SAI,Williams,43,0.0,171.3076833301385,0.5299642111903172,0.5513392857142856,63.361270489915725,138.76309664181468,1126.758779923973,1.5333046091804978,30.875,0.5357557831939256,0.41656746031746034,63.569742511739676,183.3426992999747,1121.6797114078306,1.690301022725091,30.875,after
Miami Grand Prix,2026-05-03,SAI,Williams,44,0.0,142.7182098224335,0.5534159428057039,0.5952380952380952,52.391487595141506,126.14457328121405,1317.0336497016947,1.7265735759863146,46.875,0.5555810496906921,0.4836309523809523,54.92406301902014,161.4198143885891,1310.1262175034403,1.7303648019145754,46.875,after
Miami Grand Prix,2026-05-03,SAI,Williams,45,0.0,152.56615512995847,0.5354778144580298,0.5781746031746032,56.32279057032806,128.1037954669059,1201.5463618863794,1.8957264550230286,46.5,0.5403556190793122,0.45515873015873015,56.1231561992861,165.31421995412737,1197.197635880018,1.9641958230071874,46.5,after
Miami Grand Prix,2026-05-03,SAI,Williams,46,0.0,146.8567122156724,0.5280503305234094,0.5658730158730158,56.28231844057826,128.57659476717015,1172.243777186565,2.0095865135810134,46.5,0.5322391303721108,0.44285714285714284,56.711939295368154,168.13849528161938,1167.6263097025044,2.0978684913896464,46.5,after
Miami Grand Prix,2026-05-03,SAI,Williams,47,0.0,144.36876724426935,0.5713480967858896,0.5161706349206349,48.40405236663301,131.8010026461757,1182.9383002814084,1.2473803531661953,15.125,0.5727722416289538,0.39613095238095236,51.97540108629717,177.36256061975155,1175.1094691984028,1.3270058160572722,30.249999999999943,after
Miami Grand Prix,2026-05-03,SAI,Williams,51,0.0,149.56088478079113,0.5735959004786908,0.5635912698412698,52.56522929333637,130.39596506450874,1290.44493812048,1.4298473428198522,15.4375,0.5765706735259671,0.44107142857142856,54.4147064081073,170.94030888256097,1284.4425210319403,1.5503061168292722,30.875,after
Miami Grand Prix,2026-05-03,SAI,Williams,52,0.0,152.4162177835034,0.5987992744649627,0.5979166666666667,50.28813585667794,124.75161639437073,1418.2562565414814,1.6318666660804497,46.125,0.5755112930640585,0.5002976190476189,52.160033812868356,156.29589231252174,1392.0823698536278,1.5860325574418501,30.75,after
Miami Grand Prix,2026-05-03,SAI,Williams,56,0.0,145.9860658002036,0.6030711437591229,0.6493551587301586,48.133801763247874,118.19858699974118,1500.0227367002196,2.7335405853773618,77.18750000000011,0.6020837338764999,0.5513392857142856,47.60281557420585,144.9348873244146,1505.293409583935,2.666351393117468,77.18750000000011,after
Miami Grand Prix,2026-05-03,SAI,Williams,57,0.0,137.85028327313015,0.5730673883194171,0.5881944444444445,55.25828601669355,130.01106892336614,1305.35811492238,1.4991325495325465,15.125,0.577399328243012,0.4681547619047618,55.62789924786683,164.27749659084347,1300.368495991291,1.5193586583714287,15.125,after
Miami Grand Prix,2026-05-03,ALB,Williams,3,5.0,220.8901858118212,0.7351891053410022,0.6829365079365078,0.0009016078433795779,85.95893238566173,2094.8180415451907,5.526634943041406,174.0,0.7488697035536037,0.6023809523809522,0.8158976070976358,106.48971761423073,2115.733734145847,5.4747494114391255,174.0,after
Miami Grand Prix,2026-05-03,ALB,Williams,4,5.0,221.92961500895257,0.7306625137882814,0.7029265873015872,0.0009801536416732563,84.12880349016363,2089.32996264587,6.694612352383696,288.7500000000001,0.7321893968448131,0.6341765873015873,2.9625648581867094e-06,100.67383295098976,2098.926780506617,6.65926984083423,230.9999999999999,after
Miami Grand Prix,2026-05-03,ALB,Williams,5,10.0,156.58086101568367,0.551133085091432,0.44543650793650796,53.6504072548985,156.1434682664233,1000.3112895510072,1.253162077758273,15.3125,0.5540072472293289,0.25099206349206343,58.530974805086544,252.43351133535168,988.1783702604221,1.6581609334805703,61.25,after
Miami Grand Prix,2026-05-03,ALB,Williams,12,15.0,,0.6371477815074175,0.520734126984127,0.00025185364213182077,99.17179029716388,1618.8172128681215,3.5776220648577923,83.625,0.6367670698353262,0.4322420634920634,0.0004509321227853472,131.32116137546157,1624.3799903540369,3.599713781729807,97.5625,after
Miami Grand Prix,2026-05-03,ALB,Williams,14,0.0,239.6608900571796,0.742843193161086,0.660218253968254,2.821477247934567,90.26358190717569,2054.1289475691037,6.123667839588744,181.5,0.7517901513190475,0.5881944444444445,3.59804973276081,109.53053433522268,2085.361135818429,6.070083013551308,181.5000000000001,after
Miami Grand Prix,2026-05-03,ALB,Williams,16,15.0,167.58168355661496,0.7039430813660456,0.6440476190476191,0.0004849515354219198,87.39089740350947,1918.5829661385603,4.938953097899831,118.00000000000011,0.7011744116877414,0.5855158730158729,0.0009018188961288044,104.2682198451095,1937.275491466127,4.9214192107071435,162.25,after
Miami Grand Prix,2026-05-03,ALB,Williams,19,0.0,158.8944978823954,0.5551502274672286,0.5204365079365079,29.79237913421661,118.6326964443879,1348.0065254533852,2.6427811770579726,30.5,0.5553380611911106,0.4115079365079365,30.76410505680406,158.0939988937094,1347.1949875054693,2.7506119940753035,61.0,after
Miami Grand Prix,2026-05-03,ALB,Williams,20,20.0,172.41701702085322,0.5676669672772312,0.5320436507936507,44.292711082351076,131.1093407443546,1236.7506993442075,2.079096505246743,15.125,0.5713111280857525,0.39999999999999997,42.93183734563802,177.09379582677576,1237.5981151739315,2.218315435173286,30.249999999999943,after
Miami Grand Prix,2026-05-03,ALB,Williams,21,5.0,223.09828568156306,0.5699648493139138,0.5277777777777777,46.92632994595564,132.92349265461536,1270.910801776624,1.9742430920922032,30.0,0.5697749524105808,0.4087301587301587,50.55185357820826,180.10064713580005,1265.2994628559356,2.1640827795241266,45.0,after
Miami Grand Prix,2026-05-03,ALB,Williams,22,15.0,175.86743882503768,0.5642285351239392,0.5378968253968253,42.1046033050078,125.18999222415155,1267.697748300913,1.8756595217237835,15.0625,0.5695688869582455,0.4063988095238095,40.65598756705248,172.1620204940726,1267.353406600014,1.9944172451158104,30.125,after
Miami Grand Prix,2026-05-03,ALB,Williams,24,15.0,138.60437421852077,0.5603252509023913,0.5457837301587302,34.7174171990198,116.6183154988931,1318.1666137945147,1.6367379435668308,14.3125,0.5631033300469838,0.43219246031746034,33.47521520018517,154.99700554600702,1319.2090318778364,1.7190326601272887,28.625,after
Miami Grand Prix,2026-05-03,ALB,Williams,25,0.0,207.1905030651923,0.7330291514546403,0.621626984126984,9.978135717946383,96.4904481655801,1946.7981293679402,4.749644769800033,120.50000000000011,0.7448545708493286,0.5379464285714285,12.741287218792845,124.41904536293097,1972.7607311164418,4.709252652117627,120.50000000000011,after
Miami Grand Prix,2026-05-03,ALB,Williams,29,15.0,,0.6468450584333582,0.7055059523809523,0.0009460661875111411,77.5272032874032,1862.7566878547955,3.384279390129067,118.5,0.6477599846307006,0.634970238095238,0.0005999428954080684,94.1122334190855,1862.0603631036495,3.3765293526329563,103.68750000000011,after
Miami Grand Prix,2026-05-03,ALB,Williams,33,15.0,158.09954000079438,0.5658745646313532,0.5526785714285714,56.66711053509756,137.6950157222824,1201.6839345944768,1.89795775837652,44.4375,0.5692960327368676,0.42336309523809523,57.94513585370951,180.69256140401004,1197.4200794316919,2.041120763069613,44.4375,after
Miami Grand Prix,2026-05-03,ALB,Williams,35,15.0,179.19680294214703,0.5757504841288795,0.5160714285714285,58.35313433343914,143.78080915515886,1117.4327099419895,0.9043962182879306,15.125,0.5761300846227471,0.38402777777777775,63.85685407734589,198.95587982296206,1106.2595208628807,1.210057409746726,30.25,after
Miami Grand Prix,2026-05-03,ALB,Williams,36,5.0,156.62810821054725,0.5459862469353574,0.5102182539682539,61.75492711547673,142.1040375904853,1049.0167220268993,1.650444382184976,30.375,0.5494795971580074,0.3655753968253968,62.75425040783837,199.31908581165342,1044.427431129617,1.8631003567565185,45.5625,after
Miami Grand Prix,2026-05-03,ALB,Williams,37,10.0,184.82127176889514,0.525363137193119,0.5037698412698411,57.5029493163449,140.20479391213496,1033.805058924877,2.2892785923211534,44.625,0.5297070766757881,0.36210317460317454,58.67593731999031,196.03723280311834,1029.3151689671404,2.49128474687226,59.5,after
Miami Grand Prix,2026-05-03,ALB,Williams,38,0.0,147.8546676922672,0.5475129808853438,0.5688492063492063,52.59866183257906,129.62098135081558,1230.8392523955567,1.2898853727669417,30.5,0.5480254755888532,0.4599206349206349,56.81954307368079,166.18040770870633,1223.177974838299,1.3996308128245034,30.5,after
Miami Grand Prix,2026-05-03,ALB,Williams,39,0.0,159.07385762756545,0.5373222258182255,0.6147321428571427,57.05573464525303,127.16636098175516,1307.3614604528009,1.9032424034236846,45.5625,0.5417406345875904,0.4941964285714285,56.24334956143232,159.4149987507644,1303.6401324451508,1.918344755596182,45.5625,after
Miami Grand Prix,2026-05-03,ALB,Williams,40,5.0,146.0422054249778,0.5572853979848814,0.6230158730158729,39.39542333166484,112.65732561065295,1438.0989019601946,1.8374712269850633,60.0,0.5583248924418688,0.5277777777777777,42.262089031220846,142.24641503509417,1433.156927025566,1.8555421164280759,60.0,after
Miami Grand Prix,2026-05-03,ALB,Williams,41,0.0,157.78156631568595,0.547536240749184,0.5930555555555556,60.32142846624222,134.6353215706157,1260.865729095692,1.5743250216653566,30.5,0.5512815467767396,0.47202380952380946,61.81703620350309,169.74153286922154,1254.6845552246539,1.655653334820501,30.5,after
Miami Grand Prix,2026-05-03,ALB,Williams,43,10.0,140.34503713881747,0.562889798993795,0.6106150793650794,56.932649806940084,128.9966644911675,1314.0798598218964,1.1947475415659283,30.375,0.5667429359914169,0.490079365079365,57.69376970852106,164.62005890227962,1308.7787854853855,1.180456683882083,30.375,after
Miami Grand Prix,2026-05-03,ALB,Williams,46,15.0,125.1896971598955,0.5500476279103742,0.6386904761904761,45.15696797249951,115.67770760474716,1382.811538958344,1.2869083881736596,45.5625,0.551139573824643,0.5422619047619047,50.83919079225637,147.82676407490024,1373.0110466978251,1.2026463922536983,30.375,after
Miami Grand Prix,2026-05-03,ALB,Williams,47,10.0,134.7380023687819,0.5314724639632552,0.6949900793650794,21.218310382962656,89.62780624779474,1526.0427250012874,1.2219945259291292,91.125,0.5325434106801497,0.6226686507936507,25.35165761452166,110.80719960813073,1518.8473675865475,1.1719201008750586,60.75,after
Miami Grand Prix,2026-05-03,ALB,Williams,49,20.0,150.48843023907747,0.5273937026788829,0.7029265873015873,34.93235316098422,101.5676984269246,1476.962215210239,1.7970160052356463,106.3125,0.5271694711866122,0.6306051587301587,49.28767247879182,134.33997332074446,1460.3487376366827,1.7218251303291274,75.9375,after
Miami Grand Prix,2026-05-03,ALB,Williams,50,15.0,147.08338840394921,0.5680404713358562,0.6666666666666666,36.42922876536336,107.03995038326492,1504.1251868451416,1.4915666512382009,45.0,0.56911122400604,0.5833333333333334,47.566974144573265,140.21772007449087,1487.6605133256303,1.3518372584116067,30.0,after
Miami Grand Prix,2026-05-03,ALB,Williams,53,15.0,129.7567778270669,0.5317650564514975,0.662797619047619,32.91537854438869,101.5018007487914,1414.317014133473,1.741193990217562,75.93750000000011,0.5312367467477015,0.5904761904761905,44.9481649280591,133.1259182009895,1398.682119382708,1.6612123771426985,75.9375,after
Miami Grand Prix,2026-05-03,ALB,Williams,54,15.0,126.73106463900692,0.5495166730315937,0.6335317460317459,27.992290944923415,99.0514126828642,1428.446305810187,1.3734310140285437,75.3125,0.5485171840307554,0.5618055555555554,38.72668249995,131.52398573354324,1414.405628639799,1.279858085230445,45.1875,after
Miami Grand Prix,2026-05-03,ALB,Williams,56,0.0,132.24160751970192,0.5323328296008117,0.6026785714285713,11.534851560450349,86.6519766735515,1481.8022896230998,1.778291432182892,106.3125,0.5315228487848557,0.5424107142857142,19.071021232975266,112.87359037281873,1471.481346125388,1.7258929598702641,106.31250000000011,after
Miami Grand Prix,2026-05-03,ALB,Williams,57,5.0,149.67973416418624,0.5350385437532391,0.6533234126984127,50.93751947061479,116.57703052663416,1356.5537044974567,1.674820433763478,61.75,0.5370351434759651,0.5553075396825395,56.91174877761722,149.45620289991354,1344.5865544457133,1.5780082268994238,30.875,after
Miami Grand Prix,2026-05-03,BEA,Haas F1 Team,3,0.0,150.82801352380096,0.5946047585425283,0.4901289682539682,28.659011999684335,124.4318210931026,1393.6503932878777,2.4769914567098903,30.125,0.5966496957345881,0.3586309523809524,29.976346192396193,184.34953178049852,1391.1377841874773,2.5828268506018546,45.1875,after
Miami Grand Prix,2026-05-03,BEA,Haas F1 Team,5,0.0,238.73899649825069,0.5606920214228478,0.5548611111111111,26.8493000954528,110.51364148700796,1412.0596865300547,4.006364525519885,44.625,0.5650627516568976,0.43680555555555545,22.29673074423159,143.59613353217273,1417.0806262320473,4.031351831946954,74.375,after
Miami Grand Prix,2026-05-03,BEA,Haas F1 Team,12,10.0,78.95653667585768,0.6171854461314439,0.6454365079365079,0.0003278585827092488,81.34331470562081,1794.2387450928322,3.502356420703624,148.75,0.6176774159338055,0.5746031746031746,0.0007040785660177266,101.4657753002036,1794.955583085049,3.4960009757874357,119.00000000000011,after
Miami Grand Prix,2026-05-03,BEA,Haas F1 Team,14,20.0,203.95297898833607,0.7102142401116034,0.6399801587301587,15.469877790971239,102.32187613263775,1863.4073105020157,5.258236706499448,116.50000000000011,0.7148278490407027,0.5590773809523809,21.473460299724923,131.43293038210936,1871.2904704491493,5.243920173040407,116.50000000000011,after
Miami Grand Prix,2026-05-03,BEA,Haas F1 Team,15,15.0,176.55725046524756,0.57269240489938,0.5714285714285714,46.68535277484108,128.57486525000925,1353.3674209686358,2.478144591763732,45.0,0.5733378546088506,0.4523809523809524,44.702986048889414,165.66866338828322,1357.4642891655242,2.539974756334545,45.0,after
Miami Grand Prix,2026-05-03,BEA,Haas F1 Team,16,5.0,189.86543193831423,0.6435649979834784,0.6187003968253967,14.206374391530993,98.32602779656749,1773.4959223918274,4.416115097198711,121.50000000000011,0.6456625620561554,0.5343253968253967,15.751079380305793,125.02306931430577,1777.3753041646937,4.445639859160421,121.50000000000011,after
Miami Grand Prix,2026-05-03,BEA,Haas F1 Team,19,25.0,218.50918853590767,0.709814089812352,0.6871031746031746,0.0005424728262160921,83.83029668603432,1950.508887304724,5.454644582004408,147.4999999999999,0.7107325332859081,0.6168650793650793,0.001106388837343198,101.46872350586908,1957.957231462565,5.427729619808828,118.00000000000011,after
Miami Grand Prix,2026-05-03,BEA,Haas F1 Team,20,0.0,211.27045269993994,0.712152727179683,0.6700892857142857,0.000993126813573341,84.35099040267632,2067.969616100292,4.761949155957355,162.9374999999999,0.7155675765157954,0.5995535714285714,0.0003555382947473273,103.22160894717184,2084.314182775254,4.74043533478301,118.50000000000011,after
Miami Grand Prix,2026-05-03,BEA,Haas F1 Team,21,15.0,224.56635933878493,0.676702279237929,0.6494047619047618,21.87030797168189,102.75458871175103,1799.3647804515942,4.489997511442013,163.625,0.6759139387160321,0.566765873015873,25.146615496293975,130.7031620533127,1801.4155849325527,4.510387957594125,119.00000000000011,after
Miami Grand Prix,2026-05-03,BEA,Haas F1 Team,22,5.0,148.4596418372739,0.6013536586769792,0.6349206349206349,48.92706881690034,124.68401288841287,1557.573966161788,2.196166169519537,45.0,0.6016047527668363,0.5277777777777777,48.03122597629464,154.52636938408887,1562.560197790724,2.1348398184771575,75.0,after
Miami Grand Prix,2026-05-03,BEA,Haas F1 Team,24,5.0,211.91399796598273,0.6057078069997957,0.5704861111111111,44.0414710140817,125.42258423014219,1417.7561382418664,3.8343299385224503,75.9375,0.6091059849086353,0.4499503968253967,45.29991268783779,166.62311832148512,1413.061723381434,3.973242377860451,75.9375,after
Miami Grand Prix,2026-05-03,BEA,Haas F1 Team,25,0.0,167.0770843451695,0.5360574220134755,0.5761904761904761,41.80413740833943,120.03432932122637,1338.159767621379,2.7477003913824287,90.75,0.5348347587826066,0.48015873015873006,46.355574098857794,154.26035264857742,1333.025823379493,2.8078118722685623,75.625,after
Miami Grand Prix,2026-05-03,BEA,Haas F1 Team,29,25.0,153.11611293797705,0.613138270571513,0.5349206349206348,32.71142647717188,121.66874283791363,1376.830949646452,1.4183456459018187,29.5,0.6149022709065782,0.41785714285714287,35.40569029720199,168.13833813225366,1371.744906745639,1.5349043491406995,44.25,after
Miami Grand Prix,2026-05-03,BEA,Haas F1 Team,33,10.0,159.63794768029658,0.5771380572393052,0.5339285714285713,51.6671223040394,133.62391429030697,1237.8572959607186,1.6660233114405285,15.0625,0.5783614995187637,0.4024305555555555,51.581861916591954,182.89907853961276,1237.491619082725,1.8101873153117571,45.18749999999994,after
Miami Grand Prix,2026-05-03,BEA,Haas F1 Team,34,15.0,172.5602773002976,0.5665296859206286,0.5216765873015872,44.06481345392419,131.46100326969756,1205.3470811016155,1.4322672243060612,14.9375,0.5710461440677868,0.3912698412698412,44.18614170064601,176.2868262880083,1202.8105586426082,1.6092042223512375,29.875,after
Miami Grand Prix,2026-05-03,BEA,Haas F1 Team,35,10.0,156.04782578080483,0.6058155775754571,0.5404761904761903,49.18637428283084,135.15442538555607,1308.365708090332,2.300978959887976,45.75,0.5746293913826,0.44365079365079363,42.31066103647453,160.93573123037024,1320.854737886011,2.256176211723701,61.0,after
Miami Grand Prix,2026-05-03,BEA,Haas F1 Team,37,0.0,168.4266854652529,0.5265368194781356,0.5642857142857143,33.48256514081705,112.30339539057215,1340.1551864766577,2.4960480895543777,74.0625,0.5262342201947484,0.4702380952380951,36.79279299493007,144.76890762257045,1335.9729289968782,2.5575025184245477,74.0625,after
Miami Grand Prix,2026-05-03,BEA,Haas F1 Team,38,0.0,181.17841845706707,0.6528697995932513,0.6001984126984126,24.04408356429913,106.95152610081573,1625.9811683681096,3.741645083523789,90.75,0.6538246596476681,0.5041666666666665,25.01130599571609,134.3873390478411,1626.08747128369,3.7744006795086666,90.75,after
Miami Grand Prix,2026-05-03,BEA,Haas F1 Team,39,0.0,243.42633185648674,0.6655418680776367,0.6638888888888889,12.45122030840163,92.74565682001304,1844.8002741507987,5.5252663864765,179.25,0.6648696290794137,0.5927579365079365,16.220033499252384,114.66513366870015,1846.499229146513,5.530432045505858,179.2500000000001,after
Miami Grand Prix,2026-05-03,BEA,Haas F1 Team,40,0.0,216.58568781680864,0.6786086273268275,0.650892857142857,21.60791055845821,101.94046211358423,1841.7020012885691,4.893964957680348,167.0625,0.6824934898279558,0.5665178571428572,24.41376661518869,127.46550308634859,1848.7633454740073,4.909360373719655,121.50000000000011,after
Miami Grand Prix,2026-05-03,BEA,Haas F1 Team,41,0.0,245.87507256270118,0.659499766422453,0.6589285714285714,24.305974753348494,102.27714776079132,1759.7019772584845,5.760802498425446,184.5,0.6599502431736645,0.5735119047619047,26.15033355574621,125.84516092118955,1760.5195481295186,5.775892024430334,123.00000000000011,after
Miami Grand Prix,2026-05-03,BEA,Haas F1 Team,45,10.0,162.13102482673693,0.5678949823409767,0.5674603174603174,54.28849299980123,131.93419852603785,1266.412462977036,0.7762857271718072,15.0,0.571064263910274,0.44841269841269843,58.103726376096844,173.95879579633183,1257.1569742165955,0.896381359791576,15.0,after
Miami Grand Prix,2026-05-03,BEA,Haas F1 Team,46,10.0,153.45648876406878,0.5034676507699383,0.5674603174603174,60.72756555263115,133.0125600571494,1107.279881476199,2.1622317539466183,45.0,0.5023405570717195,0.4603174603174603,67.67806116703001,174.18635138253507,1096.7160653421438,2.258123750719596,45.0,after
Miami Grand Prix,2026-05-03,BEA,Haas F1 Team,47,45.0,161.02042749255665,0.49410479325990925,0.58125,67.32688863333885,141.75864418239541,1051.5362420309543,1.7644891173531654,29.25,0.4972449882019062,0.45357142857142857,72.2844311098761,186.6306553828909,1040.2440027719983,1.8674998959050888,43.875,after
Miami Grand Prix,2026-05-03,BEA,Haas F1 Team,48,10.0,175.19595545448422,0.5156272644057721,0.5262400793650793,80.47901957889813,153.57195815911098,895.1439829913268,1.1995047914699988,15.1875,0.5233049540619861,0.36954365079365076,82.7664568591471,214.02831065415893,885.5639133141992,1.4002497604062354,30.375,after
Miami Grand Prix,2026-05-03,BEA,Haas F1 Team,49,10.0,177.56424718012633,0.5216328070844753,0.5100198412698412,76.3624783385168,152.46196893236473,913.8674944673969,1.1947015148952838,15.0625,0.5285553496086911,0.35461309523809526,80.7654986875617,219.6154132523525,900.9554359283231,1.4027199154685297,30.125,after
Miami Grand Prix,2026-05-03,BEA,Haas F1 Team,50,0.0,182.83174014845895,0.5017539974593372,0.5125,80.60055401016265,156.5780113118062,859.6759101688012,1.7040800335490995,30.75,0.5049962996619843,0.36607142857142855,86.32593205173981,215.43268414779928,845.1403470198834,1.9216517162963875,30.75,after
Miami Grand Prix,2026-05-03,BEA,Haas F1 Team,53,5.0,191.690397644304,0.4912915178528557,0.5227182539682539,86.07694674717116,156.7074745345207,785.8188244257594,1.574074951087534,31.125,0.48782253945572285,0.37450396825396826,85.9584494605629,209.4961440352503,776.7237775781624,1.8818837120869158,46.6875,after
Miami Grand Prix,2026-05-03,BEA,Haas F1 Team,54,10.0,211.14572025698524,0.5076130228093737,0.5290178571428571,101.5044156563683,174.2620504521495,1035.008203929801,1.105386546144294,23.875,0.5133978885994925,0.3679563492063492,132.91368302226252,261.8756968236467,1021.1710070072227,1.4190290811155948,11.9375,after
Miami Grand Prix,2026-05-03,BEA,Haas F1 Team,56,30.0,176.24055156486384,0.5682566716732401,0.5357142857142856,73.32610643332832,153.0391947073653,1017.6779434397718,1.065884809137934,0.0,0.5762455125429736,0.38095238095238093,75.75178158317769,212.7587569500689,1008.1199044959911,1.3268254465634413,30.0,after
Miami Grand Prix,2026-05-03,BOR,Audi,2,0.0,199.47451695327044,0.7166015639446353,0.7142857142857142,0.0010646497323447144,83.10404870084201,2162.1818399867034,6.122034535166222,240.0000000000001,0.7196557830907004,0.6428571428571429,0.04812989076764787,100.30594648113151,2168.496581881917,6.08865155188025,239.9999999999999,after
Miami Grand Prix,2026-05-03,BOR,Audi,3,0.0,174.61869493921145,0.7561393306695172,0.9099999999999999,174.02494499051068,168.23750063078944,2417.6685728728066,7.08577333352588,210.60000000000002,0.7672364040543338,0.8125,47.40769841801067,81.60228565038842,2467.8675766728197,7.005602004474859,234.0000000000001,after
Miami Grand Prix,2026-05-03,BOR,Audi,12,5.0,,0.6416663176109582,0.9100793650793652,3.1475071919809635e-06,51.98133262051896,2205.753920087615,4.29043663575414,93.20000000000005,0.6424723960746166,0.9100793650793652,47.40769841801067,14.215143319806346,2232.4449245588266,4.280708958984477,151.45000000000016,after
Miami Grand Prix,2026-05-03,BOR,Audi,14,0.0,117.12800794486694,0.5371606252671679,0.699454365079365,26.99999597600516,97.75805973296649,1644.2456690897363,1.902811178702046,74.6875,0.5377553510376443,0.6164682539682539,27.47042020553535,117.83777737275848,1643.7595935629333,1.9170921879160536,59.75,after
Miami Grand Prix,2026-05-03,BOR,Audi,19,0.0,227.60755918491958,0.6616496724439839,0.7374999999999999,0.0010247473866533898,77.89120702850732,2024.1145429116596,6.455918726635397,295.0,0.6611115298180618,0.678968253968254,1.7594837961764062e-06,91.87990951701936,2032.794481975697,6.449527747339119,295.0000000000001,after
Miami Grand Prix,2026-05-03,BOR,Audi,20,0.0,203.06241307083755,0.49884114146896524,0.448611111111111,80.32544192904376,170.3590424790075,770.7610917432437,1.635841235473605,29.75,0.49466620029969216,0.25972222222222224,83.18796364238477,256.32113374727703,756.0104863363997,2.1455739997073313,74.37500000000006,after
Miami Grand Prix,2026-05-03,BOR,Audi,21,0.0,175.88440499909638,0.5033056481395979,0.5290178571428571,66.27114981578283,146.53291600969064,1077.405584668613,1.8372185286893763,29.625,0.5041876997488649,0.3997023809523809,71.39405312311548,196.45907834202342,1070.1083257590112,2.0041611879333843,44.43749999999994,after
Miami Grand Prix,2026-05-03,BOR,Audi,22,0.0,183.9340452888794,0.5261941340421823,0.47395833333333326,69.08239567364348,160.20834991629712,949.3407996019432,1.579174600094937,15.3125,0.5266455344900709,0.3159722222222222,75.87759689608185,236.02230707660323,933.2523750339207,1.8583055147884133,76.5625,after
Miami Grand Prix,2026-05-03,BOR,Audi,24,0.0,165.59064558780452,0.4803514864989609,0.490079365079365,60.69100609444722,144.5102333435448,910.4263846123439,2.3423817487839202,46.3125,0.4828375920719324,0.3553075396825397,63.97993825294795,197.19688691723695,901.5237004154075,2.5202020062885304,77.1875,after
Miami Grand Prix,2026-05-03,BOR,Audi,27,0.0,160.2967456607381,0.5224636759174114,0.484126984126984,69.800722723069,155.1930744555494,943.68317818005,1.4190704387228692,15.25,0.5305529544813613,0.3146825396825397,72.58854853880112,232.2244991072644,933.7139409663223,1.6290145197978119,61.0,after
Miami Grand Prix,2026-05-03,BOR,Audi,28,0.0,178.83812247881892,0.48809519311570027,0.4270833333333333,70.18876602794035,160.81226041463566,717.5564247180863,1.8531208153411554,15.375,0.4884616814658074,0.244047619047619,74.57194094995111,245.53352946298372,702.2243032066159,2.2834526527396095,61.5,after
Miami Grand Prix,2026-05-03,BOR,Audi,29,0.0,,0.4589904674724824,0.37673611111111105,65.66287865403989,166.6730070357647,560.3981824989198,2.0730101410937407,30.625,0.4628308372848837,0.21874999999999994,70.31259344160216,232.30338649131144,548.8147086972361,2.513630524135769,45.93749999999997,after
Miami Grand Prix,2026-05-03,BOR,Audi,30,0.0,198.96918251947025,0.4771792445052266,0.4375,69.51742347730429,160.37395298271812,734.2799687350553,2.4519870208696743,45.9375,0.47707123081362585,0.26736111111111105,73.46964696424581,240.44457774901483,722.0197355293818,2.8034980329429424,76.56250000000006,after
Miami Grand Prix,2026-05-03,BOR,Audi,35,0.0,126.99200590143019,0.46087199497149894,0.3524305555555556,69.29162288790855,174.28902811556904,449.7558724826102,1.2654167713179465,15.3125,0.4723324094212296,0.19444444444444442,74.78207669703876,240.09841999446914,431.1008139026074,1.8093529339571461,30.62499999999997,after
Miami Grand Prix,2026-05-03,BOR,Audi,37,0.0,131.2285943206708,0.44155914033050153,0.3705853174603174,66.25500866703315,166.68856943519037,500.80506519798524,1.5269413773619396,30.125,0.4459083747323069,0.21517857142857139,70.38899793763284,226.45692909394023,484.9703433980668,1.9903770390073456,30.125,after
Miami Grand Prix,2026-05-03,BOR,Audi,40,0.0,157.9510747022456,0.5251515897759563,0.40104166666666663,53.313924842463564,156.6030793736822,847.2103452986896,1.677981328110001,15.312499999999943,0.5287800393748466,0.21874999999999994,58.97348059314222,244.04649437433855,833.1823377674023,2.106203733484734,61.25,after
Miami Grand Prix,2026-05-03,BOR,Audi,41,0.0,,0.5107396979284893,0.3675595238095238,47.37404504833536,155.76548639862122,771.6824857324926,1.9440199846189978,30.875,0.5114272547359082,0.2082837301587301,53.062464378980785,232.06200353654864,755.8727399138459,2.387076262465115,46.31249999999997,after
Miami Grand Prix,2026-05-03,BOR,Audi,43,0.0,153.09791924859155,0.5582583717310822,0.4937499999999999,32.95634775763248,123.77750759356611,1267.2931956297446,3.390136504299191,14.8125,0.5598526421615939,0.3644345238095238,28.423452171133288,166.91682444795924,1275.3080851068758,3.400403013080887,29.625,after
Miami Grand Prix,2026-05-03,BOR,Audi,44,0.0,212.55244359408232,0.5337456317846211,0.7292162698412697,0.0007092882300474345,69.11230600301627,1712.1822323739411,6.649861871529624,301.2500000000001,0.5327242671160711,0.6813988095238095,2.1560964389431753e-05,81.2399045446837,1718.4637801363988,6.650185118401755,240.9999999999999,after
Miami Grand Prix,2026-05-03,BOR,Audi,45,0.0,170.11851844984864,0.6159461100582784,0.5247023809523809,15.875900902704739,106.44259126729344,1496.395795426366,4.026262753890493,92.25,0.6160993443870736,0.4270833333333333,15.947905405254867,138.98006082196756,1498.1801705252497,4.079263459445581,107.62500000000006,after
Miami Grand Prix,2026-05-03,BOR,Audi,46,0.0,159.57594838911137,0.5922897944686966,0.486111111111111,5.188882230660766,101.67255400065747,1450.24248849315,3.810178338295756,45.9375,0.5934314667585834,0.38888888888888884,4.821041835489032,136.49103740672683,1452.5491695664502,3.864904330689252,61.25,after
Miami Grand Prix,2026-05-03,BOR,Audi,48,0.0,204.76626901212725,0.42769677993053923,0.4148809523809524,73.01432171712914,155.55178828678163,521.6900516575589,2.9216999609558276,61.50000000000006,0.4264375846303951,0.25625,77.83762836172292,227.09078298236122,506.22743249426264,3.193048876147856,76.87500000000006,after
Miami Grand Prix,2026-05-03,BOR,Audi,50,0.0,,0.4309323508240865,0.30505952380952384,69.27525779821211,184.0643159362771,247.44300339071583,1.5430138963646525,15.375,0.45657798867270166,0.15863095238095237,73.81770201675961,233.6199980522052,241.2192540263959,1.8437824477660085,30.75,after
Miami Grand Prix,2026-05-03,BOR,Audi,51,0.0,169.1116270264425,0.3700625482925623,0.4384920634920634,82.93996694854307,157.47732853523127,494.5637934768103,1.3449219341795,0.0,0.37565493425382096,0.28501984126984126,84.43708419497295,215.91631118381028,487.86165894909647,1.6197353823987322,13.8125,after
Miami Grand Prix,2026-05-03,BOR,Audi,52,0.0,140.68146214442143,0.6024013414168781,0.6672619047619047,48.21797852930364,119.59536774863369,1615.7289277008856,3.3159340774791093,85.5,0.602678947172459,0.5654761904761904,47.534404616838046,144.38497913745482,1617.9609853437462,3.2763146701512915,142.5,after
Miami Grand Prix,2026-05-03,BOR,Audi,53,0.0,184.57491947927596,0.5268494294011201,0.4496527777777778,65.98017237456546,156.81920272726438,868.2962815020737,1.9102869553533353,30.625,0.5292578541672663,0.2795138888888889,70.59836448212211,243.62375721382756,855.0548791347746,2.1230227186136035,76.56250000000006,after
Miami Grand Prix,2026-05-03,BOR,Audi,55,0.0,152.53172652511964,0.48884418768146937,0.46557539682539684,63.57664447312668,147.89135335941748,834.3132775194726,2.4105757464856645,46.3125,0.49135564471531384,0.3185515873015873,65.54281995015452,210.84038308836912,830.5746916850629,2.616701061614843,77.1875,after
Miami Grand Prix,2026-05-03,BOR,Audi,56,0.0,178.56520459793632,0.504445449333294,0.421875,71.68420698330075,164.87927248387976,709.8061513203323,2.0753398934630884,30.375,0.501881008433234,0.24107142857142852,78.8505751602561,254.508928111888,690.1588500905518,2.434903628776328,75.9375,after
Miami Grand Prix,2026-05-03,OCO,Haas F1 Team,3,0.0,199.62719158276488,0.6884188426629714,0.6493055555555556,0.00044150433837047623,84.62104137620817,1949.4008111946803,4.892016259757772,119.00000000000011,0.6987056701849784,0.5666666666666667,3.751968035061569e-05,107.31475535906094,1960.0448084215795,4.88376769469884,119.00000000000011,after
Miami Grand Prix,2026-05-03,OCO,Haas F1 Team,5,0.0,208.36271098358964,0.6242371334100125,0.5952380952380952,33.96487132190954,117.32455857089371,1593.1724138176605,4.326826921919635,90.0,0.6223667254739524,0.4999999999999999,36.90288921831803,150.3825707006691,1594.4933713671076,4.401840547776172,105.0,after
Miami Grand Prix,2026-05-03,OCO,Haas F1 Team,12,5.0,,0.6575612203139445,0.5751488095238094,0.0003199503173316134,91.82645742501525,1801.9881818276285,2.5427411851198203,44.0625,0.6573575515679848,0.4935515873015872,0.00031393347648209214,118.5793961867277,1806.8239963108235,2.5427098400007218,73.4375,after
Miami Grand Prix,2026-05-03,OCO,Haas F1 Team,14,0.0,218.64847339740578,0.6979577089106367,0.6411210317460317,6.885195627655739,90.70686847996114,1917.8442496892505,5.252074959860035,117.50000000000011,0.6993797235526429,0.5595238095238095,4.860055305140568,112.18817423066288,1925.18351364356,5.23820470514384,117.50000000000011,after
Miami Grand Prix,2026-05-03,OCO,Haas F1 Team,19,5.0,173.49034888874453,0.5418978523974064,0.49409722222222213,45.93103147301622,132.81218652675827,1149.6588967825942,2.069911663915194,45.1875,0.5424895548193187,0.36259920634920634,47.974350782435614,190.4555009687591,1145.5452850881468,2.255785826072207,75.3125,after
Miami Grand Prix,2026-05-03,OCO,Haas F1 Team,20,0.0,187.49626523031043,0.5429673054839069,0.5062499999999999,49.70845713033874,134.8019703127662,1181.371093739196,2.1075236005409863,45.5625,0.5446967128976357,0.37366071428571423,52.92927185400771,191.67975473879358,1174.3331877247222,2.279659573138162,60.75,after
Miami Grand Prix,2026-05-03,OCO,Haas F1 Team,21,0.0,168.30317126429608,0.5579487431052024,0.5041666666666665,43.67453437802478,132.224499445686,1220.9978774689766,2.0182951547735173,30.25,0.5615993467602763,0.3721230158730158,44.649158997769106,183.4138571196355,1217.490253523981,2.17487501581427,45.375,after
Miami Grand Prix,2026-05-03,OCO,Haas F1 Team,22,5.0,180.48599718178636,0.5712944162433731,0.5036706349206349,52.01819854485846,141.3630722709648,1269.3363697960565,1.499341870426925,13.6875,0.5746062874521551,0.36245039682539676,58.504033072728355,206.48814544811034,1258.9915518881076,1.687773763624223,27.375,after
Miami Grand Prix,2026-05-03,OCO,Haas F1 Team,24,0.0,172.41510197576366,0.5662020990581613,0.5259920634920634,47.02458311956301,130.47516429095953,1275.721241062674,1.765683274830086,0.0,0.5721413165982898,0.3825396825396825,43.02286888903895,180.71447427459856,1279.6274599167054,1.84609262003106,15.0625,after
Miami Grand Prix,2026-05-03,OCO,Haas F1 Team,27,0.0,173.14261171373283,0.504219812304188,0.5104166666666666,69.4607843766405,148.07316397963848,984.9458302682559,1.581534210479617,15.3125,0.5080240960545301,0.3645833333333333,71.89533950796766,208.02440151095098,977.0280237121691,1.7727553953291302,45.9375,after
Miami Grand Prix,2026-05-03,OCO,Haas F1 Team,28,0.0,174.06688139032465,0.5347477712699016,0.5020833333333332,54.73131734346393,137.47501094979023,1107.9776562151892,1.6299984805099414,30.125,0.5401200094381972,0.35863095238095233,56.03046359274021,197.34323651524298,1102.4886089480738,1.792824474199511,45.1875,after
Miami Grand Prix,2026-05-03,OCO,Haas F1 Team,29,10.0,163.49773675367194,0.5159037990241206,0.4575892857142857,71.07813931960622,162.3610863974151,808.4331385551658,1.131037620625004,15.3125,0.5127359475924457,0.2874503968253968,76.12193251792577,247.98679738933293,786.3635506023861,1.473579473650737,61.25000000000006,after
Miami Grand Prix,2026-05-03,OCO,Haas F1 Team,34,0.0,181.9882254182495,0.48567028115606675,0.469345238095238,88.92616350990565,171.42115007159083,660.5161153324425,1.5056981029485434,15.5625,0.4899267736628195,0.29642857142857143,95.6414121913665,253.02111970826292,641.1372077682807,1.7918986696851948,62.25,after
Miami Grand Prix,2026-05-03,OCO,Haas F1 Team,35,0.0,216.52712642549548,0.48553864347513426,0.4712301587301587,91.52250918407624,170.37668027424456,642.2345595050775,1.304788633676182,15.625,0.4946064786672064,0.28521825396825395,96.04556876695906,260.33630803563915,626.8453758016187,1.7112669004222942,62.5,after
Miami Grand Prix,2026-05-03,OCO,Haas F1 Team,37,5.0,196.08238093299497,0.47858209844163563,0.4759920634920634,82.76959604913283,162.10181544408297,703.4167996078152,1.4227600017771755,30.5,0.4848494990286975,0.30654761904761907,90.3346739902528,242.4845362407834,671.505169306856,1.7837113045973387,45.75,after
Miami Grand Prix,2026-05-03,OCO,Haas F1 Team,41,0.0,200.34557625222618,0.4997992932609711,0.4618055555555556,82.86180137667658,168.53689678981434,728.1712845946287,1.248762057364004,15.3125,0.506121820919485,0.2795138888888889,87.86510010880279,257.82101389722317,712.6319136277893,1.5962825599998862,61.25,after
Miami Grand Prix,2026-05-03,OCO,Haas F1 Team,43,0.0,163.15136333626333,0.5155080227110965,0.47395833333333326,64.62277816435062,152.14907248224313,927.9054650632141,1.5269396047343262,15.3125,0.5208804308366977,0.3159722222222222,67.83509989635645,221.4148153496558,917.393439756843,1.6749647733632753,61.25,after
Miami Grand Prix,2026-05-03,OCO,Haas F1 Team,45,0.0,192.03388112676055,0.47293960078095454,0.49404761904761896,93.04669999655736,170.23295986398276,670.0252908150212,1.9425072818038798,31.125,0.4818732507387978,0.3211309523809524,95.3516975716793,239.26297099602397,659.0985026769144,2.1514236933146647,46.6875,after
Miami Grand Prix,2026-05-03,OCO,Haas F1 Team,46,15.0,183.8699668793349,0.4895754428074147,0.4839285714285713,86.2004194384314,164.25465256980615,675.0067820030678,1.022920155911156,0.0,0.49591148854509925,0.314484126984127,90.96993009663043,240.746420053632,659.5271499196824,1.2974498590896353,45.75,after
Miami Grand Prix,2026-05-03,OCO,Haas F1 Team,48,0.0,219.49692736278578,0.6077878819226743,0.6164682539682539,49.880759290909985,126.09141275799321,1485.2282092263886,4.561887340323705,119.50000000000011,0.606642205546284,0.5097718253968253,48.62909632156636,153.9822124971078,1492.9035703567395,4.6215839181222,104.5625,after
Miami Grand Prix,2026-05-03,OCO,Haas F1 Team,50,15.0,168.04144522806575,0.5374469665213469,0.5181547619047618,55.65627542256421,134.96161020473804,1064.958389742233,1.9149962674487968,45.5625,0.5397542321390018,0.38556547619047615,57.67273194144596,187.1998176797073,1058.8573164182333,2.0341182213138094,45.5625,after
Miami Grand Prix,2026-05-03,OCO,Haas F1 Team,51,5.0,149.06329498853913,0.5478034860813008,0.573015873015873,51.89659413120112,128.59365325699878,1261.1379762521553,1.6703432956231714,29.875,0.5474410967045871,0.46631944444444434,57.49048788816657,165.3783792705907,1252.8024729860372,1.7630185991556722,44.8125,after
Miami Grand Prix,2026-05-03,OCO,Haas F1 Team,52,15.0,184.88964943062473,0.544254438676378,0.5061011904761904,66.07186459166154,145.0621454497505,963.703291853947,1.8099752815529493,30.375,0.5482438543879949,0.3614583333333333,70.44956065762945,207.13236885263382,952.0986281775384,1.9919710061038245,60.75,after
Miami Grand Prix,2026-05-03,OCO,Haas F1 Team,53,5.0,193.56815747951856,0.5116861594381424,0.5201388888888888,76.87963850114491,152.62630228992563,915.7037163024465,1.7031058354356094,30.25,0.5153510528847283,0.3760912698412698,79.97384163103851,206.5004332494551,906.9249932519145,1.9914940952559494,45.375,after
Miami Grand Prix,2026-05-03,OCO,Haas F1 Team,55,10.0,170.60998051659269,0.5014839706449482,0.5000992063492062,73.27060068566037,150.90733269526845,845.4253113090746,1.623355164558875,30.25,0.5051539564528175,0.3560515873015873,77.22954479318857,208.99926899047043,834.168467601323,1.8208131534537462,45.375,after
Miami Grand Prix,2026-05-03,OCO,Haas F1 Team,56,15.0,179.59931745547783,0.5152739811570901,0.4839285714285713,79.93203628908061,160.67029439029497,773.6128065213566,1.2515251566847543,15.25,0.5105315699308728,0.3386904761904762,88.54066267117693,230.52335928296944,754.1909395034835,1.597014712630588,45.75,after
Miami Grand Prix,2026-05-03,LIN,Racing Bulls,3,0.0,,0.5983037965205661,0.43313492063492065,5.1143147172675665,121.1964006321868,1490.2295617450707,3.2390657979210213,14.75,0.5909015327200275,0.3277777777777778,13.104594953595218,184.24846416556727,1479.9133811011502,3.2814339258916583,59.0,after
Miami Grand Prix,2026-05-03,LIN,Racing Bulls,5,0.0,181.18395933001943,0.5660721391465781,0.5501984126984127,44.028368355052116,127.22799160762835,1380.0785144142637,2.751910999595599,44.25,0.567164225783464,0.42142857142857143,39.04860872732672,167.76928790623717,1389.1319820187166,2.7589224183099827,44.25,after
Miami Grand Prix,2026-05-03,LIN,Racing Bulls,14,0.0,,0.5440251845043937,0.39449404761904755,43.89441057975294,157.5151309190251,963.6839657513584,1.4138777352532013,30.124999999999943,0.5493614066675178,0.21517857142857139,48.98349368950025,241.25998602313146,951.5559233361168,1.895502832504758,30.125,after
Miami Grand Prix,2026-05-03,LIN,Racing Bulls,19,0.0,188.44979016054884,0.5058279212963916,0.5076388888888888,73.59864630342231,154.42789890780256,983.3592262443224,1.87475793492715,29.75,0.5098594286112853,0.3541666666666667,77.00630545525792,218.73165660010224,974.6101896106571,2.1590491680610526,59.5,after
Miami Grand Prix,2026-05-03,LIN,Racing Bulls,20,0.0,218.85309664645402,0.6044334841246752,0.6611111111111111,46.31542656156594,118.98494706985258,1654.8920093491065,5.193010378741162,119.00000000000011,0.6067968344477354,0.5548611111111111,49.03258254688717,151.55676848335256,1648.9781816723769,5.269658881570164,119.00000000000011,after
Miami Grand Prix,2026-05-03,LIN,Racing Bulls,21,0.0,258.2852451681774,0.6195820513697895,0.6904761904761904,54.43975179094179,126.3552855961423,1737.5470290250967,5.510374543179483,116.0,0.6200391933431343,0.5869047619047618,59.78198758282027,158.7615028343108,1737.1592090214904,5.5666986028719965,116.00000000000011,after
Miami Grand Prix,2026-05-03,LIN,Racing Bulls,23,0.0,,0.48873889662000836,0.7343749999999999,19.91573637921995,85.47676589649967,1594.6245206481308,2.807115622934961,176.2499999999999,0.4883727285141318,0.6760912698412699,46.95032394663053,127.12983451641142,1575.1947144827602,2.7911771203180353,117.50000000000011,after
Miami Grand Prix,2026-05-03,LIN,Racing Bulls,24,0.0,113.6696995556519,0.5180064520637373,0.6904761904761905,15.351945498977964,85.2024404679501,1607.2101504473171,1.9415032441082443,105.0,0.5180173909827727,0.6309523809523808,27.20371408422117,113.24943965115837,1593.6686520899298,1.9085910007407594,120.00000000000011,after
Miami Grand Prix,2026-05-03,LIN,Racing Bulls,25,0.0,,0.5016258534581736,0.6411210317460317,0.00028343432116192924,72.66589814318324,1553.6761710178605,2.1306799098559868,117.50000000000011,0.5016696332600887,0.5828373015873015,1.3159855624066046,90.73145158920333,1552.9705734197746,2.117041505464616,117.50000000000011,after
Miami Grand Prix,2026-05-03,LIN,Racing Bulls,27,0.0,164.9772990137306,0.5595095127537578,0.4081845238095237,68.66953467903771,155.24666247639013,691.5071652124628,0.9748883856876402,13.1875,0.5707838986036339,0.24072420634920635,74.90414068327028,234.83153329186044,677.4685204267035,1.1304651558535699,52.75,after
Miami Grand Prix,2026-05-03,LIN,Racing Bulls,30,0.0,170.57961202551382,0.5254551505055123,0.5194444444444444,65.57938197922935,144.75920782634373,1051.05884930123,1.7349555178799414,44.625,0.5252479831920385,0.3895833333333333,72.54675236519077,199.12058297024254,1038.209502080856,1.8965015349958112,44.625,after
Miami Grand Prix,2026-05-03,LIN,Racing Bulls,31,0.0,157.0014970133996,0.5305061567760656,0.5478670634920635,63.29615477357215,141.20011514979177,1182.8512056203426,1.551281020559655,29.375,0.5323804910069837,0.41964285714285715,66.87498919760203,187.77510216563675,1175.9872884875415,1.706713282946132,44.0625,after
Miami Grand Prix,2026-05-03,LIN,Racing Bulls,32,0.0,160.67203404920997,0.5567833586186263,0.5501984126984127,51.298294384100274,129.1598592548706,1256.2689117738732,1.7262209154423953,29.5,0.5571690037908411,0.43313492063492065,54.81074681674119,172.72590697135894,1250.915689250705,1.861302073073295,44.25,after
Miami Grand Prix,2026-05-03,LIN,Racing Bulls,33,0.0,,0.6032191819163913,0.796031746031746,0.00043346675367269606,71.23566406525448,1966.5643163868715,3.378852169229186,162.2500000000001,0.6152689691082639,0.7726190476190475,47.40769841801067,114.9099636741186,2022.297177903551,3.3803390399164583,236.0000000000001,after
Miami Grand Prix,2026-05-03,LIN,Racing Bulls,34,0.0,179.5346972541481,0.5251596456044639,0.49270833333333325,78.65215810637528,161.7595382636114,957.0009850230514,1.4527962234797458,14.4375,0.5287438414628401,0.33229166666666665,84.31127980851427,232.77175086763867,944.7226293375527,1.7619340491698687,57.75,after
Miami Grand Prix,2026-05-03,LIN,Racing Bulls,35,0.0,177.93606193027483,0.5226848380888661,0.5476190476190476,75.50625710302629,150.3130160914177,1063.638637625388,1.4842529720603777,30.0,0.5282889557681183,0.40476190476190477,78.08358965110851,201.14505831747456,1055.020505759064,1.6639603251546466,30.0,after
Miami Grand Prix,2026-05-03,LIN,Racing Bulls,36,0.0,177.6452279596671,0.5148892612034667,0.5303571428571427,78.8642380177464,152.91210473079894,973.1669459930472,1.4998700049812106,30.375,0.5175762552662684,0.3857142857142857,84.3054583866581,211.5598796082249,960.4355034680043,1.6830962726940493,45.5625,after
Miami Grand Prix,2026-05-03,LIN,Racing Bulls,37,0.0,185.68987991826705,0.5201834176759882,0.5200892857142856,71.53188648555829,150.9295285230881,1062.6561111029098,1.499840492421526,14.5625,0.521260446167402,0.3813988095238095,79.06550070087152,209.55173536382077,1049.673348349192,1.7464427012902253,43.6875,after
Miami Grand Prix,2026-05-03,LIN,Racing Bulls,38,0.0,174.0447112782664,0.49711909085168743,0.521626984126984,76.0534435738945,153.6913257760845,941.9086967654758,1.3446769526109916,29.875,0.5009529424450103,0.3793650793650793,80.57964005819154,206.25345817994628,930.6275692578523,1.5407837907580766,29.875,after
Miami Grand Prix,2026-05-03,LIN,Racing Bulls,39,85.0,172.72070587311802,0.9999991880896173,0.43174603174603177,67.77384022531133,214.36121230809258,1513.4574645168327,14.947478514797393,269.9999999999999,0.9999995572109199,0.12103174603174603,105.64259277267129,455.6424377964933,1405.22437408174,15.432474191011995,67.49999999999999,after
Miami Grand Prix,2026-05-03,LIN,Racing Bulls,40,0.0,170.6355362156709,0.515549678171669,0.5259920634920634,76.59418699388846,150.8308844306214,989.2954548703009,1.3920653673966779,30.125,0.5183675817366603,0.3825396825396825,81.76827968876633,210.24518351232203,977.3271481090404,1.6216044445851236,45.1875,after
Miami Grand Prix,2026-05-03,LIN,Racing Bulls,42,0.0,181.87833819550428,0.6034969007747472,0.5245535714285713,77.73100926737017,162.588483301912,1218.871842023283,2.996721980009243,14.6875,0.6313276510402053,0.3030753968253968,73.17977217406775,255.73623538857942,1217.1471942303003,3.0431385548313163,88.12500000000006,after
Miami Grand Prix,2026-05-03,LIN,Racing Bulls,44,0.0,164.6642637119062,0.4435311558752265,0.6001984126984127,54.430261352251044,120.62130435042278,1120.906197506081,4.521081855183076,90.75,0.44173661724452684,0.5041666666666665,58.55129468143592,151.3957175286791,1117.129078387489,4.58427625045277,90.75,after
Miami Grand Prix,2026-05-03,LIN,Racing Bulls,48,0.0,169.85101430378202,0.49507510873090643,0.5735119047619047,71.15187663160202,137.94025548070954,1050.254013346107,1.5271809693451117,30.75,0.49852541660707594,0.45148809523809524,77.65870144993518,183.95490060322462,1035.7091444185896,1.5936833997813826,46.125,after
Miami Grand Prix,2026-05-03,LIN,Racing Bulls,49,0.0,168.17767017473687,0.5197058750498363,0.5736111111111111,72.27475830492871,140.9037207830224,1139.0657502681718,1.0557757462818913,14.75,0.5270772885763487,0.43313492063492065,73.63610981528112,187.50878930532863,1130.1253663162404,0.9629419391428452,14.75,after
Miami Grand Prix,2026-05-03,LIN,Racing Bulls,50,0.0,175.7590293345119,0.5005420371095938,0.6020833333333332,73.51250886803899,138.55272147795554,1139.8961998306092,1.5420848606931699,44.625,0.5023534686740003,0.48402777777777767,80.58553528297405,180.93112057878213,1127.8035739428033,1.513799271145287,44.625,after
Miami Grand Prix,2026-05-03,LIN,Racing Bulls,51,0.0,174.0020531831738,0.49554810846888525,0.5619047619047619,71.7570623456419,140.1953005325378,1072.6673350027127,1.637105127564501,29.5,0.502425582498111,0.43313492063492065,81.86604250222578,193.3290747413766,1054.7895959210355,1.6745782075483273,29.5,after
Miami Grand Prix,2026-05-03,LIN,Racing Bulls,52,0.0,176.99303094701312,0.4944975996365059,0.6020833333333332,83.88192584125665,147.08482928541824,1080.084880140489,1.6995676242530149,44.625,0.49828732653724633,0.47222222222222215,89.73357225745957,191.61655118263747,1067.9162998839363,1.6411985401238487,44.625,after
Miami Grand Prix,2026-05-03,LIN,Racing Bulls,54,15.0,112.4298299716336,0.49961106329056576,0.6530257936507936,30.545253209117977,96.34091105934738,1357.565162902953,1.7571949987234334,102.81250000000011,0.5016193161332144,0.5714285714285714,35.32860692064029,123.34038695548975,1347.7994765771336,1.6841805399056862,88.125,after
Miami Grand Prix,2026-05-03,LIN,Racing Bulls,55,0.0,170.32545911640483,0.5164377048739681,0.5499007936507936,72.08957269712751,142.5189556157979,1045.9265661700513,1.60119597090742,30.125,0.5195068718883306,0.4184027777777778,76.9887831471357,192.58123059743892,1034.347384899553,1.6448091959673594,30.125,after
Miami Grand Prix,2026-05-03,ALO,Aston Martin,2,0.0,183.30221214193043,0.5195196357712956,0.6409722222222222,58.34128871243117,125.38706830216428,1551.5768451770582,5.935533877019997,136.5000000000001,0.5180408914410034,0.5597222222222221,47.40769841801067,117.42400860364124,1591.9032339852038,5.958916272511726,227.5,after
Miami Grand Prix,2026-05-03,ALO,Aston Martin,3,0.0,181.83632594606817,0.4675975869173875,0.5019841269841269,61.99035526968719,145.5342806711931,987.4162906308367,3.432887457043511,71.875,0.4665066304733604,0.3764880952380952,67.18374694202465,195.97395323154868,979.0379303335401,3.579705938046386,100.62500000000006,after
Miami Grand Prix,2026-05-03,ALO,Aston Martin,5,0.0,194.69564237964144,0.5400312718430024,0.530952380952381,39.36010745157463,124.11830072442146,1326.210388927358,3.44326507354766,83.625,0.5401863403999007,0.4203373015873015,42.64474099850315,167.61190974022367,1323.2725293717904,3.5339430339730575,83.62499999999994,after
Miami Grand Prix,2026-05-03,ALO,Aston Martin,18,5.0,214.7609470459517,0.47112309120821627,0.49007936507936506,2.337166166659948e-07,57.00505301170004,1280.8812217042553,5.799876714099621,50.0,0.47026650114109136,0.49007936507936506,47.40769841801067,13.515939557585195,1304.081771123559,5.772250642803012,143.75000000000006,after
Miami Grand Prix,2026-05-03,ALO,Aston Martin,19,0.0,159.85963993685826,0.468142539124498,0.5055555555555555,70.93048679952393,151.33622945121704,1125.3566211096665,3.183748093067136,79.625,0.46615509888258777,0.3791666666666666,89.56211385683994,215.426275372072,1128.7227511530327,3.399011101216794,79.625,after
Miami Grand Prix,2026-05-03,ALO,Aston Martin,21,5.0,204.52704867407792,0.38879350911921084,0.2528571428571429,159.53453442305627,133.78632718766517,645.1462760276756,1.60480477047407,25.600000000000023,0.3849472460286879,0.19126984126984126,47.40769841801067,55.242510855495844,679.0165354435628,1.6400775627356607,96.00000000000003,after
Miami Grand Prix,2026-05-03,ALO,Aston Martin,22,0.0,166.825327881601,0.3843674477498666,0.4496527777777778,95.04075069831238,171.11430251583363,383.8196852924841,2.4875139881215556,30.625,0.3853442125995434,0.2916666666666667,101.18954638534737,236.06002079518757,365.14842509125526,2.7888670149232824,61.25,after
Miami Grand Prix,2026-05-03,ALO,Aston Martin,23,5.0,169.44806778218967,0.4141521403893811,0.44682539682539685,93.88990962975676,169.9821920620209,409.4493089619358,1.9608222422082886,15.5,0.42260032621252364,0.26230158730158726,96.54975449390739,244.45986866829068,397.14880644118006,2.3646803739288855,46.5,after
Miami Grand Prix,2026-05-03,ALO,Aston Martin,25,0.0,174.3817681419499,0.3934304095979484,0.42232142857142846,11.980417694662112,101.81973643797427,1007.2993556125588,2.629545734202897,96.75000000000011,0.39326241546986845,0.3391369047619047,47.40769841801067,137.65026744401501,1020.8593287923205,2.6466775028237013,96.75,after
Miami Grand Prix,2026-05-03,ALO,Aston Martin,26,0.0,180.14533401725564,0.42000423628246397,0.41592261904761907,16.08787753065574,109.11306570844488,1064.5667418903815,1.977669570730572,88.68749999999989,0.42031906221480436,0.31994047619047616,47.40769841801067,152.85392279643082,1081.3922160221114,2.0197745716557627,64.5,after
Miami Grand Prix,2026-05-03,ALO,Aston Martin,27,0.0,197.52187833557363,0.42572581109909063,0.4459821428571429,97.36508892814894,178.12893895376916,443.41120154581097,1.8495966143543694,30.375,0.4308180089179452,0.26517857142857143,103.38203171290301,254.16833483418387,424.8226196027031,2.277390757899107,45.5625,after
Miami Grand Prix,2026-05-03,ALO,Aston Martin,30,10.0,229.83965474353712,0.4212219463836844,0.4899305555555555,120.4241321894947,192.662673077051,421.0912975559298,1.6632867294900575,14.8125,0.42747646512508497,0.30183531746031744,129.69131586806213,278.02302182169103,398.6697270648279,2.3120967279434597,59.25,after
Miami Grand Prix,2026-05-03,ALO,Aston Martin,31,10.0,196.43940919537917,0.3362852642811583,0.26460317460317456,489.448250720641,275.5831901751908,485.28562848457625,2.5977290833655178,42.900000000000034,0.32889917393839396,0.1847222222222222,47.40769841801067,71.9790273302989,562.2137610065065,2.7310720768572736,82.49999999999997,after
Miami Grand Prix,2026-05-03,ALO,Aston Martin,32,0.0,188.1778548391263,0.4206486480382059,0.4496527777777778,117.31943932838936,195.364328912957,311.2127236412931,1.298313715460829,30.625,0.43910143247703853,0.2430555555555555,121.33923174625983,275.02473311322336,293.5283678446596,1.701441400367817,30.625,after
Miami Grand Prix,2026-05-03,ALO,Aston Martin,33,0.0,172.51345326652594,0.40172528278708924,0.4526785714285713,98.51545440829904,174.35714252254,477.5929889947719,2.5451791825657857,29.25,0.4161029910481832,0.2669642857142857,105.48397742357751,251.12002429044162,459.8895979742932,2.8829835221487454,87.75,after
Miami Grand Prix,2026-05-03,ALO,Aston Martin,34,0.0,219.31901548932422,0.49171783069803443,0.4977777777777778,1.9228801722539073e-06,56.22411120098216,1334.6966616359578,3.971186820315993,51.200000000000045,0.49095544710231753,0.4977777777777778,47.40769841801067,13.221066195135586,1357.8213343187422,3.946748358105479,147.2000000000001,after
Miami Grand Prix,2026-05-03,ALO,Aston Martin,35,0.0,207.53231067942062,0.44060107973746165,0.4604166666666666,98.83719595935628,176.89088707653224,552.9491638800382,1.3910854032237363,14.875,0.4487428557792802,0.27152777777777776,106.86384846268601,263.92384798543407,528.8900270473642,1.8709063261941985,44.625,after
Miami Grand Prix,2026-05-03,ALO,Aston Martin,39,0.0,188.54910821967258,0.4039506596823066,0.39548611111111104,0.0008924528636623892,93.18162975381222,997.7589074551829,2.395558295626389,89.25000000000006,0.40311577884275157,0.31875,47.40769841801067,124.5902164313865,1014.8551858042999,2.4018385488526492,118.99999999999994,after
Miami Grand Prix,2026-05-03,ALO,Aston Martin,43,0.0,172.69757938625838,0.44111847675633153,0.6026785714285713,97.45876338304565,155.93309858996543,873.213788949979,1.733182212546527,45.5625,0.4460861432143845,0.4700892857142856,114.78641213411751,212.3733791696055,841.002255842181,1.5444133266174225,15.1875,after
Miami Grand Prix,2026-05-03,ALO,Aston Martin,44,0.0,191.8778591036722,0.5495289791077657,0.5183035714285713,34.937569830344614,117.45850897798424,1257.7598390174414,3.3301635294259926,75.9375,0.5456795171139212,0.421875,39.293396219671756,158.08421039011586,1253.8585159603479,3.4369652496055996,91.12500000000006,after
Miami Grand Prix,2026-05-03,ALO,Aston Martin,49,0.0,345.6854436435924,0.5405800308170653,0.6533333333333333,95.23001662219974,101.33717765066211,1568.2484493306054,7.166865425562002,109.20000000000005,0.5399036964651244,0.5999999999999999,47.40769841801067,49.532611201100366,1595.914840741706,7.167221494839772,168.0000000000001,after
Miami Grand Prix,2026-05-03,ALO,Aston Martin,50,0.0,186.25626696703978,0.5454978651223402,0.521626984126984,52.98164099752922,135.95294474057854,1169.8945085703913,3.1282600663880977,59.75,0.5448613150394819,0.40307539682539684,57.328566043699944,180.0869333377212,1162.9841161543368,3.290480698835295,74.68750000000006,after
Miami Grand Prix,2026-05-03,ALO,Aston Martin,51,0.0,235.53271958491317,0.5819353030866659,0.5587301587301586,91.12848825861951,163.39368160725954,1375.222421470064,4.272604724903916,88.0,0.5998648235472958,0.41904761904761906,47.47071990101458,168.7480752281043,1447.9666891860422,4.410937185710212,88.00000000000006,after
Miami Grand Prix,2026-05-03,ALO,Aston Martin,52,0.0,227.82002937898355,0.44215031356877177,0.3777777777777777,118.95431927194257,208.25375677690633,93.90259131893673,1.0901755433492806,0.0,0.46974130624916877,0.17708333333333331,127.25992051673379,291.6693777039428,65.19564555659029,1.9375735396135638,29.75,after
Miami Grand Prix,2026-05-03,ALO,Aston Martin,53,10.0,239.4799889730931,0.40286888427273015,0.3739087301587301,122.10993426425374,207.3376965251313,-63.99581208542929,1.371417257495286,14.875,0.41523440852288035,0.1968253968253968,132.2996519257978,277.6316949088059,-99.41140740620725,2.0960697920681297,29.75,after
Miami Grand Prix,2026-05-03,ALO,Aston Martin,54,0.0,210.14833902095864,0.38613395442180476,0.36011904761904756,118.34606918335531,199.70550232083193,-110.89915961379354,1.8091400160274502,15.125,0.39446448845733695,0.19206349206349205,126.02199202681778,264.0845629868857,-141.8856332632743,2.5050843576857518,30.24999999999997,after
Miami Grand Prix,2026-05-03,ALO,Aston Martin,55,0.0,216.34827404214337,0.38028126027912984,0.35267857142857145,126.31158958268784,209.09890787725547,-179.7414273509316,1.6110318933087817,14.8125,0.3968733397532061,0.1763392857142857,131.83872123351688,270.744390147139,-206.66844678855543,2.554682134943947,44.43749999999997,after
Miami Grand Prix,2026-05-03,PER,Cadillac,2,5.0,169.854501306059,0.7000408114306679,0.7087301587301587,0.0009672491846264237,81.19917463943497,2054.669638586979,6.198019807248228,277.5,0.7108968471812288,0.6426587301587301,9.526062359991613,108.75656472260445,2069.380483878554,6.179875918094911,277.5,after
Miami Grand Prix,2026-05-03,PER,Cadillac,3,5.0,168.76062572374067,0.6314729713388842,0.5471230158730159,16.57919185150971,108.7796288600248,1623.2837653313672,3.890725206164201,82.125,0.630379089620728,0.44935515873015863,17.394213869568404,144.3743296111539,1627.6493360272577,3.9543773625655048,109.5,after
Miami Grand Prix,2026-05-03,PER,Cadillac,12,0.0,,0.5978430577121914,0.5033730158730158,0.00018438081610124915,96.87702403967823,1562.625008876286,3.651723292754425,29.5,0.5913934226372927,0.43313492063492065,0.00038874671784765895,125.32546596039111,1579.8193005847777,3.629412655090953,59.0,after
Miami Grand Prix,2026-05-03,PER,Cadillac,14,5.0,211.93496031295484,0.6110844390501456,0.550843253968254,49.92739529669486,134.07715695501085,1393.4005901558933,4.042997563006024,98.4375,0.6070507694390204,0.439236111111111,48.75045466033501,172.35756926738364,1412.588856827718,4.148666512440363,98.4375,after
Miami Grand Prix,2026-05-03,PER,Cadillac,18,0.0,191.23954823174526,0.4689693259394349,0.48670634920634914,93.04144286158494,168.9475793780235,786.7542560190728,1.989787029633633,41.8125,0.4765369660483433,0.30972222222222223,99.19118640714716,251.54131241565017,773.6936560241668,2.3119417804925355,69.6875,after
Miami Grand Prix,2026-05-03,PER,Cadillac,19,5.0,186.1677428996595,0.49114630189239183,0.4563492063492063,91.0517664155297,175.61252600515053,694.8015410484649,1.3640828682928021,14.25,0.49663410961899807,0.2640873015873016,98.15986789076334,271.98180625741264,677.7854380444984,1.8881479624628834,42.75,after
Miami Grand Prix,2026-05-03,PER,Cadillac,20,20.0,213.95677693536226,0.5011935434421597,0.44563492063492055,92.70164245943938,184.40203653686814,641.6259803447848,1.2495876034541151,14.25,0.5081143503319617,0.242063492063492,101.16608954346417,279.0061121596508,620.5716153373991,2.0404301373022937,14.25,after
Miami Grand Prix,2026-05-03,PER,Cadillac,21,10.0,190.8729947125612,0.4728141738090324,0.4548115079365078,90.66467981402529,172.89638128620993,647.2796973541185,1.483790398192519,14.4375,0.47840051526791544,0.2600198412698413,96.98245713457608,264.4226374783465,630.8935490634693,2.0376800036335756,43.3125,after
Miami Grand Prix,2026-05-03,PER,Cadillac,22,0.0,202.6718550766041,0.48953342456152327,0.4410714285714285,97.35999611970787,185.47957384331383,646.7272575613543,1.4599994176304436,14.25,0.49432137172751395,0.23749999999999996,104.52327770926628,277.53575781389617,626.4965064253805,2.1602482510178427,28.5,after
Miami Grand Prix,2026-05-03,PER,Cadillac,23,0.0,173.93889226145973,0.4917931580991194,0.4642857142857142,88.40298934415033,172.5024768631393,748.9936838176557,1.2770330589995647,14.625,0.49134341012806515,0.29017857142857145,97.71220322452106,262.3636230219832,727.9743053481702,1.709709503255303,58.5,after
Miami Grand Prix,2026-05-03,PER,Cadillac,25,10.0,178.63567618176899,0.4643569489730935,0.4257936507936508,94.79262590135586,184.52348479260453,491.37327640670634,1.738674864105369,14.625,0.46684234820965775,0.24007936507936503,104.15566007166244,267.5504819450427,465.6204157598201,2.3254173825284083,29.25,after
Miami Grand Prix,2026-05-03,PER,Cadillac,26,0.0,179.52881404315252,0.4765492227182655,0.4546130952380951,94.59886214270908,175.6153586732066,650.7392729202338,1.4006467102392712,14.6875,0.48171145495049833,0.2564484126984127,101.85627484320482,270.4552840758792,631.1253644730515,1.8650663443910096,44.0625,after
Miami Grand Prix,2026-05-03,PER,Cadillac,27,0.0,206.45444831044657,0.5028145654295687,0.44107142857142856,92.31729227669082,182.17147311607337,680.8448865703688,1.2912584169791537,14.625,0.5097010414860387,0.2321428571428571,98.66088954368156,277.0562540637951,661.5958745357979,1.975238433664279,14.625,after
Miami Grand Prix,2026-05-03,PER,Cadillac,31,10.0,173.25093867826567,0.4713618933231325,0.4222222222222222,102.04994828822551,192.39515077106554,449.37342757853605,1.224176261710002,14.5,0.49042395312784093,0.21507936507936504,108.68535797280143,280.33374156754576,429.67528535931604,2.037323830514328,43.5,after
Miami Grand Prix,2026-05-03,PER,Cadillac,32,0.0,220.78630126690788,0.4589243427983217,0.4429563492063492,112.85910090216451,190.67759458475513,433.0387687312268,1.257213809904183,14.6875,0.47273836957962106,0.23313492063492058,121.00951494570297,286.46794429857033,410.6660740445722,2.053493921329691,29.375,after
Miami Grand Prix,2026-05-03,PER,Cadillac,33,0.0,219.48553775686486,0.4654771532484151,0.4142857142857143,107.05414651092578,195.82888407433057,399.33467756749275,1.2607662797178032,14.5,0.4689205536578942,0.2186507936507936,116.8638828982051,280.98607667846807,370.2043715300342,2.211146086574899,29.0,after
Miami Grand Prix,2026-05-03,PER,Cadillac,34,0.0,227.48915724856317,0.4705502059940253,0.42142857142857143,112.55009384573914,199.05618670218297,376.54069545982696,1.1710403226529245,14.75,0.4843337368758889,0.21071428571428566,119.92851474839328,289.4453226549544,351.98569318415133,2.185767247038824,29.5,after
Miami Grand Prix,2026-05-03,PER,Cadillac,38,0.0,227.71097741435725,0.46726782623285085,0.4373015873015872,102.33768358271017,186.32199644270867,519.5326448188172,1.6205163324277991,14.5,0.46909072253042083,0.2416666666666666,111.5782193270819,275.75997221272917,495.9890333676241,2.424047925123187,58.0,after
Miami Grand Prix,2026-05-03,PER,Cadillac,39,0.0,199.09751115719817,0.4690615104683993,0.4546130952380951,102.72130982055425,179.39380946030857,550.9222538480064,1.2203980647014692,0.0,0.4763669744906026,0.2564484126984127,111.44635385223532,278.17479492394625,528.2732868984593,1.718572059766323,58.75000000000006,after
Miami Grand Prix,2026-05-03,PER,Cadillac,40,0.0,214.18900839776774,0.4698332202353894,0.4410714285714285,97.53620362848035,180.2723844143451,542.402369338656,1.454974237503779,14.625,0.47473421768133606,0.24374999999999997,105.94956684645004,272.10654303491765,520.2396054733905,1.9250252690193266,43.875,after
Miami Grand Prix,2026-05-03,PER,Cadillac,42,0.0,215.43119074149087,0.5100715924676763,0.46190476190476193,93.07412827506481,178.6246925561402,931.6174905087785,1.5594993497227576,24.25,0.5163748845812778,0.26944444444444443,111.47145271734561,287.986209243233,914.3663818325338,2.017163094028192,72.75,after
Miami Grand Prix,2026-05-03,PER,Cadillac,44,0.0,251.73023177483358,0.5585164953830563,0.5316468253968254,79.11579224813732,156.731980987608,1083.543020756902,3.2162888666257534,58.250000000000114,0.5615858292739211,0.3929563492063492,88.96317629732707,216.71874754907904,1081.220358334419,3.4314047451569736,72.81250000000006,after
Miami Grand Prix,2026-05-03,PER,Cadillac,49,0.0,197.9932378697385,0.44952966772483544,0.41150793650793643,61.60666650058622,149.12447330907295,645.5520445548685,2.153537143556791,30.499999999999943,0.45140760541355496,0.2541666666666666,68.06327123532658,226.0559331300708,627.5025709299712,2.205504646812086,76.25000000000006,after
Miami Grand Prix,2026-05-03,PER,Cadillac,50,0.0,,0.5030923589020277,0.4259920634920634,0.00018131921510752724,99.66269042944077,1220.0059490009235,2.771931156690351,56.49999999999994,0.5045935014676984,0.32509920634920636,5.654565844830483e-07,142.6904870640959,1220.2270261673452,2.8093479034674087,113.0,after
Miami Grand Prix,2026-05-03,PER,Cadillac,51,0.0,116.05137568002309,0.48913023344850126,0.4523809523809524,20.118172644668896,109.95110533213209,1106.008016049103,2.680881960061008,90.0,0.4917919029418561,0.34523809523809523,21.278895214817236,154.7058468095442,1102.7640806155575,2.6679138556817534,120.0,after
Miami Grand Prix,2026-05-03,PER,Cadillac,52,0.0,256.6295567181944,0.5521326160401725,0.5022321428571428,83.51567136479181,161.10717533225204,1005.3726767547682,2.9750667151222068,42.1875,0.5495289818042256,0.3571428571428571,95.47181671013882,232.73959046150196,989.590292927767,3.3203730540836784,70.3125,after
Miami Grand Prix,2026-05-03,PER,Cadillac,54,0.0,179.3532561678347,0.5176294748887932,0.48214285714285704,86.397179590403,168.63519616691482,784.8301597971712,1.2346179934379997,15.1875,0.5089656505504666,0.31339285714285714,87.07376285061943,236.03453028301337,758.3560675253926,1.5898512031435954,45.5625,after
Miami Grand Prix,2026-05-03,PER,Cadillac,55,0.0,200.44870073849665,0.49257863177511824,0.43392857142857144,94.4929485965181,180.5081253846124,527.9728091870093,1.503948389815565,0.0,0.49603391518638656,0.2290178571428571,102.3223715247644,275.9342418399997,505.674342949627,2.1261902655050493,60.75,after
Miami Grand Prix,2026-05-03,STR,Aston Martin,5,0.0,156.4472344876029,0.39670745684293474,0.3972222222222222,77.9391189832272,167.64781429361807,660.718758036512,2.556288167561493,45.49999999999994,0.40042770521728827,0.25277777777777777,95.670855241086,235.82055206713693,638.5166926119654,2.7867256439485573,45.5,after
Miami Grand Prix,2026-05-03,STR,Aston Martin,12,0.0,,0.5584313894977945,0.735,2.331239277861665e-06,50.50722528350528,1853.1353182090925,6.390471908650814,75.60000000000014,0.5579838237874983,0.735,47.40769841801067,12.348192501377577,1875.7522156952632,6.374302255546056,170.10000000000014,after
Miami Grand Prix,2026-05-03,STR,Aston Martin,14,0.0,233.4714232694516,0.5037685641360029,0.5567460317460317,64.43590215320687,141.43618020687887,1316.5334171401682,5.367084408217471,138.0,0.5012467412071341,0.44722222222222224,47.8626152322314,160.4697400137351,1352.2599448155318,5.46396017573279,92.00000000000006,after
Miami Grand Prix,2026-05-03,STR,Aston Martin,17,0.0,177.13176418486336,0.36079817267549585,0.4357142857142857,86.31768225072227,160.2060236189501,363.01181247796416,2.5367907502101747,45.75,0.36888032204714927,0.2783730158730159,89.35211392369081,218.46022664019304,352.596852423587,2.760916776437296,61.0,after
Miami Grand Prix,2026-05-03,STR,Aston Martin,18,0.0,169.05291211715956,0.4140532304797497,0.396875,25.639431990393636,120.93113344619681,986.5063484182962,2.1217885585873524,63.49999999999994,0.4135599769930297,0.28978174603174606,47.40769841801067,169.1173394584211,1009.6592217041429,2.199404480743455,63.50000000000006,after
Miami Grand Prix,2026-05-03,STR,Aston Martin,19,0.0,164.15819734574848,0.38073854918150063,0.4618055555555556,87.63501658001869,162.42499578550172,720.0157407056857,2.930018414262148,59.375,0.38060136724187243,0.3204365079365079,97.93449496650979,227.2385988757905,713.0673995621332,3.2155180756835375,71.25,after
Miami Grand Prix,2026-05-03,STR,Aston Martin,20,0.0,180.36261076406933,0.37781481499440256,0.4787698412698413,95.88494217490118,131.40910402521746,1036.2695461927694,2.906916718458759,82.55000000000007,0.3774816249749814,0.396875,47.40769841801067,84.80875659789936,1063.8672295222577,2.9119124816381126,158.75,after
Miami Grand Prix,2026-05-03,STR,Aston Martin,23,0.0,195.0135345974835,0.4671985994245028,0.49583333333333324,63.21838348111121,142.53314187316883,916.6298915752388,2.792969927935952,44.625,0.4667879689004082,0.3659722222222222,66.97083585050459,195.80879258678132,909.3378715570454,3.0465438740728557,74.375,after
Miami Grand Prix,2026-05-03,STR,Aston Martin,24,0.0,187.32084895218006,0.3613685364958217,0.3705853174603174,121.60672026856041,205.45738489737852,-125.73282927093436,1.1389765158233494,0.0,0.37673896415096975,0.2032242063492063,128.62170441184452,260.4803418646839,-152.58869169660417,1.7307852178491199,30.12499999999997,after
Miami Grand Prix,2026-05-03,STR,Aston Martin,28,0.0,203.61332702168488,0.3504653391670498,0.4253472222222222,120.7828379964672,189.97903369111816,3.1196893967270154,2.0252240836807647,15.3125,0.35829219430648057,0.2552083333333333,128.31310400010676,253.71537200737498,-21.086302131054545,2.4782995166406003,45.9375,after
Miami Grand Prix,2026-05-03,STR,Aston Martin,30,0.0,173.65324002444711,0.38565397645573773,0.46180555555555547,88.32587808797177,162.72338851488388,463.6585889518668,2.5315524039551778,45.9375,0.38683868813335814,0.3159722222222222,93.91337788462478,224.7510631241591,447.60339975718654,2.806869297549905,76.5625,after
Miami Grand Prix,2026-05-03,STR,Aston Martin,31,0.0,166.67995950706444,0.38408104553286726,0.4392857142857143,94.65618703298189,167.6595915387109,340.06966400860927,2.143584750303072,30.75,0.38484519546195056,0.2806547619047619,100.55316504590262,235.24898345758533,321.12758412045406,2.4819373544380525,61.5,after
Miami Grand Prix,2026-05-03,STR,Aston Martin,32,0.0,181.60237126058468,0.39653504300642844,0.45515873015873015,102.1215703080904,172.8018026107316,340.8027419568704,2.0541044181573467,31.0,0.40097117408042476,0.28293650793650793,106.91998901839563,247.2598999465443,323.91950570241903,2.4081138917636253,46.5,after
Miami Grand Prix,2026-05-03,STR,Aston Martin,33,0.0,182.86564102271993,0.40282605124598314,0.45515873015873015,101.85439737901125,173.4700936542256,360.8183604200941,1.8490234019630196,15.5,0.40693736893211424,0.28293650793650793,107.7958937987829,250.22397292502288,341.99624977730787,2.267699290191315,46.5,after
Miami Grand Prix,2026-05-03,STR,Aston Martin,34,0.0,199.2134234541469,0.4147710517517812,0.415625,0.9440419635275368,94.3926554232724,1073.1597878398502,1.7548926372069378,66.50000000000006,0.4147604053966458,0.3298611111111111,47.40769841801067,155.95551767612298,1077.096528512291,1.7640885626990725,49.875,after
Miami Grand Prix,2026-05-03,STR,Aston Martin,35,0.0,203.7695237579099,0.40123115286767647,0.41964285714285704,19.195941786196975,107.39036424028234,1007.0992495067702,2.4397860421346382,70.50000000000011,0.4015199088826614,0.3217261904761905,50.91526441169418,182.4542194656196,1006.323300181873,2.4693532081364014,61.68750000000006,after
Miami Grand Prix,2026-05-03,STR,Aston Martin,36,0.0,196.06504299167818,0.3869326649679927,0.45,106.59188281172975,181.206949131498,265.974994066822,2.284600756287483,31.5,0.3821417370030879,0.2875,112.9561668489171,246.7057747999979,243.25607675263765,2.7765560160332834,47.25,after
Miami Grand Prix,2026-05-03,STR,Aston Martin,39,0.0,179.2880086353275,0.42464445135496304,0.4446428571428571,90.47002060103407,169.92078185842803,469.8316935572424,1.9014493453405814,31.125,0.4290701257017217,0.27172619047619045,96.86188542946464,247.03642942506724,450.26023292117566,2.1901952824066977,62.25,after
Miami Grand Prix,2026-05-03,STR,Aston Martin,41,0.0,189.8702917947861,0.45516197633529487,0.4392857142857143,106.80232042310891,186.29395360369998,407.7384088134094,1.3736509427441868,15.375,0.46974251566750447,0.23184523809523805,112.0369281458867,276.44680862951327,386.62450327826116,1.7416494542636114,15.375,after
Miami Grand Prix,2026-05-03,STR,Aston Martin,42,0.0,183.90429879670577,0.3857740213191085,0.44285714285714284,106.4030032621696,176.26994223325386,255.62617703690503,1.786937375399243,15.5,0.38071517420658985,0.28293650793650793,114.97652712740188,248.22683809970832,228.82639605192583,2.257560699156251,31.0,after
Miami Grand Prix,2026-05-03,STR,Aston Martin,43,0.0,191.13497297234392,0.4014294985804153,0.4148809523809523,3.201245751387946,90.8726056122436,1016.8875730180107,1.8873115878740507,92.25000000000011,0.4017863641633694,0.33556547619047616,47.40769841801067,121.7803457498801,1027.769613334124,1.9023004631719467,61.50000000000006,after
Miami Grand Prix,2026-05-03,STR,Aston Martin,50,0.0,189.6405910128366,0.39303502537504287,0.4496527777777778,114.41849606978813,185.52433952558047,604.3070576471652,1.7740691438964837,11.5625,0.40592253524504057,0.2569444444444444,122.94030568770111,265.0131930234653,599.987027240104,2.2826521299966327,46.25,after
Miami Grand Prix,2026-05-03,STR,Aston Martin,51,0.0,204.29361506232829,0.39969007050374883,0.4513888888888889,111.33254718159964,179.7620070341004,651.2022416834897,2.4918598526608022,45.5,0.4063915609275305,0.2708333333333333,126.21314234838405,268.45018867301974,644.0834721726518,2.9528885141459393,56.875,after
Miami Grand Prix,2026-05-03,STR,Aston Martin,53,0.0,199.8887861220114,0.38137097999540326,0.45625,152.0795388227744,198.41969213039417,911.5593856128044,3.138605703678715,94.50000000000006,0.38083641236124727,0.35,47.40769841801067,118.03368782746145,967.6905576401722,3.1967439252664285,157.4999999999999,after
Miami Grand Prix,2026-05-03,STR,Aston Martin,55,0.0,197.6591946511664,0.40517210641592916,0.4312499999999999,59.170853393364865,134.0916616318804,963.1619537336987,2.7194524242465485,94.50000000000011,0.4053806534806459,0.33124999999999993,47.40769841801067,133.77756751021187,995.0358783101696,2.7572043310050995,94.5,after
Miami Grand Prix,2026-05-03,STR,Aston Martin,56,0.0,202.57491602874723,0.5544226179094717,0.5357142857142856,52.69729352039525,130.96620201117284,1166.4958159042867,3.551936336239764,75.0,0.5520536075328959,0.42857142857142855,57.68686892070881,171.90131448383872,1160.429247804406,3.6793525534353035,105.00000000000006,after
Miami Grand Prix,2026-05-03,BOT,Cadillac,2,0.0,225.6674652106327,0.6421161655778149,0.6501984126984127,47.25064830251759,124.06808882395778,1687.0675163782112,4.2727459182133005,169.5,0.641809995851049,0.5493055555555556,62.5274365869299,168.85658707667048,1677.5661962753763,4.28918852738334,113.00000000000011,after
Miami Grand Prix,2026-05-03,BOT,Cadillac,3,0.0,234.92810023172123,0.6627502553109618,0.5915178571428571,17.349193210069174,105.63929969933925,1753.6863871297976,3.507524956343816,98.43750000000011,0.6622049138277428,0.5022321428571428,20.78199583814558,136.70550282924057,1754.002062764706,3.5495752237116824,98.43750000000011,after
Miami Grand Prix,2026-05-03,BOT,Cadillac,5,0.0,213.67475078584894,0.5371137687675037,0.49270833333333325,60.576736777730915,149.2558788689316,1089.8306005040458,1.821540690450589,43.3125,0.5417851965979638,0.34374999999999994,65.69240998779777,214.50457496192115,1078.530833582533,1.9538484408182162,57.75,after
Miami Grand Prix,2026-05-03,BOT,Cadillac,12,0.0,132.65000315058842,0.5487619746355193,0.5133928571428571,27.74266844440061,117.99044301322547,1332.245944090238,2.235011340050608,57.5,0.5484302927075806,0.4107142857142857,31.889935958182267,157.72044223327262,1326.7562831944267,2.2910954334626545,71.875,after
Miami Grand Prix,2026-05-03,BOT,Cadillac,14,0.0,211.93458810777875,0.6666822479574227,0.6083829365079365,29.087742713738272,114.29683216271532,1729.6793616641298,4.1804944248617115,111.50000000000011,0.6667903998531823,0.508829365079365,30.356949775496034,144.1540118672554,1733.3557971445362,4.220184489425194,97.56250000000011,after
Miami Grand Prix,2026-05-03,BOT,Cadillac,18,0.0,212.89509842047767,0.5020371104386074,0.47589285714285706,92.87435656405896,174.9462427207249,765.1621207015086,0.9990870511772563,14.625,0.508427434700733,0.29017857142857145,102.34418869619473,269.46290897059697,743.1691373670138,1.3004513899917853,43.875,after
Miami Grand Prix,2026-05-03,BOT,Cadillac,19,0.0,174.11620263628643,0.4702819468327448,0.46626984126984117,89.76972913687042,173.58871021316835,682.8228935051304,1.6811835226661436,14.6875,0.4751956754620288,0.2914186507936508,97.36330889488852,257.1543621736787,663.4246256056782,1.8600667750664073,29.375,after
Miami Grand Prix,2026-05-03,BOT,Cadillac,23,0.0,187.04516686734365,0.46793812958723807,0.4131944444444444,114.74492012113227,204.26100590977697,289.3848715121973,1.070900100274893,0.0,0.485270040281455,0.20659722222222218,124.69271354581717,294.5372276443264,255.87932724735919,1.3398066968662954,15.312499999999972,after
Miami Grand Prix,2026-05-03,BOT,Cadillac,24,0.0,177.5356345360597,0.53375571574053,0.506547619047619,57.01514057259502,139.65889523748203,1158.1097241328218,2.053006552295217,41.625,0.5346355513344443,0.37440476190476185,62.32974286249779,197.49328974183717,1150.8634900899087,2.2798413461963007,55.5,after
Miami Grand Prix,2026-05-03,BOT,Cadillac,25,0.0,243.13409776123783,0.5411825657870953,0.5517361111111111,81.8370961893691,157.6813961462227,1133.6362109674187,1.8500067745166886,28.375,0.5410952731059412,0.4166170634920634,94.01250748277918,216.2910854099571,1119.055810470378,2.2136360413192566,42.56249999999994,after
Miami Grand Prix,2026-05-03,BOT,Cadillac,26,0.0,170.07777392396855,0.5053334934740906,0.4702380952380951,82.68690131784955,169.94886365197175,812.9268186192327,0.9026127921758125,14.8125,0.514915776381769,0.28214285714285714,88.92272040183956,261.84570139356816,795.7633671565344,1.0203009857908312,44.4375,after
Miami Grand Prix,2026-05-03,BOT,Cadillac,28,5.0,184.33617983878582,0.4847144046991292,0.45664682539682533,101.36362404327166,183.88170939666924,586.6376142261782,1.0723879354796537,0.0,0.5014814623340782,0.23611111111111108,109.61481630620112,285.13332812312854,565.4764126522176,1.3298527587549478,29.25,after
Miami Grand Prix,2026-05-03,BOT,Cadillac,32,5.0,195.90711279188338,0.47912264639794455,0.44260912698412697,113.50978922602206,193.50501771213533,430.02158063247043,1.0258572222727291,14.9375,0.505630957606038,0.21736111111111106,121.52359885082295,298.49443401293627,405.39190844229023,1.0836260944202742,0.0,after
Miami Grand Prix,2026-05-03,BOT,Cadillac,33,25.0,265.1957945401782,0.5518045406073646,0.5837301587301588,96.18276428208448,168.2008460775896,1051.6175890844854,2.193014687070481,43.5,0.5625054642823495,0.43412698412698414,115.0129739882993,237.16132247190274,1036.01192791292,2.5631028625623564,43.5,after
Miami Grand Prix,2026-05-03,BOT,Cadillac,35,5.0,193.31267612219085,0.44442545027106245,0.48015873015873006,113.34160292256165,185.9575808409638,467.5057665248995,1.488511828119218,15.0,0.4588994988007788,0.2777777777777778,118.3108368017542,278.9256613820268,450.6718754042531,1.719653655170097,45.0,after
Miami Grand Prix,2026-05-03,BOT,Cadillac,36,15.0,212.61140446515756,0.45464853862518206,0.48194444444444434,123.21387965466445,198.27024606995553,611.6149900688323,1.0426649928880525,0.0,0.47010203600578354,0.2673611111111111,141.8258029155264,306.36151551755063,585.2502288605898,1.5714773567839957,51.5,after
Miami Grand Prix,2026-05-03,BOT,Cadillac,37,15.0,207.83812366615336,0.47641454815085105,0.46264880952380943,105.37834684380081,183.71086331274154,553.8466517414745,1.1028180296506676,14.5625,0.48166991012451343,0.25461309523809517,116.46030006871419,285.04476861229386,526.6783555304376,1.670227214655683,43.6875,after
Miami Grand Prix,2026-05-03,BOT,Cadillac,39,20.0,218.41634152782498,0.49522250831516984,0.5085813492063491,106.01381644238361,181.22494568824203,689.4704028932769,1.236043854320881,14.4375,0.5046527502508624,0.3252480158730159,113.15567386561978,262.05525873664635,672.1181862255615,1.628326546780587,43.3125,after
Miami Grand Prix,2026-05-03,BOT,Cadillac,40,25.0,204.19122788933683,0.495862432619967,0.5146825396825396,93.04604546083185,166.14973178159008,749.5710208619483,1.6969472441652405,14.5,0.4999985554488811,0.3535714285714286,100.54323581742374,236.7973303317536,733.3082043015206,2.058383963944346,58.0,after
Miami Grand Prix,2026-05-03,BOT,Cadillac,42,20.0,183.04965476686252,0.4716715846118906,0.4368551587301586,112.37961874335417,195.5529458012493,524.9178063236543,1.1621252022534054,12.9375,0.4930032123464413,0.2212301587301587,128.7014463450084,301.2525706662629,494.69393264396246,1.4519906951196693,25.875,after
Miami Grand Prix,2026-05-03,BOT,Cadillac,44,25.0,218.31122867291668,0.4729285133974201,0.4646825396825397,116.40103670959894,194.46903409975977,391.84933661176126,0.9633200196721137,0.0,0.49802670625093826,0.2305555555555555,123.5500309726633,297.8593781604917,370.2222922758993,1.2327192515735448,14.75,after
Miami Grand Prix,2026-05-03,BOT,Cadillac,45,0.0,202.85092052250667,0.4639706279668879,0.4863095238095237,113.18474099874587,182.81514908607193,617.013845189488,1.0400974935019054,14.25,0.4630869972778154,0.28273809523809523,109.09971643871502,267.5331810614499,598.1263175402381,1.510319684381716,85.5,after
Miami Grand Prix,2026-05-03,BOT,Cadillac,46,35.0,191.02580963756608,0.46711405408885104,0.4823908730158729,102.62850116576021,176.39051877441662,505.5178353403005,0.9192378942678765,0.0,0.4793032464796732,0.2842261904761904,108.16661244850704,274.7357271825406,488.3992186848833,1.3681303121631425,44.0625,after
Miami Grand Prix,2026-05-03,BOT,Cadillac,47,15.0,249.41093117277725,0.5259711036192123,0.5319940476190476,105.5887265613115,177.8297315377947,796.1648598702744,1.6522486380434778,29.125,0.5333559048006713,0.35863095238095233,112.06846072227188,247.69870599217006,782.202904017686,2.2348355734271537,43.6875,after
Miami Grand Prix,2026-05-03,BOT,Cadillac,49,35.0,187.99739798202364,0.5040603540742332,0.5691468253968253,96.11671692400218,166.47955762191495,948.5352222623403,0.9964048625316312,13.375,0.5097574781626715,0.4205357142857143,108.92172343866297,226.05484620214196,931.6979219683408,1.1667712443408804,13.375,after
Miami Grand Prix,2026-05-03,BOT,Cadillac,50,0.0,196.61933653810308,0.49282592078732035,0.5238095238095237,96.3735927085105,167.3712754357229,795.5136469285753,1.4145809382603258,30.0,0.49759197354252915,0.369047619047619,103.5073079470004,229.72181124958524,778.8136595709688,1.6995857859423809,30.0,after
Miami Grand Prix,2026-05-03,BOT,Cadillac,52,15.0,198.1268712062029,0.5018385974809758,0.4994047619047618,102.73069086077764,177.02876001933166,694.2471823684182,1.3119355420682277,14.625,0.5034283188662206,0.3020833333333333,102.69443387247956,260.07004040564505,667.4048637504886,1.703865359806682,58.5,after
Miami Grand Prix,2026-05-03,BOT,Cadillac,54,5.0,204.3804198957859,0.4463943449605662,0.48596230158730147,117.25478480089922,188.98765387031986,458.651520537516,1.1889410121220911,14.8125,0.4666788960118991,0.27435515873015875,121.04518842963361,281.79798977447695,444.0416209253728,1.3158209057024877,29.625,after
Miami Grand Prix,2026-05-03,BOT,Cadillac,55,35.0,189.5578704651404,0.4806524592593275,0.5563492063492064,70.04138169070377,141.41737493606752,951.2252600192746,1.4717714356285998,27.75,0.4904202923956204,0.43521825396825387,93.01044493818085,203.53903569692392,914.800513395408,1.0053843448747875,13.874999999999943,after
Miami Grand Prix,2026-05-03,HUL,Audi,3,0.0,145.47870333130248,0.4919748984863682,0.580952380952381,68.48718634509359,142.56750333572933,1127.868236792525,1.404605741234791,30.5,0.49788920535355774,0.44781746031746034,69.6531445916624,183.19304825107352,1120.5265955972627,1.447099354569602,45.75,after
Miami Grand Prix,2026-05-03,HUL,Audi,5,0.0,121.12130349158586,0.4923052289430768,0.6335813492063491,45.30545809246101,114.0374679854156,1359.011213859225,1.7094665155153457,60.25,0.4930756911702408,0.5379464285714285,51.018330249673795,147.7552282297773,1350.1620067212757,1.6846635920514443,45.1875,after
Miami Grand Prix,2026-05-03,LAW,Racing Bulls,3,0.0,175.10621845868184,0.5698193767122056,0.515079365079365,52.96910567180734,141.2541608979742,1266.192724941123,2.0778663832072,29.5,0.5728147345671704,0.37460317460317455,56.81083323261066,201.83697472775486,1258.4839343334622,2.2775276136219835,44.24999999999994,after
Miami Grand Prix,2026-05-03,LAW,Racing Bulls,4,0.0,214.28623803049453,0.5494573971146196,0.488095238095238,62.5992291964937,153.51879240591518,1096.419738720746,1.828549517800528,30.0,0.5515292185334782,0.3333333333333333,67.22317072256135,226.31759722063632,1086.613981727471,2.1699717292545517,75.0,after
Miami Grand Prix,2026-05-03,GAS,Alpine,3,5.0,199.06013370292766,0.8973726549159964,0.9217460317460319,3.8691982698969276e-05,60.0113025262624,2757.335567590413,9.495784290913265,153.4000000000002,0.9042197957028224,0.9217460317460319,47.40769841801067,13.648554821319195,2848.0198013318814,8.950506476690911,271.4000000000002,after
Miami Grand Prix,2026-05-03,HAD,Red Bull Racing,2,0.0,196.88246985071504,0.8025072948201076,0.8625992063492064,4.862375776666226,84.30008342238982,2510.050366059326,9.726593552617505,270.2500000000001,0.8324230070899893,0.769345238095238,47.40769841801067,113.59728453344826,2558.5208217555255,9.539331320589438,293.75,after
Miami Grand Prix,2026-05-03,HAD,Red Bull Racing,3,0.0,213.628812007996,0.7319263794428171,0.7288690476190476,21.053162415233814,100.38014237103431,2103.6096295510133,4.382415255301392,177.7499999999999,0.7324566065201498,0.6465773809523809,24.82015557482552,124.46595520091579,2106.3085882469277,4.354452380787181,118.50000000000011,after
Canadian Grand Prix,2026-05-24,ANT,Mercedes,3,25.0,283.4142521592828,0.4698209115629055,0.5976102941176471,124.74735169589985,206.43485175914327,776.0890525425971,3.546498033154314,62.187500000000114,0.4764757899480871,0.34154411764705883,229.52572582807886,396.2922523099093,704.940406379465,3.832048152159787,49.75,after
Canadian Grand Prix,2026-05-24,ANT,Mercedes,4,15.0,248.49650902821338,0.49027105001010446,0.5443014705882352,106.61650120383969,200.5743170291217,774.3262325568055,2.5185895437796972,37.6875,0.4901755347514772,0.31029411764705883,158.44124584794585,330.0026830109629,706.6359184961041,2.981769056972667,50.25,after
Canadian Grand Prix,2026-05-24,ANT,Mercedes,5,20.0,237.8105170906048,0.514031140665017,0.5220588235294117,88.75388038251558,196.7464228691789,869.9371763568067,2.0545849932338993,37.49999999999994,0.525137131575733,0.28921568627450983,114.78360300779997,298.58159905930654,829.2534200704314,2.6763037944509622,37.5,after
Canadian Grand Prix,2026-05-24,ANT,Mercedes,6,15.0,192.64322028822835,0.4516573084509493,0.531985294117647,86.3572866230862,178.21384991316177,789.7545109370133,3.3626298091370534,62.8125,0.44643974267328734,0.33492647058823527,108.63301018863076,264.8869201242813,755.1856940248158,3.7815061446500806,62.8125,after
Canadian Grand Prix,2026-05-24,ANT,Mercedes,7,20.0,180.71715988113272,0.5738429270318948,0.6441176470588235,51.619332214119616,145.03133308159755,1408.746148727609,3.652783778867178,73.50000000000011,0.5736901016607258,0.47598039215686266,65.85787311760748,214.43190724319808,1401.517587441198,3.800320641606956,85.74999999999994,after
Canadian Grand Prix,2026-05-24,ANT,Mercedes,8,10.0,175.88375854432255,0.6048285616584034,0.5517156862745097,41.87823959758796,151.68087436401345,1433.2202757157013,2.9109289001064944,50.25,0.5873516851785158,0.35465686274509806,66.57146842987552,272.1445582423561,1404.5369350337676,3.2636020668871213,100.5,after
Canadian Grand Prix,2026-05-24,ANT,Mercedes,10,20.0,213.16454491546745,0.6023168202145368,0.5465686274509802,40.40228645968184,156.19533402633684,1352.059529900622,2.778186305987312,75.00000000000011,0.5884896267484221,0.3382352941176471,72.36487711942716,278.33624648137487,1313.6843571493441,2.9824808538896375,75.0,after
Canadian Grand Prix,2026-05-24,ANT,Mercedes,11,20.0,169.9957799921133,0.5985820035247769,0.565563725490196,31.523609736204175,142.343578707707,1407.6064784087148,3.390334565696512,61.875000000000114,0.6046817243344563,0.38357843137254904,48.208696120279434,241.46006226391506,1419.485474526283,3.539657207281245,148.49999999999994,after
Canadian Grand Prix,2026-05-24,ANT,Mercedes,12,20.0,158.77573822090733,0.5270350658330906,0.5241421568627451,75.7255280636517,180.87488234311564,1041.665825106816,2.118131665645917,44.75000000000006,0.5343228075662727,0.29381127450980393,104.25655838130963,291.2695410295051,1020.9426862639427,2.7015735215000944,44.75,after
Canadian Grand Prix,2026-05-24,ANT,Mercedes,15,35.0,376.7812722871607,0.7157283492844299,0.7910539215686273,276.4702882776602,338.61362077354306,1511.4832413159518,6.026338012936515,83.125,0.722576128411353,0.48835784313725483,120.63930859626512,282.4973519276226,1711.6129983101162,6.877044115223097,237.4999999999999,after
Canadian Grand Prix,2026-05-24,ANT,Mercedes,16,20.0,282.5324487806378,0.7222053114569269,0.8462009803921567,309.20193718326425,353.02948004476644,1799.2854360821066,5.254870060013101,130.625,0.7291437249359903,0.6017156862745097,73.8283138624223,201.7065186363253,1954.9528096688377,5.42733140589047,142.5000000000001,after
Canadian Grand Prix,2026-05-24,ANT,Mercedes,17,0.0,406.33417000063054,0.7619140047508908,0.682843137254902,138.81072643769622,224.94258872924746,1609.6955937614393,6.432803495964789,99.50000000000011,0.7416359515831421,0.2926470588235294,152.78857472962125,410.6809162027469,1684.0810679828219,6.814865777588006,248.74999999999997,after
Canadian Grand Prix,2026-05-24,ANT,Mercedes,18,10.0,149.2290398362116,0.6953059356748518,0.801470588235294,41.61747063718447,125.52977703672798,1992.3815544650276,6.693121475220274,190.0000000000001,0.6982106647737331,0.6734068627450981,47.40769841801067,155.22939691328943,2013.9318917889914,6.655202367301459,332.5,after
Canadian Grand Prix,2026-05-24,ANT,Mercedes,19,30.0,,0.8574447072378467,0.7724877450980391,0.0010503149558490706,95.92312556197722,2274.8881395616327,3.71068250519266,135.7500000000001,0.8469235994574452,0.6615808823529412,47.40769841801067,147.84568986517226,2281.50049442188,3.1646081606969263,135.75,after
Canadian Grand Prix,2026-05-24,ANT,Mercedes,21,20.0,342.19899576910643,0.8191058157099673,0.893921568627451,2.6205663179839635e-06,59.43755172872491,2382.7058842715396,8.821494124737514,72.80000000000007,0.858970701817728,0.893921568627451,47.40769841801067,12.365904443252278,2522.285548574209,8.490434712555537,209.30000000000007,after
Canadian Grand Prix,2026-05-24,ANT,Mercedes,23,20.0,,0.5488027176327874,0.9128676470588234,116.58094674020552,171.46924245315324,1715.0142773295938,3.33549948347594,98.50000000000011,0.5501368115652224,0.7800857843137253,47.40769841801067,118.14175350758411,1752.563958537515,3.35571323537916,147.75,after
Canadian Grand Prix,2026-05-24,ANT,Mercedes,26,25.0,298.4521992348033,0.8152909126224607,0.9324509803921569,278.6241290828867,224.549842373795,2292.8817370534243,7.567755767173768,122.85000000000014,0.8415639802658164,0.8699142156862745,47.40769841801067,47.17548477189829,2458.7827474951896,7.263202110588896,217.35000000000014,after
Canadian Grand Prix,2026-05-24,ANT,Mercedes,27,15.0,304.64216266559754,0.7731653131955238,0.910845588235294,246.88228795017278,283.41966787780603,2130.2224110263273,7.869348362730023,146.2500000000001,0.7973305436783418,0.7794117647058822,47.40769841801067,110.21999063237266,2309.512851306354,7.778856125762585,243.75,after
Canadian Grand Prix,2026-05-24,ANT,Mercedes,28,30.0,,0.7796333026729368,0.9469607843137254,2.984674768049475e-06,57.06212062046633,2322.632694761765,9.336808053163587,124.15000000000009,0.8059224101168968,0.9469607843137254,47.40769841801067,12.232840207012181,2422.3304790314264,9.14481441011961,219.6500000000001,after
Canadian Grand Prix,2026-05-24,ANT,Mercedes,29,15.0,,0.7597024833075163,0.8890196078431372,1.6373370879937388e-06,57.613131186372215,2288.2440240860897,9.917396343086619,118.30000000000007,0.7931763633133747,0.8890196078431372,47.40769841801067,12.58371034373244,2399.5467867837338,9.76479185818673,209.30000000000007,after
Canadian Grand Prix,2026-05-24,ANT,Mercedes,30,45.0,231.03128472694044,0.6122253101936218,0.8136029411764705,47.78514422164252,124.18991282440201,1719.606249853202,5.5095945560416855,136.5000000000001,0.6095623392435134,0.713235294117647,47.40769841801067,130.44790797319453,1758.7622512451799,5.5547657792366785,273.0000000000001,after
Canadian Grand Prix,2026-05-24,ANT,Mercedes,34,25.0,158.0126388647107,0.6278274429551082,0.6749387254901961,29.436517094022737,120.1057495302414,1647.2858317942278,3.9676511216896198,96.50000000000011,0.6267967279687661,0.5448529411764704,53.3053920652997,186.15141668857413,1633.748879906482,3.997320581564011,96.50000000000011,after
Canadian Grand Prix,2026-05-24,ANT,Mercedes,36,20.0,227.26024523591383,0.508221450897711,0.534313725490196,95.53383822440541,191.07977025751967,821.2649692766843,2.6724041775870773,50.0,0.5051743128285114,0.30147058823529405,130.66619574589757,307.4772052358766,770.5845670421068,3.1916122479984597,25.0,after
Canadian Grand Prix,2026-05-24,ANT,Mercedes,37,20.0,217.59286103826665,0.5092931409340967,0.534313725490196,75.16991222124433,173.6094889184704,940.372522446144,2.426371854369908,37.5,0.5075033188087247,0.3137254901960784,98.3141638910859,275.9403254741395,902.393064513941,2.8564867522567536,50.0,after
Canadian Grand Prix,2026-05-24,ANT,Mercedes,38,30.0,208.86225060538226,0.5287109237074287,0.5753676470588234,76.31922261397587,170.42090265422436,1000.380876111453,2.698405121196793,49.5,0.5283221005834513,0.3448529411764706,102.01690118865385,286.92963639286177,970.675817787125,3.0130491090062446,61.875,after
Canadian Grand Prix,2026-05-24,ANT,Mercedes,39,25.0,237.946798861569,0.531375754156954,0.5947303921568627,79.79396960068836,169.9421898735598,1055.6222635356444,3.4739216767835575,74.25000000000011,0.5301596265546452,0.38848039215686275,115.87828781423221,286.34836270205284,1018.6194569188829,3.714417334677104,99.0,after
Canadian Grand Prix,2026-05-24,ANT,Mercedes,41,15.0,183.8493669311839,0.474211537987635,0.5443014705882352,86.64216702554245,176.00997277462858,817.2619759714075,3.174917733317791,62.8125,0.4812644110707496,0.31029411764705883,101.491003664789,269.93354753955134,797.1527487087337,3.562182962137087,75.375,after
Canadian Grand Prix,2026-05-24,ANT,Mercedes,42,25.0,274.00235660252713,0.5255382163168206,0.5610294117647058,101.61177067325326,194.83985983222016,855.0962083451243,3.4294062293787326,62.1875,0.515460921663427,0.317156862745098,227.54324517768345,407.9545677598829,751.6124721621217,3.8047995929377767,87.0625,after
Canadian Grand Prix,2026-05-24,ANT,Mercedes,43,15.0,237.71001988049088,0.5078956571800806,0.58125,86.38935260969548,169.84966198676685,965.4316921642652,2.619737685199592,50.250000000000114,0.5135409884696682,0.371875,217.1671170431501,387.4881575642928,855.0494740827666,2.4673020484178645,87.9375,after
Canadian Grand Prix,2026-05-24,ANT,Mercedes,45,5.0,233.88838717200164,0.507457674891529,0.5770833333333332,75.64844347641832,161.6386110645522,1057.6496082217975,2.592467152416092,50.750000000000114,0.509225298131977,0.365625,91.69435589901927,262.8884865481456,1038.633415314278,2.8679793771692306,101.5,after
Canadian Grand Prix,2026-05-24,ANT,Mercedes,47,35.0,261.54125327965875,0.5320612103297785,0.5895833333333333,110.42228580026128,197.96597675886417,873.4864035821381,2.7250551428425935,36.9375,0.535325891651156,0.3119485294117647,150.3729376347294,337.73699971263403,838.0903408174087,3.540736151150528,86.1875,after
Canadian Grand Prix,2026-05-24,ANT,Mercedes,49,5.0,214.68744305763542,0.4693535180706133,0.5522058823529411,107.94348795832956,188.79704339601884,749.6772420288056,2.615523714912973,38.0625,0.47933440066162897,0.3034313725490196,134.58284168314313,302.3498819147133,713.3405537554561,2.9673341084286675,50.75,after
Canadian Grand Prix,2026-05-24,ANT,Mercedes,50,15.0,263.65119318776146,0.4851987469578494,0.5196691176470587,94.23926664137028,188.05164183704875,756.3174974172917,3.297700185299243,50.24999999999994,0.49398369973910444,0.28566176470588234,119.27751488875732,292.17180979744387,719.138447139695,3.6886641287351494,62.81250000000003,after
Canadian Grand Prix,2026-05-24,ANT,Mercedes,52,10.0,354.1508781378262,0.5221230745933686,0.6286764705882352,139.53522844919618,214.39260472913946,894.9144086407508,3.743486576553091,50.5,0.5248691993280352,0.3439950980392157,222.00324950780723,405.70746927261956,859.7588295388273,3.964337788105788,101.0,after
Canadian Grand Prix,2026-05-24,ANT,Mercedes,56,15.0,204.23764789684685,0.537960951695147,0.6151960784313726,69.1997764402028,155.83957092583574,1163.4213417705412,3.1772021104471495,75.0,0.5361993255687916,0.4436274509803921,93.26151384280992,236.91547009038604,1140.66288715022,3.356901243695731,75.0,after
Canadian Grand Prix,2026-05-24,ANT,Mercedes,57,0.0,271.67636837553135,0.4964671936618887,0.5875,103.46981601518465,181.99841181006167,914.3592891740756,2.96720176870736,51.0,0.496146572165842,0.375,238.5722207847154,386.539124156883,820.2268314200854,3.1512533618049288,89.25,after
Canadian Grand Prix,2026-05-24,ANT,Mercedes,58,15.0,251.43184342039808,0.5180855548102108,0.5566176470588234,104.8738559703338,189.70005706788564,842.0043887625258,2.617573918249181,37.6875,0.5269817721137418,0.2856617647058823,130.2685250707854,314.712145310595,809.2860516322312,3.1503642577619804,50.25000000000003,after
Canadian Grand Prix,2026-05-24,ANT,Mercedes,64,15.0,277.23621864854647,0.5074832823779089,0.5689338235294117,114.8096710229681,197.87458536043516,779.0436593236245,2.3697115125913073,37.6875,0.5134750429200763,0.2979779411764706,160.34731977295272,340.0635847949794,727.6113848488063,2.9772063699157387,75.375,after
Canadian Grand Prix,2026-05-24,ANT,Mercedes,66,5.0,328.5640835451879,0.5928983523916194,0.7512254901960783,156.6708724567018,221.99025149228137,1348.2600939906808,4.160442249523054,76.125,0.6202607614317898,0.4651348039215686,172.5117858472028,317.7538048718136,1356.8694316601964,4.6575372131520325,25.375,after
Canadian Grand Prix,2026-05-24,ANT,Mercedes,67,10.0,242.44582581069938,0.4846865168514049,0.5791666666666666,114.13004264515406,194.9268396293335,809.8565711184921,2.853094675799048,37.875,0.47683436749426217,0.3439950980392157,176.2220908274308,343.1141194504226,745.645587149684,3.3932440421725625,37.875,after
Canadian Grand Prix,2026-05-24,ANT,Mercedes,68,10.0,408.1515801564133,0.5322655815813396,0.7414215686274509,0.0007477054740565673,79.58312566222924,1605.1175233179354,2.785108815032079,99.5,0.5331898536580184,0.6560661764705881,3.0369983999185912e-05,98.37393033148182,1605.0418780462735,2.765386232308455,99.50000000000011,after
Canadian Grand Prix,2026-05-24,HAM,Ferrari,2,10.0,,0.6641811881957597,0.8433823529411765,194.19187253076961,226.33514955054122,1928.4353443330788,6.5254746340020935,161.10000000000014,0.6647468296443194,0.7117647058823529,47.40769841801067,102.47932853221285,1990.2786277017558,6.528639855782159,268.5000000000001,after
Canadian Grand Prix,2026-05-24,HAM,Ferrari,3,10.0,233.8667183173488,0.5752379114720945,0.7240196078431371,63.70815119227097,142.1434035708767,1547.4606122899058,5.566336822516149,235.0,0.5721781847560033,0.5857843137254902,83.38004342901527,201.27472633288178,1572.6698413294007,5.603908883001806,141.0000000000001,after
Canadian Grand Prix,2026-05-24,HAM,Ferrari,4,15.0,240.99921412062616,0.6765313749408692,0.9322549019607843,68.26465840502202,95.65992559979222,2077.054896890916,7.503329191214766,124.15000000000009,0.6763846129192514,0.8690563725490195,47.40769841801067,48.055774290050266,2104.005901648442,7.495513196628308,191.0000000000001,after
Canadian Grand Prix,2026-05-24,HAM,Ferrari,5,5.0,251.11820056876266,0.6352289726403246,0.8445465686274509,126.37217241947026,193.65558844415446,1820.122341095335,5.581054604142361,144.7500000000001,0.6363731098558082,0.7026348039215685,47.40769841801067,143.83798884793092,1898.6581938033953,5.6434957317368175,241.25,after
Canadian Grand Prix,2026-05-24,HAM,Ferrari,6,0.0,311.08904882037837,0.5212012014649688,0.6915441176470588,144.61521760277762,214.41078417635646,1146.9237350155017,4.455595642121073,86.625,0.5281907919518667,0.4367647058823529,171.64718224998845,322.0037838114921,1172.5288644074462,4.7339789818558895,99.0,after
Canadian Grand Prix,2026-05-24,HAM,Ferrari,7,0.0,,0.5740801610948709,0.8751225490196078,163.6607618350642,210.32309968568796,1756.767305247974,3.528031809319839,125.45000000000005,0.5733526992168253,0.7450367647058822,47.40769841801067,118.27097737244704,1827.2631858280054,3.5697016280638256,144.75,after
Canadian Grand Prix,2026-05-24,HAM,Ferrari,10,5.0,325.4347638038782,0.5887645898259088,0.7533088235294116,153.14750969804535,218.25043470672534,1433.4336504759815,4.089237610139913,49.25,0.6073421899078428,0.5239583333333332,48.43743805959823,183.22630371452118,1600.9001541057812,4.6131648626390565,147.75000000000006,after
Canadian Grand Prix,2026-05-24,HAM,Ferrari,11,0.0,261.44336913591616,0.5630629168205381,0.6810661764705882,91.49362486025473,169.99785970490234,1372.8299267627353,5.0873233889527185,146.25,0.5647603248224282,0.48988970588235287,140.64872667013856,277.5364255361096,1369.2238522507148,5.127387485779379,73.12499999999994,after
Canadian Grand Prix,2026-05-24,HAM,Ferrari,13,0.0,158.46633361103642,0.570886573088393,0.721813725490196,47.54870645341114,128.85236773734331,1596.1470151597373,4.805872659679748,190.0,0.5724216466782975,0.5821078431372548,48.501063305471625,165.07173935130643,1602.6961046019064,4.802551624178361,142.5000000000001,after
Canadian Grand Prix,2026-05-24,HAM,Ferrari,15,5.0,213.87857530879123,0.6445054983996396,0.7381127450980391,35.50596131892652,118.58620246655785,1775.7009781367549,4.246616012679424,192.9999999999999,0.6453879950326791,0.6080269607843136,86.04088244318794,199.3739922795462,1768.7213787932635,4.244606522174942,96.50000000000011,after
Canadian Grand Prix,2026-05-24,HAM,Ferrari,16,0.0,204.38397362005176,0.6117123134033321,0.713235294117647,61.533989741580726,145.17872540715342,1603.5943592188667,4.875371498069288,84.875,0.6088845818455363,0.5705882352941176,100.21565189677797,221.727977752843,1613.8302189498545,4.9444198212814365,97.00000000000011,after
Canadian Grand Prix,2026-05-24,HAM,Ferrari,17,5.0,224.8280167311619,0.6019455621233377,0.6837009803921568,25.379316378746935,115.53340838988915,1626.212109953525,4.205577869369931,95.5,0.614250935013151,0.5783700980392157,47.55617815871797,168.3026838783177,1657.649482120577,4.268274546182322,95.50000000000011,after
Canadian Grand Prix,2026-05-24,HAM,Ferrari,18,0.0,259.61089906790573,0.5783139983711779,0.7001225490196077,82.56657387101083,159.3100253274543,1428.581939790035,4.20368266870616,98.5,0.5734644563539298,0.5431985294117646,126.14502051303207,248.5666025577009,1441.769525522486,4.297659905620515,73.87500000000011,after
Canadian Grand Prix,2026-05-24,HAM,Ferrari,19,0.0,231.709262198999,0.5667868715077992,0.7370098039215686,85.79214760700395,161.31239836376918,1516.1258465734297,5.577007120483266,193.9999999999999,0.567209940236787,0.5705882352941176,103.85067593208922,222.1164741010929,1536.2772698826793,5.63089114972066,97.00000000000011,after
Canadian Grand Prix,2026-05-24,HAM,Ferrari,21,5.0,,0.5868927642163945,0.5879901960784313,0.00022554147900581627,102.58704287330356,1549.2780011695756,3.863201880557764,160.125,0.572344160645952,0.5431372549019607,42.72023584820456,166.386418383398,1544.167752133193,3.856998328974883,91.50000000000006,after
Canadian Grand Prix,2026-05-24,HAM,Ferrari,25,0.0,197.08254184075068,0.4629171910396598,0.5322303921568626,83.35988064177204,170.87648491974144,825.9452592271034,1.7513964246124527,25.25,0.46798506683579005,0.30943627450980393,100.29557699839695,264.09035039092345,801.2988500680271,2.1926155167546924,37.875,after
Canadian Grand Prix,2026-05-24,HAM,Ferrari,27,0.0,253.27571137235438,0.4741748574553384,0.5473039215686274,112.75652390820967,195.89226057037664,739.120338896375,1.9988772180261523,38.0625,0.48542146011199644,0.2985294117647059,158.39403786825252,328.2915489074513,680.0364634867225,2.4190129562925837,50.75,after
Canadian Grand Prix,2026-05-24,HAM,Ferrari,28,10.0,252.5113428663182,0.4517302083231046,0.5367647058823528,106.4797229787028,194.31194773327124,643.8492689446883,2.5968197186073856,37.5,0.4511431541805805,0.3161764705882353,167.08873239277042,324.9888363559736,564.1043843182471,2.773128482056568,25.0,after
Canadian Grand Prix,2026-05-24,HAM,Ferrari,29,15.0,232.20124986884613,0.46935460447665767,0.539031862745098,102.33825812055589,190.1499406446631,708.3944720490052,1.6935549250103725,24.875,0.4737418368153392,0.3073529411764706,139.22340316555093,305.03304605091967,656.6101682975454,2.07258820339886,24.875,after
Canadian Grand Prix,2026-05-24,HAM,Ferrari,33,25.0,215.57259957811812,0.4648284781687393,0.5832107843137255,87.9531358014621,169.97853137411224,850.0719116640483,2.181587835667303,48.5,0.4690928026457473,0.3692401960784314,111.93018827434578,276.11266920035735,823.2442735849266,2.435818449508406,72.75,after
Canadian Grand Prix,2026-05-24,HAM,Ferrari,34,5.0,185.98434179133474,0.4584383491742607,0.560171568627451,87.42277336884213,173.52109915803223,873.1717468070796,3.198077340103917,61.562500000000114,0.4633878709103162,0.33082107843137254,109.17441374490332,271.36016856351404,848.3875685889501,3.4837267911125407,24.625,after
Canadian Grand Prix,2026-05-24,HAM,Ferrari,35,0.0,222.1884895654078,0.4615671559332269,0.5431985294117646,92.21462476534883,176.4509910888547,813.0959964011448,2.5115999552582107,49.25,0.4638019879058639,0.31384803921568627,121.32844185205155,283.6591376191039,777.8589034883897,2.865727682759927,36.9375,after
Canadian Grand Prix,2026-05-24,HAM,Ferrari,37,0.0,199.0876234067231,0.4929033967078534,0.5609068627450979,55.65932957033074,146.61676189448482,1054.5188796719199,3.3431542486039025,62.187500000000114,0.49315246204611896,0.3901960784313725,68.41289967065225,219.46106185874964,1039.4353359730083,3.4692456686038096,99.5,after
Canadian Grand Prix,2026-05-24,HAM,Ferrari,38,0.0,316.3598389990033,0.48894006132249557,0.6740196078431373,136.80289893501472,199.165381602074,988.465346785504,3.764831542827792,50.000000000000114,0.494873525966481,0.4411764705882352,189.12807648431047,325.3693637867896,984.3082932040919,3.9780013789539015,75.0,after
Canadian Grand Prix,2026-05-24,HAM,Ferrari,39,5.0,244.89623290652116,0.45253857048647583,0.5646446078431372,96.93536198116372,179.29765003292266,787.3431125862227,2.9062605776416777,63.4375,0.4553960859595374,0.34074754901960785,123.6228332300112,283.0114633158493,754.0539459795964,3.193471998148571,38.0625,after
Canadian Grand Prix,2026-05-24,HAM,Ferrari,40,0.0,226.4159778851739,0.492862986934107,0.5419117647058822,72.63008827148835,160.34747621359332,944.5278074481073,2.16408665180959,25.125,0.4964608604723273,0.33253676470588234,102.77460271687534,276.53590388218987,905.164757607642,2.448613476093418,87.9375,after
Canadian Grand Prix,2026-05-24,HAM,Ferrari,41,10.0,271.96580806663803,0.453407619571621,0.5763480392156861,113.03837139086959,187.95422432431192,724.8093181315016,2.7600760278362686,50.250000000000114,0.45662726970779766,0.3423406862745098,181.6182005885633,341.4377449862925,650.8660412273027,3.0426476856286775,37.6875,after
Canadian Grand Prix,2026-05-24,HAM,Ferrari,42,10.0,260.88454316794144,0.44189151891921385,0.54203431372549,121.34163241909503,198.16445049557817,546.4729331698161,3.6547874948956975,63.125,0.43400631340979257,0.31924019607843135,258.52247868121196,410.42468837463935,419.02248661227065,3.5586201506929207,50.5,after
Canadian Grand Prix,2026-05-24,HAM,Ferrari,44,0.0,253.10213183870792,0.4409927063123565,0.5322303921568626,108.82827023080351,187.12442130648444,613.8205116289187,2.3829620817523436,37.875,0.43800085037497755,0.30943627450980393,148.2960338450649,301.596331476307,557.1770253708734,2.739216679704507,50.5,after
Canadian Grand Prix,2026-05-24,HAM,Ferrari,45,5.0,231.77522945473453,0.4220428526059441,0.5247549019607842,99.16256956887705,181.80398982085345,603.2867167610934,3.2382604118954075,50.5,0.4229308753464312,0.31433823529411764,122.0628455296564,270.08865190090734,567.5782391031022,3.6102713362947974,63.125,after
Canadian Grand Prix,2026-05-24,HAM,Ferrari,49,5.0,296.5791736935886,0.5191407109742899,0.6699754901960783,152.14976434284623,215.77290045264087,950.951808808265,4.591377884240429,75.37500000000011,0.5285180474119767,0.3990196078431372,255.9021222979575,361.40623658397163,948.7516177772901,4.736799416178301,100.5,after
Canadian Grand Prix,2026-05-24,HAM,Ferrari,50,0.0,187.687392930266,0.44766196229076954,0.5365196078431371,99.41040539666906,184.17686801520455,712.8835348792658,2.3210459775903822,37.3125,0.45177529229729113,0.30484068627450983,120.42814300499968,278.54949530905157,684.6041341548282,2.7798935772582913,37.3125,after
Canadian Grand Prix,2026-05-24,HAM,Ferrari,57,0.0,178.3236103573519,0.6246875755846087,0.6574754901960784,47.772158781299815,133.0697520088133,1514.465811466084,4.057958527934494,92.50000000000011,0.6263427307809106,0.5101102941176471,86.28590739626199,213.87942557440041,1505.3565534070337,4.1114636876141635,92.50000000000006,after
Canadian Grand Prix,2026-05-24,HAM,Ferrari,59,0.0,163.20611633199644,0.6101846015015058,0.7677083333333332,27.65979786554577,102.82681842044887,1667.8298165326298,5.581767706948723,187.0000000000001,0.6089669665262739,0.6760416666666667,47.40769841801067,140.16910973533493,1684.7331455110577,5.59727979285545,187.0,after
Canadian Grand Prix,2026-05-24,HAM,Ferrari,61,0.0,318.97645337029667,0.6307865462599419,0.8249999999999998,259.6363957559564,310.0666235879535,1455.3677115996072,6.032477983759155,49.5,0.63147581147728,0.5944852941176471,103.73297139962915,216.15648882816953,1615.157645642246,6.5131082957410795,99.00000000000011,after
Canadian Grand Prix,2026-05-24,HAM,Ferrari,62,0.0,344.3028766880753,0.48435938370892434,0.5693627450980392,146.9489704292987,221.826562572875,594.5647487323042,2.924798860100229,37.875,0.4994197521047473,0.2723039215686274,256.65943117560494,431.4563444122665,513.9999530175387,3.1034626434950994,37.875,after
Canadian Grand Prix,2026-05-24,HAM,Ferrari,63,0.0,284.72270904082274,0.4404124917298787,0.6807598039215685,163.32889651873086,218.61870735333142,770.9285850589864,2.1376224491377025,25.25,0.45947954761222937,0.4084558823529411,215.63715949798836,353.72525095708676,759.7778372262952,2.072354917828902,37.875,after
Canadian Grand Prix,2026-05-24,HAM,Ferrari,64,0.0,271.6600582696489,0.4543790841620592,0.6499999999999999,137.1474257024335,197.68729918347975,793.2675229792552,2.0126449746144277,25.5,0.4629158911444107,0.4124999999999999,219.87739734622005,356.32309613752875,748.7336825826694,2.1064978828064205,38.25,after
Canadian Grand Prix,2026-05-24,HAM,Ferrari,65,0.0,258.9240376034513,0.44052942947875345,0.646813725490196,116.6527589950031,181.8492208630037,874.3363370040705,3.4927470720913467,76.12500000000011,0.4421994818457978,0.4477941176470588,204.63777599868985,330.24771779725666,824.8435542319131,3.426608326259897,63.4375,after
Canadian Grand Prix,2026-05-24,HAM,Ferrari,67,0.0,229.94559956006685,0.5354911747779908,0.6156249999999999,94.47711416165973,169.56045595237183,1051.3394750330144,2.61672160064597,61.5625,0.5418705254751116,0.4104166666666666,188.97494506906216,333.9221879963675,989.6184226244992,2.653416020337473,49.25,after
Canadian Grand Prix,2026-05-24,HAM,Ferrari,68,0.0,205.05348664895126,0.4825457247294189,0.7375,126.17406219542238,187.96022301769852,1101.3892445761908,2.0602230984172967,38.25,0.49130392591006566,0.5249999999999999,167.03648328113067,278.88215223226257,1093.0629986565264,1.9158178723241563,25.5,after
Canadian Grand Prix,2026-05-24,VER,Red Bull Racing,2,15.0,161.83370657983522,0.5461769142353583,0.6433823529411764,58.43691219361978,149.44763866774315,1395.1248537303231,4.645835867666341,130.625,0.5448124121388976,0.48039215686274506,91.12987870793009,236.5057825409965,1380.8901819595153,4.773246148973455,94.99999999999994,after
Canadian Grand Prix,2026-05-24,VER,Red Bull Racing,3,0.0,154.45370683430698,0.5040506091445621,0.5496323529411764,54.208871750705,152.86678872457878,1132.9515831677504,2.6648105375580484,48.750000000000114,0.5013951346016826,0.3584558823529412,69.59363974962592,245.0819368602148,1118.8241382253614,2.921364363114208,73.125,after
Canadian Grand Prix,2026-05-24,VER,Red Bull Racing,4,5.0,200.13002823797405,0.5740742289857063,0.6587009803921569,57.28068485630535,147.39130428288806,1486.094138790472,2.5218417090837533,48.5,0.5748243079693786,0.49227941176470574,80.9522381610861,223.42825749930452,1475.5737920894367,2.704406203185115,36.375,after
Canadian Grand Prix,2026-05-24,VER,Red Bull Racing,5,5.0,185.03537173945125,0.6171569165179236,0.6654411764705882,41.877621423467815,132.49736152205114,1616.8446522350919,3.5162315974807483,73.50000000000011,0.615203931691566,0.5213235294117646,61.11107292312196,198.83640463532012,1611.3004504898456,3.6395752632424685,73.5,after
Canadian Grand Prix,2026-05-24,VER,Red Bull Racing,6,0.0,182.77283095295624,0.5686458561526632,0.6470588235294118,48.89447172666099,138.34440450425637,1489.2788713061714,3.4805440171543554,72.0,0.5683139529499098,0.49411764705882344,67.69069279786972,206.06430480060743,1482.5716830560523,3.599118821761728,72.0,after
Canadian Grand Prix,2026-05-24,VER,Red Bull Racing,7,0.0,155.0736498603912,0.6065947000534025,0.6504289215686274,27.090659115449444,118.52067390677257,1587.7502395491283,3.554433063194798,84.43750000000011,0.6091393965064223,0.508517156862745,33.880974296033635,169.644053805492,1583.2609690053605,3.6143438139017143,96.50000000000011,after
Canadian Grand Prix,2026-05-24,VER,Red Bull Racing,10,0.0,161.81407219985,0.4840396633096744,0.5322303921568626,79.19753171131133,172.27632160183572,916.7659453319956,2.4163663311343035,37.875,0.48600770829316003,0.30943627450980393,94.08534475760726,264.1880426602133,894.932085739336,2.8391693871296098,50.5,after
Canadian Grand Prix,2026-05-24,VER,Red Bull Racing,11,10.0,225.4757236505757,0.4778083800756262,0.5172794117647058,93.84745026153091,189.10123771511036,775.1351865493554,2.1136913375985316,25.249999999999943,0.4828657629086818,0.29448529411764707,116.10933292341765,285.1123499414563,739.9425182396727,2.713730555865717,50.5,after
Canadian Grand Prix,2026-05-24,VER,Red Bull Racing,12,0.0,186.48272316609695,0.4717123620040917,0.5243259803921567,92.05216375656089,186.58833759564018,834.4128081224006,1.428579674155009,24.875,0.485375320820379,0.2926470588235294,106.66366570926706,276.5450279963997,816.6505012359146,2.203667227248338,24.875,after
Canadian Grand Prix,2026-05-24,VER,Red Bull Racing,13,0.0,194.0403247883863,0.5094546635754859,0.49411764705882344,75.5378006156757,181.56720701511423,957.2303138258176,1.4817777418246445,12.0,0.51989133444242,0.27058823529411763,101.12261708312809,283.08458413797507,923.0366894658998,2.0644918576503057,24.0,after
Canadian Grand Prix,2026-05-24,VER,Red Bull Racing,15,0.0,166.71002635307974,0.5292183336327813,0.5852941176470589,55.35686505110636,151.12553535122524,1259.3033497173922,2.224611137226125,49.75,0.5292866599478923,0.4023897058823529,72.99894367570506,236.89721445576896,1242.0758909128244,2.447572430908723,87.0625,after
Canadian Grand Prix,2026-05-24,VER,Red Bull Racing,16,0.0,272.87515685240464,0.5460250458174883,0.5764705882352941,98.86091620135812,186.47871382939275,1066.9546120647956,1.7764345900551377,24.5,0.5473797418551865,0.3002450980392157,136.1218105563892,327.70472020570446,1039.5226518775219,2.5703614683517912,61.25,after
Canadian Grand Prix,2026-05-24,VER,Red Bull Racing,17,5.0,203.07463856862216,0.49279327922826566,0.5333333333333332,92.23932490229119,184.7271424073408,861.886039928911,1.7167847205803393,24.5,0.5021946718841501,0.2931372549019608,111.51561991366093,287.28375507311347,838.8416951593051,2.4076307061681943,24.5,after
Canadian Grand Prix,2026-05-24,VER,Red Bull Racing,18,0.0,181.24292524527186,0.48827344811761775,0.5024509803921567,85.62258598840263,189.29599303170104,833.1183918509921,1.2793112432832794,24.999999999999943,0.49393349064151765,0.2818627450980392,105.50522970439744,278.38195142892863,802.0561993024547,1.9551940843037376,37.5,after
Canadian Grand Prix,2026-05-24,VER,Red Bull Racing,19,0.0,197.12336590632046,0.4783076719046417,0.514705882352941,85.07823349086507,181.50296072970463,836.0060668598973,1.9705239300248991,25.0,0.48618324579343664,0.29411764705882354,104.34235381540134,274.50648984310413,807.8522242074694,2.4207346860253334,50.0,after
Canadian Grand Prix,2026-05-24,VER,Red Bull Racing,25,0.0,215.14520810411955,0.45134222020087517,0.5095588235294116,90.24704623704457,179.4469213592406,689.7512269173183,1.6847164175471818,24.749999999999943,0.45592889955643445,0.2911764705882353,107.1951054157219,266.77022026047393,662.515933659125,2.1312097654240065,37.125,after
Canadian Grand Prix,2026-05-24,VER,Red Bull Racing,26,0.0,196.05022976019194,0.4691988997735629,0.5049632352941176,97.37385554598855,192.36799962942422,719.1633762917968,1.6869790205115807,12.5625,0.4749807016518589,0.2832720588235294,118.4944112727262,284.7376568508768,685.8897156429895,2.420317844000639,37.6875,after
Canadian Grand Prix,2026-05-24,VER,Red Bull Racing,27,0.0,211.67719445375462,0.49213067424405993,0.5243259803921567,95.85720129945169,188.85212795291247,822.8124652530074,0.9061037806896859,0.0,0.5008565414739578,0.280453431372549,114.99536140142904,290.29515091731423,797.0125011550214,1.9498603623643016,24.875,after
Canadian Grand Prix,2026-05-24,VER,Red Bull Racing,28,0.0,207.4811968238848,0.47298312434662276,0.5693627450980392,94.44456890928349,179.70001993227828,898.725845082555,1.8421015017286375,37.875,0.47271833374056754,0.3465686274509804,125.32621685203064,290.7776336612293,861.8634607602202,2.190027968689841,63.125,after
Canadian Grand Prix,2026-05-24,VER,Red Bull Racing,29,0.0,216.7463926392216,0.48272742304274974,0.5338235294117646,99.50452136526931,188.51768700553907,809.2890785699219,1.3060139241355666,12.375,0.4892766919628008,0.2911764705882353,122.93665368337862,294.1834958703589,777.9983895731564,1.9642778749317997,37.125,after
Canadian Grand Prix,2026-05-24,VER,Red Bull Racing,30,0.0,207.29251578158488,0.5116954329927881,0.5941176470588235,86.12923933052296,170.93429145888848,1035.4070738992348,2.196686714147575,50.5,0.5142109931926595,0.38370098039215683,109.53586773607843,271.21786617187826,1009.7899242178253,2.437768755103023,75.75,after
Canadian Grand Prix,2026-05-24,VER,Red Bull Racing,33,25.0,198.00572443086241,0.4935345654995077,0.6099877450980392,80.32461761201132,165.89446760284707,1022.3504393927954,2.186854528656989,48.75,0.49808874882970117,0.40686274509803916,96.43484139080216,253.47064184797492,1007.3530990420986,2.5135294417430187,85.3125,after
Canadian Grand Prix,2026-05-24,VER,Red Bull Racing,34,0.0,221.9497698164036,0.4825784568769039,0.5024509803921567,95.49373586776743,194.71289658847027,752.1531016736709,1.7808927612562704,24.999999999999943,0.4821210362256407,0.2818627450980392,123.26416149920065,292.0065241781749,707.7384955240296,2.354996226195264,37.5,after
Canadian Grand Prix,2026-05-24,VER,Red Bull Racing,35,0.0,156.46854395153017,0.5102651804219258,0.5615808823529411,64.85546258342315,153.50846778805177,1099.0746797520726,1.8685231849416288,36.5625,0.5116052034918184,0.3584558823529411,80.71913874123177,253.99610075581046,1083.5059231026219,2.20790002258709,60.9375,after
Canadian Grand Prix,2026-05-24,VER,Red Bull Racing,37,0.0,182.96407351768855,0.4773413651649646,0.5637254901960784,81.84549051405499,166.9182004232271,932.6895503570623,1.5469411877542532,25.0,0.4784704511450588,0.3553921568627451,101.64822367503501,269.1128815758056,909.1241104548563,1.9472755194743907,62.5,after
Canadian Grand Prix,2026-05-24,VER,Red Bull Racing,38,0.0,151.75459707431355,0.4847149233944938,0.5203431372549019,63.24865066910363,159.33726905554798,972.5580303594318,1.9603691573408266,36.1875,0.4964146366511773,0.2956495098039216,78.72383453656253,252.46895736447456,953.7596124225507,2.3860443148488346,48.25,after
Canadian Grand Prix,2026-05-24,VER,Red Bull Racing,39,0.0,236.8381545884177,0.46234564701307074,0.5269607843137254,113.32202048005036,200.94349893865052,637.2850369984571,1.576748333350372,25.0,0.4607404650776767,0.29411764705882354,142.3969757462209,303.6561385234077,595.2029398027394,2.4439405830210377,37.5,after
Canadian Grand Prix,2026-05-24,VER,Red Bull Racing,40,0.0,218.265165781599,0.4492138342180483,0.5338235294117646,106.74938298172474,188.74940198221665,674.4864213777187,1.685250086887083,24.75,0.45184065438958276,0.30330882352941174,130.09623446444357,288.2404635007975,643.3360737373678,2.3946207932094676,37.125,after
Canadian Grand Prix,2026-05-24,VER,Red Bull Racing,41,0.0,227.32055699829522,0.46218280514972665,0.5392156862745097,106.68645514974024,189.6978702543965,701.7959500186022,1.8558171702966368,25.0,0.4585017885183083,0.30637254901960786,135.15429455245734,295.62992053386523,661.9469305040432,2.4953394339954493,12.5,after
Canadian Grand Prix,2026-05-24,VER,Red Bull Racing,42,0.0,197.30719859635076,0.528139499251504,0.5821078431372549,72.80190656994826,157.07038206054688,1104.1341691000835,1.8228616756448819,35.625,0.532073946789882,0.3841911764705882,94.67949894554478,253.16237796818146,1086.860386639994,2.061092033974431,71.25,after
Canadian Grand Prix,2026-05-24,VER,Red Bull Racing,44,0.0,210.93487387404056,0.4305914014549795,0.4926470588235294,110.77132107875937,200.185652397233,483.55837573773897,1.2459898335890625,12.562499999999943,0.4379139958642516,0.2709558823529411,132.94176128126318,286.21165983375124,444.24011268531876,1.939146944942232,25.125,after
Canadian Grand Prix,2026-05-24,VER,Red Bull Racing,45,0.0,184.7658554660523,0.4460149219389854,0.4924019607843137,97.8970645233494,190.66049893944572,620.2094088740337,1.683367637659064,24.499999999999943,0.4501084941781205,0.27622549019607845,117.43950961893862,274.97748258128075,589.1921604297539,2.403656856969778,12.25,after
Canadian Grand Prix,2026-05-24,VER,Red Bull Racing,47,0.0,212.57056643048514,0.4706429198333681,0.48033088235294114,99.79294221668808,194.2101623040419,595.0352174489636,1.6166199048917276,12.5625,0.4736462699084428,0.2586397058823529,118.63992627940982,284.4161207473648,559.1529837868856,2.436278174731658,50.24999999999997,after
Canadian Grand Prix,2026-05-24,VER,Red Bull Racing,49,0.0,198.3313800269403,0.46592986669833536,0.5702205882352941,84.82889688071769,167.87204935463404,913.6411982876725,1.8743150325648712,37.125,0.4727379358079639,0.3518382352941177,97.68262315805791,262.3927068924346,898.9913707659995,2.239889079954636,74.25,after
Canadian Grand Prix,2026-05-24,VER,Red Bull Racing,50,0.0,303.0488897128618,0.46150170063420554,0.5846200980392157,128.327147680927,202.69368009932722,686.247643951091,2.2512458087134197,38.0625,0.4650195089245775,0.3358455882352941,242.38265978196063,405.13948790556276,600.2965143756661,2.4705776406144997,63.4375,after
Canadian Grand Prix,2026-05-24,VER,Red Bull Racing,57,0.0,278.1728304583968,0.5474731489389526,0.5542279411764705,116.05714349800422,204.17079826800776,896.9722883124273,1.9265794317745661,25.125,0.5645192946613466,0.2586397058823529,167.38116566420217,364.96291879567354,842.9752070249286,2.6169262737678576,37.68749999999997,after
Canadian Grand Prix,2026-05-24,VER,Red Bull Racing,59,0.0,221.21811160761268,0.46801814860652163,0.514705882352941,100.64051438434797,186.4235788427203,657.9897722556187,1.5315513501777123,25.0,0.4934851233102304,0.25735294117647056,116.37085796532521,289.09065112390584,635.1539656085331,2.1170931815940826,37.5,after
Canadian Grand Prix,2026-05-24,VER,Red Bull Racing,61,0.0,200.30361407641288,0.49491047500306307,0.5854779411764706,77.69774416186242,160.24351082555134,997.2006702015456,1.5413675911875253,24.375,0.49572602473156485,0.40624999999999994,102.66618317534731,243.95649889098723,972.707927914483,1.8197135261735644,48.75,after
Canadian Grand Prix,2026-05-24,VER,Red Bull Racing,62,0.0,208.5676150970186,0.5617480783886357,0.6218749999999998,64.77608346468298,146.49814719015086,1227.8570685544387,3.0694067611077607,74.625,0.5632891271148682,0.45116421568627446,82.07277485165517,218.09214745152096,1212.210389149139,3.215694011055607,87.0625,after
Canadian Grand Prix,2026-05-24,VER,Red Bull Racing,63,0.0,156.06573532819442,0.5715499159405669,0.6386029411764705,51.90958684940995,137.0104037961485,1386.8502092096394,2.905004459905606,48.250000000000114,0.5725982154174779,0.4848651960784313,60.65095215240472,191.3433974407618,1383.8832392988386,3.008276361463713,72.37499999999994,after
Canadian Grand Prix,2026-05-24,VER,Red Bull Racing,64,0.0,225.53386776420967,0.5539827657774244,0.6213235294117646,77.53575067936566,157.5006755969979,1208.8378512617262,3.1603582164365944,60.9375,0.552597732610834,0.44209558823529405,103.71917680551962,243.59072852125468,1194.6624720217148,3.4425525510293515,85.3125,after
Canadian Grand Prix,2026-05-24,VER,Red Bull Racing,65,0.0,220.03334753982287,0.5999670688347424,0.682843137254902,49.408824525025786,132.31595517034003,1529.1122004287124,3.6912974610709206,87.0625,0.5745962703558145,0.5731004901960783,121.47856378009193,234.1078908108066,1473.604635972171,3.7441694840549795,87.06250000000011,after
Canadian Grand Prix,2026-05-24,VER,Red Bull Racing,67,0.0,224.9178846599724,0.6152501796814028,0.6245098039215685,49.74588698901796,138.85161883914145,1393.2514414583452,3.6696725828439636,73.5,0.6112783048418408,0.48039215686274506,48.32080287217812,181.08175459488191,1415.3911474879872,3.8130218364978097,85.74999999999994,after
Canadian Grand Prix,2026-05-24,VER,Red Bull Racing,68,0.0,224.70835394138467,0.6930421749598042,0.7759191176470587,43.393679226514635,123.51160070471552,1849.9140888334014,5.0253381650944755,189.0000000000001,0.692998870965811,0.6601102941176471,47.40769841801067,153.4019259043725,1876.3679949865718,5.006484518714293,141.75,after
Canadian Grand Prix,2026-05-24,LEC,Ferrari,2,15.0,333.4041992276508,0.6170152457871666,0.8282475490196077,218.59558050414338,273.9480808049425,1708.9394976394185,7.575177686043723,140.25,0.6147504646948972,0.6563725490196078,47.40670232216623,160.30690895940694,1838.669260860347,7.730387381811612,280.4999999999999,after
Canadian Grand Prix,2026-05-24,LEC,Ferrari,3,10.0,,0.6511125362738147,0.7956495098039216,82.43219173242055,148.34697369919084,1898.0938148349428,6.5375976116593835,153.9000000000001,0.6513381472236817,0.6908700980392156,47.40769841801067,94.32585403072682,1935.407304406156,6.5393356919493435,256.5000000000001,after
Canadian Grand Prix,2026-05-24,LEC,Ferrari,4,5.0,158.50452888213798,0.5546916221450229,0.6917892156862744,53.95491522913719,137.52207622847627,1507.8667847282277,5.2109869781282105,95.0,0.5531585464523927,0.5520833333333334,105.3790562765129,228.2582641542359,1504.8073296357925,5.2890444829616285,95.00000000000011,after
Canadian Grand Prix,2026-05-24,LEC,Ferrari,5,0.0,,0.49162595292724137,0.5383578431372549,47.01328616754617,143.63036453161618,1091.3962476974243,3.4586508632722257,71.62500000000011,0.4861288217480411,0.3745098039215686,64.0779789565082,227.85062392045535,1074.9985856294634,3.642751581537765,95.5,after
Canadian Grand Prix,2026-05-24,LEC,Ferrari,7,5.0,224.08079624115857,0.5220245238838895,0.5360294117647058,63.05029075486365,166.1469186710173,1072.0135714216074,1.952727325553772,36.9375,0.5135795661234542,0.31875,84.74573959197352,264.49858773518247,1044.572503061389,2.395045879758145,61.5625,after
Canadian Grand Prix,2026-05-24,LEC,Ferrari,8,5.0,233.85645587328438,0.5462610112744103,0.5387254901960783,72.77559305173097,174.3975203763657,1086.3355108872465,2.2275189087921867,49.5,0.5506966020739641,0.296078431372549,110.19905384673869,302.94286457262615,1041.0513355753974,2.5014691698757097,61.875,after
Canadian Grand Prix,2026-05-24,LEC,Ferrari,10,0.0,145.28909668323024,0.5477937634324553,0.5580882352941177,34.060216540495475,135.9623423817242,1329.5722258327999,2.782580762923902,61.875000000000114,0.5465374947853805,0.388235294117647,48.247330268518695,221.02294566217415,1315.2539976396786,2.9181679699088883,99.0,after
Canadian Grand Prix,2026-05-24,LEC,Ferrari,11,10.0,262.13065277615357,0.525938225979355,0.5892156862745098,58.65213073068672,151.15236064686005,1157.3541549749743,3.614504493674311,98.50000000000011,0.5242586772238804,0.43229166666666663,178.65621614686472,327.8678532065887,1065.1848741516105,3.630565586355357,73.875,after
Canadian Grand Prix,2026-05-24,LEC,Ferrari,13,0.0,132.2297177658152,0.5172747969811176,0.525735294117647,48.32669051180379,151.8319680333867,1115.9531022246986,3.3293117062863473,73.125,0.5150989361901656,0.3226102941176471,65.6878485102572,245.97247617681515,1096.414616217692,3.518599007311482,97.5,after
Canadian Grand Prix,2026-05-24,LEC,Ferrari,17,0.0,176.10979558375993,0.5100372482566196,0.5164215686274509,75.40781722804931,177.32826324999763,951.526534804405,2.1080417670623697,24.5,0.515383025648125,0.28823529411764703,92.9901426927469,273.37420166959066,930.9112468837856,2.6814593079455102,49.0,after
Canadian Grand Prix,2026-05-24,LEC,Ferrari,19,0.0,183.86201212964414,0.5024411621391053,0.508517156862745,76.1766355842513,173.0989758931689,895.9977248999891,1.9976331288701423,36.1875,0.5099440397763558,0.2838235294117647,104.68280761636169,283.1632215380862,862.2169950501604,2.462939472567274,36.1875,after
Canadian Grand Prix,2026-05-24,LEC,Ferrari,20,0.0,243.97301012173241,0.4838230699092476,0.5365196078431371,76.49546975669077,172.06443946638836,928.6237462926274,2.7530740193126433,62.1875,0.4890364345260526,0.3170343137254902,116.63046651949401,287.7932186036124,876.9792516048265,3.0907955283959403,74.625,after
Canadian Grand Prix,2026-05-24,LEC,Ferrari,24,10.0,,0.5233489772652123,0.5922794117647059,26.31923612989101,120.46231481596631,1334.077345576568,3.0533409690120052,84.875,0.5237251359565102,0.4496323529411764,31.824007551411253,176.25678230258694,1331.0248771476597,3.1371735890698242,97.0,after
Canadian Grand Prix,2026-05-24,LEC,Ferrari,25,0.0,215.47961244183895,0.49368697986625504,0.551470588235294,54.4406467221786,151.1230562486148,1096.5687015509973,3.117429097602761,62.500000000000114,0.49043717537367904,0.37990196078431365,74.03703282893235,237.89526390429486,1072.7321905011756,3.288742753891432,87.5,after
Canadian Grand Prix,2026-05-24,LEC,Ferrari,27,5.0,186.46933238662464,0.47964222110848936,0.5387254901960783,72.42663785126872,164.34149268972385,930.1420549810335,3.40642636420324,61.875,0.4804926707863836,0.320343137254902,89.05642920319295,257.22886397842717,910.2212748722943,3.706492313028165,86.625,after
Canadian Grand Prix,2026-05-24,LEC,Ferrari,28,20.0,206.13506367267962,0.4831033416654143,0.5710784313725489,88.6248473922502,179.45465383562865,891.7215510643864,2.9517900196405487,50.0,0.4856344484212172,0.3382352941176471,117.29699911238842,287.2690560598145,855.4533121038345,3.209073024893965,87.5,after
Canadian Grand Prix,2026-05-24,LEC,Ferrari,29,0.0,257.5489975958262,0.48388181236411043,0.5665441176470587,88.92695026159323,171.5454894436175,914.0465931022151,3.1398470946542623,62.8125,0.48963588756570015,0.33253676470588234,112.1982891480083,283.5708497960033,884.1995474286797,3.312489086819286,100.5,after
Canadian Grand Prix,2026-05-24,LEC,Ferrari,34,5.0,752.2542588888556,0.6673833299805348,0.6101960784313726,0.005558360755492985,65.2241338321528,1684.0967760480114,9.273659204583266,50.39999999999998,0.668742791412725,0.6101960784313726,47.40769841801067,14.341771370026748,1716.4614216355637,9.163739021451164,176.39999999999998,after
Canadian Grand Prix,2026-05-24,LEC,Ferrari,36,5.0,297.182067134968,0.5878952935958544,0.7855392156862744,160.98212564103608,223.45336165246434,1430.1287445973303,4.685342969621864,134.75,0.607683807245151,0.5693627450980392,48.041624632087576,166.34553040973472,1576.8058522841438,4.947311054555841,98.00000000000011,after
Canadian Grand Prix,2026-05-24,LEC,Ferrari,38,0.0,253.50160993440537,0.6940197797083304,0.8915441176470588,390.52764673022864,399.4330716815748,1896.9596520284736,6.357470723988233,145.5000000000001,0.6976670328052239,0.7013480392156861,47.40769841801067,142.67932319608215,2045.8871145216629,6.407022198530726,291.0000000000001,after
Canadian Grand Prix,2026-05-24,LEC,Ferrari,39,0.0,358.9584514390035,0.6503862334488036,0.6571691176470589,90.6132239743897,173.90692189662002,1416.9548965145636,6.473954212972618,97.50000000000011,0.6535974493695562,0.4659926470588235,141.80437001843165,286.27611684939956,1439.979148438858,6.667898489640142,243.7499999999999,after
Canadian Grand Prix,2026-05-24,LEC,Ferrari,40,5.0,180.59458033466757,0.4925977125139625,0.5196078431372548,69.06394618533886,165.90794257788815,934.9190310902779,2.209489586457764,37.49999999999994,0.49982547484560946,0.29901960784313725,83.80797621229347,258.74689240825677,913.99442228854,2.6664751383892598,50.0,after
Canadian Grand Prix,2026-05-24,LEC,Ferrari,42,0.0,225.31363185838376,0.4721906482321335,0.5198529411764705,103.50098431754797,191.14115729827557,673.6122392093272,1.9748367472196058,25.25,0.4886817059099187,0.2723039215686274,131.18738007378678,302.22597714225833,631.7244062247942,2.170690730811498,25.25,after
Canadian Grand Prix,2026-05-24,LEC,Ferrari,43,0.0,242.6814737012706,0.439443967536826,0.5348651960784313,92.35635153574296,176.45822218515417,716.4067547830186,3.4183655081670397,63.4375,0.44109473534328403,0.32340686274509806,119.90689575952551,274.2900531296749,676.9106559635014,3.6537921581719037,76.125,after
Canadian Grand Prix,2026-05-24,LEC,Ferrari,44,10.0,334.6454231714886,0.49948979842600605,0.5314950980392156,95.1216427007559,188.624528305549,802.4519787312732,2.736027024509957,49.5,0.5048234475827119,0.28884803921568625,121.77389883555651,298.4621054895057,766.3045540683809,3.214643442712245,61.87500000000003,after
Canadian Grand Prix,2026-05-24,LEC,Ferrari,48,0.0,251.65148919211026,0.4351970606346033,0.5446078431372547,97.72162163591456,177.94773419964184,692.5885946299713,4.5115344572904,75.75,0.43442978972975627,0.3341911764705882,130.56218238586203,282.6126087912767,647.8972073532743,4.741188200322605,101.0,after
Canadian Grand Prix,2026-05-24,LEC,Ferrari,49,10.0,246.61377227688894,0.4152045704034476,0.5296568627450979,113.45350677120594,193.382185204832,514.7513628629301,3.478838815806584,50.49999999999994,0.42454174677670264,0.30686274509803924,141.62616907871416,290.2157804505601,471.7069833186981,3.770961052987626,63.125,after
Canadian Grand Prix,2026-05-24,LEC,Ferrari,50,0.0,257.132260295022,0.4256952081837377,0.5172794117647058,119.03950596087589,195.5174057358527,491.55298684798004,2.7151691920853835,37.68749999999994,0.43882832473051886,0.2832720588235294,150.24102294168804,303.8309365973696,444.71529795077,3.1182060088785097,37.6875,after
Canadian Grand Prix,2026-05-24,LEC,Ferrari,51,5.0,177.29180629174073,0.43036574099738173,0.5073529411764705,93.8427920697055,182.3580714716678,604.9375404928091,3.5262913080933656,49.99999999999994,0.43278058204087777,0.29901960784313725,105.97614923749089,257.4493529517981,585.1663980704755,4.065317032996039,62.5,after
Canadian Grand Prix,2026-05-24,LEC,Ferrari,54,10.0,174.1226533311737,0.4393730769033023,0.5594362745098038,89.9997436777123,169.52988662135556,765.0954661691937,3.0559011179185522,60.937500000000114,0.4486797216101988,0.3324142156862745,100.7153083824789,257.75321094604845,753.6100699962963,3.4046380932971605,24.375,after
Canadian Grand Prix,2026-05-24,LEC,Ferrari,55,10.0,267.3454363896534,0.509963321580901,0.6133578431372548,101.8952065946953,180.08149799306418,987.3149051067379,3.036086420315433,61.5625,0.5144301734932977,0.39607843137254894,199.3177174585667,353.44420858538456,924.2898242773706,2.849488793948817,61.5625,after
Canadian Grand Prix,2026-05-24,LEC,Ferrari,57,0.0,251.39948275161524,0.47648516621122405,0.514705882352941,116.43617436600817,202.12972841996125,606.4691204053225,2.1471654480207345,25.0,0.4941367871382294,0.2573529411764705,153.29683223646376,326.24470773484404,556.2193558062189,2.75496811471075,50.00000000000003,after
Canadian Grand Prix,2026-05-24,LEC,Ferrari,58,0.0,251.59546464487488,0.4521956497089956,0.5172794117647058,116.34974151776865,196.39816870322764,572.1402884322677,2.10978364065247,25.125,0.45637002407783367,0.2832720588235294,150.4631141932148,310.19262262045663,521.3831281874274,2.7658017848866256,37.6875,after
Canadian Grand Prix,2026-05-24,LEC,Ferrari,62,0.0,293.82600296313734,0.5242752794537437,0.545955882352941,106.2187754517727,194.59467880592962,840.8636171242774,2.9462120467226716,49.5,0.5293555076634867,0.27904411764705883,226.8664162181517,412.14084390037203,745.963841128494,3.0921635374527794,74.25,after
Canadian Grand Prix,2026-05-24,LEC,Ferrari,63,10.0,227.56998213753454,0.4522966337269132,0.5341299019607842,109.0241770453516,190.2460680778607,611.140381395804,1.9865617458606901,24.875,0.4608294446483985,0.2902573529411765,131.1250102405412,292.4153158674807,579.3912610792122,2.6279348296106946,24.875,after
Canadian Grand Prix,2026-05-24,LEC,Ferrari,65,0.0,218.8855815966569,0.45490579569982525,0.5243259803921567,115.44690243316774,196.03711955687373,581.1178235892447,2.8642840852326223,49.75,0.4584800218320431,0.280453431372549,143.94143667499418,304.4094443162093,539.647315979533,3.3102760116532273,49.75,after
Canadian Grand Prix,2026-05-24,HAD,Red Bull Racing,2,5.0,208.80548291618612,0.6123183721683826,0.6418504901960784,49.38459900650038,144.7285310771544,1624.7553210484223,3.9485640700461677,70.87500000000011,0.611948004018024,0.46813725490196073,47.782962412446544,205.71275305079797,1645.7300380768154,4.132969105875974,94.49999999999994,after
Canadian Grand Prix,2026-05-24,HAD,Red Bull Racing,3,15.0,155.64775025009433,0.5678153397114476,0.6334558823529411,51.81650024744734,144.35406128132385,1387.210827521071,2.6675174385229603,46.75,0.5695216905389585,0.46158088235294115,72.0001540555316,221.92427494765008,1377.1568104510018,2.7921749774125875,70.125,after
Canadian Grand Prix,2026-05-24,HAD,Red Bull Racing,4,10.0,195.74566418755356,0.6159284654344247,0.6191789215686273,49.70076851188579,149.39390148683577,1502.442677950165,2.1315366510913885,48.75,0.6139164110161475,0.4399509803921568,48.11947561551368,212.78522210139278,1525.7193871607133,2.4017816379424484,85.3125,after
Canadian Grand Prix,2026-05-24,HAD,Red Bull Racing,5,0.0,190.46415900559361,0.5501082768800932,0.6156249999999999,55.307654042065536,145.26455645245352,1371.4707665913752,2.320531379345956,61.5625,0.5489800046074552,0.4466299019607843,82.71557024687478,234.65510573128012,1349.53930129767,2.44480014770876,86.1875,after
Canadian Grand Prix,2026-05-24,HAD,Red Bull Racing,6,25.0,192.84936995965833,0.5371912113134988,0.5979779411764706,67.46765439739238,161.1146974696239,1171.1947000873324,2.2017384699364344,47.75,0.5389305954515161,0.3873161764705882,92.14220757413275,270.42447128733653,1151.2075619138616,2.4853545969576265,83.5625,after
Canadian Grand Prix,2026-05-24,HAD,Red Bull Racing,7,0.0,173.60373709314555,0.5352306819899226,0.5644607843137255,62.56628368871038,160.98415015067968,1202.0987464926686,1.6149337050761414,24.5,0.5373537505480072,0.3362745098039216,80.66572756192018,268.7395402537227,1184.7167509000074,1.975546941174755,85.75,after
Canadian Grand Prix,2026-05-24,HAD,Red Bull Racing,8,5.0,141.57906898346417,0.5429077640323934,0.5813725490196079,55.506384746762706,149.93626911520428,1263.2562051178859,2.380825304108529,61.25,0.5430974972111341,0.38921568627450975,74.70759886116971,249.115827007383,1245.918146987781,2.6240371460894307,98.0,after
Canadian Grand Prix,2026-05-24,HAD,Red Bull Racing,10,0.0,198.72675557584677,0.5512275741813588,0.5852941176470589,68.92233609050123,164.63651233156997,1218.5502805689994,1.7813821440576132,24.875,0.5514350320160227,0.3780024509803921,94.79217671688843,271.29420286159694,1193.5588700387377,2.09979800114058,74.625,after
Canadian Grand Prix,2026-05-24,HAD,Red Bull Racing,11,10.0,187.33530916804403,0.53919577666541,0.5950980392156863,73.06622427015999,166.62719843014054,1160.9276245283331,2.089504684113529,49.75,0.5402221613862698,0.38780637254901956,101.9296240691219,274.61160402386645,1131.7140010058672,2.3078693365766103,74.625,after
Canadian Grand Prix,2026-05-24,HAD,Red Bull Racing,12,0.0,188.64933048945434,0.5334081740625883,0.5552696078431373,69.16189892911648,167.64677277516503,1126.8753914039653,1.915111059381297,36.9375,0.5318126047396747,0.32591911764705883,94.75106991862262,280.88548157750876,1100.5598817145483,2.325044168518093,73.875,after
Canadian Grand Prix,2026-05-24,HAD,Red Bull Racing,13,5.0,225.93119423516737,0.5306536665031809,0.5664828431372549,71.22745207049523,163.93750461330515,1133.70080175534,1.9335516585638755,36.5625,0.5304236792173151,0.3394607843137255,100.1155442915808,285.7638320176411,1105.60862735628,2.2778284794166526,85.3125,after
Canadian Grand Prix,2026-05-24,HAD,Red Bull Racing,18,10.0,190.50202533551388,0.5660046605637875,0.7083333333333333,40.02604899950352,124.11414689195665,1543.5385969273118,3.467234877191212,59.375,0.5660965211614282,0.5802696078431373,94.17369432905718,211.43638729724574,1528.4014488874273,3.4782814452814477,71.25,after
Canadian Grand Prix,2026-05-24,HAD,Red Bull Racing,19,0.0,242.33412533062878,0.5828644751210217,0.7370098039215686,103.42129536015746,177.98595521280774,1504.4545959051713,3.541043572928494,133.3749999999999,0.602368088547485,0.5468137254901959,47.88243669365333,173.1395644341088,1609.366939761235,3.7498989964193674,72.75000000000011,after
Canadian Grand Prix,2026-05-24,HAD,Red Bull Racing,20,0.0,269.43476841305704,0.6156463065076261,0.6823529411764706,49.16616026639534,135.96211491971943,1595.6776396590637,3.945985149730008,72.0,0.6095880844497757,0.5058823529411763,120.25944365059618,255.82425417571685,1512.0577693352095,4.029781630063073,84.00000000000011,after
Canadian Grand Prix,2026-05-24,HAD,Red Bull Racing,24,0.0,182.81848005375343,0.5452180171337142,0.6276960784313724,39.234159268234286,127.23674199085892,1364.421247380793,2.189718082709016,73.875,0.5466841569640848,0.4828431372549019,50.02950590310989,183.65033745952113,1354.6899551568717,2.2462546123502904,73.87499999999994,after
Canadian Grand Prix,2026-05-24,HAD,Red Bull Racing,25,0.0,199.98940047617003,0.5157462944088174,0.6035539215686274,61.05752053352739,148.11878303108827,1194.762982053406,1.9170548311361206,49.25,0.5165387367294451,0.4345588235294117,80.5398646896955,224.06326338747343,1176.243881225714,2.0408616643407598,61.5625,after
Canadian Grand Prix,2026-05-24,HAD,Red Bull Racing,27,0.0,226.88245516081136,0.5358850959737695,0.5759803921568627,63.21825666881059,153.34386129296882,1194.3195732567672,2.383976985083109,50.0,0.5363595723961219,0.37990196078431365,84.17901807588169,256.259629938926,1171.6631342955386,2.6094961674692985,87.5,after
Canadian Grand Prix,2026-05-24,HAD,Red Bull Racing,28,5.0,186.4911136546385,0.5039819326214336,0.5481004901960783,74.8183713377239,166.9103116220348,997.5020825029756,2.3088801665943133,36.9375,0.5004885120731756,0.31875,94.93176843268256,270.10274765829405,974.6803251616562,2.7039887732973287,73.875,after
Canadian Grand Prix,2026-05-24,HAD,Red Bull Racing,33,20.0,204.35460050670844,0.5066301210933309,0.541299019607843,64.56161006682133,163.9943427332171,983.2335197775644,2.2053776015753392,49.5,0.507082971423314,0.3229166666666667,86.7720344351758,264.2510744333357,953.892722250079,2.472876499172086,49.5,after
Canadian Grand Prix,2026-05-24,HAD,Red Bull Racing,34,5.0,194.45785387985143,0.4855600602090004,0.5629901960784314,94.15676151750495,178.71548713253128,886.0918383203159,2.192637549387648,24.75,0.48660791845620527,0.320343137254902,120.5716983534138,290.8844698130856,856.4526145035591,2.573228933722431,61.875,after
Canadian Grand Prix,2026-05-24,HAD,Red Bull Racing,36,0.0,208.13151532176545,0.47874108390381126,0.5637254901960783,92.53205138484913,177.13263242953167,899.8029175672955,1.3488787777876359,25.0,0.48628478750546283,0.31862745098039214,115.51254010041406,285.71221572732605,871.568842037623,1.6800131070742956,37.5,after
Canadian Grand Prix,2026-05-24,HAD,Red Bull Racing,38,10.0,283.5175542376587,0.5138870232862679,0.6379289215686273,93.54209306252987,172.78792348637953,1109.6720028657844,2.3293812235105547,50.25,0.5155265017424671,0.4408700980392156,129.04912087168387,273.3138264459868,1082.111332911317,2.7593679582620365,75.375,after
Canadian Grand Prix,2026-05-24,HAD,Red Bull Racing,39,0.0,145.2053692700187,0.4746447508488063,0.463235294117647,51.53385209087969,159.1372282930241,870.6179681737915,1.9001517802993715,35.4375,0.4804480562819654,0.26636029411764706,54.224518797014206,222.3813384957021,867.1763867432951,2.401056236641635,35.4375,after
Canadian Grand Prix,2026-05-24,HAD,Red Bull Racing,40,0.0,266.00094641263667,0.5586656639972675,0.7230392156862744,117.53524548402798,189.00058247619552,1328.7793517908985,3.762539870315102,100.0,0.5641898801087777,0.514705882352941,153.02600948061664,277.207688111431,1337.8213762548369,3.936255123352164,75.0,after
Canadian Grand Prix,2026-05-24,HAD,Red Bull Racing,42,0.0,201.14884296224463,0.5213120789203282,0.6249999999999999,73.4764417095209,157.2366881315306,1196.1986242048943,1.5951614982087492,37.5,0.526699387477082,0.4411764705882352,92.80533822915041,234.55711546077538,1177.9626794724977,1.7919726180165443,37.5,after
Canadian Grand Prix,2026-05-24,HAD,Red Bull Racing,43,0.0,192.77778822332692,0.5356375790357533,0.6249999999999999,66.36220047245052,152.42390205513612,1272.1558911992684,1.7718935451146358,37.5,0.5366267428192099,0.45343137254901955,88.89673460922558,229.92844669863797,1251.6603470259583,1.934241480617669,62.5,after
Canadian Grand Prix,2026-05-24,HAD,Red Bull Racing,44,0.0,230.09084602514574,0.5061576571691714,0.6004901960784313,86.1143952307768,168.44159372390868,1007.5871081460268,2.0108328540424925,37.5,0.5073616384311299,0.41666666666666663,134.2738030908516,276.37377585048336,958.8232061165576,2.1472831941969384,62.5,after
Canadian Grand Prix,2026-05-24,HAD,Red Bull Racing,48,0.0,171.22465378946384,0.49532711453152445,0.6218749999999998,51.52631392548334,131.46808626772184,1188.392872747815,2.360671771508479,62.1875,0.49319342019376117,0.4877450980392156,70.40157270560873,192.5908512503591,1171.859133913022,2.4554179468534425,49.75,after
Canadian Grand Prix,2026-05-24,HAD,Red Bull Racing,49,10.0,176.19816896646304,0.48143809307028573,0.5419730392156862,82.48125694477568,167.71376120822495,867.3990124639886,1.1753474055522508,12.0625,0.4872372876909438,0.30545343137254904,105.53614853932471,276.06919923115504,839.3990641993825,1.5791571847036971,36.1875,after
Canadian Grand Prix,2026-05-24,HAD,Red Bull Racing,50,5.0,233.0393301248952,0.4708299288029975,0.5866421568627451,96.55910973184133,172.2717147032442,849.2530613211095,2.1176518119494316,37.875,0.47493679257285126,0.3762254901960784,123.67024214737337,276.9765410240372,815.6269392675573,2.249675538115534,75.75,after
Canadian Grand Prix,2026-05-24,HAD,Red Bull Racing,51,10.0,168.39083937950204,0.5068112985386489,0.6102941176470588,53.45334185751286,138.5683754243237,1152.1938661325346,2.952231188112105,73.5,0.509024878868604,0.4541666666666666,66.35856894793308,198.75798586070073,1138.2145841545005,3.0203133173996877,73.5,after
Canadian Grand Prix,2026-05-24,HAD,Red Bull Racing,56,10.0,163.96599102552562,0.5290093544597964,0.6502450980392156,68.33978552731018,145.07679559695308,1212.7396048981002,1.832707653712975,37.6875,0.5334174402241082,0.47781862745098036,82.5180258440397,213.45223891641018,1197.3264373782947,1.944649512952667,50.25,after
Canadian Grand Prix,2026-05-24,HAD,Red Bull Racing,57,10.0,223.00451166871656,0.4997259310209709,0.6348039215686273,103.62474840932649,178.77327803698722,949.188370430917,2.240780124919984,37.5,0.5066987855751286,0.42647058823529405,130.19504812287977,268.48671410558944,924.3550152315418,2.401158996763559,62.5,after
Canadian Grand Prix,2026-05-24,HAD,Red Bull Racing,58,0.0,184.8038655435528,0.4928016786531118,0.6127450980392157,62.97444001175257,143.05022329555013,1135.4474170921144,2.7440441842334313,62.5,0.49703506126888153,0.4411764705882352,67.68244155616138,202.44411559369652,1131.022443243469,2.911673047127045,87.5,after
Canadian Grand Prix,2026-05-24,HAD,Red Bull Racing,59,5.0,217.20504946921525,0.48140450933966755,0.5371323529411763,94.59125839212307,177.3084262931589,754.4898541428611,1.6135327864933446,25.25,0.48745554595617846,0.28958333333333336,112.86289390749367,283.4723349921561,728.3469369854513,2.255578946867057,50.5,after
Canadian Grand Prix,2026-05-24,HAD,Red Bull Racing,60,10.0,218.2683190538421,0.500945949932868,0.5915441176470588,80.2960452198163,160.36173481284757,981.8894248261328,1.7962281038906887,12.625,0.5013980655749802,0.4058823529411764,107.33289054174932,254.93507777780113,949.9665687449683,2.007421786453346,63.125,after
Canadian Grand Prix,2026-05-24,HAD,Red Bull Racing,65,15.0,194.75647789043555,0.5050405091513989,0.6182598039215687,89.56469714332746,167.1995514004446,982.3160496682964,1.2422172503700957,24.625,0.5117819979488495,0.4130514705882352,111.82472876352523,257.29534750111446,958.0139954673575,1.3690764902509212,36.9375,after
Canadian Grand Prix,2026-05-24,HAD,Red Bull Racing,67,20.0,174.99686223064745,0.5011838443492878,0.6323529411764705,87.37381246267773,163.21547784197134,989.764141138311,1.223617320271247,25.0,0.5081017665601137,0.4362745098039215,104.34560281837415,242.85913282482795,969.4008874445269,1.3423088304608366,25.0,after
Canadian Grand Prix,2026-05-24,COL,Alpine,6,0.0,187.9076257043824,0.4797596522961349,0.5529411764705883,73.31540815098398,165.45637652772118,1036.1435226906908,5.749538767536234,96.00000000000011,0.46908332648474044,0.36470588235294116,95.56250574611028,259.74167001576944,1019.6894274388458,5.997909206854855,84.0,after
Canadian Grand Prix,2026-05-24,COL,Alpine,14,0.0,183.46774801362756,0.4346109193417692,0.5149509803921567,80.78577901960796,171.33336330653265,771.9952395344812,5.913603095638035,95.50000000000011,0.4287774575224949,0.32769607843137255,100.87729393060074,250.94940406347396,750.5826606303061,6.225775823682442,95.5,after
Canadian Grand Prix,2026-05-24,COL,Alpine,15,0.0,182.95878086453075,0.46845588782372477,0.5122549019607842,81.98542503791174,180.27480292767115,848.0309506238335,5.198543204831551,95.00000000000011,0.4684669814266523,0.30269607843137253,97.64007045904279,261.6035139583711,831.7700417594161,5.575624710085906,83.125,after
Canadian Grand Prix,2026-05-24,COL,Alpine,16,0.0,166.51804106721053,0.47764614357683177,0.5355392156862744,89.72285725985725,181.47551303054126,869.7551687681353,5.075485897008652,95.00000000000011,0.48139957272077144,0.30269607843137253,100.86290505975259,269.3527555120226,860.8575774307321,5.399713946190319,71.25,after
Canadian Grand Prix,2026-05-24,COL,Alpine,20,5.0,199.28439960923123,0.5131036150079792,0.549203431372549,71.44794576293167,166.67445055043814,1062.3993587589016,4.4717743718521765,82.68750000000011,0.5127370691281233,0.31758578431372547,90.01661560418114,269.4745897990243,1049.8422766188987,4.747906377658601,94.5,after
Canadian Grand Prix,2026-05-24,COL,Alpine,21,0.0,,0.5059299147149908,0.5352941176470588,53.055231914649426,149.7410379283969,1082.8176550841063,5.297765341996573,91.00000000000006,0.5024823046962941,0.35686274509803917,68.03053335707672,235.5927386842317,1076.5142599583053,5.467385634096805,91.0,after
Canadian Grand Prix,2026-05-24,COL,Alpine,23,0.0,,0.4953357091690591,0.5095588235294116,58.69152631445568,159.3998847614419,1012.3770672845018,4.77651319495012,94.50000000000011,0.48882989363148416,0.31268382352941176,76.40704966353879,247.49751243455825,994.88598949705,5.0444165136015835,94.5,after
Canadian Grand Prix,2026-05-24,COL,Alpine,26,0.0,198.13124614983036,0.49989655042897135,0.532720588235294,83.01521146542149,174.0209163571141,944.7650602891557,5.180349779157734,70.87500000000011,0.4991407858862543,0.3011029411764706,107.25101503735046,281.9502900975395,925.6149502006575,5.520258731898929,94.5,after
Canadian Grand Prix,2026-05-24,COL,Alpine,28,0.0,179.45125893115485,0.5099099104132201,0.5356617647058823,73.69817320900741,170.2830554226957,1037.4755599144275,4.201057959100613,81.37500000000006,0.5092871038709467,0.30772058823529413,105.16787423984454,283.4183605946759,1012.7402660971776,4.482836868935279,93.0,after
Canadian Grand Prix,2026-05-24,COL,Alpine,29,0.0,122.38535651650544,0.5340997342617629,0.5812499999999999,44.40007799199214,134.1804857628405,1258.7279462328947,5.585120490218671,93.00000000000011,0.5335869960616318,0.4216911764705882,59.70858637843495,207.93957458792138,1249.6050220308864,5.657486487146855,185.99999999999994,after
Canadian Grand Prix,2026-05-24,COL,Alpine,33,5.0,205.6651465000369,0.4509400606280589,0.531985294117647,85.63846207998097,170.48973952928563,829.8051474494038,5.373838260206515,70.12500000000011,0.44844985795104164,0.32573529411764707,119.49060122095611,276.4480515038207,803.347642685916,5.661166782336948,81.8125,after
Canadian Grand Prix,2026-05-24,COL,Alpine,43,0.0,180.30757956128042,0.42692684704437184,0.5006127450980391,97.99751621951847,183.85506825192581,613.6156199299381,4.0141545893420645,71.25,0.4274956172926511,0.29105392156862747,116.72394679332565,266.3474128457535,588.2007036117742,4.41835222348241,59.375,after
Canadian Grand Prix,2026-05-24,COL,Alpine,44,0.0,185.96790843051593,0.4035079281588681,0.5122549019607842,102.74061811169481,185.6060645092568,576.4348038639544,4.546795623812086,83.12500000000011,0.39684115757906646,0.31433823529411764,125.25621420650674,264.15061935918,549.3440356264674,4.963559696587448,83.125,after
Canadian Grand Prix,2026-05-24,COL,Alpine,49,0.0,191.54884396780403,0.4482129330228144,0.5032475490196078,97.9280225622451,182.7598588085679,663.9341206376096,4.637429591472946,83.5625,0.44376572913619683,0.2925857843137255,124.0518267577854,279.3698319554543,630.6816604767405,5.047277461656069,59.6875,after
Canadian Grand Prix,2026-05-24,COL,Alpine,50,0.0,202.8917387309144,0.4270849551777173,0.5211397058823528,101.6732190314944,185.00036275659764,666.3871855360213,5.193293184536487,82.68750000000011,0.42314754809339983,0.31268382352941176,128.82082823204723,276.9224700647371,637.949818496819,5.57187869551778,94.5,after
Canadian Grand Prix,2026-05-24,COL,Alpine,55,0.0,193.45640675989463,0.47247976866372154,0.5327205882352941,83.57376880638427,168.11745114850888,869.2608492438433,4.452061715909188,70.87500000000011,0.46588305686415965,0.32426470588235295,109.55220972573518,272.611279628191,845.5146848292807,4.770613183416391,94.5,after
Canadian Grand Prix,2026-05-24,COL,Alpine,56,5.0,194.67663116896892,0.5368150026967008,0.5607843137254902,55.420134679232504,148.54440704933555,1139.4940785082147,4.2544635452901325,94.50000000000011,0.5352711714345261,0.3870710784313725,72.65721566094724,230.05510043605918,1125.7815150947226,4.391203165480953,141.74999999999994,after
Canadian Grand Prix,2026-05-24,COL,Alpine,62,15.0,172.56246209621057,0.5374332534683298,0.6122549019607842,57.754041839204156,142.08271015738993,1219.706948141963,6.098453184643962,138.0,0.5363349646165266,0.4544117647058823,78.74217068144293,215.2743292545029,1210.8506646712444,6.192343650193749,183.99999999999994,after
Canadian Grand Prix,2026-05-24,COL,Alpine,63,0.0,213.66019558636566,0.5110082211054868,0.5443014705882353,79.05205005728267,167.0399577921552,966.1366343842067,4.992827598961251,82.68750000000011,0.5094737062506864,0.32426470588235295,98.36249574022109,276.6782929279613,951.560580543711,5.267173067046133,94.5,after
Canadian Grand Prix,2026-05-24,COL,Alpine,64,0.0,157.56347372410124,0.48571395391513444,0.5006127450980391,81.15092725532422,173.7317833420795,795.9818209531651,4.354067170452896,71.25,0.483854120216504,0.27941176470588236,95.14903349921009,264.49797557498647,779.4999019817828,4.768360769325356,83.125,after
Canadian Grand Prix,2026-05-24,LAW,Racing Bulls,2,10.0,,0.5943914895312501,0.5737745098039214,20.135998021477008,127.13639835700774,1485.425608957234,3.251853543408538,77.43750000000011,0.5930610126387,0.42193627450980387,50.79161534214444,218.2548180401539,1468.3987097118659,3.3591358853210567,88.5,after
Canadian Grand Prix,2026-05-24,LAW,Racing Bulls,4,0.0,160.91403449325443,0.522331370222972,0.5637254901960784,63.11601787156129,160.27815097629878,1220.5975649669283,2.152379531700992,46.0,0.52185295339283,0.34950980392156855,90.27581444386486,272.9243481313554,1205.149443716818,2.4876848470424084,80.5,after
Canadian Grand Prix,2026-05-24,LAW,Racing Bulls,5,5.0,,0.4906474887508295,0.5263480392156863,55.35416109257901,158.652024709964,1068.9305917331503,1.7764734994170048,34.6875,0.49385166081505927,0.32230392156862747,77.85466714266136,250.70274842793208,1045.7488165196567,2.18835107478205,57.8125,after
Canadian Grand Prix,2026-05-24,LAW,Racing Bulls,8,0.0,168.58096345594583,0.5295234363965148,0.5958333333333332,71.1923679346665,158.650347040695,1229.1943984696113,1.4892272756718283,35.0625,0.5334082906694105,0.3895833333333333,98.22000316323602,267.25021758711824,1213.1566199443719,1.8045777366817197,58.4375,after
Canadian Grand Prix,2026-05-24,LAW,Racing Bulls,9,0.0,184.71336208778504,0.5143209817625659,0.5214460784313725,74.36103647800674,176.84672690813036,1020.1848110881098,1.7962415020412037,34.68749999999994,0.5137215028114167,0.29473039215686275,104.91055513873037,284.7130811227262,991.9309925901933,2.3010509755087662,34.6875,after
Canadian Grand Prix,2026-05-24,LAW,Racing Bulls,10,0.0,187.06677236157236,0.5069681047587559,0.49338235294117644,76.34228743342506,178.01505529155102,923.693690452942,1.904947251535065,34.31250000000006,0.516171392699808,0.2691176470588235,97.49952677471838,278.15951421965116,902.6410894597727,2.5461049269981655,34.3125,after
Canadian Grand Prix,2026-05-24,LAW,Racing Bulls,11,0.0,167.5651027531277,0.47845315670879307,0.5270833333333332,85.76441153296302,176.83115055483415,906.8787027738881,1.8086352669091919,11.6875,0.488353298243894,0.29791666666666666,108.45009301027758,279.37374739564046,885.1625667481605,2.3176163764780893,46.75,after
Canadian Grand Prix,2026-05-24,LAW,Racing Bulls,12,0.0,158.42422884408367,0.49025859735292066,0.5006127450980391,75.24901988956941,178.01861678601756,909.502515452636,1.9438561739163918,23.75,0.5077543087226012,0.27941176470588236,105.18276213917557,282.896770192086,875.5482542226617,2.475772767567451,47.5,after
Canadian Grand Prix,2026-05-24,LAW,Racing Bulls,13,10.0,198.27334512625148,0.4748599894082147,0.5483455882352941,95.70475495870014,184.10158374851991,863.6698425848666,1.3855470949449376,11.6875,0.48522540632920713,0.30772058823529413,118.37006449753628,288.19895671275873,843.6829631605192,2.0686678467547703,35.0625,after
Canadian Grand Prix,2026-05-24,LAW,Racing Bulls,15,5.0,167.4533658075366,0.4680779286509254,0.5225490196078431,91.80698635317746,181.7736772052772,793.4969812083128,1.568074536697059,24.0,0.4745726415723058,0.29901960784313725,111.79589257324902,277.89631712355606,768.9483657875179,2.2466660499591424,24.0,after
Canadian Grand Prix,2026-05-24,LAW,Racing Bulls,17,5.0,188.57588136850268,0.4727398091808615,0.5279411764705881,96.47853620942841,187.50671141768208,814.6303120851852,1.7219087788217586,36.375,0.4854041037030118,0.2901960784313726,115.26093524094345,285.15237153699763,793.1846095476046,2.472542090248113,36.375,after
Canadian Grand Prix,2026-05-24,LAW,Racing Bulls,18,0.0,163.89918999284484,0.4688718831987564,0.5068627450980391,89.51618916157071,187.7022881964736,818.2621579887774,1.4390912176562551,23.5,0.4764510441966072,0.28799019607843135,116.08924257576757,282.84710804458007,787.7667329797299,2.0657441866338124,35.25,after
Canadian Grand Prix,2026-05-24,LAW,Racing Bulls,21,0.0,222.90178195036174,0.4620611115255193,0.602205882352941,107.1569220462933,182.6106828985971,932.1870199936852,2.317889639056434,47.25,0.46629218829528324,0.38216911764705874,141.52126695735063,295.57186322499484,916.9283354855091,2.8119061526672264,82.6875,after
Canadian Grand Prix,2026-05-24,LAW,Racing Bulls,22,0.0,163.58854622615414,0.4639126072003847,0.508517156862745,91.86854259810077,184.5462778582301,781.19751803254,2.004203469728549,24.125,0.4767223016461227,0.2838235294117647,109.83121022676185,276.6840158029048,758.7170561557054,2.517157609619277,48.25,after
Canadian Grand Prix,2026-05-24,LAW,Racing Bulls,23,0.0,197.5686097657626,0.45999794088061824,0.5349264705882352,89.53108395529894,179.42965333874488,840.3459454536824,1.5163760840507503,24.25,0.4776085503751559,0.2971813725490196,101.77203917007027,268.93503180137486,828.9954252417918,2.150756613736461,36.375,after
Canadian Grand Prix,2026-05-24,LAW,Racing Bulls,25,10.0,176.43375283327128,0.4727091400108748,0.5340686274509804,87.0354821164852,178.39551687110756,873.2618756914366,2.012322683633208,34.875,0.4790965487559526,0.3061274509803922,106.1004685673832,273.78426063196656,857.3700077574562,2.704144625944888,34.875,after
Canadian Grand Prix,2026-05-24,LAW,Racing Bulls,26,0.0,175.86808420463774,0.46884621314060027,0.5558823529411765,99.44663510657804,186.38239636782825,876.4082184698854,1.8422493955245605,23.625,0.47617026388332,0.31268382352941176,125.80769713939674,292.4672894985587,854.3319281700341,2.3139381412953997,47.25,after
Canadian Grand Prix,2026-05-24,LAW,Racing Bulls,29,0.0,177.38571192211506,0.49961806708780726,0.5122549019607842,75.56301787013167,176.32952799407303,937.5882572409013,1.515789851149634,11.875,0.4998712100321505,0.29105392156862747,99.07728013995683,274.0322036512095,910.5129532980328,2.1019636414234992,35.625,after
Canadian Grand Prix,2026-05-24,LAW,Racing Bulls,32,0.0,,0.5082736115652409,0.8550980392156862,5.233421418035237e-06,48.884089424663046,1693.4545632343415,3.382728524872485,71.20000000000005,0.5078143013577976,0.828921568627451,47.40769841801067,26.915943743044345,1709.5264152014408,3.380076929870813,160.20000000000005,after
Canadian Grand Prix,2026-05-24,LAW,Racing Bulls,33,0.0,228.7133869782162,0.48739997334951224,0.575,98.99724628374737,183.3958876402972,983.6013841002111,1.94312389943981,11.5,0.4911133137977003,0.338235294117647,172.46673616320848,344.35639599240363,955.5241271559788,2.54512435371689,69.0,after
Canadian Grand Prix,2026-05-24,LAW,Racing Bulls,34,0.0,190.62459420499204,0.4664509496898069,0.5176470588235293,99.30810748099154,185.85299204815772,747.2930672005535,1.5808029571396278,24.0,0.4766546922216857,0.2823529411764706,123.45967033475294,290.28881261234295,718.5893401083904,2.1477291091823654,12.0,after
Canadian Grand Prix,2026-05-24,LAW,Racing Bulls,36,0.0,204.39594241073624,0.4062616444977843,0.508517156862745,104.11416158761067,185.18934324010542,570.5970132326529,2.603933324651942,36.1875,0.4064660717843227,0.30747549019607845,125.5635548272278,267.8266799517408,540.4177440479381,3.126020213067212,60.3125,after
Canadian Grand Prix,2026-05-24,LAW,Racing Bulls,37,5.0,214.67701931589752,0.473196174036482,0.5198529411764705,109.81528880812405,199.7709731432709,723.457684632503,1.609181535929923,23.875,0.48741384308194546,0.2740808823529412,132.07436072963276,302.6692058083137,700.0861251219942,2.552180342994326,35.8125,after
Canadian Grand Prix,2026-05-24,LAW,Racing Bulls,38,0.0,211.17088120157464,0.4494097358196729,0.5128676470588235,104.96165649920864,189.5269423321235,708.2247263645166,1.5207565506215939,23.249999999999943,0.4700083292799343,0.2735294117647059,134.46831870703406,298.9712339550111,679.1207108752701,2.2505755985318414,11.625,after
Canadian Grand Prix,2026-05-24,LAW,Racing Bulls,40,0.0,185.45535628221475,0.42732538599415426,0.5383578431372548,109.54425182826992,188.05002277106036,677.9799445207915,1.7397055756544328,23.875,0.4355527787085691,0.3042892156862745,132.39903501904863,284.84250756704785,653.1646762403906,2.318489010567392,23.875,after
Canadian Grand Prix,2026-05-24,LAW,Racing Bulls,42,0.0,199.04625100990168,0.43744152219363125,0.5588235294117647,109.22021076252005,185.90093552217445,737.9953178614809,1.973353785202511,35.625,0.4442770142201813,0.31433823529411764,137.8036038902446,293.3005588673081,710.895473708504,2.2931978744480275,35.625,after
Canadian Grand Prix,2026-05-24,LAW,Racing Bulls,44,0.0,179.28682581060423,0.4645842428967324,0.5270833333333333,79.01648984415662,164.3529075366045,870.9272219218326,1.6598791454852193,23.375,0.4771619214027667,0.29791666666666666,96.43047771636641,263.43715020733475,857.1787849403029,2.15774650003667,46.75,after
Canadian Grand Prix,2026-05-24,LAW,Racing Bulls,46,0.0,888.5135350246823,0.4090836318338301,0.5259803921568628,0.23644941821200488,81.95851006152137,1080.372101392503,1.8328212977915774,75.40000000000003,0.4097038951798545,0.433578431372549,47.40769841801067,90.62104078776885,1086.3431909319584,1.8280616835360994,145.00000000000006,after
Canadian Grand Prix,2026-05-24,LAW,Racing Bulls,48,0.0,194.56238474931234,0.4477204337507747,0.49926470588235283,100.97323657269946,188.35853028408752,637.7476538904289,1.6506697593107147,24.25,0.4442692344408789,0.2852941176470588,126.48382206336436,281.97805411767195,598.3791485574646,2.274140623404303,48.5,after
Canadian Grand Prix,2026-05-24,LAW,Racing Bulls,49,0.0,140.0452613923919,0.5162954524032334,0.6435049019607842,47.52651374587538,128.9300448061986,1336.517358443303,3.5163016686535298,89.0,0.514907605803439,0.5126225490196078,95.6936823355056,213.91123861744447,1331.4262437720313,3.5906461866959125,77.87500000000006,after
Canadian Grand Prix,2026-05-24,LAW,Racing Bulls,50,0.0,201.98505393419606,0.5387103565791267,0.5637254901960784,78.7683619879358,167.3363790189859,1106.9954721927543,2.2536711860420717,46.0,0.5402705085515528,0.3382352941176471,101.50440250015366,283.50597581809666,1096.2527289391385,2.745084367282082,80.5,after
Canadian Grand Prix,2026-05-24,LAW,Racing Bulls,53,0.0,161.50514375482135,0.44706907720340855,0.7180147058823528,62.111341863677914,130.0858509751003,1256.203529471319,2.3400212446757513,94.5,0.4493640891150795,0.5790441176470589,103.69567978678913,203.22769256752986,1244.7298434719955,2.2739542495068057,59.0625,after
Canadian Grand Prix,2026-05-24,LAW,Racing Bulls,54,0.0,208.2741259422046,0.46173127484518,0.5854779411764706,99.108843143144,177.4305114311293,871.9897403736906,1.7153868456804846,36.5625,0.46683430648170476,0.37040441176470584,125.29850290518115,277.53547310796523,846.7101606376311,1.9916988182248812,60.9375,after
Canadian Grand Prix,2026-05-24,LAW,Racing Bulls,55,0.0,192.2026222485316,0.4484460589311769,0.5615808823529411,97.80207149453426,172.86833721091122,787.6128070593372,2.3602704843301536,36.5625,0.45315475964254953,0.33455882352941174,114.03884960045075,272.6430154753431,770.7954723294733,2.798098948287087,73.125,after
Canadian Grand Prix,2026-05-24,LAW,Racing Bulls,58,0.0,180.09904864710694,0.49439663775346177,0.5545343137254901,74.33151300837494,159.56365844694542,991.9277148140602,1.2812669629446392,22.625,0.49968873735140523,0.34381127450980387,92.35562093020476,258.5086920801458,978.7186670908467,1.665110872469237,67.875,after
Canadian Grand Prix,2026-05-24,LAW,Racing Bulls,59,0.0,254.62791502141727,0.5011316764954513,0.6832720588235293,123.48936736826417,191.26565824310148,1129.6633341963422,2.190328534860351,35.4375,0.5057956556649049,0.47481617647058816,144.60503181124918,269.4878818085516,1151.37999180431,2.742795862654969,59.06249999999994,after
Canadian Grand Prix,2026-05-24,LAW,Racing Bulls,60,0.0,194.33897891902308,0.45090010981396855,0.5764705882352941,100.69877975353916,173.76758898495092,828.1376347470057,1.6207650972979237,24.0,0.4595394862667473,0.3529411764705882,128.09436980338538,285.8650747614116,800.872689987513,1.891782120005346,48.0,after
Canadian Grand Prix,2026-05-24,LAW,Racing Bulls,62,0.0,207.6262340624559,0.45818269586072324,0.5032475490196078,57.76036764849659,147.39834381102494,862.2299164075582,2.1753936165123546,59.6875,0.47403815540849437,0.2925857843137255,81.38476623626555,247.2981206292386,829.8903563883213,2.0297910034711117,11.9375,after
Canadian Grand Prix,2026-05-24,LAW,Racing Bulls,63,0.0,162.4391535747796,0.4455817525773695,0.6553921568627451,88.261215735624,154.03333978771005,1026.10222293379,2.3721675284714756,71.625,0.4531320128882801,0.47984068627450976,117.4206290951036,233.4845889304107,1009.8645943194948,2.3574015449904184,47.74999999999994,after
Canadian Grand Prix,2026-05-24,LAW,Racing Bulls,67,0.0,143.30748125794477,0.49831258280153884,0.5990196078431371,0.00022965574836029262,89.41209101291948,1351.958588758382,1.4942456505627602,70.50000000000011,0.49399818702512427,0.5529411764705883,65.34552950788765,172.5401199590367,1298.151127480972,1.4026975492281542,70.50000000000011,after
Canadian Grand Prix,2026-05-24,GAS,Alpine,5,10.0,436.1750811959091,0.28925080163544553,0.19362745098039214,274.44271659304854,204.61974401250083,272.39697057778494,3.5782438631781144,40.00000000000003,0.26734953469443196,0.1299019607843137,47.40769841801067,61.8258401545039,330.7396118545388,3.710666408505698,110.0,after
Canadian Grand Prix,2026-05-24,GAS,Alpine,10,0.0,,0.5946612180195624,0.6279411764705882,4.801427715752771,103.7274856830264,1655.320205104599,6.954591973742772,228.75,0.6087265028919181,0.538235294117647,47.45638630043805,178.1454259370601,1677.2739462662357,6.984504242952349,228.75000000000006,after
Canadian Grand Prix,2026-05-24,GAS,Alpine,15,0.0,179.37971043776554,0.451603028010387,0.5524509803921568,77.03326339273754,163.41077845095552,921.9165161372855,6.308414216704356,98.00000000000011,0.447353998377087,0.3602941176470588,97.0294754598591,253.60337489183954,901.2946006535917,6.487555487685427,134.74999999999994,after
Canadian Grand Prix,2026-05-24,GAS,Alpine,16,0.0,165.02276685519388,0.4430406935767306,0.5496323529411764,81.74690069818334,168.55329043884075,862.1659678491947,4.840161108938776,73.12500000000011,0.44322229141578257,0.34650735294117646,100.72858082793005,255.8563828234539,845.0679021009026,5.112490289499962,85.3125,after
Canadian Grand Prix,2026-05-24,GAS,Alpine,34,20.0,,0.5187596995095612,0.5462622549019607,41.82480343798749,142.32971496160246,1112.6000190159184,5.589379293905373,95.50000000000011,0.5169520359111879,0.37071078431372545,53.5434588449119,224.15549799058644,1102.0232734685815,5.6931473755512645,143.24999999999994,after
Canadian Grand Prix,2026-05-24,GAS,Alpine,42,0.0,261.3588787894512,0.4604295026113392,0.5496323529411764,111.97052983606757,192.45165854380448,712.133156586103,4.498455789612392,73.12500000000011,0.45882317469527667,0.31066176470588236,226.15257982635612,386.74069096970294,626.5369993873123,4.408238189357954,85.3125,after
Canadian Grand Prix,2026-05-24,GAS,Alpine,44,0.0,133.62428801931497,0.4816665202397152,0.5749999999999998,57.66609751288557,144.18221762320795,1099.1818834499095,5.819394504443708,92.00000000000011,0.47941165781982337,0.417156862745098,78.79312628013176,218.59209240913012,1086.3565424942992,5.916014557597424,183.99999999999994,after
Canadian Grand Prix,2026-05-24,GAS,Alpine,47,0.0,542.4089968919855,0.42943689884211406,0.3795098039215686,1.532160353510108e-06,75.75234249856175,906.9453458887003,8.952597375444757,31.600000000000023,0.4272739101850414,0.3775735294117647,47.40769841801067,18.933863184558447,935.548225001488,8.85935040180257,130.35000000000002,after
Canadian Grand Prix,2026-05-24,GAS,Alpine,50,0.0,203.35769350203745,0.5602461840776193,0.6905024509803921,47.29869205048766,125.20714271200528,1465.8456218341976,6.2074306716004335,143.25,0.5598485341056102,0.5617647058823529,78.06692598054568,190.8450576747867,1455.8862442519612,6.255598012836913,143.2500000000001,after
Canadian Grand Prix,2026-05-24,GAS,Alpine,53,10.0,191.50445175207844,0.24740760131718673,0.19715686274509803,547.86912261154,276.0213141716479,166.69092485455042,3.153074943042149,25.350000000000023,0.22337091109840196,0.11495098039215684,47.40769841801067,69.63066932333363,244.34475374430713,3.455868651383272,77.99999999999997,after
Canadian Grand Prix,2026-05-24,GAS,Alpine,54,0.0,235.45637632578718,0.5303444361473933,0.6691176470588235,90.73234107320664,166.11215491565898,1217.4254612608877,5.442764970068512,97.50000000000011,0.5274945728529926,0.48988970588235287,152.02321577554716,275.79029066988414,1185.915139002022,5.575044964626705,97.49999999999994,after
Canadian Grand Prix,2026-05-24,GAS,Alpine,60,0.0,387.35962804924253,0.5551620483501948,0.7683823529411764,346.2477389485306,380.00738844288054,1037.1402558671882,7.225837159863947,95.0,0.5614154294889157,0.4656862745098039,142.61330585812607,276.52600993243647,1260.2665950689461,8.18653483691001,94.99999999999994,after
Canadian Grand Prix,2026-05-24,GAS,Alpine,61,0.0,355.3095201087828,0.5721933054854034,0.7568627450980391,261.47894781629805,313.22079107587336,1115.0389757765117,7.3053951090921645,96.5,0.5744222854293357,0.48486519607843126,144.74780576059177,273.4028404195239,1277.7418456857547,7.946053226945514,180.93749999999994,after
Canadian Grand Prix,2026-05-24,GAS,Alpine,63,0.0,372.92610922792295,0.5929431206283089,0.768688725490196,292.3655678054592,335.95219618069984,1179.0672162419899,6.7078414705588525,96.5,0.6103074593458777,0.44938725490196074,150.10454721222771,294.42943873088785,1339.3293975579218,7.5852643624675595,193.00000000000006,after
Canadian Grand Prix,2026-05-24,SAI,Williams,4,0.0,176.07244215984358,0.46056566696327134,0.545955882352941,84.27470473792835,177.73692232521216,903.5950641752523,3.8959042399343966,74.25000000000011,0.4545141419297609,0.3397058823529412,108.82848506424376,267.90843473966004,873.6973563297114,4.21157551676279,74.25,after
Canadian Grand Prix,2026-05-24,SAI,Williams,5,0.0,173.44828762966813,0.472376857752233,0.5552696078431372,71.42212287527279,165.0050846453622,1006.0782839313626,3.304284943614117,61.562500000000114,0.47037490988788927,0.3500612745098039,87.29261865495755,251.9238371157188,989.6298288189029,3.564784729841111,73.875,after
Canadian Grand Prix,2026-05-24,SAI,Williams,6,0.0,160.7584118800447,0.4465963426257396,0.5122549019607842,89.7835999043513,184.91442672388754,756.4505842026682,3.2771232613674037,59.375,0.4505887024567198,0.30269607843137253,107.74543342588426,265.45147928573624,735.3579549881478,3.7280383226166016,59.375,after
Canadian Grand Prix,2026-05-24,SAI,Williams,7,5.0,150.35040296588716,0.46100088900014907,0.5279411764705881,73.32097538618011,165.34663952561618,871.9967543489055,2.3248148012506005,36.375,0.46014099500015304,0.3258578431372549,93.22687859457173,254.27622684462528,849.1443840545925,2.7379176777863465,60.625,after
Canadian Grand Prix,2026-05-24,SAI,Williams,8,0.0,205.20501477595815,0.44213208475787924,0.5446078431372547,94.8331384768552,182.89983215580094,782.5675675141097,3.621948684305048,63.125,0.44009333267685835,0.3341911764705882,122.09837213704236,276.13103857394276,744.1396377258834,3.9180192999306676,75.75,after
Canadian Grand Prix,2026-05-24,SAI,Williams,9,0.0,195.52207330460166,0.49731734311357273,0.4901960784313725,91.89588241233481,196.61371076373578,787.6061964758136,1.767698700027275,24.999999999999943,0.5037835947764234,0.26960784313725483,115.67228627684668,291.9965444485949,749.4527566864609,2.3831695575758247,37.49999999999997,after
Canadian Grand Prix,2026-05-24,SAI,Williams,11,0.0,192.91196443411158,0.5305335577282249,0.4779411764705882,87.59878211723709,199.2541604076333,819.5832034026463,1.5595186525310685,24.375,0.5450763464934373,0.2389705882352941,115.08661796594366,305.86333923864674,779.0092986610395,2.1980414658011886,24.375,after
Canadian Grand Prix,2026-05-24,SAI,Williams,12,10.0,138.71490297788023,0.44617570197943723,0.5039215686274509,70.16105042573875,166.05121608606242,797.4456387407,3.0661720086547177,60.0,0.4458913693611171,0.3156862745098039,87.40175847587689,243.46373775226786,773.8246849258142,3.3936963861058405,60.0,after
Canadian Grand Prix,2026-05-24,SAI,Williams,14,0.0,276.4166347757451,0.5809329509678285,0.6810661764705882,99.57886463806031,178.14433475908095,1387.8154791292004,4.129354045182347,97.50000000000011,0.6225860649705057,0.3823529411764705,203.35914497280348,351.38574311508506,1337.3358880827495,4.302074636993232,194.99999999999994,after
Canadian Grand Prix,2026-05-24,SAI,Williams,15,0.0,227.23692657404604,0.41281770491003594,0.43897058823529406,106.46303422671899,203.4376537126596,359.8997926223941,2.907230188710668,37.3125,0.4094467624430281,0.25606617647058816,130.4123067166765,273.71867357173636,309.17564286224433,3.321948458862431,62.18749999999997,after
Canadian Grand Prix,2026-05-24,SAI,Williams,18,0.0,181.07342058008217,0.484954010585081,0.5137867647058822,65.95162814237197,162.70844383532636,930.6353996041757,2.8547064872316104,73.125,0.4841765647037989,0.31066176470588236,98.92282571419429,268.3846233605239,887.6516427319498,3.1502778089231254,73.125,after
Canadian Grand Prix,2026-05-24,SAI,Williams,20,5.0,216.78106735538657,0.45452090289576547,0.5024509803921569,98.89883943033307,197.29986072406012,651.121412873204,2.509193679448041,38.06249999999994,0.45723150914352834,0.29099264705882355,124.8500776059939,284.88110580622885,605.7034234210048,2.821320200973023,25.375,after
Canadian Grand Prix,2026-05-24,SAI,Williams,21,0.0,207.10357542707416,0.44236498473001884,0.514705882352941,100.53668254600701,189.87083605316514,663.1387220734235,2.887878010672626,49.99999999999994,0.4391165285965687,0.30637254901960786,124.35185935867129,278.04264436747036,625.070606879855,3.3815046036112446,25.0,after
Canadian Grand Prix,2026-05-24,SAI,Williams,23,0.0,201.37687324757684,0.4828473710741883,0.4877450980392156,89.28140901628595,191.34320624899553,718.5601039178127,1.8667887059471455,37.31249999999994,0.4895384072364038,0.26825980392156856,113.74338199517724,285.08182452791857,678.7150704398091,2.2749078938501817,24.87499999999997,after
Canadian Grand Prix,2026-05-24,SAI,Williams,24,0.0,184.10429686961993,0.43132457473462915,0.5121323529411763,91.5846358326432,181.5749947397542,652.8780629223063,2.398990390295132,37.31249999999994,0.43211345616864505,0.30484068627450983,108.64547720486178,259.88518686388755,625.4804920479224,2.847772500915368,37.3125,after
Canadian Grand Prix,2026-05-24,SAI,Williams,25,5.0,219.02789842365362,0.4689060715737938,0.5098651960784313,98.19292878269482,192.10596602153436,694.4604716990631,2.1707854670129425,25.124999999999943,0.473892772485011,0.2881740196078431,123.90524789068671,289.7677182604405,653.1479727582059,2.6611798005820364,37.6875,after
Canadian Grand Prix,2026-05-24,SAI,Williams,26,0.0,199.88537984745957,0.49570013222257636,0.5024509803921567,82.2700832726772,185.25940700064717,849.1245731126785,1.7154805256327355,37.49999999999994,0.49868580435937576,0.2818627450980392,103.3197126541832,277.85974417996476,816.5213319877796,2.2887146231943785,37.5,after
Canadian Grand Prix,2026-05-24,SAI,Williams,27,0.0,194.30077914608788,0.517228199946078,0.5937499999999999,71.81804094255595,158.84518666463845,1158.7972835722555,3.212140369720075,71.25,0.5181098576454946,0.40747549019607837,122.82799879558128,276.2329846874921,1120.3937247573688,3.26593067387325,71.25,after
Canadian Grand Prix,2026-05-24,SAI,Williams,28,5.0,210.4576927776139,0.45097748720409264,0.512377450980392,103.93987143097316,191.25438171821222,632.3934251309048,2.5584237229153945,37.87499999999994,0.45556398169598566,0.28958333333333336,126.27649852652105,285.72389212011603,596.000097124195,3.0875557017659823,37.875,after
Canadian Grand Prix,2026-05-24,SAI,Williams,29,0.0,269.17429606334287,0.47477298706467475,0.49999999999999994,95.89733841964235,191.3637711730616,693.6203149007522,3.779621083220599,63.74999999999994,0.4721358486277276,0.2875,125.88840479476323,291.1359518144679,643.629157358673,4.152701916726154,63.75000000000003,after
Canadian Grand Prix,2026-05-24,SAI,Williams,34,0.0,,0.49973099354096473,0.5411764705882351,55.07825270887804,150.6364466835688,1064.399433454988,3.823629101079588,72.00000000000011,0.4989599749975256,0.35294117647058826,65.06394412253897,235.3015846903621,1056.0868105453553,4.023090394875005,84.0,after
Canadian Grand Prix,2026-05-24,SAI,Williams,36,0.0,257.81642368450144,0.42527251250278625,0.5172794117647058,109.91475358065937,188.05070300595514,527.0599319276514,4.131411535523676,62.8125,0.4148027587148119,0.3202205882352941,255.50484330932662,400.6858088595108,383.8994744452507,3.9362572320636535,50.25,after
Canadian Grand Prix,2026-05-24,SAI,Williams,37,0.0,,0.3800566391853098,0.1409926470588235,104.26643717246888,190.45107992809855,280.70370086120874,0.8567315591349912,19.50000000000003,0.44229845181719935,0.01911764705882353,47.40769841801067,148.4595569308952,319.76655309624743,1.111184816005045,29.25,after
Canadian Grand Prix,2026-05-24,SAI,Williams,38,0.0,223.3796099080387,0.5144532621676687,0.6066176470588235,87.23287340515623,166.86410025190492,1071.5312295262502,3.9626737216069485,61.875,0.5115573872095499,0.4246323529411764,188.7370874127154,331.0314113914372,1011.4316744794181,4.193560192764175,123.74999999999994,after
Canadian Grand Prix,2026-05-24,SAI,Williams,39,0.0,152.06805985948978,0.4860121286029083,0.5069852941176469,79.18997089359462,176.7185777263177,835.6930106809057,1.893481552871941,24.624999999999943,0.4956592559422404,0.27763480392156864,91.24593340652021,264.7266729863044,819.3366226834335,2.486153211661217,36.9375,after
Canadian Grand Prix,2026-05-24,SAI,Williams,40,0.0,236.36600996841398,0.49346759547307806,0.5644607843137255,80.63381023388266,168.2113728794608,1000.0941802616783,3.584436382626147,49.000000000000114,0.49364805858844635,0.3723039215686274,177.82057872851897,340.4826011460234,913.7201927032139,3.6729401739625187,85.75,after
Canadian Grand Prix,2026-05-24,SAI,Williams,41,5.0,261.1743659011983,0.4447851602953951,0.5522058823529411,122.80521827385269,199.27390517807018,603.9165787777407,3.8206831444547285,63.4375,0.4470134765492744,0.3158700980392157,256.3535163456006,412.8082331378466,483.37081450664056,3.6541098458997565,50.75,after
Canadian Grand Prix,2026-05-24,SAI,Williams,43,0.0,265.8101669542299,0.4163156054691156,0.529595588235294,115.96142995755443,194.7058108851622,536.4085508258394,3.5447792452331868,50.25,0.4216393648391004,0.3079044117647059,146.6765356560116,294.25031334969674,493.055310637213,3.9700406735330716,62.8125,after
Canadian Grand Prix,2026-05-24,SAI,Williams,44,0.0,,0.44321470395012674,0.529595588235294,104.35437690967767,184.59346771560197,1021.6071331416574,2.524094286680913,64.5,0.44254094891726614,0.3636029411764705,47.40769841801067,173.68011383459094,1087.273490157691,2.739402704165176,96.75,after
Canadian Grand Prix,2026-05-24,SAI,Williams,47,0.0,156.5568934407488,0.4521446307311798,0.5137867647058822,72.95116927171122,161.1146730467378,808.842217741719,2.1734095815821215,36.5625,0.4609799647472947,0.29871323529411764,81.24618426147447,242.5891719230276,798.32662823966,2.581891762741443,60.9375,after
Canadian Grand Prix,2026-05-24,SAI,Williams,49,0.0,283.43957258243944,0.4630351069460347,0.49999999999999994,116.24576738969459,204.44869725902365,529.2905259334576,2.787044321031089,38.24999999999994,0.46967122245865134,0.2625,141.33943500472168,305.72436286524965,485.4329388704065,3.5014915989156514,25.5,after
Canadian Grand Prix,2026-05-24,SAI,Williams,54,0.0,211.70516969442662,0.42171394592596967,0.5419117647058822,103.51248800961186,177.7447021752805,628.0632935293685,3.1541762754823965,62.8125,0.42266606569847265,0.3202205882352941,127.02825962965774,274.9613826241232,593.3939662876867,3.398583603472928,62.8125,after
Canadian Grand Prix,2026-05-24,SAI,Williams,55,0.0,216.7474446422407,0.47093803074559587,0.514705882352941,85.06434353578841,173.30477222690794,751.1638500318072,2.492018596963665,49.99999999999994,0.4714947367127138,0.29411764705882354,103.96926408255386,268.9924219320037,722.7847652533497,2.916195385880482,25.0,after
Canadian Grand Prix,2026-05-24,SAI,Williams,56,0.0,209.57059242781628,0.48259750665353773,0.5431985294117646,77.67890397634784,163.2132411890905,906.9774424459696,3.8829625816767965,73.875,0.48194582423485477,0.32591911764705883,88.40053132218571,257.08156980438486,895.8562872026987,4.22158273729928,98.5,after
Canadian Grand Prix,2026-05-24,SAI,Williams,57,0.0,212.17650668813934,0.4483827664582331,0.48529411764705876,101.51372202967622,190.4821782872409,555.875290656584,2.999153443243678,49.49999999999994,0.4512802967999284,0.26691176470588235,122.13205661303175,280.0801604930067,520.2195355196211,3.4480101710446545,37.125,after
Canadian Grand Prix,2026-05-24,SAI,Williams,58,0.0,215.89917034391274,0.44664264638082146,0.5284313725490195,100.76182723757614,182.03178428864467,695.4254026792436,2.1844683365129756,24.5,0.44749442849853505,0.3002450980392157,119.32753663195804,275.9505866064453,670.2770800974635,2.778281464351762,36.75,after
Canadian Grand Prix,2026-05-24,SAI,Williams,59,0.0,190.80719610863395,0.43103900084170604,0.5121323529411763,107.51788192175911,192.12926015536723,555.1199048282875,2.9743513748565316,49.74999999999994,0.44106010096077547,0.280453431372549,125.29535089927737,279.66638623554877,527.4868695337132,3.441027446975533,62.1875,after
Canadian Grand Prix,2026-05-24,SAI,Williams,62,0.0,253.1889086248288,0.4367545097693684,0.5095588235294116,118.37631144525136,199.38161454824962,505.01918030505317,2.997092785960551,49.5,0.4423028282258648,0.27904411764705883,147.12467589222499,301.93066577127763,463.34404428497385,3.646500709599641,49.5,after
Canadian Grand Prix,2026-05-24,SAI,Williams,63,0.0,260.4604626326815,0.4331829203644397,0.4828431372549019,123.63906703745174,210.77073038756936,385.09562620188746,2.8746533716495795,36.93749999999994,0.4419185076608058,0.25349264705882346,157.80661961456164,312.47809729584367,330.6031227426665,3.472644850278162,49.24999999999997,after
Canadian Grand Prix,2026-05-24,SAI,Williams,64,0.0,209.35242062220706,0.5002321637255512,0.48988970588235287,109.70676550322699,201.73078224427985,632.8312554353539,2.3244576446371936,36.5625,0.519473112593996,0.22702205882352938,131.27588062162016,313.09147002951875,598.2268636415695,2.808890789774896,36.56249999999997,after
Canadian Grand Prix,2026-05-24,SAI,Williams,65,0.0,230.1251978906478,0.48591123731914554,0.5099877450980391,110.93862309629576,200.13107711918516,638.2844352552726,2.112578011114127,25.374999999999943,0.49371080129881517,0.2612132352941176,141.0054398213941,313.8042202759794,589.0075129564316,2.5899159359484565,38.06249999999997,after
Canadian Grand Prix,2026-05-24,SAI,Williams,66,0.0,193.5949423744944,0.4624237561334055,0.5121323529411763,100.59261775411343,190.60553561700848,673.6780670613433,2.128394442041887,24.874999999999943,0.4654639079700098,0.280453431372549,119.37230454568866,282.2846723351921,644.3670341312364,2.809238978008374,37.3125,after
Canadian Grand Prix,2026-05-24,SAI,Williams,67,0.0,192.37626535567003,0.4456590455784855,0.6977328431372548,114.74141966758857,177.69886473650328,1055.6958312348181,2.35054611597861,60.3125,0.4533822470265048,0.49669117647058814,153.02787263681614,267.6110283632696,1051.6074050106722,2.5219933575369673,36.1875,after
Canadian Grand Prix,2026-05-24,BEA,Haas F1 Team,5,15.0,177.62739365269763,0.47087052043900673,0.5647671568627451,92.78988172431019,182.18347086491693,877.343964916795,1.8101861848919325,35.8125,0.4827545330561289,0.31899509803921566,107.34677601590003,276.3108625855452,864.5143845536131,2.3319567955017013,35.8125,after
Canadian Grand Prix,2026-05-24,BEA,Haas F1 Team,8,15.0,212.28035687375524,0.4885489816631734,0.5386029411764705,96.45288001669964,188.91558405269043,829.1305657356695,1.4775079720065822,0.0,0.5016132506185573,0.29411764705882354,113.467608598249,289.03224631474404,810.9504835894741,2.2577726033348173,35.625,after
Canadian Grand Prix,2026-05-24,BEA,Haas F1 Team,9,20.0,203.60280080200062,0.48269417103763107,0.5462622549019607,98.32991017972331,193.11460835746547,814.1588431012468,1.6847775574886905,23.875,0.4865879876785801,0.3121936274509804,127.3962956349815,297.70209132248453,783.2844238268785,2.4507319128085263,35.8125,after
Canadian Grand Prix,2026-05-24,BEA,Haas F1 Team,10,10.0,209.96605281986402,0.4860204794248629,0.5288602941176469,97.42126529864296,191.94867689771635,800.0434415145212,2.6397770151695674,36.9375,0.4871192413680925,0.2995098039215686,127.58044889364548,298.07218337247787,760.4673056573953,3.2167414880782337,49.25,after
Canadian Grand Prix,2026-05-24,BEA,Haas F1 Team,12,0.0,185.52601514627332,0.4879039358703446,0.602205882352941,59.08537626095306,145.12836697986418,1201.3180293139212,1.342333589564589,35.4375,0.4875417462494362,0.44007352941176464,82.03767154689326,224.0906380125078,1186.1431847533158,1.6247026380875742,23.625,after
Canadian Grand Prix,2026-05-24,BEA,Haas F1 Team,13,15.0,,0.5379821416388121,0.5296568627450979,55.51050315337865,161.7308303126107,1118.076132976463,1.65445037080661,23.875,0.5383313575754611,0.3072916666666667,72.32296320430554,260.7389383557169,1100.502819919804,2.156620352466045,35.8125,after
Canadian Grand Prix,2026-05-24,BEA,Haas F1 Team,14,5.0,150.74174069680873,0.48119348910738596,0.5903799019607843,55.91473110498095,146.067982332432,1132.1646134620041,3.2819152535154315,73.125,0.48143613052006545,0.42310049019607837,68.6631195870319,216.0904747986516,1121.297539650858,3.444969804199218,85.3125,after
Canadian Grand Prix,2026-05-24,BEA,Haas F1 Team,15,10.0,143.37424631034392,0.48697712687647615,0.5502450980392156,58.56787195047621,154.87218191288,1032.275568608554,2.661337641281843,49.0,0.4874729163332441,0.35808823529411765,84.29966020494854,254.91518092158395,999.1730488411268,2.8448559846024133,85.75,after
Canadian Grand Prix,2026-05-24,BEA,Haas F1 Team,16,15.0,184.34148807628006,0.47057988470766493,0.5643382352941175,82.58339331706082,171.7054511709001,903.2153454959761,2.4491614278750897,36.5625,0.4740157789890509,0.33731617647058826,97.25476834442988,263.1602909905977,888.9675826265893,2.8968350830283933,73.125,after
Canadian Grand Prix,2026-05-24,BEA,Haas F1 Team,19,0.0,217.59829291278794,0.47218993973474443,0.5637254901960784,73.72715291632095,162.2228198472357,989.5404002937677,3.1402442344440495,62.500000000000114,0.4677922718944437,0.37990196078431365,97.38987138268394,257.9973574857889,963.1116165225512,3.4339161667276743,62.5,after
Canadian Grand Prix,2026-05-24,BEA,Haas F1 Team,21,20.0,178.82739824569043,0.49331399258415426,0.5435049019607842,63.71781920908751,158.7919047858619,976.2931924802988,2.2295311477117736,35.625,0.48894738094449336,0.34558823529411764,88.5385535627867,259.67013689335937,951.4230761526563,2.6008692513232305,83.125,after
Canadian Grand Prix,2026-05-24,BEA,Haas F1 Team,22,10.0,163.3216921340064,0.48660640647835673,0.5419730392156862,59.72613048024092,151.81377033580304,998.0444633017547,1.6722853775537698,24.125,0.4910479786559973,0.32910539215686274,80.1728600616373,252.03965259123638,972.101285213015,2.0264357515553963,60.3125,after
Canadian Grand Prix,2026-05-24,BEA,Haas F1 Team,24,5.0,156.42647633883547,0.5167937283222716,0.5425857843137254,66.81675279956596,160.5913942115954,1031.0079001478814,1.6436046199567547,24.375,0.515342263068782,0.31556372549019607,84.09680206626018,264.4665941403339,1012.3624025071356,2.0684748090668794,60.9375,after
Canadian Grand Prix,2026-05-24,BEA,Haas F1 Team,25,5.0,206.6975459658566,0.45697457463052443,0.5693627450980392,82.73971176676842,167.44654999889102,904.1928354804579,3.391724179367167,61.250000000000114,0.46098826183344677,0.36519607843137253,101.32930440812929,262.6751960498357,891.5324058201143,3.7132686922448386,73.5,after
Canadian Grand Prix,2026-05-24,BEA,Haas F1 Team,26,5.0,203.884218417525,0.47507989717817684,0.5398284313725489,79.83030626432755,170.87799215840718,890.1432766269719,2.1828659772844023,36.375,0.47808330992858866,0.3139705882352941,101.51296999137121,268.8421284663773,865.6199916733507,2.5859741325944294,12.125,after
Canadian Grand Prix,2026-05-24,BEA,Haas F1 Team,27,0.0,198.2361834462532,0.4641500927798197,0.5580882352941176,91.97784862261413,175.61527551967438,858.6685593033823,2.1004847343754696,24.75,0.46626615734665416,0.3275735294117647,110.96252614985795,274.1556812211869,838.2296824707117,2.647629167527967,74.25,after
Canadian Grand Prix,2026-05-24,BEA,Haas F1 Team,28,10.0,205.05089649572298,0.4673372716332317,0.5566176470588234,104.01959278061882,185.12862835814676,780.362545840242,1.3713872089814543,12.125,0.4775283137860755,0.3069852941176471,120.91107835719569,288.0459881823221,762.9384844703753,2.1867795220747768,24.25,after
Canadian Grand Prix,2026-05-24,BEA,Haas F1 Team,33,10.0,162.35146382113658,0.5169048660903617,0.5833333333333334,66.44277223307301,154.715276769483,1091.863671356783,2.5922783188272867,60.9375,0.5194651850373707,0.392156862745098,82.18475734599905,241.8176597437476,1075.8582743794102,2.7663786591734105,85.3125,after
Canadian Grand Prix,2026-05-24,BEA,Haas F1 Team,34,15.0,174.19268747365888,0.48295580318218895,0.5458333333333332,64.12369044865378,158.22275377051287,947.9813281230597,2.300681964655541,49.25,0.48816274116022035,0.340625,92.72027634270907,263.57723574878617,909.0436921239522,2.451636767604342,86.1875,after
Canadian Grand Prix,2026-05-24,BEA,Haas F1 Team,36,20.0,196.76067572649794,0.4506994985227743,0.5534313725490195,91.49910374179909,174.80891550377447,731.763806423149,2.2340119813390555,37.125,0.4497671963481032,0.3350490196078431,116.95220894968598,274.3707276715221,698.3379186247288,2.610119734788935,49.5,after
Canadian Grand Prix,2026-05-24,BEA,Haas F1 Team,37,5.0,194.21831600927896,0.507260615006962,0.5636029411764706,68.41031399300256,158.22567936464998,1058.386867591684,2.319221914026154,48.5,0.5080090167867856,0.36151960784313725,83.98336538244683,254.29718724279914,1043.9779791160895,2.6648501345175677,84.875,after
Canadian Grand Prix,2026-05-24,BEA,Haas F1 Team,38,10.0,215.02310487633468,0.4590645627327408,0.5490196078431372,94.77212608880997,178.94470840420684,750.3606710036681,2.242152060691641,37.5,0.4639631539581058,0.3161764705882353,116.17585030200873,278.5629541873457,721.299506690429,2.6332392499649884,37.5,after
Canadian Grand Prix,2026-05-24,BEA,Haas F1 Team,39,10.0,229.39626943432546,0.4381952600019269,0.5517156862745097,103.90528524037194,181.057083743188,656.4685336174903,2.175205958907789,25.125,0.4471478535116341,0.3177083333333333,124.81170583935682,281.31345456842877,627.5832191139189,2.6412124884669814,50.25,after
Canadian Grand Prix,2026-05-24,BEA,Haas F1 Team,41,5.0,168.54889368975924,0.5094543804053896,0.5664828431372549,60.49030307403971,147.9513579164025,1088.3716763615937,2.320911269161488,48.75,0.5092238810527688,0.38725490196078427,77.11660204451915,235.13292775461255,1071.1789173968307,2.518580752742611,85.3125,after
Canadian Grand Prix,2026-05-24,BEA,Haas F1 Team,42,0.0,204.4652787339801,0.47870150915539156,0.531127450980392,82.480157203341,172.36999182979542,833.4939555113161,1.4619974994319882,24.625,0.4802917695087622,0.3017769607843137,102.72730414861476,270.82942347668154,806.7532593855311,1.9666182264380847,49.25,after
Canadian Grand Prix,2026-05-24,BEA,Haas F1 Team,43,0.0,230.05112967634557,0.4463637131085455,0.5404411764705881,97.01690021391303,180.66997708317172,743.9553574534971,2.5187663441738484,49.0,0.4509747931247152,0.3122549019607843,117.7901827091438,275.6313603027941,719.6406641310812,2.9942193943542526,61.25,after
Canadian Grand Prix,2026-05-24,BEA,Haas F1 Team,47,10.0,169.73692964643894,0.4433403426761394,0.5502450980392156,82.18354942939973,165.8378095159832,788.0420091221375,2.2366535501892444,36.75,0.4453565462854605,0.346078431372549,98.53245400645126,254.40724520636246,767.2920615353021,2.5477695457482095,73.5,after
Canadian Grand Prix,2026-05-24,BEA,Haas F1 Team,48,15.0,184.4764893604107,0.47214847847262026,0.5523897058823528,94.81190525867865,176.71723140909296,777.6600631808827,2.0989935103857706,36.5625,0.4769835881768235,0.3134191176470588,120.41799185121168,287.3622477130999,746.9697013356364,2.484733956498051,60.9375,after
Canadian Grand Prix,2026-05-24,BEA,Haas F1 Team,49,15.0,225.7100645058031,0.4347671006989157,0.5512254901960784,105.16856543528142,187.49834208801784,646.8460606638153,1.8233372481881112,24.875,0.43994920951558314,0.31954656862745096,128.44639571721004,282.4286190476641,613.7133905998198,2.278471942554546,37.3125,after
Canadian Grand Prix,2026-05-24,BEA,Haas F1 Team,54,5.0,180.30792900096478,0.45151816204394346,0.5545343137254902,96.53779693732177,177.21795866770734,773.6696130429383,1.1424381204122904,12.1875,0.45792114066746065,0.31556372549019607,118.84114745150258,279.1135466851138,747.209929337072,1.6737309760223065,12.1875,after
Canadian Grand Prix,2026-05-24,BEA,Haas F1 Team,55,10.0,180.48985275134083,0.45974725712815845,0.5409313725490195,89.77433087952,175.8368835135359,761.6224477323647,1.84614751147081,24.625,0.46164079705280686,0.3115808823529412,104.4392998062766,266.01357877475897,741.2419988360289,2.393456820541826,36.9375,after
Canadian Grand Prix,2026-05-24,BEA,Haas F1 Team,56,0.0,259.2484550309094,0.47035094645757636,0.5419117647058822,117.56161410416222,194.71373128837993,648.7278050507095,2.094434783674564,25.125,0.48129256080494376,0.2832720588235294,154.01020098931298,322.46259727104336,601.2394574216978,2.6224332941465938,37.6875,after
Canadian Grand Prix,2026-05-24,BEA,Haas F1 Team,57,10.0,181.01606503040563,0.4737717362430754,0.5355392156862744,78.23555586177706,166.82419106976025,831.3218387695395,1.8487544101892655,36.5625,0.47576373060095273,0.3085171568627451,88.71896815937943,255.2362738697129,817.4273962833656,2.316774218165152,60.9375,after
Canadian Grand Prix,2026-05-24,BEA,Haas F1 Team,58,0.0,,0.5510701456284784,0.5637254901960783,29.06691288485887,122.77344398778808,1279.010931787145,2.879773743586416,69.0,0.548043894413184,0.42843137254901953,38.68289865445078,180.56420878936817,1276.665309519794,3.0218095791293287,80.5,after
Canadian Grand Prix,2026-05-24,BEA,Haas F1 Team,59,10.0,217.23256901493772,0.5197151496879399,0.6223039215686273,82.868388071384,161.19835961011762,1081.8823613540812,2.7890486481520433,61.25,0.5179754364593147,0.44215686274509797,105.63116429447714,242.710244905103,1068.542629750942,3.1517315967560586,85.75,after
Canadian Grand Prix,2026-05-24,BEA,Haas F1 Team,60,30.0,193.2088810391577,0.46779750125169545,0.5551470588235293,87.1055984073606,173.16773604882607,759.263758309674,1.9710312515944144,36.5625,0.46205403429535563,0.35202205882352944,112.79477421192259,274.51368621529707,728.3824925780111,2.4352276623327076,60.9375,after
Canadian Grand Prix,2026-05-24,BEA,Haas F1 Team,61,15.0,193.86547109713123,0.4475684056280641,0.5363970588235293,102.61292714550005,187.00201993225147,628.931908872021,2.2391320830332737,37.125,0.44866011251986015,0.3058823529411765,120.45392193818567,277.48496132013673,601.6098433286938,2.7819347277357696,37.125,after
Canadian Grand Prix,2026-05-24,BEA,Haas F1 Team,62,5.0,243.5607266904625,0.4606165271986899,0.5265931372549019,116.24411645107027,200.7681405669366,588.3797395719797,1.2964520293936217,12.375,0.4743893619911095,0.27181372549019606,141.90062805235155,307.9369047492399,552.1251991210484,2.0926550226402907,24.75,after
Canadian Grand Prix,2026-05-24,BEA,Haas F1 Team,63,10.0,219.9665195322854,0.4374448115719033,0.5341299019607842,110.10445963984331,190.8651558926754,600.4280562479142,1.8532307951969718,24.875,0.4514277804931298,0.2902573529411765,122.5477623435073,280.54748551610277,583.0076973560938,2.6302305560011745,37.3125,after
Canadian Grand Prix,2026-05-24,BEA,Haas F1 Team,64,0.0,281.35172589885684,0.4525559523732881,0.5499999999999999,124.63540555395673,203.68554263182335,610.43243000278,2.537391415378354,38.25,0.47081131200127757,0.2875,160.95660196907943,325.7405611695266,562.9622589139952,2.8915006986886778,38.25,after
Canadian Grand Prix,2026-05-24,BEA,Haas F1 Team,66,0.0,185.49512034520671,0.510311219638109,0.5284313725490195,75.72621847009931,166.10174867130345,933.9276778378213,1.6816277167462508,24.5,0.5141616609642835,0.28823529411764703,97.57200866095279,277.528589998452,904.4599571855707,2.1790030135759006,49.0,after
Canadian Grand Prix,2026-05-24,BEA,Haas F1 Team,67,5.0,,0.509483276553495,0.8227941176470587,3.5593742815814165e-06,70.54395373593422,1609.3147076713867,1.7871055918888685,94.00000000000011,0.5095110055745795,0.7536764705882352,47.40769841801067,101.35343152805957,1609.584353871475,1.7822934163123478,129.25,after
Canadian Grand Prix,2026-05-24,PIA,McLaren,3,20.0,171.46621171701148,0.5744096911671355,0.621813725490196,59.98177491203717,151.85042663362395,1337.9144166056994,3.040673344541714,68.25000000000011,0.5799637018226617,0.42107843137254897,67.90633098796475,233.3975817393585,1337.5663169816555,3.156853419031868,91.0,after
Canadian Grand Prix,2026-05-24,PIA,McLaren,4,10.0,189.53178030597536,0.5364319777901104,0.5568627450980392,83.74286876336555,178.31709720366248,1080.3764018376855,2.229854521457838,46.5,0.5382339316033473,0.3061274509803922,117.45399055801565,305.8358666191872,1060.0210423310943,2.880518165212971,69.75,after
Canadian Grand Prix,2026-05-24,PIA,McLaren,5,5.0,185.0662687069433,0.4858457535193156,0.5160539215686274,71.15317620738028,172.77907133091068,918.9988711597169,2.5378124424910578,48.5,0.49569433079956177,0.3020833333333333,100.43191140244346,273.92492718229005,883.207827963485,2.9787877300367755,36.375,after
Canadian Grand Prix,2026-05-24,PIA,McLaren,6,10.0,194.554840268063,0.5224644609451675,0.5447303921568626,75.85318562408492,175.55967507775912,1029.501558912631,2.075030227821167,36.375,0.527625731400138,0.3069852941176471,99.7132986964668,284.3823046865151,1005.8742226951227,2.629351142579726,48.5,after
Canadian Grand Prix,2026-05-24,PIA,McLaren,7,5.0,196.84933424700188,0.52666094050563,0.5722426470588236,65.61566150833754,159.07043794885465,1148.3846347074968,2.7137849995536665,61.5625,0.528221054448279,0.36703431372549017,93.49368448390415,272.85024690947444,1118.1519170801917,2.8722218942813353,86.1875,after
Canadian Grand Prix,2026-05-24,PIA,McLaren,8,0.0,,0.6147647126393931,0.728860294117647,2.608245221790055,90.08455513706934,1821.7350612452558,5.360049275823361,183.0000000000001,0.614170874618346,0.6391544117647059,47.40769841801067,151.51639238005964,1820.1671848685437,5.366464532333456,228.7499999999999,after
Canadian Grand Prix,2026-05-24,PIA,McLaren,9,5.0,173.49820641419637,0.5724898413087742,0.5962009803921569,57.18668526946308,150.31488727394213,1321.3687608348837,2.6144675516526075,48.25,0.5755655203227455,0.3951593137254901,68.70911008431423,240.407466737275,1314.264175114376,2.8108058473652995,96.5,after
Canadian Grand Prix,2026-05-24,PIA,McLaren,10,0.0,169.6566636023309,0.5523694120680307,0.5644607843137255,53.49996985871286,153.06825462955916,1249.3079364879227,3.3867879443830193,73.50000000000011,0.5511609351605624,0.3723039215686274,72.76162986300636,251.02460682001717,1231.4404430418047,3.5754425498442393,98.0,after
Canadian Grand Prix,2026-05-24,PIA,McLaren,14,15.0,169.0482792029979,0.5841302282179157,0.5911764705882352,68.87901499207706,162.40177160786243,1252.562706254029,2.1256800461516647,24.0,0.5851166365891524,0.36764705882352944,92.86083294641996,282.4546115640359,1235.961620735974,2.494062767374271,48.0,after
Canadian Grand Prix,2026-05-24,PIA,McLaren,15,15.0,532.0478035875144,0.5040229834453709,0.4758823529411764,4.896666910254483e-06,70.80680762755681,1178.6524018153857,2.374907048720792,38.400000000000034,0.5027747145348009,0.4205882352941176,47.40769841801067,51.99419184561769,1197.5673516195413,2.370086075795859,144.00000000000006,after
Canadian Grand Prix,2026-05-24,PIA,McLaren,16,10.0,201.38069667076118,0.5756905270235608,0.6133578431372548,70.95326813650964,162.9451166941213,1288.0498336664818,3.129029246866549,61.5625,0.5740373890188457,0.42022058823529407,99.54219213864826,262.0258642291817,1267.9728107040944,3.393192453704174,86.1875,after
Canadian Grand Prix,2026-05-24,PIA,McLaren,17,0.0,145.35408718735874,0.5309532980162176,0.4873774509803921,65.40711898400426,176.58715313860276,971.4873606262486,1.7014907218544675,36.37499999999994,0.5292302386974421,0.273406862745098,87.60655632390518,272.83713986800996,940.0140728947873,2.2988278560947464,36.375,after
Canadian Grand Prix,2026-05-24,PIA,McLaren,18,5.0,262.3759265258886,0.5189531488234508,0.5722426470588236,96.95599092402685,183.96219109212197,975.8490243326423,2.6704870488061183,36.9375,0.518745413778328,0.31875,210.39124467437307,390.47218117452286,897.8166793237372,2.860296000906598,73.875,after
Canadian Grand Prix,2026-05-24,PIA,McLaren,19,25.0,193.39651489877187,0.5029468851618183,0.509375,88.19283723694012,188.58737785577256,763.3849045388408,1.611828484013034,24.125,0.5158137357765263,0.2728553921568627,104.19298443163015,284.72779195341434,740.7897078572812,2.535911104163164,24.12499999999997,after
Canadian Grand Prix,2026-05-24,PIA,McLaren,23,20.0,,0.5295794367728274,0.5240196078431372,54.52234602006527,160.05744964912398,1066.1963660875626,2.0995860199587804,36.74999999999994,0.5291108124496149,0.307843137254902,65.83019749227095,251.0189818496362,1052.0065832375046,2.6017271578814767,49.0,after
Canadian Grand Prix,2026-05-24,PIA,McLaren,24,10.0,157.93055539120152,0.5277022063368382,0.5301470588235293,53.732404625825815,156.82962362244365,1101.4128566373147,3.1886419539110653,72.375,0.5216881717373377,0.31727941176470587,73.45056537118597,256.0414254792542,1079.8815322109274,3.462755104055282,96.5,after
Canadian Grand Prix,2026-05-24,PIA,McLaren,25,15.0,200.12660529808247,0.5570807670574268,0.6447303921568627,49.35709350723119,134.06855343467515,1357.038761873711,3.5531290460978235,72.75000000000011,0.5578913295972827,0.4901960784313725,58.072817330386286,193.85784124930913,1353.792575894896,3.660984548257313,96.99999999999994,after
Canadian Grand Prix,2026-05-24,PIA,McLaren,26,5.0,211.4583822553844,0.5295392682590577,0.6262254901960783,81.58969119239063,162.33223157271738,1169.4565320738943,3.3682024032211104,73.125,0.5269474757763376,0.4469975490196078,167.379875342763,309.1401542206977,1129.3199426449153,3.6211528824501342,97.5,after
Canadian Grand Prix,2026-05-24,PIA,McLaren,27,10.0,242.47697270800245,0.48195006680638164,0.5341299019607842,109.10494224983881,197.9457569665522,704.5129106856598,2.7972875481187374,49.75,0.49037944472452105,0.2902573529411765,172.3841007940166,344.01690644759896,625.2322390138717,3.0126063169670774,49.75,after
Canadian Grand Prix,2026-05-24,PIA,McLaren,32,5.0,273.0453107431563,0.4869273441569164,0.5903799019607842,117.30386687518025,198.71929219799802,865.3985454519179,2.9615614359976226,24.375,0.4922832064972361,0.3275122549019608,209.318767166107,381.61788944013966,811.1189234708868,3.0194678810653865,73.125,after
Canadian Grand Prix,2026-05-24,PIA,McLaren,33,10.0,191.31133153178024,0.5626455709474253,0.5742647058823529,77.78694945332155,171.50679591865548,1158.0108955440455,2.3671117971046995,47.0,0.5634111151250221,0.32083333333333336,101.07718469927666,298.27107499303435,1144.6831397016208,2.791742995466467,82.25,after
Canadian Grand Prix,2026-05-24,PIA,McLaren,35,10.0,257.1442109791334,0.5281699684938957,0.4781862745098039,86.18240611895749,190.30385083315429,785.7269697740995,2.350890470643746,36.75,0.5364563426598802,0.24999999999999997,121.54987246939521,309.30959240035327,731.5729805010747,2.7771461796254333,48.99999999999997,after
Canadian Grand Prix,2026-05-24,PIA,McLaren,37,0.0,182.66964120071947,0.5723218537897625,0.5349264705882353,48.09406456837809,151.25115978490575,1234.96824907709,1.65016685607997,24.25,0.5705520812427828,0.2971813725490196,66.96304454604308,266.6562729810171,1215.523800579369,1.9455733000077875,60.625,after
Canadian Grand Prix,2026-05-24,PIA,McLaren,38,25.0,321.85443216109786,0.48284583304381823,0.6098039215686275,135.3596205889197,213.35983303558697,741.315595089325,3.233602564295188,49.75,0.48439351039627004,0.3293504901960784,229.66971029403265,399.20743893272714,682.8734120105613,3.373627661103519,49.75,after
Canadian Grand Prix,2026-05-24,PIA,McLaren,39,10.0,191.19472449378551,0.5043997937144871,0.5064950980392157,89.58416959333547,189.38219545454166,810.1225249537409,2.456030928766763,48.24999999999994,0.5086678440052516,0.26997549019607836,109.48176355103975,287.5155089528778,782.752002931732,3.104397036676324,48.25000000000003,after
Canadian Grand Prix,2026-05-24,PIA,McLaren,41,5.0,231.86873613888014,0.47341227174730016,0.5144607843137253,105.90060549400353,195.40894520989144,672.5257001294168,2.4602832728633124,37.125,0.4755765617359544,0.28394607843137254,134.08950078770744,300.5412973952915,631.289394233501,3.088936124326245,61.87500000000003,after
Canadian Grand Prix,2026-05-24,PIA,McLaren,43,5.0,232.8849037542485,0.46022614583871846,0.5221813725490195,110.62420406996752,193.84779525483248,627.9610842377909,2.350965388069064,37.68749999999994,0.47459801783493233,0.2758578431372549,131.8208854823786,297.9301917246049,596.0457836430024,2.912326734224491,37.6875,after
Canadian Grand Prix,2026-05-24,PIA,McLaren,44,20.0,195.04916987124736,0.47558645689963064,0.5214460784313725,91.05821291193647,184.87850521966024,725.6088856116164,1.416951375571618,12.1875,0.47740106184175585,0.29442401960784315,112.80264631542556,279.89301796004014,693.590431520311,2.048538731765258,36.5625,after
Canadian Grand Prix,2026-05-24,PIA,McLaren,46,0.0,182.90216193682002,0.455990670891705,0.4877450980392156,102.88995583549018,198.44565770758007,600.4978353673837,2.137643483033529,24.875,0.4447260630358632,0.280453431372549,125.28644654705002,280.9405686096021,557.3680858744679,2.8377205394135654,37.3125,after
Canadian Grand Prix,2026-05-24,PIA,McLaren,48,0.0,214.6466304361566,0.48176045364509235,0.5044117647058822,102.65393138680766,193.750549989151,712.3226249659315,1.4443576005117216,24.5,0.4920489929278327,0.26421568627450975,122.00503579983334,294.22218332457476,684.7458070394541,2.3189702336949103,36.74999999999997,after
Canadian Grand Prix,2026-05-24,PIA,McLaren,49,0.0,236.6413283781193,0.43971024679999426,0.5172794117647058,102.29473584638905,183.23123942380514,621.3363249196456,2.5489603763924324,37.6875,0.44277946635254045,0.29558823529411765,125.48426214300146,280.45707536639065,585.8629514530959,3.034389104739563,37.6875,after
Canadian Grand Prix,2026-05-24,PIA,McLaren,50,10.0,181.3715042428626,0.5010690210129535,0.5474877450980391,75.35302755349812,162.34427585698234,925.1169280237019,2.4973477511105893,36.5625,0.5037878161866718,0.32046568627450983,94.60959473645704,270.9353304017922,901.3236025992692,2.7031317963248616,60.9375,after
Canadian Grand Prix,2026-05-24,PIA,McLaren,54,0.0,191.1697909580045,0.5021466604112407,0.5044117647058822,100.32710348575513,192.14930994289875,744.4209294556657,1.5911457051923465,12.25,0.5140216437085688,0.2522058823529411,123.36630513788158,303.2738804358807,711.9745581512506,2.3087701250516277,36.74999999999997,after
Canadian Grand Prix,2026-05-24,PIA,McLaren,55,5.0,193.95317463281918,0.4636707155158528,0.5306372549019607,98.87073687493552,183.71469831069885,705.4395400960826,2.856378955341205,48.75,0.4697257305187926,0.2916666666666667,122.18627321562975,286.59027889720716,676.5054237316724,3.2883554057888458,36.5625,after
Canadian Grand Prix,2026-05-24,PIA,McLaren,56,5.0,236.24510321092168,0.4943032053143583,0.5144607843137253,115.3440408852322,203.9265020615894,651.7260225084465,2.3284850542112228,37.125,0.5047211051882413,0.2596813725490196,149.18387216803393,325.8362589839184,603.8886004418442,2.9236719691408477,37.12499999999997,after
Canadian Grand Prix,2026-05-24,PIA,McLaren,58,0.0,186.67636028845268,0.5141844880322036,0.46813725490196073,86.91574889079135,185.8097234891003,676.0348458398533,2.383603580842158,35.8125,0.5236917276018479,0.22236519607843133,104.99627519256526,288.28837985321206,648.8418625107826,2.993628873588238,47.75,after
Canadian Grand Prix,2026-05-24,PIA,McLaren,60,0.0,215.41559374185235,0.5193025710764603,0.5587009803921569,76.31866786753665,163.21192616517433,1013.5226825728569,4.030441015391058,72.75000000000011,0.5171734521475001,0.35661764705882354,93.08000428547392,258.782866029653,1000.0749055423355,4.3301440709894194,97.0,after
Canadian Grand Prix,2026-05-24,PIA,McLaren,61,0.0,163.8198734155055,0.4844332768275794,0.6127450980392157,56.63062824517535,136.22182014966634,1126.5902655009647,2.9693849190140464,62.5,0.48463383693352663,0.4656862745098039,68.02916048225785,193.17514588025148,1115.4364199238594,3.070912112414372,75.0,after
Canadian Grand Prix,2026-05-24,PIA,McLaren,62,0.0,180.01238734878228,0.5522656500886142,0.6220588235294117,57.94706346979048,140.21118073362726,1277.1446579693813,3.2634030540899293,70.50000000000011,0.5546326254732655,0.4607843137254901,72.2741798187177,205.14825502260067,1268.7407539613398,3.3704048268530493,93.99999999999994,after
Canadian Grand Prix,2026-05-24,PIA,McLaren,64,0.0,347.39124919264765,0.8253903746941783,0.8801470588235294,279.7688295423612,292.36392549109235,2132.093157909019,9.185829072236901,170.10000000000014,0.8682187194968476,0.7411764705882352,47.40769841801067,103.98073428961374,2352.2339382868595,8.761162461817637,236.25,after
Canadian Grand Prix,2026-05-24,PIA,McLaren,65,0.0,261.13185187599834,0.5221095497290663,0.49669117647058814,92.04460343476205,188.47227397352125,777.2509856869399,2.816878767639414,48.25,0.5294155152686842,0.2483455882352941,129.99616929388708,315.29159963792654,728.5091631019815,3.279165711687371,60.31250000000003,after
Canadian Grand Prix,2026-05-24,HUL,Audi,4,0.0,169.87282186818794,0.4581902398128833,0.5365196078431371,79.69876384480267,175.48497374875046,894.6028348285292,2.829952145255051,49.75,0.4696448848784925,0.3170343137254902,91.05827284560881,255.4339825530812,883.5211186741612,3.1716175525478585,49.75,after
Canadian Grand Prix,2026-05-24,HUL,Audi,5,5.0,193.8721690870903,0.4738090549797405,0.5081495098039215,70.2814491597796,168.37949740304506,889.8101132128305,1.6911799295475811,35.8125,0.4718198470510155,0.30919117647058825,93.18856120441332,258.3255076722687,861.4640505793732,2.194403518355377,23.875,after
Canadian Grand Prix,2026-05-24,HUL,Audi,6,60.0,,0.34988192072912105,0.5294117647058824,47.07615233766598,136.5888083241588,650.1669833097595,2.4133744261607677,48.0,0.3475522274964237,0.4,53.58232523350637,175.22560485725467,639.0349468132919,2.5955084082306397,48.0,after
Canadian Grand Prix,2026-05-24,HUL,Audi,7,5.0,146.90936977581086,0.5266523164928812,0.5636029411764706,53.93790791963013,151.80214551455958,1195.781063159082,1.702441494536757,24.25,0.5297916806044011,0.34963235294117645,65.46642926443225,250.89351747597263,1185.6512940630516,2.0194655907520223,72.75,after
Canadian Grand Prix,2026-05-24,HUL,Audi,8,5.0,,0.5543539058225813,0.5962009803921567,15.82938221647297,114.0424872630131,1475.8788769248115,3.821901174389029,60.3125,0.5522303095340398,0.4661151960784313,23.585555887792246,169.41529520447057,1473.1626078852023,3.8807831562904083,144.74999999999994,after
Canadian Grand Prix,2026-05-24,HUL,Audi,9,5.0,,0.4747254574631597,0.4469975490196078,60.80794321083755,177.34273917345442,792.6477801467856,1.7651752231835292,24.375,0.47616407079967393,0.2677696078431372,73.71888798481854,240.3763127647044,769.0153959425769,2.2502759637533174,36.56249999999997,after
Canadian Grand Prix,2026-05-24,HUL,Audi,10,10.0,,0.4980270983754152,0.4901960784313725,67.21158154651938,176.0203918194958,899.7238684012227,2.167768811655831,36.75,0.5133879583934207,0.2740196078431372,76.93352724339661,256.61931268109385,886.6850038308381,2.619694254722329,24.5,after
Canadian Grand Prix,2026-05-24,HUL,Audi,11,5.0,151.96219829952653,0.47844722752979385,0.5093137254901959,66.13173683802759,166.83134197076177,920.5702447129914,1.6641754047400859,24.499999999999943,0.4957723803406293,0.2931372549019608,82.77068627442989,256.2910193936501,896.4698405684558,2.2483727122968644,36.75,after
Canadian Grand Prix,2026-05-24,HUL,Audi,12,10.0,,0.4940310779352241,0.5104166666666665,57.38954121439524,161.78378551282762,987.8703832056092,1.4383384726382076,23.75,0.5017263771486208,0.3008578431372549,75.45960815695778,251.06384015897504,964.537327010167,1.81742784084585,23.75,after
Canadian Grand Prix,2026-05-24,HUL,Audi,14,0.0,165.20528102037986,0.4778042967689617,0.5284313725490195,66.72682145297054,160.61066099401725,946.2387772318805,2.9358397491337995,61.25,0.48495931587239494,0.3122549019607843,81.38277966726467,251.1185402226029,930.471246715095,3.2400950377825626,61.25,after
Canadian Grand Prix,2026-05-24,HUL,Audi,15,0.0,164.8218901674244,0.49731862137589616,0.531127450980392,63.65745398612368,162.1632479936582,998.0471883581201,2.280706027611065,36.9375,0.4959671243907689,0.31384803921568627,83.4446814754988,257.0331750122679,973.2554243840959,2.5364775883675925,73.875,after
Canadian Grand Prix,2026-05-24,HUL,Audi,17,0.0,196.45064578377873,0.49699437984193184,0.5471813725490197,83.10456491628003,172.91174829965848,987.8839828533825,3.74683500915198,47.500000000000114,0.4902011747946153,0.32598039215686275,119.4240656816429,290.99447685975827,957.5937295690628,4.009588672995678,95.0,after
Canadian Grand Prix,2026-05-24,HUL,Audi,18,15.0,159.11751512852476,0.4793950345132606,0.5071078431372549,72.29312414213845,175.40824857873366,832.3353664729339,1.7393696870093298,36.74999999999994,0.4821076874845173,0.3029411764705882,91.49155993396062,260.22925055354165,803.8705092937572,2.1967591006970792,12.25,after
Canadian Grand Prix,2026-05-24,HUL,Audi,19,0.0,161.96096018630635,0.48907270951186926,0.5024509803921567,67.86116707740321,172.58200476207236,915.5871135212813,2.112036687655804,37.49999999999994,0.49551893812850517,0.29411764705882354,86.36575871381179,259.7973870587886,887.6232208682876,2.577748022374254,50.0,after
Canadian Grand Prix,2026-05-24,HUL,Audi,22,0.0,167.72011797404335,0.45022006936581577,0.5024509803921567,85.86461771422466,182.27110431386106,715.391058782012,2.378157849394463,37.49999999999994,0.4436316338538172,0.30637254901960786,106.11606376021294,261.387135609049,680.9479939779567,2.8229922220915133,50.0,after
Canadian Grand Prix,2026-05-24,HUL,Audi,24,15.0,177.9110251667163,0.48677780328669146,0.531127450980392,73.98846081335118,172.30686131668477,901.7848711310118,1.669112827679255,36.75,0.501723133882238,0.3029411764705882,95.96864611045362,271.57174296923694,871.3863928131932,2.0284333997096335,24.5,after
Canadian Grand Prix,2026-05-24,HUL,Audi,26,5.0,193.6622963429802,0.47331026943517857,0.5239583333333332,83.35776116470043,176.4089890520524,843.6714653116503,2.4169796804469534,36.9375,0.475468401516625,0.30667892156862747,102.79183704979388,269.2057775806126,817.6466505618104,2.888840966443673,49.25,after
Canadian Grand Prix,2026-05-24,HUL,Audi,27,20.0,202.8151528580513,0.486999618121559,0.5748774509803921,97.08061728561299,185.03705323714692,871.9970632091912,1.3811422422654311,12.3125,0.49739514545327695,0.32138480392156865,125.28683240988556,299.3751333185325,839.2462433571295,1.7481332661541364,24.625,after
Canadian Grand Prix,2026-05-24,HUL,Audi,28,0.0,185.82352217154016,0.4780099589766244,0.5644607843137255,102.60946937499655,187.23777902234372,867.5382833648426,2.245368812111953,49.0,0.4859474571098211,0.3122549019607843,129.05882039151803,299.14043037995543,842.1735392572091,2.7275396482692194,61.25,after
Canadian Grand Prix,2026-05-24,HUL,Audi,33,5.0,267.42461308651394,0.4613729981795927,0.5872549019607843,131.49951825366446,205.62881472338432,736.2326857249022,3.5713469551978902,61.875,0.46616091240258933,0.320343137254902,231.4110224876451,394.5673418285514,672.7313145632988,3.671185312189447,49.5,after
Canadian Grand Prix,2026-05-24,HUL,Audi,34,5.0,203.05140948196703,0.44821501236120237,0.5344975490196078,91.33665469872159,178.05741784793267,741.1612505753696,2.945540424304757,50.25,0.45515493787143657,0.3128063725490196,107.52636599357757,266.8305942485803,719.0143690332148,3.348924886880749,62.8125,after
Canadian Grand Prix,2026-05-24,HUL,Audi,35,0.0,167.01428474518053,0.47089641477572786,0.5190563725490195,89.05553073820622,178.9143064530217,785.4238500268551,2.0714124235348645,36.9375,0.4757116034338311,0.2897058823529412,106.26742934953307,272.766490551374,761.1590908921091,2.5979196593105267,36.9375,after
Canadian Grand Prix,2026-05-24,HUL,Audi,36,5.0,193.71233064931735,0.48059129537420586,0.5387254901960783,78.55378428569162,169.0454179817475,905.3387903437773,2.0569645159284202,37.125,0.4910872838957334,0.3082107843137255,97.12348401919195,269.00403338269865,884.3545561871733,2.5093143663798796,74.25,after
Canadian Grand Prix,2026-05-24,HUL,Audi,37,0.0,181.9016237647207,0.47857062890766766,0.578860294117647,88.01060760054085,170.52549940309618,930.858342522392,1.9672246134674416,50.250000000000114,0.48720231438549294,0.3448529411764706,99.16924175293333,269.69005178785585,916.1957447776522,2.1034976048425977,75.375,after
Canadian Grand Prix,2026-05-24,HUL,Audi,38,5.0,205.31247626363808,0.45989322106534714,0.5714460784313725,88.99294906216302,167.9889120695025,853.1460378815348,2.3771143929515843,50.250000000000114,0.4602006992566417,0.3743872549019608,126.87672718613507,283.164520509701,805.7867560701733,2.449304991485761,62.8125,after
Canadian Grand Prix,2026-05-24,HUL,Audi,40,0.0,192.9078972615598,0.532405269605189,0.5764705882352941,70.37737631849335,156.34703772921225,1111.2904171956716,2.2788067002734698,49.0,0.5329766241027649,0.38431372549019605,97.8985773637442,259.2772607826702,1082.9846460228762,2.4526672704870536,85.75,after
Canadian Grand Prix,2026-05-24,HUL,Audi,41,5.0,180.38537333826517,0.45524794406307356,0.5414215686274508,98.75023318321816,186.2903948380206,751.7837959983311,2.0948846736019875,37.3125,0.46017540597020407,0.30974264705882354,122.34149165875152,283.40288374832295,721.4554837079417,2.650296231122563,37.3125,after
Canadian Grand Prix,2026-05-24,HUL,Audi,42,5.0,177.59377947461667,0.43861223053928683,0.5387254901960783,97.26022761831564,179.54605800958245,709.6215975319825,1.9122810353266402,37.125,0.45078284397849905,0.3082107843137255,112.65285864968895,270.4268540421636,689.182275759358,2.3710971841089545,24.75,after
Canadian Grand Prix,2026-05-24,HUL,Audi,44,0.0,,0.43337525351605166,0.5088848039215687,85.6346709599725,171.23307183006358,899.0614607235432,2.0421313225270614,47.1875,0.44333926281109076,0.296078431372549,111.39621395645594,266.5649559403377,918.0320801630635,2.538142232636043,18.875,after
Canadian Grand Prix,2026-05-24,HUL,Audi,47,0.0,182.81205747413267,0.45101148570633093,0.529595588235294,103.10258268477958,187.17074495277572,680.6879654783056,1.494793773595113,25.125,0.45678035162452774,0.29558823529411765,122.93474528627745,282.80786835486214,650.7664265007327,2.093406285834183,25.125,after
Canadian Grand Prix,2026-05-24,HUL,Audi,48,0.0,220.12003862450015,0.4476241693659307,0.5121323529411763,102.59401724514159,190.18219663962043,613.5987522927287,1.5983615836654694,24.874999999999943,0.45470104621077334,0.280453431372549,122.50915394479875,281.65452011856945,581.175315367309,2.0941392688378553,37.3125,after
Canadian Grand Prix,2026-05-24,HUL,Audi,50,0.0,219.17683620478138,0.4515379359430758,0.5499999999999999,100.42538573378917,182.5457916893611,734.4266649983576,2.3867845626114392,38.25,0.45978826442786347,0.3125,124.94105830134426,285.8669508510965,699.2866071058232,2.6171009124599403,38.25,after
Canadian Grand Prix,2026-05-24,HUL,Audi,55,0.0,207.15145303521422,0.47741804625158524,0.5348651960784313,96.01387773382862,181.90789207446997,758.5297885895202,1.9654307236091257,25.375,0.4808397849552443,0.2985294117647059,125.77121927577882,294.0651440101143,714.9346493745603,2.234394967467199,12.6875,after
Canadian Grand Prix,2026-05-24,HUL,Audi,56,5.0,258.0788216809018,0.4741722455384755,0.5495098039215686,115.2892749674751,196.63619206405087,674.3521523722754,2.2260827953523266,25.25,0.4631454975956342,0.31433823529411764,177.6105847414546,339.71150889992657,601.3778693767966,2.823298648811019,25.25,after
Canadian Grand Prix,2026-05-24,HUL,Audi,58,15.0,199.3427915331964,0.484072361298627,0.5606617647058822,87.81485439945314,173.93785758627692,838.850959873649,1.936738323934091,24.75,0.48678561535558046,0.3301470588235294,107.41708493284987,277.79205030730304,814.1416447107339,2.3364110809351897,49.5,after
Canadian Grand Prix,2026-05-24,HUL,Audi,62,5.0,166.824307980623,0.5255808721662435,0.6534313725490195,65.2316399059,143.79023784047564,1230.7372913778033,2.4001820964249054,61.250000000000114,0.5268136981621062,0.4973039215686274,86.60436575193962,209.4281333032273,1214.7334738159454,2.451747611300001,61.24999999999994,after
Canadian Grand Prix,2026-05-24,HUL,Audi,64,0.0,,0.5159152242950127,0.7906249999999999,86.43999377836865,150.54645274021127,1475.6591968823438,1.7273921562547,93.5,0.5190343602893771,0.6416666666666667,62.86648201697067,159.63105836558998,1493.3989098669551,1.7413204035000094,46.75,after
Canadian Grand Prix,2026-05-24,HUL,Audi,65,0.0,227.97586045705117,0.672500309317194,0.8396446078431371,51.31521667073417,124.69696042576057,1832.403233961077,5.888113311542003,144.7500000000001,0.6729700287926633,0.7332107843137253,47.40769841801067,121.99666040540498,1865.0511719074673,5.8733546712755125,241.25,after
Canadian Grand Prix,2026-05-24,HUL,Audi,66,10.0,,0.6413897101459283,0.8985294117647059,5.554173604392609e-05,51.83200172406659,1918.7090565894066,3.818488319955198,74.00000000000011,0.6411420724148026,0.8985294117647059,47.40769841801067,12.389916599656209,1943.1531062244878,3.7961691667472053,166.5000000000001,after
Canadian Grand Prix,2026-05-24,BOR,Audi,4,10.0,161.19030665026605,0.47728255252825524,0.5341299019607842,84.42678476904858,180.51076965053142,866.9443199544683,2.377760553611642,37.3125,0.4791759157993658,0.31464460784313725,101.40405309007853,269.11562361985654,843.4284633312652,2.892577217404909,24.875,after
Canadian Grand Prix,2026-05-24,BOR,Audi,5,10.0,164.9993758871087,0.4641237400786714,0.5183210784313724,84.57174408969661,180.8656311073828,832.444742574637,2.8211911621290353,60.3125,0.47026331950794564,0.30545343137254904,104.10926509918161,268.70142692696254,806.082252662833,3.150088161608283,60.3125,after
Canadian Grand Prix,2026-05-24,BOR,Audi,7,5.0,145.47651631780417,0.4449901398174707,0.5093137254901959,77.00057166810781,173.58416414252667,809.528836888693,2.839792409686193,49.0,0.4333017064236823,0.32916666666666666,95.48670116701155,247.14229841530036,780.3891251299643,3.3401727864342887,49.0,after
Canadian Grand Prix,2026-05-24,BOR,Audi,8,0.0,164.32672296848142,0.49557285853434635,0.5095588235294116,71.488588748493,173.7674421540055,945.2047328644711,3.321666180956021,74.25,0.49727935050414246,0.30330882352941174,99.90625270137573,273.9540253778256,906.6166214046222,3.6784725824526854,61.875,after
Canadian Grand Prix,2026-05-24,BOR,Audi,9,5.0,163.27299667448273,0.4697925413832499,0.5170343137254901,72.6665556000352,173.70257414529274,877.5245198488863,2.4709513616166725,49.74999999999994,0.47272194186223965,0.30974264705882354,86.93754110737524,252.3902207591591,857.1444903468929,2.8883152223812636,49.75,after
Canadian Grand Prix,2026-05-24,BOR,Audi,10,0.0,121.65670935936039,0.495405128086936,0.5069852941176469,57.64087352726603,162.10208450427638,972.5954743431688,2.71808286968357,49.25,0.4971229422677222,0.3017769607843137,73.72880509335685,247.72183488705963,950.9107037418235,3.089321506558652,61.5625,after
Canadian Grand Prix,2026-05-24,BOR,Audi,11,0.0,235.53100179987908,0.6098680041294503,0.6775735294117647,49.37746521139714,138.13053926889657,1610.4772504964521,4.551265049065305,133.3749999999999,0.6102005740667938,0.5230392156862744,47.89097526810157,181.71538670712582,1624.810272943345,4.738429408064904,97.00000000000011,after
Canadian Grand Prix,2026-05-24,BOR,Audi,12,20.0,150.07051076901777,0.4600717118114835,0.5379901960784312,78.16553035431208,169.12581419558987,843.9419636184015,2.014045265800581,35.25,0.4589244671965705,0.3306372549019608,98.14474349246929,258.768307011269,821.4305790189371,2.416369831853572,35.25,after
Canadian Grand Prix,2026-05-24,BOR,Audi,13,0.0,144.3844683773833,0.4373463908320211,0.5243259803921567,83.9274417294476,174.00951319250103,777.0084241381549,2.483007256905652,37.3125,0.443906891658309,0.3170343137254902,97.23810253050151,252.60551461090964,759.6638565474743,2.906102538055873,24.875,after
Canadian Grand Prix,2026-05-24,BOR,Audi,14,10.0,136.24954746498182,0.5253071204680158,0.4877450980392156,72.09060724951388,188.42125626358379,933.4066914901942,1.8597969178857294,25.0,0.5337818308653675,0.267156862745098,88.15285631505644,274.976497117935,907.6065797596176,2.426945273313515,37.49999999999997,after
Canadian Grand Prix,2026-05-24,BOR,Audi,16,0.0,158.0485440525114,0.4543632781669081,0.5446078431372547,74.07408998016258,165.58157611759722,924.2962515145921,3.0396144344703164,50.5,0.45714212124258596,0.3341911764705882,88.08963312169591,248.08937555660097,905.5474963418126,3.346414456797328,63.125,after
Canadian Grand Prix,2026-05-24,BOR,Audi,17,10.0,155.0681612955215,0.4705019029508063,0.5219362745098038,77.46165896685264,175.7328487347645,828.2824647698999,1.742405266275928,24.875,0.48128899860763075,0.30245098039215684,91.73059852629983,260.18174803897057,808.3345059360088,2.251882731280061,37.3125,after
Canadian Grand Prix,2026-05-24,BOR,Audi,20,10.0,173.55190933023084,0.4622317857853834,0.558517156862745,83.57458633537028,171.48483433150525,884.9952070054401,2.7863434075128573,49.75,0.4611194267196783,0.33903186274509806,101.6644204725319,263.0562198244193,862.3256749320966,3.124783990218127,37.3125,after
Canadian Grand Prix,2026-05-24,BOR,Audi,21,10.0,150.8276297507492,0.4703764069650502,0.5341299019607842,79.57373481634406,172.80043645999393,860.3164734874466,2.2804670392125903,37.3125,0.4757275648959251,0.31464460784313725,97.21484529685662,263.7194930104304,837.6532906011028,2.6894748665912744,49.75,after
Canadian Grand Prix,2026-05-24,BOR,Audi,22,10.0,198.22036804637028,0.46062025397670125,0.5122549019607842,81.66592414209032,179.55859197920572,755.0066020263047,1.970396568561305,37.49999999999994,0.4663042996316181,0.30392156862745096,99.07254334831995,262.2790482193863,727.9213935129359,2.4484920095804523,37.5,after
Canadian Grand Prix,2026-05-24,BOR,Audi,27,0.0,308.6478998419625,0.7121940729628552,0.8791176470588234,2.9620585004973614e-06,55.78592860912145,2128.9772561130403,8.797834750928997,118.95000000000005,0.7129329134729754,0.8746323529411765,47.40769841801067,15.294962135565088,2160.1996566702474,8.750732611242952,210.45000000000005,after
Canadian Grand Prix,2026-05-24,BOR,Audi,28,10.0,154.08308691976367,0.4782422157308062,0.7013480392156862,78.39421433804493,149.87234347507672,1218.9058105025774,1.8205656698187849,49.5,0.48316483144833816,0.5314950980392156,101.65058107110828,219.01200257757208,1201.8999700024317,1.8895613135001088,12.375,after
Canadian Grand Prix,2026-05-24,BOR,Audi,34,0.0,252.54928522772582,0.4399535781653217,0.5099877450980391,109.96923195594489,196.09651192737735,549.6013692260258,2.2958288437920538,38.06249999999994,0.44338578326770783,0.2860906862745098,131.20204931143368,286.38707345513143,514.0075908909643,2.9616623642060715,50.75,after
Canadian Grand Prix,2026-05-24,BOR,Audi,37,0.0,228.8762547732819,0.43280682379546737,0.5198529411764705,94.29552640170854,180.70129746502036,673.5409599090709,2.7068896266397013,50.5,0.4340723732018728,0.30943627450980393,114.31156760291888,266.23689822357437,641.636303456015,3.0914315773149856,37.875,after
Canadian Grand Prix,2026-05-24,BOR,Audi,38,0.0,237.1993341612884,0.448410409712154,0.5124999999999998,109.89129890786482,193.02409770993046,570.522914008433,2.2336849579388685,38.24999999999994,0.46063548593817366,0.275,132.49072904573993,293.7131491241007,532.8513599751468,2.674614225675767,38.25,after
Canadian Grand Prix,2026-05-24,BOR,Audi,40,5.0,239.73481005159212,0.4640352859167219,0.5441176470588234,103.61438806384685,188.03578604118303,736.3814907783682,1.9139128667823604,37.5,0.4648654038277565,0.3112745098039216,136.74457434842532,299.4474656881401,693.5474461901825,2.5021363251749773,25.0,after
Canadian Grand Prix,2026-05-24,BOR,Audi,41,0.0,278.60322709039866,0.46127099504000596,0.5499999999999999,109.94896459104866,193.18691207857702,712.2382272685674,2.2996193809435876,38.25,0.46233264260768137,0.3125,142.5095217922399,304.32594670492836,668.2449201967511,2.9222245238794264,63.75,after
Canadian Grand Prix,2026-05-24,BOR,Audi,42,5.0,168.4797925547401,0.4802948654064366,0.5441176470588234,82.47911444520749,170.2071416839251,860.1833650000539,1.774013482684583,25.0,0.48328315692411067,0.3112745098039216,101.33352178337873,270.4826267068175,834.6763977298574,2.083299735121854,50.0,after
Canadian Grand Prix,2026-05-24,BOR,Audi,46,10.0,210.7089519562072,0.41751834279006145,0.5296568627450979,102.82548644075287,183.87744507715246,564.290906095021,2.1868670553356853,25.25,0.4294447876678912,0.30686274509803924,120.93772373547557,271.2433994192375,535.4452235112865,2.5191605469090326,37.875,after
Canadian Grand Prix,2026-05-24,BOR,Audi,47,5.0,237.60832013607555,0.42443353412272805,0.5273284313725489,113.6685016201667,191.09086618233246,529.4771748033922,2.1696964583430236,25.375,0.4298597133916535,0.3034313725490196,137.34008973641738,287.79098942349606,491.1894240980481,2.6905832176492446,38.0625,after
Canadian Grand Prix,2026-05-24,BOR,Audi,49,15.0,248.61718825886769,0.39831606386808277,0.5566176470588234,113.19109162455689,182.6889226617394,504.92938189814055,2.6607650489718306,50.25,0.4025389644501121,0.33492647058823527,141.8539633721476,282.74260092968683,464.02248972405414,2.9127752320967804,37.6875,after
Canadian Grand Prix,2026-05-24,BOR,Audi,50,0.0,201.91493500014755,0.4458789614515542,0.5198529411764705,101.62501744138679,186.53720629650408,644.9826255111723,2.2268714477611784,25.25,0.44848945571465804,0.29705882352941176,124.22424835335212,281.19555785348246,608.6167168166754,2.6963660587712113,37.875,after
Canadian Grand Prix,2026-05-24,BOR,Audi,53,5.0,280.97028570253474,0.45141861300860053,0.5522058823529411,118.27988279016077,194.20698268971452,625.5565850591009,2.061443075632749,25.375,0.4614787066316733,0.3034313725490196,157.40403769711483,318.92158501820046,572.8738578988276,2.4022313294935085,38.0625,after
Canadian Grand Prix,2026-05-24,BOR,Audi,56,15.0,265.1652232806362,0.4491427887312229,0.5073529411764706,117.62994229000097,207.81714546174706,484.5171879372655,1.7098721756630104,25.124999999999943,0.4595207852900357,0.27334558823529403,143.01648798481455,303.848762836327,442.5949955119339,2.6552059894160815,37.68749999999997,after
Canadian Grand Prix,2026-05-24,BOR,Audi,58,0.0,254.09285395863594,0.4362090487825274,0.5499999999999999,105.64665995661964,185.69296279006554,689.4079838193537,2.8072930066401547,51.0,0.4337658921001553,0.325,130.107766851319,281.92582908637337,653.1199510823102,3.224204585471767,51.0,after
Canadian Grand Prix,2026-05-24,BOR,Audi,61,15.0,134.8628899735056,0.5028587043297087,0.6424019607843137,44.32852484569884,124.6977069656415,1221.2456655758401,3.521653433614044,98.50000000000011,0.5041100443411977,0.5096200980392157,58.191375154156525,177.4402423236014,1206.7696425827248,3.5468117638752923,98.49999999999994,after
Canadian Grand Prix,2026-05-24,BOR,Audi,62,5.0,191.22507689781085,0.5083460210404053,0.5780024509803922,64.34364228305452,149.81402381410962,1070.1890892891267,2.8030152503524004,62.187500000000114,0.5107040636222877,0.3950980392156862,79.91389203793716,231.75459913434182,1051.0812505217991,2.93060189360502,99.5,after
Canadian Grand Prix,2026-05-24,BOR,Audi,65,10.0,319.1362363166069,0.5597508489383031,0.659313725490196,102.84937659582302,181.57817668050305,1183.3108088075016,3.633977141087727,75.00000000000011,0.5631930393827511,0.4509803921568627,181.81049555920438,324.29159988412346,1147.2888288218296,3.632075528503797,75.0,after
Canadian Grand Prix,2026-05-24,BOR,Audi,66,10.0,206.4989488576263,0.5314339397470779,0.6343137254901959,62.879990890872634,145.1839604416496,1204.1294095429994,3.316301022467686,98.00000000000011,0.5323718367091872,0.4781862745098039,93.08869074404627,221.19355831079483,1176.9620586587228,3.387128310802904,73.49999999999994,after
Canadian Grand Prix,2026-05-24,OCO,Haas F1 Team,3,15.0,340.1588839795543,0.5700004858075876,0.8986274509803922,1199.0565584476835,767.7879828822385,1525.3674399747008,6.002584882267059,119.60000000000014,0.5664865637793634,0.7362745098039215,47.40769841801067,105.38121689979737,1773.3662991028657,6.1909784893945785,230.0,after
Canadian Grand Prix,2026-05-24,OCO,Haas F1 Team,5,5.0,187.85324937343765,0.4740998880920162,0.6872549019607843,89.50539065403179,162.8821550288179,1197.5163160030318,1.9578391569545366,60.0,0.4834955500555502,0.49901960784313715,124.1094537172438,250.1374350306664,1189.204507381981,2.0538124380410054,48.0,after
Canadian Grand Prix,2026-05-24,OCO,Haas F1 Team,7,0.0,263.2307268174945,0.5678404304227869,0.8775735294117647,333.90162976884545,305.6353793174472,1710.9661798643713,4.097718353258993,74.40000000000009,0.5665128373595837,0.7522058823529411,47.40769841801067,93.7975271257877,1805.1999007019901,4.146734128313915,186.0000000000001,after
Canadian Grand Prix,2026-05-24,OCO,Haas F1 Team,9,10.0,180.17001262111577,0.4615587222920489,0.5262254901960783,93.70605818486311,189.3852494377248,766.4212029637505,1.6962255416472796,24.5,0.46282403835423597,0.31004901960784315,119.11572870702179,281.1041421310044,731.1946267975505,2.2466071581630507,36.75,after
Canadian Grand Prix,2026-05-24,OCO,Haas F1 Team,11,15.0,181.44906052279777,0.4699719272805449,0.5284926470588234,90.49751710173462,183.2886953314001,778.2984628450689,1.7072218852706857,24.375,0.47815121376572434,0.3014705882352941,105.70295938281511,273.0558842008186,757.5891373550725,2.3453916164833446,24.375,after
Canadian Grand Prix,2026-05-24,OCO,Haas F1 Team,14,5.0,,0.5059454863199522,0.5315563725490196,51.31106177328785,153.68912597320292,1086.0177960071846,1.9290746128288256,47.75,0.5047546449602254,0.3208946078431373,64.06293906278411,240.72706479886298,1074.1880065517032,2.294441484953622,71.625,after
Canadian Grand Prix,2026-05-24,OCO,Haas F1 Team,15,5.0,,0.6400917643836453,0.7855392156862744,57.58725458371219,136.3028321003054,1842.5694460926322,5.023927141907036,136.5000000000001,0.6401711154242841,0.6628676470588234,47.40769841801067,136.64565723929718,1876.6994138257921,5.037649895815497,273.0000000000001,after
Canadian Grand Prix,2026-05-24,OCO,Haas F1 Team,18,5.0,195.47456372475406,0.47278735018806867,0.5725490196078431,95.70971416282445,178.43189304625446,898.48949167897,1.9186266280123663,24.125,0.47669612329529376,0.3360294117647059,121.43949876748692,288.28314192083974,875.5599468172552,2.385414232306665,60.3125,after
Canadian Grand Prix,2026-05-24,OCO,Haas F1 Team,20,10.0,199.59149084241744,0.4455586804154174,0.511642156862745,109.2732665934866,201.3016310169018,592.4626507412537,0.8017726442288072,12.1875,0.4675164324789593,0.27267156862745096,128.27191353418087,291.90266490181665,565.9781061947716,1.7660548651922638,12.1875,after
Canadian Grand Prix,2026-05-24,OCO,Haas F1 Team,21,0.0,168.5254778052692,0.48460786048194177,0.48235294117647054,81.78093723812407,183.08217661351017,747.2906711758393,1.4630452843889261,24.0,0.49487683073377076,0.2588235294117647,96.14723485440791,269.3541256112277,725.7557593660864,2.146462077471607,23.99999999999997,after
Canadian Grand Prix,2026-05-24,OCO,Haas F1 Team,22,15.0,210.67477547954016,0.45510164575419054,0.5165441176470589,92.21226745991171,187.07367403255904,700.1851569627352,1.5901073699693966,24.374999999999943,0.4502612139732413,0.3134191176470588,117.72568472671313,275.31710961734757,660.812234323101,2.139231473916388,36.5625,after
Canadian Grand Prix,2026-05-24,OCO,Haas F1 Team,24,0.0,166.57436849531365,0.4407948937761645,0.5190563725490195,92.37904110670061,180.32271241299756,721.6636930088297,1.5681214153185532,24.625,0.44885009418301247,0.3017769607843137,109.10274879559918,266.2002817596536,698.1353482098169,2.1048534123563867,24.625,after
Canadian Grand Prix,2026-05-24,OCO,Haas F1 Team,27,5.0,222.95917897385652,0.42235062044022054,0.6592524509803921,110.84042128585874,178.45293571640715,978.3134398809087,1.1355001905448372,33.9375,0.42959318296396887,0.4596200980392156,139.6922162834709,261.85838156918186,983.7787969323264,1.3500215930656492,22.625,after
Canadian Grand Prix,2026-05-24,OCO,Haas F1 Team,28,0.0,445.3374744720059,0.5587327704341678,0.8677696078431372,534.438597368764,536.7002190793654,1314.4373865885295,5.004473033834911,97.00000000000011,0.551909795172162,0.6537990196078431,74.3861686901643,173.33691030907693,1606.8702347425826,5.87057355289507,97.00000000000011,after
Canadian Grand Prix,2026-05-24,OCO,Haas F1 Team,32,10.0,424.0040416433284,0.4785132829349708,0.7658088235294117,402.8049958762885,432.6887913770945,491.49054523825,2.1222823409598353,0.0,0.5065236875101624,0.31464460784313725,309.87596368194,402.58696219947694,757.3538822060137,5.961064867960161,136.81249999999994,after
Canadian Grand Prix,2026-05-24,OCO,Haas F1 Team,33,5.0,201.2960980846049,0.478592455540142,0.6894607843137254,93.14283482175986,160.52927407597699,1152.5432297754026,1.425052042152302,12.25,0.48731605956242563,0.4973039215686274,156.27658391786437,279.0729590303914,1120.7360750547796,1.3848254639421256,0.0,after
Canadian Grand Prix,2026-05-24,OCO,Haas F1 Team,35,0.0,480.65995005764023,0.5101579406564879,0.8492647058823528,437.4224750976802,459.51764246500016,1081.9102662870107,4.430083555589661,49.5,0.5075801861975333,0.5944852941176471,126.47823176483304,220.94277518309875,1365.1590866415231,5.878547461549606,99.00000000000011,after
Canadian Grand Prix,2026-05-24,OCO,Haas F1 Team,36,0.0,199.78927483837126,0.48554159115152573,0.6365196078431371,73.96186350887811,149.25426019212253,1110.6262899768788,2.2554588983721926,12.25,0.4866589380724809,0.48039215686274506,163.61498396732554,286.6754426960324,1056.7612212217014,2.252872015771471,24.5,after
Canadian Grand Prix,2026-05-24,OCO,Haas F1 Team,39,0.0,319.6581292942778,0.6925958884035571,0.8022549019607843,0.006867432454636189,54.318565445707115,1997.6547087380018,9.376364565159305,66.80000000000007,0.6932210949684434,0.8022549019607843,47.40769841801067,13.021438789392064,2027.8503117267933,9.297430088069428,150.29999999999995,after
Canadian Grand Prix,2026-05-24,OCO,Haas F1 Team,40,0.0,372.69823769473436,0.5134629793230787,0.8124999999999999,321.49062372064805,352.68512268302123,1053.9787707983742,3.0517250681708377,73.125,0.5177943556652859,0.5496323529411764,128.9290503360728,238.19988125437317,1236.4339296513235,4.021654622356316,73.12500000000011,after
Canadian Grand Prix,2026-05-24,OCO,Haas F1 Team,42,0.0,158.20164617001998,0.4838964624384366,0.6724264705882352,79.37049869267022,150.97295225509822,1221.4139832408368,5.049422239697355,132.7499999999999,0.48307758342092777,0.5205882352941177,91.46251476899937,204.12591597010862,1245.215433850212,5.151916093470729,88.50000000000006,after
Canadian Grand Prix,2026-05-24,OCO,Haas F1 Team,43,0.0,446.6339196977442,0.5038407703841575,0.8657475490196077,442.9314297191197,453.1376838332605,1144.9555099396434,4.417704857260188,74.625,0.5029308268259557,0.6218749999999998,110.18891509832571,207.99643328515558,1407.041164415187,5.630619346134776,99.50000000000011,after
Canadian Grand Prix,2026-05-24,OCO,Haas F1 Team,46,15.0,159.5993211301389,0.48162724887481284,0.6700980392156862,62.51236923186893,135.22263531459598,1183.1474060567746,2.8982776432331714,83.5625,0.4842890354078586,0.5179534313725489,72.88382375853793,188.67492128936595,1176.7531266875442,2.9982680598191416,71.625,after
Canadian Grand Prix,2026-05-24,OCO,Haas F1 Team,47,0.0,334.4254621124277,0.41719342065853865,0.7316176470588234,249.83633222738607,292.33319507920964,639.9333483620424,2.3949974418106463,49.75,0.44324357504417444,0.4023897058823529,211.13018913888087,348.0704452395419,726.4329378418911,3.281938819631656,74.625,after
Canadian Grand Prix,2026-05-24,OCO,Haas F1 Team,54,0.0,190.79236766987864,0.4611151493368675,0.6810661764705882,102.12823203119177,166.66408209999017,1057.2826798695655,1.4291067701377627,36.5625,0.4690330255190265,0.48988970588235287,160.72365036498692,277.17095071334495,1030.6978175707666,1.4049737023384892,12.1875,after
Canadian Grand Prix,2026-05-24,OCO,Haas F1 Team,55,10.0,313.1599272641187,0.498960190435908,0.7099264705882353,200.2747276782524,253.42518308166206,866.8988272542999,2.469489470648081,49.25,0.51461885064375,0.4081495098039215,233.4318715729094,345.5604874615626,923.8723844820032,3.223002730224049,86.1875,after
Canadian Grand Prix,2026-05-24,OCO,Haas F1 Team,56,10.0,194.92022460800007,0.4437451626961474,0.6737132352941176,94.86458491098723,162.74953287928156,994.4113288007467,1.4702671280546586,24.625,0.44585878110472615,0.504718137254902,172.40339998229436,283.368217316183,958.9529507747158,1.5749628963420736,24.625,after
Canadian Grand Prix,2026-05-24,OCO,Haas F1 Team,57,15.0,213.1671628752478,0.4891593278478251,0.6698529411764704,104.90526630077257,172.18657882441292,1034.2475574492603,2.3944805844182686,49.500000000000114,0.49795280742928405,0.46360294117647055,182.90454805272972,312.7128634870669,990.9604055970699,2.4829603466738224,49.5,after
Canadian Grand Prix,2026-05-24,OCO,Haas F1 Team,58,0.0,228.00243073282343,0.44647221163624917,0.6639093137254902,118.92788075887914,184.25521315611556,911.8569107377838,1.50429619465967,24.625,0.457601952374558,0.4466299019607843,186.335601702517,310.96761845562247,878.338939998987,1.4479384388240901,12.3125,after
Canadian Grand Prix,2026-05-24,OCO,Haas F1 Team,60,0.0,206.8889260186569,0.44427672318396827,0.48529411764705876,114.29931704243263,199.81155901888414,455.4285850066722,1.5123465573353077,12.375,0.4617366448080543,0.24264705882352938,129.11679830627273,290.7246239890917,428.22977944982125,2.377446683877321,24.74999999999997,after
Canadian Grand Prix,2026-05-24,OCO,Haas F1 Team,61,20.0,232.593767739494,0.44757599256217606,0.5291666666666666,124.39892163659161,205.58883757736282,487.6733497919069,0.8156887579004228,0.0,0.45195513834674794,0.28651960784313724,150.27134048118523,308.45563890254704,447.38223244077255,2.1139593235591914,12.375,after
Canadian Grand Prix,2026-05-24,OCO,Haas F1 Team,62,5.0,227.7985717842328,0.4343953768774418,0.5196078431372548,127.77360865327094,207.0889378938455,453.50268022709344,1.309444282546826,12.5,0.4567039512210629,0.26225490196078427,144.99289283601405,304.83927576338607,427.4998092734704,2.3434077153682566,37.49999999999997,after
Canadian Grand Prix,2026-05-24,OCO,Haas F1 Team,63,0.0,239.2911840522539,0.43515257402872487,0.5121323529411763,121.25937800277792,204.3804155710991,481.3985650091989,1.7154961255015564,24.875,0.4503080598075064,0.2682598039215686,146.15891054452223,303.7667314771494,444.26362763073104,2.470209556965124,37.3125,after
Canadian Grand Prix,2026-05-24,OCO,Haas F1 Team,65,5.0,209.89868515271948,0.4438501534868157,0.5148897058823528,110.0607304551374,194.4665697649706,553.6108191250182,1.6019853433410902,25.374999999999943,0.4570430168420313,0.27855392156862746,127.43824923564893,287.4033051303599,524.8458289870437,2.3250438956659902,25.375,after
Canadian Grand Prix,2026-05-24,STR,Aston Martin,7,0.0,220.64737237874536,0.33463995110013506,0.5764705882352941,131.7916276779167,192.99870022445648,455.3019978330505,5.895392359281717,122.50000000000006,0.3453181880582384,0.3602941176470588,151.04965933781133,271.9110251581948,433.8773047130166,5.984503666953978,73.5,after
Canadian Grand Prix,2026-05-24,STR,Aston Martin,8,5.0,259.73242171883606,0.4027466375251612,0.6176470588235293,86.006911808333,159.97965632731447,890.5687507689582,7.536193988137416,150.0000000000001,0.40177382256365907,0.45833333333333326,202.22055489021807,323.9805854122266,809.9618316066058,7.5046005066877735,149.99999999999994,after
Canadian Grand Prix,2026-05-24,STR,Aston Martin,10,0.0,239.72206164224107,0.4175157195192402,0.6911764705882352,128.02487015597202,189.5419908788274,1008.5946664015037,7.709366187924447,188.0,0.4183237404711256,0.49534313725490187,139.8932638141551,256.0836965181056,1043.3715218911364,7.854521639724939,141.00000000000006,after
Canadian Grand Prix,2026-05-24,STR,Aston Martin,11,5.0,165.80232370404653,0.32076024645177925,0.5463235294117647,107.77803368761168,177.85886279126393,471.71618747787505,6.376648986550622,94.00000000000011,0.3189827586351957,0.37352941176470583,131.31644534362897,242.96041086594747,447.2232393015167,6.588338792079182,94.0,after
Canadian Grand Prix,2026-05-24,STR,Aston Martin,18,10.0,315.8206930525854,0.3916270665449077,0.7193627450980391,191.51160165469508,238.40775151880695,762.6045318801193,7.549698662657686,144.75,0.39334212246482836,0.4828431372549019,170.74797132678552,285.64233357037114,840.7128774267461,7.927973241295845,96.49999999999994,after
Canadian Grand Prix,2026-05-24,STR,Aston Martin,24,0.0,227.733708347558,0.3518869691226124,0.5331495098039216,129.3084004178177,139.73186675982777,929.8271521077938,7.263011570423101,101.7000000000001,0.3503722935209208,0.4500612745098039,47.40769841801067,71.63425027277914,967.852669105002,7.268755384408618,197.75,after
Canadian Grand Prix,2026-05-24,STR,Aston Martin,33,0.0,203.0122139831165,0.34441074597026633,0.5284313725490196,1.9796568455220238e-06,50.00537985916073,947.72842197932,10.14500839097005,99.00000000000006,0.34343391042148025,0.5189950980392157,47.40769841801067,19.696046010749225,967.0640350049028,10.137375119646462,209.0,after
Canadian Grand Prix,2026-05-24,STR,Aston Martin,36,0.0,143.250687426011,0.2965711380754914,0.5824754901960785,96.01655757555264,153.2962022861301,508.6638405537777,8.014528391797175,145.5000000000001,0.2924447404310211,0.43982843137254896,115.5785324618276,214.39680035560642,489.05936175953923,8.116667005832177,145.49999999999994,after
Canadian Grand Prix,2026-05-24,STR,Aston Martin,39,0.0,253.05009271959517,0.3507422495886281,0.5243259803921567,136.00816945657337,202.92890682177153,260.1810029421639,5.545398319144362,87.0625,0.3559841474894035,0.3170343137254902,183.65883064341025,308.25328226470145,193.27491150937522,5.678500680433245,74.625,after
Canadian Grand Prix,2026-05-24,STR,Aston Martin,40,0.0,196.2754419686377,0.34474446516596335,0.5266544117647057,106.53424080937134,178.4023570401213,454.40024907274835,6.793238516680378,95.50000000000011,0.33823490435883,0.3511029411764705,130.0556728491094,248.43788937469992,427.0237480952905,7.0558765124552325,95.5,after
Canadian Grand Prix,2026-05-24,STR,Aston Martin,41,0.0,146.95052766125346,0.3470528803683283,0.4761029411764705,53.46529901826358,133.4355663436697,847.5364832263283,6.356855710720535,111.00000000000006,0.34486839684760484,0.3740808823529412,47.40769841801067,109.46698782333891,888.1375760584377,6.378489699511823,222.00000000000006,after
Canadian Grand Prix,2026-05-24,STR,Aston Martin,42,0.0,216.3660861926369,0.4548413073873121,0.44938725490196074,108.32326711037044,201.1595553070539,435.65837247369245,2.977897481497127,48.25,0.45260698586257186,0.23651960784313722,136.18996279399073,294.60240784589087,383.3592791231129,3.247121085068971,60.3125,after
Canadian Grand Prix,2026-05-24,STR,Aston Martin,53,0.0,275.8685100802641,0.3419070373728165,0.5524509803921569,125.91279169344695,186.64212299676245,390.2394584992339,6.095563939108839,85.75000000000011,0.34060716659237616,0.36029411764705876,291.4787302103393,369.1705722390579,291.61101887699635,6.219178279786737,85.75,after
Canadian Grand Prix,2026-05-24,STR,Aston Martin,54,0.0,330.2073096540517,0.309041206307317,0.5759803921568627,168.58311269248244,215.76176178535545,151.37187686113123,6.6071635390833166,100.00000000000011,0.3078790820194001,0.3553921568627451,307.6389009987717,386.9934253992438,70.7814162719879,6.687164333831999,87.5,after
Canadian Grand Prix,2026-05-24,STR,Aston Martin,56,10.0,303.1743534230839,0.3634866367289258,0.5922794117647059,140.40582401451266,199.2157520186534,463.24806767574296,6.691016857036414,84.87500000000011,0.3687448618044206,0.3664215686274509,235.68177969980113,364.7424813313483,403.54170231855096,6.717633626787103,84.875,after
Canadian Grand Prix,2026-05-24,STR,Aston Martin,57,0.0,242.26012162744394,0.14019956769091005,0.18970588235294114,288.05978602505076,208.42755670086564,54.69870085631496,6.5724386574746125,107.50000000000001,0.1251214725804764,0.10802696078431372,47.40769841801067,80.1032271093014,106.98033468148712,6.6296102316006325,139.75,after
Canadian Grand Prix,2026-05-24,STR,Aston Martin,59,0.0,303.54539456789223,0.3190362215788748,0.5419117647058822,149.88087113436234,204.43791105676314,148.9338286192703,6.32869665298463,100.50000000000011,0.30378352590662455,0.3448529411764706,289.9673590693695,396.2915931366881,-27.823732357848435,6.238971622761865,62.8125,after
Canadian Grand Prix,2026-05-24,STR,Aston Martin,61,0.0,305.1637103719141,0.3109612938937328,0.5365196078431371,165.19302592730475,223.45092177278286,49.16705942742547,7.9121284469717414,99.50000000000011,0.30598084074642357,0.3292279411764706,294.69132958791045,401.7846238491587,-64.30025588382391,8.087903457563474,87.0625,after
Canadian Grand Prix,2026-05-24,BOT,Cadillac,5,0.0,247.352419946264,0.3974635115982113,0.5500612745098039,141.75450168607614,216.42870628591936,493.1939428990695,1.4593155814024124,11.9375,0.4101623486931594,0.3042892156862745,186.08744562394497,329.6442676665508,454.114051325246,2.2391081957563914,23.875,after
Canadian Grand Prix,2026-05-24,BOT,Cadillac,7,0.0,348.0545893378939,0.38062226719708725,0.5496323529411764,218.11361467143718,280.36675762005484,36.8135992250914,3.4184481961407496,48.750000000000114,0.4335348447806169,0.22702205882352938,305.7334035089983,457.47059918221424,-9.656136703375173,3.373359719716407,48.74999999999997,after
Canadian Grand Prix,2026-05-24,BOT,Cadillac,8,0.0,317.5688737266078,0.4249222099899599,0.5243259803921567,175.1577773630282,251.7215681997129,241.66325228582696,2.418915875217003,37.3125,0.46809428708585554,0.23167892156862743,298.20522905398303,462.0382295340325,136.87412620976875,1.9855039623423254,24.875,after
Canadian Grand Prix,2026-05-24,BOT,Cadillac,11,0.0,238.0018049084203,0.40666867781967353,0.5376838235294117,136.06371262585313,209.84337309703673,467.6127568393342,2.0228278007593095,36.5625,0.4226710092897323,0.29871323529411764,274.19682231183356,405.2299697313614,371.2484427867151,2.2359469027779473,24.375,after
Canadian Grand Prix,2026-05-24,BOT,Cadillac,12,0.0,185.70188065567385,0.3949117780046608,0.5058823529411763,95.6546890534284,181.1775825763189,578.7119377614216,3.526931060810451,24.0,0.38742043083329947,0.32941176470588235,139.06022327401496,274.6573740656697,522.0973965053159,3.717787580987295,48.0,after
Canadian Grand Prix,2026-05-24,BOT,Cadillac,13,0.0,240.611829951621,0.4684549188594636,0.5203431372549019,92.16534075828226,184.458186018132,779.7527986088937,2.0500640579913667,24.125,0.4726616286938939,0.2956495098039216,121.41383820533997,286.84540824820283,744.0384239986028,2.6192488078474865,48.25,after
Canadian Grand Prix,2026-05-24,BOT,Cadillac,15,0.0,313.30606826877687,0.424668724101193,0.5203431372549019,161.01013184959913,238.23683249025447,322.9847154046341,2.4443563100770396,36.1875,0.45041213690199416,0.2483455882352941,302.94380549117903,432.92296024039933,235.9931419076089,2.4860670256966286,24.12499999999997,after
Canadian Grand Prix,2026-05-24,BOT,Cadillac,17,40.0,197.8553787892827,0.38975515376947284,0.5477328431372548,145.59519262380246,221.2644605960379,324.2300387509195,1.383576660350977,24.125,0.4164949417433477,0.2993872549019608,175.05267281616753,320.8259024263392,286.45537320883517,2.0462282941197403,36.1875,after
Canadian Grand Prix,2026-05-24,BOT,Cadillac,18,0.0,337.75320221812143,0.4456523247858043,0.5731004901960784,200.68541629409592,267.5875024757341,325.6999068755993,3.292855135818079,49.75,0.4963399166552809,0.23167892156862743,343.1228111844553,460.5626925529271,285.1172470037,3.329598503126879,49.74999999999994,after
Canadian Grand Prix,2026-05-24,BOT,Cadillac,19,0.0,216.37311046425748,0.4039372198650047,0.49926470588235283,139.3070267774279,218.3768636023283,332.0712535594569,1.321682800292203,12.125,0.43628975997546393,0.24963235294117644,166.84513081390912,319.5465468053215,293.332504685569,1.7913440786111678,24.24999999999997,after
Canadian Grand Prix,2026-05-24,BOT,Cadillac,20,10.0,,0.46077737185727696,0.42340686274509803,47.58392162502882,129.22220505344941,963.2039659929216,1.5718550140732523,36.00000000000006,0.46086882943586716,0.3075980392156863,47.40769841801067,90.08426915557101,992.8962921240972,1.5917391897988475,112.5,after
Canadian Grand Prix,2026-05-24,BOT,Cadillac,23,0.0,175.65225662204432,0.5118892516657538,0.49007352941176463,70.84050409418477,172.60497408104303,901.5215295262343,1.6563850729290301,23.25,0.5196039698055507,0.2621323529411765,88.89389539890179,270.7552848308446,880.6421466909866,2.22884657396052,23.25,after
Canadian Grand Prix,2026-05-24,BOT,Cadillac,25,0.0,281.7028366827904,0.4076408582792373,0.5349264705882352,161.66194257260477,235.07628556597263,346.75726940700247,2.5915250750530574,24.25,0.42544819572346404,0.273406862745098,269.9962627471951,418.9031312504075,265.77959956795326,2.6411705825738636,24.25,after
Canadian Grand Prix,2026-05-24,BOT,Cadillac,26,0.0,314.17858713514516,0.4037742536258925,0.5018382352941176,163.45714185187632,241.68129569448618,189.5821328472426,2.3013936671662942,24.374999999999943,0.4353164057053445,0.2389705882352941,293.94371890529,446.3044609021606,72.22155806409073,2.1572051563198644,24.375,after
Canadian Grand Prix,2026-05-24,BOT,Cadillac,27,0.0,321.2424480984135,0.39441127936633535,0.5095588235294116,175.010022185145,246.9717539190595,115.04280587300484,2.4263370871824796,37.125,0.4232974682647611,0.24264705882352938,308.05484418657784,456.20895807924427,-4.3499327208971375,2.5200281902193153,24.74999999999997,after
Canadian Grand Prix,2026-05-24,BOT,Cadillac,31,0.0,368.0780257694984,0.4043676161542821,0.5974264705882353,196.08941949067895,254.597658904482,387.5351935437848,3.367122754740631,60.9375,0.43185027128417475,0.2867647058823529,258.23564717778845,409.3832421272496,376.97863698674996,3.7509470994588407,48.75,after
Canadian Grand Prix,2026-05-24,BOT,Cadillac,37,0.0,219.81701018277187,0.4351688965168325,0.48039215686274506,127.59581281941777,214.69927309164268,386.10993332437636,1.675904654088464,12.25,0.4547261944986591,0.24019607843137253,148.75392556408124,307.9080936386119,349.7142696297137,2.5317122183023995,36.74999999999997,after
Canadian Grand Prix,2026-05-24,BOT,Cadillac,39,0.0,358.85374185734264,0.367649354832498,0.5580882352941177,232.5176951211894,283.5122209577154,-105.89878872902482,3.313451619521622,0.0,0.42718286535418865,0.21838235294117644,322.5201601847119,472.0341630586779,-159.02675523629773,3.410926119474258,49.5,after
Canadian Grand Prix,2026-05-24,BOT,Cadillac,42,0.0,327.14178237605165,0.36973083978525373,0.5243259803921567,221.33702191828306,279.51175374728336,-182.4562953683778,3.0148924403317783,0.0,0.44293324468376644,0.19509803921568625,340.47859286163913,495.50522850095734,-279.6457857097346,2.6106468470190167,24.875,after
Canadian Grand Prix,2026-05-24,BOT,Cadillac,45,0.0,319.4548562497233,0.3756981617601377,0.5542279411764705,191.53968205758665,251.51689562621706,96.13135655272708,2.5791253642879823,37.6875,0.41500292339647654,0.2586397058823529,307.07866207707804,452.32968526584483,4.632564852927695,1.917086072346742,25.12499999999997,after
Canadian Grand Prix,2026-05-24,BOT,Cadillac,46,0.0,223.03004254864314,0.5032022444788892,0.454656862745098,105.84046675173788,201.23705542201742,826.9529350832715,1.852894527003321,43.75,0.5309745068277568,0.19730392156862744,109.35856362686182,295.1996410165767,864.7818323480927,2.5178269001543865,43.75000000000003,after
Canadian Grand Prix,2026-05-24,BOT,Cadillac,47,0.0,335.137236101461,0.46960731131213346,0.6537990196078431,186.65119480953956,247.38813081713388,716.0702694377964,2.796697177980803,48.5,0.48504105166467876,0.34473039215686274,220.43636489196527,375.98205515063125,748.2249606477357,3.4728772146263087,97.0,after
Canadian Grand Prix,2026-05-24,BOT,Cadillac,48,0.0,271.28927601162906,0.42017994311639156,0.4924019607843137,137.1242143217396,218.50589987690913,303.63491056321544,1.9100220972634154,24.499999999999943,0.44585539000813074,0.24019607843137253,167.28490930190196,323.33429580474774,256.5320890836485,2.3313044080287537,48.99999999999997,after
Canadian Grand Prix,2026-05-24,BOT,Cadillac,51,0.0,367.51006026957543,0.3694829863120057,0.6004901960784313,243.42873884572552,294.36709968333867,5.614921478553093,3.691492698748818,62.5,0.4297793611392865,0.24509803921568624,307.57446429344907,457.99724069219934,2.5307072287336343,3.974811231518341,49.99999999999997,after
Canadian Grand Prix,2026-05-24,BOT,Cadillac,52,0.0,353.7861735710238,0.45303672157969116,0.5615808823529411,171.1275926215325,238.20454362329923,486.0533487142464,3.0474453823670724,48.75,0.4837904012595376,0.2509191176470588,259.28932418855453,428.61596462939264,438.2441518417159,3.232027121337102,48.74999999999997,after
Canadian Grand Prix,2026-05-24,BOT,Cadillac,55,0.0,340.6479025516737,0.3772831099042511,0.5637254901960783,204.8919497113713,260.43990720982,62.11509456193616,3.541443325717465,50.000000000000114,0.4091923940935061,0.2573529411764705,305.0194369428537,448.2367748755808,-7.632942162556748,3.214385254643315,37.49999999999997,after
Canadian Grand Prix,2026-05-24,BOT,Cadillac,58,0.0,260.9533336968617,0.4344602200869322,0.46654411764705883,143.82048160552583,227.93765044536158,482.1393212487949,1.062810340349631,10.125,0.47118714761701697,0.19852941176470584,201.88119367036728,366.79669533632324,470.5609176480821,2.507122651777928,40.5,after
Canadian Grand Prix,2026-05-24,BOT,Cadillac,59,0.0,346.2386758243174,0.43110858820747533,0.6213235294117646,197.79662036303097,251.283878817503,464.5869409094539,2.8200215512242073,36.5625,0.44552592262613194,0.29871323529411764,240.3407400932683,396.2748130124145,480.33017741250745,3.8329026977780862,36.5625,after
Canadian Grand Prix,2026-05-24,BOT,Cadillac,61,0.0,320.5019045442282,0.42487325033202594,0.4755514705882352,172.5812226690728,249.84206882510753,26.83348735565989,2.898599018505319,0.0,0.4495749116565982,0.20729166666666665,322.0236492574231,479.3748683372324,-127.16357773770922,2.826552123257352,37.3125,after
Canadian Grand Prix,2026-05-24,BOT,Cadillac,63,0.0,294.4320613490242,0.43881352183399275,0.4924019607843137,162.50132980600637,244.83338194452557,224.78129578218528,2.213335254435057,24.499999999999943,0.46790005826911335,0.21617647058823528,295.8641883524574,459.6292087466471,99.9309116902439,2.4165906056054247,24.49999999999997,after
Canadian Grand Prix,2026-05-24,BOT,Cadillac,64,0.0,315.0737637368666,0.41320607294902456,0.5024509803921567,168.80005958579898,244.26635162435943,109.35452067948674,2.8688969827301305,37.49999999999994,0.4385739676706407,0.23284313725490194,312.11779663904986,465.6186853237741,-27.070621054133053,2.618402516709355,25.0,after
Canadian Grand Prix,2026-05-24,PER,Cadillac,4,0.0,198.04282758165908,0.48826019379189445,0.5854779411764706,85.44044745488914,175.55823383794566,1064.6255636762826,2.221538456846456,12.1875,0.4888858917596724,0.37040441176470584,114.12122914988154,285.2312912657669,1041.6247181106396,2.5840890507873526,73.125,after
Canadian Grand Prix,2026-05-24,PER,Cadillac,5,10.0,,0.4657607674683353,0.4311274509803921,65.08822504046341,185.00073178277145,717.9104939419324,2.9145807435797075,47.75,0.4664290147819037,0.25557598039215684,77.16065622691777,240.41081140058407,694.7418795531175,3.4023685472224052,47.74999999999997,after
Canadian Grand Prix,2026-05-24,PER,Cadillac,7,5.0,177.68105273082895,0.4688844114418094,0.557843137254902,84.64261632236772,172.7644937066375,932.6813626314133,3.1097015118826405,48.0,0.47168731275756004,0.33431372549019606,108.28334323792653,273.37390270307253,920.6166650889824,3.5432187601126874,12.0,after
Canadian Grand Prix,2026-05-24,PER,Cadillac,8,0.0,181.64589696147485,0.4805273726446624,0.5411764705882351,95.44892593633841,187.52956733546034,853.3045524488408,1.929026820894904,36.0,0.5029193752969836,0.2823529411764706,102.6333849339112,278.6551662878555,848.7857470448407,2.535876600405434,48.0,after
Canadian Grand Prix,2026-05-24,PER,Cadillac,9,10.0,256.4753173674404,0.46106970815957493,0.5288602941176469,106.21310078320633,195.65832466747688,681.3503808851401,2.413700299503031,36.9375,0.47990586790170575,0.287438725490196,132.0264904086423,299.99354417423933,648.9904294148637,2.9455680325387656,12.3125,after
Canadian Grand Prix,2026-05-24,PER,Cadillac,10,0.0,242.5530825496529,0.45777886976368287,0.5164215686274509,108.77887940617381,201.71119012943677,673.5669150119016,2.376025682539605,36.75,0.44250043970491054,0.3122549019607843,160.30623808545562,315.1813919821743,607.3772954891367,3.0272952114090135,0.0,after
Canadian Grand Prix,2026-05-24,PER,Cadillac,11,0.0,220.0680659649176,0.474251551379915,0.5137867647058822,96.54416812658422,189.92980293618842,772.1375537272091,2.6571961312021735,36.5625,0.48838759884119076,0.27481617647058826,112.13459506944388,283.0702546638607,752.4821910995638,3.2102851620242054,48.75,after
Canadian Grand Prix,2026-05-24,PER,Cadillac,12,5.0,216.0589482909105,0.5127508093529939,0.5260416666666665,82.11799031287534,182.98315122935477,965.4231927328182,2.873868147858614,59.0625,0.5239917043833326,0.28284313725490196,91.87403856706497,275.2711351012314,960.2001924646207,3.5346047747558345,59.0625,after
Canadian Grand Prix,2026-05-24,PER,Cadillac,13,0.0,260.01104987088723,0.6497473700464207,0.8303921568627451,346.10007912660507,318.6007672516503,1835.8086090777308,4.264507381841981,114.40000000000009,0.6493096567628037,0.6901960784313724,47.40769841801067,102.09949959767562,1922.8573825332412,4.304213757237784,220.0,after
Canadian Grand Prix,2026-05-24,PER,Cadillac,14,15.0,204.22589004607812,0.4657167082825516,0.5165441176470589,121.27342472145592,214.6296210420337,564.3752917076806,1.323274692614529,12.1875,0.48230484580298666,0.265625,149.88703781785352,318.6937338488989,522.3057392906146,2.010508873309765,36.56249999999997,after
Canadian Grand Prix,2026-05-24,PER,Cadillac,18,15.0,249.75350216530325,0.4562768648224046,0.5337622549019607,143.21940375307878,227.10373636087158,485.3183116667835,1.5436626140359595,12.3125,0.4800608232832838,0.26819852941176464,203.7317025966974,371.7529907458468,414.5775278652727,2.332986804171247,12.312499999999972,after
Canadian Grand Prix,2026-05-24,PER,Cadillac,19,0.0,273.721663991819,0.4190763591906421,0.5249999999999999,146.52326561182053,227.120864596745,370.31777141561867,1.6447803274900423,12.75,0.4493231096495035,0.26249999999999996,172.38850750145022,329.65159587877645,334.3413605705348,2.3609828564081763,38.24999999999997,after
Canadian Grand Prix,2026-05-24,PER,Cadillac,20,0.0,259.1613141877455,0.4271729961804602,0.4949142156862745,142.33516785508567,226.75097766731696,343.0340126772852,2.0684880863586432,24.624999999999943,0.4542925271025101,0.24142156862745096,183.4039554505193,342.40633993639784,284.99415393613447,2.6215719805464577,36.93749999999997,after
Canadian Grand Prix,2026-05-24,PER,Cadillac,22,0.0,191.99701851285135,0.45982465385862004,0.4992647058823529,101.3167264667505,193.3483659336104,670.0723551871878,1.8054632731690006,24.249999999999943,0.4699815073430512,0.273406862745098,124.73050658220225,289.2240341522702,635.567123461592,2.283635179653197,36.375,after
Canadian Grand Prix,2026-05-24,PER,Cadillac,25,20.0,311.4834980784608,0.42681098153686675,0.589828431372549,168.28094232700442,239.6146706243712,433.5824759245979,2.6804765347447925,37.125,0.4368914303343526,0.3107843137254902,262.684691272139,415.5966918891624,376.1484985554267,3.1945591572929612,37.125,after
Canadian Grand Prix,2026-05-24,PER,Cadillac,26,0.0,250.05859439384747,0.41414274347455426,0.5404411764705881,142.50515371711714,220.02875258234656,477.14915003110355,1.8725419441149642,24.5,0.43317507490996293,0.28823529411764703,188.61720887458085,340.2284850930679,426.6627132054899,2.496297069659836,24.5,after
Canadian Grand Prix,2026-05-24,PER,Cadillac,27,0.0,238.82287898579636,0.41030398807954066,0.514705882352941,141.20040170458137,219.78444578890625,351.2384597079528,1.9266033804314129,12.5,0.41529272343620205,0.2818627450980392,176.56293774188748,321.91539094455817,298.69995914117317,2.8378527471623722,37.5,after
Canadian Grand Prix,2026-05-24,PER,Cadillac,28,0.0,246.94001210044007,0.4173583472021473,0.5198529411764705,144.0727637531383,222.38770374525015,345.99945542482396,2.6787505658448647,37.87499999999994,0.43255881422674075,0.27230392156862737,184.50739915951058,335.90298413886984,285.89434955035614,3.0669808352782657,50.50000000000003,after
Canadian Grand Prix,2026-05-24,PER,Cadillac,31,25.0,315.3501686193421,0.5155989471620462,0.7077818627450979,190.6259814973888,254.9036223925117,1013.1507941401887,3.7291577762492105,82.6875,0.5237971443880197,0.4182598039215686,166.81689896105345,325.9810297341322,1094.4248570456116,4.389899855212613,94.5,after
Canadian Grand Prix,2026-05-24,PER,Cadillac,32,0.0,,0.6255449726490165,0.7738357843137254,27.48853485001956,104.11295074727677,1828.374305908463,5.232835648622488,129.7500000000001,0.625792223461036,0.6784313725490195,47.40769841801067,100.09462433412446,1847.8277484728187,5.233801590813653,216.25,after
Canadian Grand Prix,2026-05-24,PER,Cadillac,33,0.0,716.1953481252248,0.7763653729572942,0.4419607843137255,4.917775275083815e-06,70.15188909150108,1237.775847294875,2.748197930587801,19.55000000000001,0.7676660291452462,0.4419607843137255,47.40769841801067,13.544514320840491,1275.2727658721792,2.417155777451895,289.8,after
Canadian Grand Prix,2026-05-24,PER,Cadillac,35,0.0,232.5377671625435,0.4812922261569656,0.7882352941176469,142.17846685227485,195.57675977525076,1246.422220404291,2.189133817504419,72.0,0.48292526409567255,0.6117647058823529,95.81496861158507,193.27988762799035,1303.9745456127484,2.3155109570675565,60.0,after
Canadian Grand Prix,2026-05-24,PER,Cadillac,36,0.0,126.16632480210754,0.47626228070341264,0.4705882352941176,63.61336858249368,165.73352689360092,814.039565274516,1.5068008099988603,24.0,0.47816086290056103,0.27058823529411763,77.15934667585525,244.5156486910516,790.0847278185773,1.7305854870959994,36.0,after
Canadian Grand Prix,2026-05-24,PER,Cadillac,39,0.0,,0.46056794384226046,0.7073529411764705,191.2671756410496,232.30139967284111,1270.6313070612764,2.6633020646529433,117.0,0.4633178949662225,0.5448529411764705,47.40769841801067,132.9567770208773,1323.35661519338,2.7121958256778744,117.00000000000006,after
Canadian Grand Prix,2026-05-24,NOR,McLaren,5,10.0,,0.5595285095411273,0.5622549019607843,37.08488614379815,139.95663672629578,1344.2758201168235,3.0557223811564196,46.0,0.5586621208992674,0.38186274509803914,59.27123771981222,240.46072102289148,1328.978073745823,3.215780320502253,80.5,after
Canadian Grand Prix,2026-05-24,NOR,McLaren,7,15.0,,0.689354125352403,0.707720588235294,3.7788127515064405,101.22334233258452,1923.0274684023793,4.528621508349303,174.0000000000001,0.6883765196758921,0.611764705882353,47.40769841801067,151.59226803304023,1938.2103659983911,4.519322934755128,173.9999999999999,after
Canadian Grand Prix,2026-05-24,NOR,McLaren,8,0.0,199.09159103806948,0.5505697335451237,0.5968749999999999,63.57792404455912,155.2577993731391,1301.602319271888,3.2230997838668722,83.5625,0.5496801901944065,0.4096200980392156,91.65876645630853,254.21367733349396,1285.028464525933,3.46954860730139,83.5625,after
Canadian Grand Prix,2026-05-24,NOR,McLaren,9,0.0,149.70882347684005,0.5367489176549609,0.5137867647058822,52.013589640309974,158.9961182335592,1141.435250525374,2.750782613414291,48.75,0.5385858467380177,0.29871323529411764,71.60622646786472,260.1112728261709,1119.5428570750832,3.082073936419933,60.9375,after
Canadian Grand Prix,2026-05-24,NOR,McLaren,10,0.0,,0.6151982763076138,0.7906249999999999,59.95522435175399,137.576139277221,1827.5582342254147,2.8556037904274394,93.5,0.6151302292372787,0.6645833333333333,47.40769841801067,147.3433881298656,1858.6404983500233,2.902534122312591,81.8125,after
Canadian Grand Prix,2026-05-24,NOR,McLaren,12,5.0,198.8860392922599,0.48492751795618694,0.5360294117647058,86.76817025189546,183.7266240573696,898.9857033843441,2.5511336859473093,49.25,0.48032141988649385,0.31875,124.35200935709076,292.4645063173636,851.5654445414913,2.960776502578894,49.25,after
Canadian Grand Prix,2026-05-24,NOR,McLaren,13,0.0,162.22368873094211,0.4750701572526162,0.5044117647058822,90.60690661089693,187.8617946465055,790.3700116331585,2.006827704910287,36.74999999999994,0.4865522140725041,0.27622549019607845,103.78877469470724,274.08204962008364,772.5463589895486,2.7323250627530484,49.0,after
Canadian Grand Prix,2026-05-24,NOR,McLaren,17,0.0,183.06859246666735,0.5521854429746692,0.5988970588235293,60.79332528842684,153.52060239271552,1339.336864558625,3.2534067492841383,67.87500000000011,0.5511243126111524,0.4214460784313725,101.96633537640065,258.7646903810608,1327.1475038961453,3.4478998067064763,90.5,after
Canadian Grand Prix,2026-05-24,NOR,McLaren,18,5.0,170.69812324129498,0.5251532912348174,0.5962009803921569,65.75089245955795,154.1182101248636,1222.166080412983,3.026254185035335,60.3125,0.5241885517061474,0.406985294117647,85.39040524969812,246.46788822203226,1209.2123137962062,3.2647598360755623,96.5,after
Canadian Grand Prix,2026-05-24,NOR,McLaren,19,0.0,195.22122665834218,0.5539971502602917,0.588235294117647,74.46010768258736,166.7669193631481,1249.68980624395,2.982793314041139,60.0,0.5538898516103515,0.37647058823529406,110.89508600895184,288.1283783088355,1225.4954118625215,3.317870143576041,96.0,after
Canadian Grand Prix,2026-05-24,NOR,McLaren,20,0.0,190.78212973590834,0.5292276404428067,0.5496323529411764,53.69575646280339,151.85723060987792,1159.0547938528603,2.9405069014215517,60.937500000000114,0.5272253332125063,0.3584558823529412,73.83991147946298,251.6284922148098,1138.0359388225475,3.105316910364416,85.3125,after
Canadian Grand Prix,2026-05-24,NOR,McLaren,22,0.0,179.05317376027102,0.44407728607784785,0.4992647058823529,100.92470358671757,193.14830788108625,674.5230596302828,2.087197830666575,36.37499999999994,0.47219670984870754,0.26151960784313727,111.41592273091219,276.6847711779599,665.7799816790199,2.8283306822342205,48.5,after
Canadian Grand Prix,2026-05-24,NOR,McLaren,25,0.0,180.7424262106907,0.612309309858686,0.5211397058823528,50.13481236574561,161.14516853541386,1277.489767014747,1.7481418064312912,11.8125,0.5931823841445701,0.3011029411764706,89.96017237227143,297.574006822871,1244.8767914334253,2.2869828391514777,47.25,after
Canadian Grand Prix,2026-05-24,NOR,McLaren,26,0.0,171.2855682504989,0.5200651703578781,0.5349264705882352,62.32478200808523,160.2623151301372,1067.7307005829837,2.8880148877787737,48.5,0.5175463785270086,0.3090686274509804,78.14200796564943,259.2832404501024,1052.845744422233,3.26013383078224,97.0,after
Canadian Grand Prix,2026-05-24,NOR,McLaren,27,0.0,148.89364749975027,0.548378641037369,0.5411764705882351,59.6635010480375,160.5706453821989,1150.5680642086393,2.395035794264054,48.000000000000114,0.5478038686428094,0.3058823529411765,80.4557500020926,272.18710402707586,1130.615475928134,2.6842251385457265,96.0,after
Canadian Grand Prix,2026-05-24,NOR,McLaren,28,0.0,177.9046342595832,0.5575278794576904,0.5676470588235294,66.82046505325806,160.94250535035272,1220.0486915415324,2.604480581681002,60.3125,0.5597846388335823,0.33112745098039215,86.39664432108827,282.3212679128421,1203.4319066136177,2.8545709009163156,84.4375,after
Canadian Grand Prix,2026-05-24,NOR,McLaren,29,0.0,156.87534854050767,0.522484108909262,0.5411764705882351,64.39260303119899,162.51899533614926,1086.4918304085847,2.759287439235215,48.000000000000114,0.5215236294413622,0.3176470588235294,82.91642945510019,265.44969975957696,1069.698827630623,3.108081117117895,96.0,after
Canadian Grand Prix,2026-05-24,NOR,McLaren,32,0.0,234.6231942830573,0.49467587084563797,0.5974264705882353,102.97372785819424,183.2252627572369,1015.0132085670715,2.309962713923093,12.1875,0.49962853989507294,0.3584558823529411,194.28565327053633,368.7425771206317,961.83982739246,2.451372914453402,60.9375,after
Canadian Grand Prix,2026-05-24,NOR,McLaren,33,0.0,164.60860503049844,0.49427922166495825,0.5190563725490195,70.00686153837933,165.5701512922726,941.2408842787681,2.6852719190108862,49.25,0.5036854516154514,0.2897058823529412,84.60757442116065,260.89748248656866,926.2935449542774,3.115487626177541,61.5625,after
Canadian Grand Prix,2026-05-24,NOR,McLaren,34,5.0,,0.540100938335276,0.5563725490196078,54.142886536201424,154.48121219452744,1253.2476960684314,3.257983824701078,67.5,0.5384858840474901,0.3578431372549019,80.69880489116176,264.413011884711,1239.0457376548845,3.4795302560554764,90.0,after
Canadian Grand Prix,2026-05-24,NOR,McLaren,36,0.0,314.4049001863195,0.6932425160636521,0.9127450980392157,654.110282341544,445.43040043182464,1878.2779685925013,8.50721714239079,171.0000000000001,0.6923003057990816,0.7800245098039215,47.40769841801067,86.44577178069983,2017.1600400124432,8.519928028834515,237.5,after
Canadian Grand Prix,2026-05-24,NOR,McLaren,37,0.0,173.57779318618762,0.46788923123836296,0.45343137254901955,78.5552122614257,187.97628850825936,687.1075462666691,1.9775936696874084,25.0,0.4634980685302966,0.2573529411764705,80.59441928201838,242.81874326762218,677.9859094931493,2.752245411257759,49.99999999999997,after
Canadian Grand Prix,2026-05-24,RUS,Mercedes,2,5.0,,0.5699548510271937,0.6515318627450979,34.96600178578107,126.03587850564332,1563.27526789658,9.436806795330796,259.5000000000001,0.5644310815197053,0.5243259803921568,63.90293396078237,195.7152848764274,1568.7276976128844,9.466034683081867,475.7499999999999,after
Canadian Grand Prix,2026-05-24,RUS,Mercedes,3,20.0,,0.5236378864488832,0.5840686274509804,39.95560593497564,138.54547764482052,1251.984778573767,5.1807331967162344,94.00000000000011,0.5217835930757304,0.42279411764705876,56.137591478825534,215.89948760526272,1240.8582444858066,5.2699914980713425,140.99999999999994,after
Canadian Grand Prix,2026-05-24,RUS,Mercedes,4,0.0,244.7875027413593,0.5494769579361358,0.6319852941176469,72.84397224668572,158.4336418179254,1302.0966052614401,4.5970574338345385,131.3125,0.5526916109672612,0.44473039215686266,160.50178075468676,297.1736238108916,1268.4476404470397,4.6555750705395935,83.56249999999994,after
Canadian Grand Prix,2026-05-24,RUS,Mercedes,5,0.0,236.46377153682673,0.5644577701273873,0.6759803921568628,62.515452177710564,145.17217048011406,1435.8220081849968,4.218577513326151,98.50000000000011,0.565231286768781,0.5190563725490195,152.19349061908963,266.23409924849193,1404.2431867478326,4.209754054455551,86.1875,after
Canadian Grand Prix,2026-05-24,RUS,Mercedes,6,0.0,460.6689845212559,0.6655209282272683,0.9035539215686275,554.3436304364565,566.7558071190842,1640.2872014318245,6.530100969389842,131.30000000000007,0.6618085006318544,0.6807598039215687,67.13797329383078,177.15299654609404,1965.3685561706116,7.2892390336574975,201.9999999999999,after
Canadian Grand Prix,2026-05-24,RUS,Mercedes,7,0.0,276.2683023883385,0.47357854816130934,0.5882352941176471,83.35376629734569,167.23982690042652,977.1169246680661,3.684644913568623,50.0,0.4905309809230919,0.37990196078431365,206.30975620608726,370.20588328333605,884.6466543058845,3.3736618066626733,75.0,after
Canadian Grand Prix,2026-05-24,RUS,Mercedes,8,5.0,238.19181709182692,0.49151348350766855,0.6485294117647058,114.74866917035472,192.19419623027014,1036.405237649571,2.689935908238825,25.25,0.4992159921024504,0.4133578431372548,199.2462473220178,355.7686587762201,991.2860402640623,2.750440271754768,75.75,after
Canadian Grand Prix,2026-05-24,RUS,Mercedes,9,0.0,277.9951772618314,0.5138684631123832,0.6499999999999999,106.7434855500153,181.48021365929628,1104.4609521011598,3.079123913835286,76.50000000000011,0.5158341014758897,0.43749999999999994,192.7494146171552,339.98305226071756,1061.7584179495257,3.045406481752148,63.75,after
Canadian Grand Prix,2026-05-24,RUS,Mercedes,10,5.0,224.17017405361503,0.4716443138746297,0.678921568627451,129.8500942324949,194.55008787735986,1004.0530511517998,3.093959493441451,25.0,0.4846822287381592,0.43382352941176466,190.85663356646097,335.86364271549405,981.7128205436329,3.130857096368966,75.0,after
Canadian Grand Prix,2026-05-24,RUS,Mercedes,11,0.0,247.3800310273525,0.46851931640135114,0.6312499999999999,108.1206352719235,181.80250661671923,964.3635009575725,3.484535430701174,50.5,0.4725599957283345,0.4208333333333333,202.0815080697094,346.95730197548056,906.2418732669928,3.455337574173538,75.75,after
Canadian Grand Prix,2026-05-24,RUS,Mercedes,12,15.0,360.1081092676231,0.6361158047011224,0.6853553921568626,97.45771393828409,181.5127604065317,1513.3737080673075,5.825450586723321,37.3125,0.627748027402738,0.4902573529411764,144.35590165377886,295.32868587843467,1537.3706269504628,6.1469633179374785,136.81249999999994,after
Canadian Grand Prix,2026-05-24,RUS,Mercedes,13,50.0,180.50854698286224,0.47032179764243154,0.6790441176470587,78.1198924699408,155.02424399456072,1140.5764600687112,2.9594636842521784,72.75000000000011,0.4773908879315743,0.4888480392156862,97.27259152863894,238.55663154771415,1126.6147243778848,3.051461405066292,84.875,after
Canadian Grand Prix,2026-05-24,RUS,Mercedes,15,0.0,312.84613025993195,0.5097657088818351,0.625,171.48706718577387,239.51495972537495,768.7166509204842,5.713231479942073,89.25,0.5299809382206668,0.2875,302.4229552552666,430.49264616222786,741.6126339485005,5.559888970257385,76.50000000000003,after
Canadian Grand Prix,2026-05-24,RUS,Mercedes,16,0.0,271.36560223252025,0.5002138525906651,0.717892156862745,132.68027299451606,200.90646236485267,1163.2179740141491,4.889168396201145,88.375,0.5065453287816504,0.49509803921568624,196.011655526323,298.1139634733922,1172.2109114246402,4.958651198897264,100.99999999999994,after
Canadian Grand Prix,2026-05-24,RUS,Mercedes,17,5.0,230.593308846561,0.5009796384293543,0.6877450980392157,103.02589829832597,176.8962214220927,1189.6688348276186,4.765653415035564,99.50000000000011,0.507521749993815,0.480453431372549,165.87588291484732,299.19082278476424,1167.0297636800601,4.829894193212826,99.49999999999994,after
Canadian Grand Prix,2026-05-24,RUS,Mercedes,18,30.0,202.59972744206033,0.5086204388410105,0.7088235294117647,89.07764289474981,161.77663739492007,1251.9681815963975,2.925045284005385,74.25,0.5106340319363173,0.5268382352941177,153.137002379352,281.982747311596,1229.8491882980866,3.042383104937719,61.87499999999994,after
Canadian Grand Prix,2026-05-24,RUS,Mercedes,23,0.0,195.47632915069855,0.6782678654006107,0.9463725490196078,477.51902630310656,341.4527440382851,2020.4584115194023,7.639693075175253,177.30000000000007,0.6790772410180711,0.8087622549019606,47.40769841801067,91.59165077022816,2107.474774662937,7.636077523203162,246.25,after
Canadian Grand Prix,2026-05-24,RUS,Mercedes,26,0.0,183.6531073781288,0.4713783012084956,0.6584558823529412,99.59228091508575,173.39531787701424,1083.6268497457206,3.928079611697577,74.62500000000011,0.4850475832477491,0.43897058823529406,113.26382921799717,252.36986215214213,1069.7568773609316,4.069882415621732,87.0625,after
Canadian Grand Prix,2026-05-24,RUS,Mercedes,27,15.0,247.095510628836,0.46078325951042926,0.6920955882352942,117.6920988184116,185.5112601723756,1019.8003180579542,3.2880536835793834,75.37500000000011,0.46589609705553764,0.48272058823529407,183.2531738225383,311.7624154844578,996.5796981454997,3.3490083472048395,37.6875,after
Canadian Grand Prix,2026-05-24,RUS,Mercedes,28,45.0,203.05963286251838,0.48457072391858463,0.7012867647058822,102.7493352777948,175.2915241565432,1097.2490506531633,3.6746284445942874,48.75,0.489857165551117,0.4981617647058823,168.38320041153312,302.0676937180725,1072.2570686733425,3.7326516705694077,60.9375,after
Canadian Grand Prix,2026-05-24,ALB,Williams,3,5.0,,0.41495999235773434,0.4861519607843136,76.72524944320841,175.13914482180778,716.3344563300681,2.939630953089729,46.75,0.42468817253283997,0.30281862745098037,92.85445028521079,241.49531067170477,696.2804965544539,3.3128941535931262,58.4375,after
Canadian Grand Prix,2026-05-24,ALB,Williams,5,0.0,,0.5730898384806208,0.7408088235294117,54.18772361130075,133.47842583516262,1639.321679965698,4.177375501892097,93.0,0.5731893994783153,0.6040441176470587,65.47903747183774,179.89533161508646,1655.9940423032808,4.144558162559024,93.00000000000011,after
Canadian Grand Prix,2026-05-24,ALB,Williams,8,0.0,,0.5544993816377314,0.6040441176470587,25.766572221750295,121.03192540923598,1401.8346952306406,4.270563044563466,46.500000000000114,0.5543518608856863,0.46727941176470583,34.501992423789154,174.2710451495404,1399.1070122133972,4.329372649599489,93.0,after
Canadian Grand Prix,2026-05-24,ALB,Williams,9,0.0,254.67904138818062,0.5215438147482223,0.6117647058823529,82.82657726477132,166.2395452967374,1156.082888327863,3.757256809813382,96.00000000000011,0.5255951048082119,0.41176470588235287,166.48838349214597,321.2736487411448,1110.4421640361472,3.748223811912468,84.0,after
Canadian Grand Prix,2026-05-24,ALB,Williams,10,0.0,221.19747665741448,0.5016921760158805,0.5284313725490195,67.15126156067105,163.59028773750057,986.8625327749634,2.9487493212591045,61.25,0.5021854891852393,0.3122549019607843,96.50794767822275,272.2728688930565,950.8176101636424,3.15624628778268,98.0,after
Austrian Grand Prix,2026-06-28,RUS,Mercedes,6,0.0,350.64383021709745,0.5173120524312931,0.41631944444444435,152.16903447766046,253.05663898497218,236.91306180012666,2.1027964658583995,47.6875,0.5674315807928377,0.01513888888888889,129.38242648887143,325.6325780923535,303.2415265371349,3.7111462427127564,43.599999999999994,after
Austrian Grand Prix,2026-06-28,RUS,Mercedes,7,0.0,323.7525824992118,0.5922579420637213,0.41796874999999994,125.7451867975949,243.93104128369754,411.01950092406463,1.3620027814859774,20.0625,0.584772310146086,0.05572916666666667,90.40819958986728,295.07850814099737,487.1149088309854,3.5686732325694126,40.124999999999986,after
Austrian Grand Prix,2026-06-28,RUS,Mercedes,9,0.0,248.1386116313176,0.6008712776520617,0.4124999999999999,100.0929242665863,226.11825980547746,475.08454811423485,1.6276169488246772,33.75,0.6595788839552608,0.015000000000000001,94.08842535676776,320.22622913132426,530.1174812235678,3.02461225146923,22.95,after
Austrian Grand Prix,2026-06-28,RUS,Mercedes,10,0.0,327.3575676771223,0.5854752109899377,0.4124999999999999,114.3144266432569,236.447190066143,421.06763986817316,1.7410869597528933,40.5,0.5851843805100769,0.05625,93.278027419865,298.0925605983919,482.6866744869666,3.368039742504642,40.499999999999986,after
Austrian Grand Prix,2026-06-28,RUS,Mercedes,11,0.0,243.0828226298275,0.5755416309632296,0.39374999999999993,83.88453210446441,204.26034186159762,447.87695014374253,1.0231608711304037,20.25,0.584305769045501,0.05625,93.08105710268786,297.58807626861324,481.4048822808267,2.5612112233248014,33.74999999999999,after
Austrian Grand Prix,2026-06-28,RUS,Mercedes,13,0.0,257.54591499853234,0.525327215288722,0.4201388888888888,105.23922598643249,221.01869246226528,398.2280015112067,1.3097342819943523,27.5,0.5897552614357926,0.04774305555555555,106.73814356153507,313.1524850640625,437.79943355405646,2.5189587081839147,20.624999999999993,after
Austrian Grand Prix,2026-06-28,RUS,Mercedes,14,0.0,255.1377002030398,0.5568986938856327,0.3901041666666666,87.58649918799968,210.035848895418,422.10755991065594,1.2317265975336669,26.75,0.5884841701549333,0.046440972222222224,96.98723572099874,302.9566952752254,453.98623436431404,2.509131440362713,20.062499999999993,after
Austrian Grand Prix,2026-06-28,RUS,Mercedes,15,0.0,235.05815717320226,0.6221963244917755,0.39939236111111104,96.74965391375501,220.70863527504738,479.84350495951855,1.0897800579930699,20.0625,0.6598980049694653,0.014861111111111113,85.38756220593932,316.35186394525215,536.2966157163643,3.2081245029289045,42.79999999999999,after
Austrian Grand Prix,2026-06-28,RUS,Mercedes,16,0.0,252.52050233978395,0.6630218866336854,0.3843749999999999,82.20449091329263,227.4069557530249,539.671863814193,1.8115294220512137,33.75,0.6847266315318982,0.015000000000000001,78.40511774771943,318.0594387838838,589.1863263263039,3.439512083434625,36.44999999999999,after
Austrian Grand Prix,2026-06-28,RUS,Mercedes,17,0.0,221.6409450720505,0.6740558628425155,0.4010416666666666,83.7702346395552,220.24248830466536,588.3165835024372,1.3171770296753218,19.6875,0.7077634954625149,0.014583333333333334,61.46863661243081,309.18586002431107,656.1823690969358,3.2395969101220876,35.43749999999999,after
Austrian Grand Prix,2026-06-28,RUS,Mercedes,21,0.0,344.86072926648757,0.6755054392846813,0.41406249999999994,83.0019864442661,207.55165982724105,569.0490557472398,1.5000498352499332,26.5,0.697533978906873,0.014722222222222222,63.61864137660786,307.7555339940134,632.840792169635,3.2267775457046013,42.39999999999999,after
Austrian Grand Prix,2026-06-28,RUS,Mercedes,22,0.0,341.9839258998201,0.6895768824220283,0.4583333333333333,170.14772124507635,286.23097536678705,474.05947425813577,2.5334270935967567,34.375,0.6930593735901908,0.015277777777777777,78.91261329321262,321.4833940497794,603.1247388726962,5.147208559370026,43.99999999999999,after
Austrian Grand Prix,2026-06-28,RUS,Mercedes,23,0.0,447.43449884631553,0.639804746367972,0.5010416666666666,301.54553011241904,388.8955054671301,217.83764706273737,1.6263930068557113,13.875,0.5743093491368803,0.0578125,105.86208342221728,306.8703556201254,442.0831756133464,6.90565718662469,55.5,after
Austrian Grand Prix,2026-06-28,RUS,Mercedes,24,0.0,389.6943548335894,0.6089851982172432,0.49140624999999993,269.63899044136696,355.57885969155086,234.1661785158846,1.9060852201405105,20.8125,0.585904081116262,0.048177083333333336,114.48269407176869,315.98376174416245,426.0876386023979,6.262792264150241,55.5,after
Austrian Grand Prix,2026-06-28,RUS,Mercedes,27,0.0,418.0184130421132,0.5443424318077331,0.482986111111111,192.18133381653826,280.37173533660285,368.9541740684477,1.9007603062653113,40.125,0.641715452203435,0.014861111111111113,91.35463887447894,315.9550471456812,492.2382084656124,3.7972456503590397,42.79999999999999,after
Austrian Grand Prix,2026-06-28,RUS,Mercedes,29,0.0,173.6767993321085,0.7139718934697744,0.38281249999999994,44.36511144923518,192.3446555223179,670.2668473991333,1.3365731194341741,32.8125,0.7312502768865384,0.014583333333333334,48.274595942095175,304.2121928523836,712.9961117372981,2.724120573074135,28.875,after
Austrian Grand Prix,2026-06-28,RUS,Mercedes,30,0.0,295.68161324603375,0.7077488386728678,0.3843749999999999,80.15933586155475,220.9760246494306,541.5941333885454,1.4229415950181143,27.0,0.6839438806087265,0.015000000000000001,74.03866984232944,313.4190280553837,593.2106322601658,3.6863921854844057,43.19999999999999,after
Austrian Grand Prix,2026-06-28,RUS,Mercedes,31,0.0,310.2480886713725,0.7364853486414374,0.4375,78.78215162266946,208.2931872964457,681.4514970312355,1.307383566087493,32.8125,0.7517390970078799,0.014583333333333334,47.40769841801067,303.8161240766413,761.202198369489,3.103921294030419,41.99999999999999,after
Austrian Grand Prix,2026-06-28,RUS,Mercedes,32,0.0,346.3062226216125,0.8176318054063045,0.47395833333333326,150.1926279155433,277.94866036481005,707.5254284412595,1.9164683130023696,32.8125,0.7960748311512913,0.014583333333333334,47.42669391282195,304.3874510043938,862.9691947726732,4.780954611284568,41.99999999999999,after
Austrian Grand Prix,2026-06-28,RUS,Mercedes,33,0.0,409.75512214240325,0.6628444761778443,0.5251736111111112,256.7936770279076,341.66877917287604,431.68419921106937,1.6595437779074105,34.37500000000006,0.7014372302487248,0.015277777777777777,74.42395956003432,319.926990147088,625.8993085530822,5.1572081005130865,43.99999999999999,after
Austrian Grand Prix,2026-06-28,RUS,Mercedes,34,0.0,446.13125994565735,0.6709767396447434,0.4921875,236.24870890789774,331.43042302105414,439.43608772587777,1.4782584555586669,19.6875,0.6920049562983599,0.014583333333333334,63.941931562264045,306.14366626669,622.7431628017991,5.000369101385525,41.99999999999999,after
Austrian Grand Prix,2026-06-28,RUS,Mercedes,35,0.0,431.5781651184361,0.5544372032187963,0.48749999999999993,231.44693292982,316.9527414511412,266.9998098166228,2.2063406593149506,47.25000000000006,0.5908806078490313,0.028125,102.19720812130787,309.00542086846883,415.52635843444455,4.710415383206067,33.74999999999999,after
Austrian Grand Prix,2026-06-28,RUS,Mercedes,36,0.0,377.39428882798006,0.7068018980226212,0.50625,246.44292548286063,340.30926856974105,445.4006482757125,1.4837241814686135,13.5,0.7035892517493507,0.015000000000000001,68.2699655902089,314.1989499050331,640.3415383472741,5.4577706698373065,43.19999999999999,after
Austrian Grand Prix,2026-06-28,RUS,Mercedes,37,0.0,373.5317184301715,0.7206387394314961,0.46875,154.7124098768285,264.4950659683432,555.2994208462054,1.8064084295057006,13.5,0.722684447766899,0.015000000000000001,61.143510576655125,314.0830672950698,684.8699723409635,4.601307770210551,43.19999999999999,after
Austrian Grand Prix,2026-06-28,RUS,Mercedes,38,0.0,383.74435113311876,0.7779051215819532,0.44166666666666665,48.94448613082477,181.8321163849386,786.7072594403328,1.1981770302729529,33.125,0.7929644210282859,0.014722222222222222,47.413538754116715,304.97265605739733,854.6304402206721,2.7615844352007155,42.39999999999999,after
Austrian Grand Prix,2026-06-28,RUS,Mercedes,39,0.0,305.9070182255815,0.6549519856923899,0.4636284722222222,96.11051037860135,209.6349513866652,607.6863207702837,1.2148557940592242,6.8125,0.7225235791542999,0.01513888888888889,63.774043240476324,316.6572959444813,681.1236884563194,2.9808469893059244,43.599999999999994,after
Austrian Grand Prix,2026-06-28,RUS,Mercedes,40,0.0,213.02625588042196,0.6784144956513632,0.3956597222222221,65.3183925283414,200.04963848588355,595.4796425290252,1.2077768905641684,26.5,0.7022966158036846,0.014722222222222222,62.1263818475419,307.9301973788315,643.2056917269709,2.9054694137508763,35.77499999999999,after
Austrian Grand Prix,2026-06-28,RUS,Mercedes,41,0.0,303.523425449201,0.661067810809284,0.45512152777777776,99.18366249094937,211.58019735388595,594.310745032133,1.5533410364186886,13.375,0.7157634875430832,0.014861111111111113,60.99742169320716,311.2633866127672,672.2060106636757,3.221272917428662,42.79999999999999,after
Austrian Grand Prix,2026-06-28,RUS,Mercedes,42,0.0,271.4520821636074,0.6700608626981682,0.4736979166666666,100.17281725909761,214.91524695308343,632.2873143110996,1.452901403380755,26.75,0.7332749390517594,0.014861111111111113,50.64986426981274,307.2960929379285,713.7529294793045,3.0080706997534468,42.79999999999999,after
Austrian Grand Prix,2026-06-28,RUS,Mercedes,45,0.0,305.43280037328566,0.7011950677144825,0.48749999999999993,130.39385339427616,240.652036846779,607.0297116223485,1.3324477910292425,33.75,0.7336457368311846,0.015000000000000001,53.24846388020518,310.0244717711198,712.5363215792651,3.4425695631705433,43.19999999999999,after
Austrian Grand Prix,2026-06-28,RUS,Mercedes,47,0.0,226.53015284216926,0.6852524618118833,0.4466145833333333,62.71411533858223,186.96981198106045,679.8404144452992,0.9563875791243918,26.25,0.7416119967255123,0.014583333333333334,47.40769841801067,303.51175141364337,738.4943384806278,2.3307638993395505,41.99999999999999,after
Austrian Grand Prix,2026-06-28,RUS,Mercedes,49,0.0,391.1207683443838,0.7646854383482395,0.5506944444444444,282.5475307633906,372.9114792322082,632.9147452998045,1.0042618747660206,13.0,0.789613411690196,0.014444444444444446,47.40769841801067,298.830328976272,849.8834656729977,4.328233283100241,67.6,after
Austrian Grand Prix,2026-06-28,RUS,Mercedes,51,0.0,433.0901477351481,0.8032324255278849,0.5244791666666667,156.44090896172807,261.15917314827516,759.5360288212771,1.4154597227457122,39.75,0.81565351944636,0.014722222222222222,47.43712997631178,303.66236004403595,907.3243798685959,3.6845723101364087,42.39999999999999,after
Austrian Grand Prix,2026-06-28,RUS,Mercedes,52,0.0,311.3315963324559,0.7062705149742201,0.45086805555555554,121.1600901345217,238.61609086351177,583.7263024988414,1.3602612372532823,13.25,0.7198117429444529,0.014722222222222222,53.751753082071716,305.6858631126303,685.1246641980656,3.815531779188414,42.39999999999999,after
Austrian Grand Prix,2026-06-28,RUS,Mercedes,54,0.0,345.5407127150233,0.7185627538219848,0.4583333333333333,129.24954018179102,242.75159390474437,539.5636929893257,1.7043411543356006,6.875,0.7062295467990755,0.015277777777777777,69.08704754504289,316.2673889247193,641.484661852497,4.389523705921504,43.99999999999999,after
Austrian Grand Prix,2026-06-28,RUS,Mercedes,55,0.0,357.5179931876345,0.7536245693874934,0.5108506944444444,175.3546411196653,274.377609289732,623.4327310248317,1.4655379609646635,6.6875,0.7570224192754659,0.014861111111111113,47.4420163812692,307.3750010061162,770.1572929990466,4.096404780562581,42.79999999999999,after
Austrian Grand Prix,2026-06-28,RUS,Mercedes,56,0.0,438.40733298691237,0.7728289485491134,0.5428819444444444,292.46946820354776,380.64131682489165,551.4827664568105,0.8225811746098644,6.625,0.7619990647395842,0.014722222222222222,47.40769841801067,304.2329235920679,783.8303694459099,5.184590539924063,68.9,after
Austrian Grand Prix,2026-06-28,RUS,Mercedes,59,0.0,306.838458904787,0.6905314097215042,0.44166666666666665,105.49028805656553,220.94007213024975,577.9447717771127,1.5138925957759033,13.25,0.7102509692570302,0.014722222222222222,57.13778538640939,305.72562462636995,663.3845507928626,3.563466290106081,42.39999999999999,after
Austrian Grand Prix,2026-06-28,RUS,Mercedes,60,0.0,303.2095351217194,0.6170389488351733,0.404861111111111,113.97449531500553,229.41474341593357,400.28740328307566,1.569340006408707,33.125,0.5867734538915037,0.04600694444444445,90.20262202054799,295.57333088257434,461.3554499208986,3.6416126953926042,33.12499999999999,after
Austrian Grand Prix,2026-06-28,RUS,Mercedes,61,0.0,296.13620269361627,0.6506400476122566,0.47847222222222213,140.36668723360077,242.8775552981296,534.0160009011399,1.3303253821554002,33.125,0.6987525821703681,0.014722222222222222,60.96699861206203,305.53040237169085,637.3801428254739,3.3560787527098905,42.39999999999999,after
Austrian Grand Prix,2026-06-28,RUS,Mercedes,63,0.0,308.58560941895064,0.7080064000163606,0.46927083333333325,88.5232929722873,203.24830558997334,683.6526929503968,1.0648662094059478,19.875,0.7541813557262751,0.014722222222222222,47.43413874711514,306.06632316457467,765.261493987592,2.8112094888569623,42.39999999999999,after
Austrian Grand Prix,2026-06-28,RUS,Mercedes,65,0.0,306.8490595182853,0.8066539861478366,0.5145833333333333,89.8554513140236,208.39716808511497,856.1993225677339,1.0242861905781115,26.0,0.8396944071910221,0.014444444444444446,47.40769841801067,296.8188155279285,963.4292636308048,2.683478637498526,41.599999999999994,after
Austrian Grand Prix,2026-06-28,RUS,Mercedes,68,0.0,255.94296622515012,0.6836244570524637,0.44583333333333336,109.59765005837774,226.35370763847598,555.1235847242535,1.1366025109259374,6.6875,0.7011414114381824,0.014861111111111113,66.96921791211348,310.16121060175004,639.4736438530149,3.495563136171201,42.79999999999999,after
Austrian Grand Prix,2026-06-28,RUS,Mercedes,69,0.0,234.39883965658996,0.7332848179934244,0.4559895833333333,81.49402331361505,200.74091251366502,696.9749744906378,0.8734249870388042,12.875,0.7588855215170758,0.014305555555555556,47.40769841801067,296.30926039896144,782.0788842301386,2.807521933409761,41.19999999999999,after
Austrian Grand Prix,2026-06-28,RUS,Mercedes,70,0.0,477.40288547182274,0.7999879384267073,0.6861111111111111,839.2425378237212,627.5593354085624,869.1521684740512,0.7755227797970149,28.599999999999966,0.7681151643422259,0.39722222222222214,47.40769841801067,152.3429683624018,1065.9926341745531,1.8907799547046586,286.0,after
Austrian Grand Prix,2026-06-28,RUS,Mercedes,71,0.0,208.48651874529384,0.628744187980647,0.4112847222222221,64.5693466508206,183.14970530624151,546.7775399584409,1.29350820370301,12.875,0.6717382218243024,0.014305555555555556,61.81091311985472,296.9192907583606,587.1994341181424,2.249956624293467,28.325,after
Austrian Grand Prix,2026-06-28,VER,Red Bull Racing,2,0.0,,0.9481525896872377,0.5843749999999999,188.02439300185796,298.80950004500306,1080.3920161469337,1.3847695886588176,31.875,0.9636548000674111,0.0265625,47.40769841801067,286.75955444797717,1259.4120188351806,2.690934845987735,66.3,after
Austrian Grand Prix,2026-06-28,VER,Red Bull Racing,6,0.0,444.74579594851645,0.6804003572308844,0.4604166666666666,107.5559282607165,230.9611589995934,642.3524284922274,1.441682823984147,39.0,0.7413127540965748,0.014444444444444446,47.40769841801067,303.5212200516334,738.1962309197527,2.938222285209075,41.599999999999994,after
Austrian Grand Prix,2026-06-28,VER,Red Bull Racing,7,0.0,437.13486511039605,0.777593477796563,0.4921875,112.57710965773116,236.41048363187343,787.6577974066391,1.0555444925770596,26.250000000000057,0.817304201110096,0.014583333333333334,47.427696078688065,303.69974785702357,911.4627724161973,3.1350981389985155,41.99999999999999,after
Austrian Grand Prix,2026-06-28,VER,Red Bull Racing,9,0.0,458.3921522340159,0.8684568906168769,0.5725694444444444,280.0807287185102,370.88748004819513,931.2512192615109,0.9331678356807744,6.0625,0.9233346457818209,0.013472222222222224,47.40769841801067,280.1470700617058,1117.8657534064434,2.5265210449577613,63.05,after
Austrian Grand Prix,2026-06-28,VER,Red Bull Racing,10,0.0,374.9119618625098,0.8690001662579946,0.5444444444444444,124.23380127453369,245.4113213745524,993.212870330227,0.9020662906193725,30.625,0.9165080317122004,0.017013888888888894,47.40769841801067,279.7824979195644,1126.2541991289875,2.18377384870523,63.7,after
Austrian Grand Prix,2026-06-28,VER,Red Bull Racing,11,0.0,,0.999999999999996,0.7145833333333333,0.011271055755856478,69.35854134062396,1403.64055153095,3.955274754246542,28.875,0.9670502563652705,0.7109375,47.40769841801067,11.297638487673627,1515.0376055276893,2.7898762489259377,435.75,after
Austrian Grand Prix,2026-06-28,VER,Red Bull Racing,12,0.0,415.00069078938077,0.6800417314278724,0.3397569444444444,2.0033671963843855,160.1949773719398,690.2737906666132,1.625384603060094,32.1875,0.7211266942424273,0.014305555555555556,47.40769841801067,299.8020414028602,694.8754342682194,1.831898406479205,28.325,after
Austrian Grand Prix,2026-06-28,VER,Red Bull Racing,13,0.0,,0.5257392226039211,0.28932291666666665,41.100060081567825,180.60252640531613,366.3199201303146,0.9020634769168815,25.25,0.5639232920941974,0.014027777777777778,105.72452889137729,302.34357478383544,344.76094931791164,1.4942857642190948,21.4625,after
Austrian Grand Prix,2026-06-28,VER,Red Bull Racing,14,0.0,278.36571057414704,0.6109858754696126,0.4312499999999999,108.84332251821142,229.05165131687124,500.7297090070049,1.501856730539351,33.75000000000006,0.675672598937833,0.015000000000000001,80.08257074879128,316.5679803770328,569.2866809750557,3.1112321333783965,36.44999999999999,after
Austrian Grand Prix,2026-06-28,VER,Red Bull Racing,15,0.0,192.34759279582815,0.6437004306152813,0.4010416666666666,76.76158545451487,207.03588370148074,562.2763857359653,0.9670532710454409,13.125,0.69035207586522,0.014583333333333334,65.39208631011536,307.0153128629423,616.9790957288434,2.774359443216781,41.99999999999999,after
Austrian Grand Prix,2026-06-28,VER,Red Bull Racing,17,0.0,230.22882461868954,0.6404579084168581,0.4423611111111111,83.74827643057036,203.33793849756123,619.0452302278189,0.9624079371912106,6.5,0.7202898670669309,0.014444444444444446,49.572163560826006,301.6736170342518,690.1262088973207,2.5832753318169503,41.599999999999994,after
Austrian Grand Prix,2026-06-28,VER,Red Bull Racing,20,0.0,,0.8093422534583575,0.42083333333333334,1.7079375889190926,153.69825032546723,922.3791114694365,0.8963417675276348,25.25,0.8467437780640594,0.014027777777777778,47.40769841801067,291.3697318258805,980.034085172239,1.9785027367139782,27.775,after
Austrian Grand Prix,2026-06-28,VER,Red Bull Racing,21,0.0,,0.7085156853144224,0.5096354166666667,23.46619082395032,146.36651555210693,874.2939440473457,1.242355320132757,38.625,0.6877995638939128,0.24140625,47.40769841801067,216.34526020213434,924.8040712404521,1.635195760466394,154.49999999999997,after
Austrian Grand Prix,2026-06-28,VER,Red Bull Racing,22,0.0,400.59871306213387,0.9999996613550556,0.6249999999999999,333.87395033414845,385.3289009603661,1141.6470955110767,1.436155776843525,50.00000000000006,0.9956053095919482,0.034722222222222224,47.40769841801067,275.5987087055837,1339.3333903151972,2.388520322942766,37.499999999999986,after
Austrian Grand Prix,2026-06-28,VER,Red Bull Racing,23,0.0,,0.5504663820699149,0.2467013888888889,18.914759811219188,168.43557217765598,377.7649371295108,1.190639866940165,36.75,0.5620971573467193,0.013611111111111112,96.60130224556346,293.3353073169152,342.06916173322105,1.2994964904064141,14.7,after
Austrian Grand Prix,2026-06-28,VER,Red Bull Racing,24,0.0,,0.7027564150280677,0.3998263888888889,22.31476409384418,162.87458224409386,752.3995880769139,0.7477061823584068,23.5,0.7769042583744283,0.013055555555555556,47.40769841801067,276.8359292128375,808.9699274112616,1.8366773864836243,37.6,after
Austrian Grand Prix,2026-06-28,VER,Red Bull Racing,27,0.0,357.75424338486175,0.6604577130663002,0.43333333333333335,96.46996417635025,223.9690776225024,596.6646499898959,1.634999133125897,13.0,0.7148454953721135,0.014444444444444446,52.47509309525031,302.67101647549003,677.4655554806823,3.138438301509813,41.599999999999994,after
Austrian Grand Prix,2026-06-28,VER,Red Bull Racing,28,0.0,291.9356075223277,0.6569280552613432,0.45,90.39718720422813,208.0786121910925,603.5064295411769,1.2684247538714408,0.0,0.7185665419683807,0.015000000000000001,61.94687193000722,313.44516161894046,674.7845497216593,3.0163058346593905,43.19999999999999,after
Austrian Grand Prix,2026-06-28,VER,Red Bull Racing,29,0.0,263.2810596128201,0.645595871365669,0.5109375,151.86916370751862,248.8405195445015,576.688077729721,1.3409500646008004,6.8125,0.7252349051243443,0.01513888888888889,61.385801930874884,315.2180187243954,687.8158509386014,3.101899434886056,43.599999999999994,after
Austrian Grand Prix,2026-06-28,VER,Red Bull Racing,30,0.0,186.92033585467328,0.7143698581787957,0.4161458333333333,55.674683072185246,190.09024854893644,690.8401495605842,0.641785011448084,12.75,0.7473291532193389,0.014166666666666668,47.40769841801067,295.8281616332727,757.0399881190635,2.609476561906605,40.79999999999999,after
Austrian Grand Prix,2026-06-28,VER,Red Bull Racing,31,0.0,339.4235558071496,0.6690799573524363,0.45512152777777776,77.58588575592684,196.85974210408364,668.6884020256176,1.266687826073565,26.75,0.7431311593737521,0.014861111111111113,49.32337234066697,309.4192781214802,735.3985862098264,2.5724136573582235,42.79999999999999,after
Austrian Grand Prix,2026-06-28,VER,Red Bull Racing,32,0.0,261.1687373104781,0.6854608276212455,0.46006944444444436,66.42147222548358,191.79243125519756,713.7781598773491,1.033549495043952,26.5,0.7606076041433489,0.014722222222222222,47.423645071886206,307.6920272299006,779.070577676084,2.4250094040718992,42.39999999999999,after
Austrian Grand Prix,2026-06-28,VER,Red Bull Racing,33,0.0,,0.7849496414899206,0.46927083333333325,19.698691768346528,152.86260333916468,906.6729765334098,0.8147154846229033,19.125,0.841554800157318,0.014166666666666668,47.40769841801067,292.3533728415438,967.8444672969498,1.7605416111590764,34.42499999999999,after
Austrian Grand Prix,2026-06-28,VER,Red Bull Racing,34,0.0,,0.7146546327436307,0.4828125,53.74924470061466,175.79899455257075,820.8952027529698,0.7072742846177204,19.3125,0.7987275081704924,0.026822916666666665,47.40769841801067,294.6465056714013,892.9172189317409,2.1117144899802387,66.95,after
Austrian Grand Prix,2026-06-28,VER,Red Bull Racing,35,0.0,229.05522312853708,0.692111879597007,0.46440972222222215,57.01175549504491,180.93483663570274,744.6058540581872,0.6781200970173248,13.375,0.7716665577795344,0.014861111111111113,47.430872077694964,310.15738975988774,802.8128942926604,2.1207451475872885,42.79999999999999,after
Austrian Grand Prix,2026-06-28,VER,Red Bull Racing,36,0.0,,0.7322643801437623,0.42187499999999994,54.019896815951164,189.10303638577997,711.1094265105226,0.974895052695497,20.25,0.7569984973088784,0.015000000000000001,47.507322319612356,312.4567963777198,766.0204421676117,2.765505056642939,36.44999999999999,after
Austrian Grand Prix,2026-06-28,VER,Red Bull Racing,37,0.0,,0.7016757672955176,0.4152777777777778,14.14755664388993,150.97217342237198,769.9311675140697,0.7189233128043273,13.0,0.7685714492743653,0.014444444444444446,47.40769841801067,300.6580630332475,801.6942866566919,1.8386463350933604,41.599999999999994,after
Austrian Grand Prix,2026-06-28,VER,Red Bull Racing,38,0.0,,0.745292545194834,0.43333333333333335,17.059906777096,158.22855403859,827.9341342583634,0.8836958386395095,26.0,0.799466322671572,0.014444444444444446,47.40769841801067,299.6683345403936,872.093678221165,1.8305591182305945,28.6,after
Austrian Grand Prix,2026-06-28,VER,Red Bull Racing,39,0.0,,0.7151434520246557,0.46006944444444436,34.6641949193148,169.88911071347272,834.4487079129432,1.0252891485471982,26.5,0.8076319342424667,0.014722222222222222,47.41546827541463,308.2423550374648,888.591371017757,2.1170713743232215,42.39999999999999,after
Austrian Grand Prix,2026-06-28,VER,Red Bull Racing,40,0.0,,0.7541984128084878,0.4557291666666666,36.194967581495504,167.6171551198897,830.6184400996178,0.6334457187146387,13.125,0.8090212702537468,0.014583333333333334,47.40769841801067,302.55022025579245,892.9611014910944,2.203132078321682,41.99999999999999,after
Austrian Grand Prix,2026-06-28,VER,Red Bull Racing,41,0.0,,0.7957987929232962,0.4557291666666667,47.066411465269084,179.8668076488938,836.3519022333305,0.5833453349775426,13.125,0.8181620920898847,0.014583333333333334,47.40769841801067,301.60705870692465,913.9006240017418,2.6220717459204383,41.99999999999999,after
Austrian Grand Prix,2026-06-28,VER,Red Bull Racing,42,0.0,,0.7875459706710405,0.47847222222222213,33.67688037411802,168.18221818390543,920.3997662533953,0.759115485432274,19.5,0.8517440920141066,0.014444444444444446,47.40769841801067,299.7222602858494,991.9798199633461,2.0864181764427228,41.599999999999994,after
Austrian Grand Prix,2026-06-28,VER,Red Bull Racing,43,0.0,255.80160633652721,0.760723438915925,0.4781249999999999,42.37754907784982,171.64902337282507,858.1288017951586,0.9551437406870072,20.25,0.8229898936948783,0.015000000000000001,47.399116188101466,311.02316039952234,922.1673632711792,2.2576762100598495,43.19999999999999,after
Austrian Grand Prix,2026-06-28,VER,Red Bull Racing,45,0.0,239.54249966490383,0.7089113541682686,0.4781249999999999,52.024909663349376,173.96369800497027,780.7342692597649,0.7787003208574996,20.25,0.787037915370647,0.015000000000000001,47.43334761327283,311.57792695234633,837.4271571941003,2.045163802109665,43.19999999999999,after
Austrian Grand Prix,2026-06-28,VER,Red Bull Racing,47,0.0,,0.6667628845946909,0.4559027777777777,57.394703087036625,177.70166014960193,723.4916313282127,0.3384585757288854,6.3125,0.7592493725339315,0.014027777777777778,47.40769841801067,293.5337508815433,785.5221474427533,1.89435601960512,40.39999999999999,after
Austrian Grand Prix,2026-06-28,VER,Red Bull Racing,48,0.0,,0.7072643330481152,0.4375,48.334756039954705,180.01310036299353,741.9660269372442,0.8004168646388913,13.125,0.767675970380562,0.014583333333333334,47.41701799654455,304.90389668296257,797.7698748230735,2.2118366520840813,28.875,after
Austrian Grand Prix,2026-06-28,VER,Red Bull Racing,51,0.0,202.9649158125312,0.8266166887758631,0.459375,48.39469321593834,181.2491060376754,820.3593371886132,1.0052972132515978,20.25,0.8101370499571567,0.015000000000000001,47.428967353136855,307.5480330427631,892.1679620546581,2.945757858160712,43.19999999999999,after
Austrian Grand Prix,2026-06-28,VER,Red Bull Racing,54,0.0,,0.5728784803995967,0.2552083333333333,33.8684814829365,180.51031055004853,336.08972239867273,1.2156361368731228,32.8125,0.5457500935212904,0.014583333333333334,116.31107585169376,307.32360858414546,289.12795019919844,1.6917220408780769,22.3125,after
Austrian Grand Prix,2026-06-28,VER,Red Bull Racing,55,0.0,,0.7065411396577028,0.425,54.1536787748964,185.29839059625874,694.9866101935766,0.5441952070535881,6.375,0.7468806753676485,0.014166666666666668,47.40769841801067,295.18873861683613,756.6334628144693,2.426044991023851,34.42499999999999,after
Austrian Grand Prix,2026-06-28,VER,Red Bull Racing,56,0.0,,0.7498913765213169,0.40390625,26.468467124771895,166.46751093340694,745.3632651854713,0.5193225844766542,6.1875,0.7740689991008748,0.01375,47.40769841801067,287.6990905699296,799.9992746183883,2.2579850949949396,39.599999999999994,after
Austrian Grand Prix,2026-06-28,VER,Red Bull Racing,57,0.0,,0.7386537703344401,0.43246527777777777,35.9747177823271,171.02094906273913,763.1174990024373,0.9012830808140193,19.875,0.7736545408297032,0.014722222222222222,47.413564363120386,305.27104542142547,810.3560363221836,2.217789863089398,35.77499999999999,after
Austrian Grand Prix,2026-06-28,VER,Red Bull Racing,58,0.0,250.8803117495734,0.779806771052696,0.41406249999999994,62.30338081558999,196.60022138609867,695.7668097449206,1.144276879679393,26.5,0.7530922520836176,0.014722222222222222,47.42993545614355,305.3985114633421,763.0056050159317,3.373570086920109,35.77499999999999,after
Austrian Grand Prix,2026-06-28,VER,Red Bull Racing,60,0.0,293.86838857567636,0.732227203386912,0.46927083333333325,63.26212453289017,181.75816569868684,742.5019642400053,1.0050569807793635,26.5,0.7744453627508209,0.014722222222222222,47.40769841801067,304.04868192500066,812.4314541869297,2.532858201949798,42.39999999999999,after
Austrian Grand Prix,2026-06-28,VER,Red Bull Racing,61,0.0,,0.7946266250241135,0.44713541666666656,11.805913074240237,150.4217029925843,873.0160551332476,0.5108649390263058,6.3125,0.8234327238076329,0.014027777777777778,47.40769841801067,288.1469088953472,927.2094335558518,1.7469325000491152,34.08749999999999,after
Austrian Grand Prix,2026-06-28,VER,Red Bull Racing,62,0.0,328.31711292610026,0.762511645754645,0.4600694444444444,53.116273947000714,181.7083535753775,776.711227671026,0.8833352707700347,26.5,0.7881954872486313,0.014722222222222222,47.40769841801067,303.7116673615621,844.078636221378,2.4704299415598974,42.39999999999999,after
Austrian Grand Prix,2026-06-28,VER,Red Bull Racing,63,0.0,,0.8625261673884046,0.4253472222222222,23.061312960931073,172.96084026267422,892.87422332995,1.0275667278086307,25.0,0.8537875777898869,0.013888888888888888,47.40769841801067,289.46628834600097,973.4639947314841,2.8065419111196817,33.74999999999999,after
Austrian Grand Prix,2026-06-28,VER,Red Bull Racing,65,0.0,,0.7187925488701059,0.44704861111111105,27.39918961189387,156.2367342130507,770.3243065177846,0.5317414400402453,12.875,0.7736061161580057,0.014305555555555556,47.40769841801067,294.9943807808725,815.178409256455,1.7556482099501127,41.19999999999999,after
Austrian Grand Prix,2026-06-28,VER,Red Bull Racing,66,0.0,,0.7764022935151224,0.4375,38.826477357518776,173.78994366613,793.0795449847077,0.8567246853887037,19.6875,0.7916944950856996,0.014583333333333334,47.40769841801067,301.3425200876533,853.4731344431669,2.4729918619483398,28.875,after
Austrian Grand Prix,2026-06-28,VER,Red Bull Racing,67,0.0,232.29338045997002,0.7013361655293534,0.44583333333333336,69.35341315585596,192.63520572246392,664.433716835839,0.7944610073436,13.375,0.7378615693046927,0.014861111111111113,47.85043904775872,306.1019883044012,725.3612445712017,2.58930963415272,36.11249999999999,after
Austrian Grand Prix,2026-06-28,VER,Red Bull Racing,68,0.0,,0.7571872044894411,0.3934027777777777,35.24003031024937,176.70322233868163,724.6656114078414,0.735604684478686,19.3125,0.7562098560297726,0.014305555555555556,47.40769841801067,297.42187790584376,775.8760844902048,2.691809513937707,28.325,after
Austrian Grand Prix,2026-06-28,VER,Red Bull Racing,69,0.0,,0.7412319506166877,0.4381076388888889,32.51433466333417,165.36148092476265,782.8404829527797,0.6174005619899308,12.875,0.7829253335042687,0.014305555555555556,47.40769841801067,296.0854585852878,836.0758595501634,1.9902689270522105,28.325,after
Austrian Grand Prix,2026-06-28,VER,Red Bull Racing,70,0.0,,0.7887032734232641,0.41206597222222224,20.328536167492743,165.88441327749993,809.7367185157341,0.6065203552064982,12.625,0.7958712135127819,0.014027777777777778,47.40769841801067,289.74719347582806,866.7146153579561,2.319624647486802,34.08749999999999,after
Austrian Grand Prix,2026-06-28,VER,Red Bull Racing,71,0.0,,0.8979215031148658,0.5729166666666666,60.70429810132436,177.83147690322795,1056.034152684678,1.552623984297403,68.75,0.8403918854089818,0.08680555555555555,47.40769841801067,249.07097406662407,1144.9220902439486,1.7223068924098552,325.0,after
Austrian Grand Prix,2026-06-28,ANT,Mercedes,5,0.0,,0.9171119203874523,0.3875868055555556,0.030590988999219523,180.34652792706459,997.516032097723,1.4154794182877843,35.625,0.9124563946055038,0.013194444444444444,47.40769841801067,278.8521784040329,1095.1177433165547,3.0668945760034276,32.0625,after
Austrian Grand Prix,2026-06-28,ANT,Mercedes,6,0.0,,0.9805747952341826,0.48836805555555557,28.525080893822196,185.25378712311598,1153.0537320946773,1.222312498088641,30.3125,0.9960981489883161,0.013472222222222224,47.40769841801067,281.4677156854586,1275.0241979225796,2.5609469106517926,32.73749999999999,after
Austrian Grand Prix,2026-06-28,ANT,Mercedes,7,0.0,313.8890759427179,0.8390396951171842,0.4513888888888888,50.57491969587237,200.68614737670688,931.1162381128239,1.0177671958906447,25.0,0.883917645599279,0.013888888888888888,47.40769841801067,293.630705931929,1041.6977590577505,2.889874401214793,39.99999999999999,after
Austrian Grand Prix,2026-06-28,ANT,Mercedes,8,0.0,284.79728599275944,0.7947617673142289,0.5843749999999999,173.00745179467623,278.8428697610308,994.5989970229311,0.9505441783609289,25.5,0.9105460767237212,0.014166666666666668,47.40769841801067,295.08897987536983,1125.2600990863696,1.9354731197078434,40.79999999999999,after
Austrian Grand Prix,2026-06-28,ANT,Mercedes,9,0.0,,0.6694432509394201,0.42968749999999994,54.40814025014222,189.9219846685613,731.537985555168,1.0239139519751796,24.75,0.774372660118853,0.01375,47.40769841801067,294.80720976477613,799.2638499020331,2.0603295890677025,39.599999999999994,after
Austrian Grand Prix,2026-06-28,ANT,Mercedes,10,0.0,333.7496133279945,0.5420339720785367,0.44166666666666665,99.1487444329729,206.9058041886075,490.7177696113674,1.8057586998187232,53.00000000000006,0.661506383450678,0.014722222222222222,81.1442575279796,312.6714917357169,543.1492779591002,2.3024019856937086,42.39999999999999,after
Austrian Grand Prix,2026-06-28,ANT,Mercedes,11,0.0,293.75345003030867,0.5734496141033478,0.45086805555555554,89.60152144326433,203.66140385345477,562.9029876666028,1.0514193399818135,26.5,0.6938149096513999,0.014722222222222222,68.9080564057089,311.7432747836989,619.9286213177813,2.231054022828473,42.39999999999999,after
Austrian Grand Prix,2026-06-28,ANT,Mercedes,12,0.0,,0.5415517316152981,0.36302083333333324,33.6395790311824,167.39299570456615,530.4781509466636,1.0363691834336137,25.49999999999997,0.6495346113566056,0.014166666666666668,74.44510984581596,301.78222382062796,532.8471134793796,1.316710714810882,40.79999999999999,after
Austrian Grand Prix,2026-06-28,ANT,Mercedes,13,0.0,,0.6092201018691088,0.3308159722222222,32.80792390855596,182.45118683439145,544.4331395233357,0.9222483914368554,12.875,0.6586798733719189,0.014305555555555556,74.51306974865108,305.0510254288227,549.4021153219215,1.8178029978953283,21.8875,after
Austrian Grand Prix,2026-06-28,ANT,Mercedes,14,0.0,,0.6071035175495344,0.3588541666666666,38.60356890060164,183.66332624064475,578.8612409038118,1.4253066672644985,26.5,0.6814545594992804,0.014722222222222222,79.83632809137897,315.98578851012115,588.6076442614399,1.9469308213268288,29.15,after
Austrian Grand Prix,2026-06-28,ANT,Mercedes,15,0.0,332.2550346154855,0.5840033620789713,0.404861111111111,71.98236697961369,198.11863817894803,522.3068150814097,1.5353223025894676,26.5,0.666845756924502,0.014722222222222222,78.35029988131299,311.7463148048887,557.4797145032069,2.207101425708544,29.15,after
Austrian Grand Prix,2026-06-28,ANT,Mercedes,17,0.0,372.69812631574473,0.6221840088493683,0.3901041666666666,57.50230664421201,193.06159597727628,569.1688819830063,1.3914677276396321,13.375,0.686068840629786,0.014861111111111113,75.00813316600393,315.132227386429,598.7769869991129,2.444293808396471,42.79999999999999,after
Austrian Grand Prix,2026-06-28,ANT,Mercedes,18,0.0,,0.5742509957564161,0.40625,49.986930083426316,181.55334180036755,593.4833490560835,1.0393897818315878,13.0,0.6908202560694802,0.014444444444444446,65.74095173567163,307.5280413599897,619.4774716332751,1.4798730425551938,28.6,after
Austrian Grand Prix,2026-06-28,ANT,Mercedes,19,0.0,243.90312828250904,0.6216934926390935,0.440625,97.55258383284443,224.13076733549113,575.6488057834748,1.2123002585271232,6.75,0.7075679727270389,0.015000000000000001,70.32404766277665,317.97283811724026,644.0837753970593,2.818216984990694,43.19999999999999,after
Austrian Grand Prix,2026-06-28,ANT,Mercedes,20,0.0,275.51045168362174,0.7082920214137368,0.3701388888888888,79.98723773355756,233.33454480729625,568.3394163373626,1.9527403272288006,39.0,0.6960406229659214,0.014444444444444446,63.19625786154084,306.8104758996133,632.4232322749715,3.8841542449924975,35.099999999999994,after
Austrian Grand Prix,2026-06-28,ANT,Mercedes,21,0.0,,0.5984214418875284,0.42430555555555555,74.0813717028692,198.96943317745848,585.5634849766935,1.1616042272921796,26.000000000000057,0.697967692777569,0.014444444444444446,61.490691018803744,305.7793834909529,636.8810446978689,2.2343751045654865,41.599999999999994,after
Austrian Grand Prix,2026-06-28,ANT,Mercedes,22,0.0,205.5943272383034,0.6604730599085807,0.45512152777777776,79.79650900514251,203.4140999812932,688.6750356235943,1.2023969026375763,26.75,0.7543968707341212,0.014861111111111113,48.08600664233285,312.1249113992752,760.0557161695854,2.619461105517131,42.79999999999999,after
Austrian Grand Prix,2026-06-28,ANT,Mercedes,27,0.0,451.2589221534881,0.8757503188315792,0.6400173611111111,463.89004152990907,468.2906227569948,969.7715915358843,2.1955396054199805,44.1875,0.8128160825266831,0.3506944444444444,47.40769841801067,163.60247000153808,1167.777989138637,2.672092407787128,328.25,after
Austrian Grand Prix,2026-06-28,ANT,Mercedes,29,0.0,,0.9847322351907639,0.5725694444444444,58.061921949289356,181.0999785937502,1165.3473133093614,2.2685260715622624,72.75000000000006,0.879006029990562,0.5052083333333333,47.40769841801067,87.12921891271678,1276.6863016269615,2.203962871875842,436.5,after
Austrian Grand Prix,2026-06-28,ANT,Mercedes,30,0.0,,0.9755215160158159,0.6020833333333333,229.4177596918009,320.46111301608283,1078.9061822680692,1.7748568100231654,51.0,0.9654187513804473,0.0265625,47.40769841801067,284.86951636692555,1260.8839425292035,2.88167132012824,66.3,after
Austrian Grand Prix,2026-06-28,ANT,Mercedes,32,0.0,381.7134683739513,0.6363358579140571,0.45512152777777776,156.64442405193614,261.47748196844515,455.13561229551397,1.733265911478508,33.4375,0.6720072953475196,0.014861111111111113,77.9571222712126,313.1596756428445,567.414800331499,4.134631417368773,42.79999999999999,after
Austrian Grand Prix,2026-06-28,ANT,Mercedes,33,0.0,291.45417195312916,0.6382508951888652,0.4365451388888889,117.11025177671952,231.22014401518734,497.2898454257854,1.425172989910811,20.0625,0.675535419834155,0.014861111111111113,74.07779394659468,310.5151908885489,577.0726550550534,3.4208444765761685,36.11249999999999,after
Austrian Grand Prix,2026-06-28,ANT,Mercedes,34,0.0,335.5337152998623,0.6401495653605691,0.4557291666666666,127.08151276277536,234.59004452275417,526.5708835982375,1.4042166905918425,6.5625,0.6905366114170163,0.014583333333333334,64.26653848295092,305.9543524789066,619.9867106685839,3.3132901757342177,41.99999999999999,after
Austrian Grand Prix,2026-06-28,ANT,Mercedes,35,0.0,260.0599133697513,0.7297045955317053,0.4124999999999999,86.34293819674706,227.4309776717383,625.5059495085706,1.8509488977740025,47.25,0.7286562624830435,0.015000000000000001,60.99319254415825,316.0228844132235,697.4391245655135,3.890396566805903,43.19999999999999,after
Austrian Grand Prix,2026-06-28,ANT,Mercedes,36,0.0,,0.6936726240677437,0.44270833333333326,51.55510162783238,180.23704150514604,744.0285137035794,1.4203789938510825,31.875,0.7691049777416058,0.014166666666666668,47.40769841801067,296.76415689504836,805.8250211502328,2.286907673045066,40.79999999999999,after
Austrian Grand Prix,2026-06-28,ANT,Mercedes,37,0.0,260.4858227726875,0.7571653771266144,0.41927083333333326,66.57980932282848,211.81887826394163,729.9172708357748,1.7190705306220264,32.81250000000006,0.7729271881483927,0.014583333333333334,47.42586892003918,306.3488248902137,809.3054896645904,3.5088770071478232,41.99999999999999,after
Austrian Grand Prix,2026-06-28,ANT,Mercedes,38,0.0,291.10506244838894,0.6643767357682381,0.46006944444444436,60.046356941954926,184.28099992935344,712.9312333178668,1.2627101179379117,33.125,0.7567749563919184,0.014722222222222222,47.44922151470607,308.41475211198104,770.0368652576517,2.430044437172064,68.9,after
Austrian Grand Prix,2026-06-28,ANT,Mercedes,39,0.0,318.4253515751103,0.6676687228293733,0.42725694444444434,71.79993130260982,197.55352446965594,639.6300131626482,1.4061662835138165,33.43750000000006,0.7270857097195867,0.014861111111111113,56.513201849063805,310.99320025091913,696.9776122931593,2.768445741993627,42.79999999999999,after
Austrian Grand Prix,2026-06-28,ANT,Mercedes,40,0.0,281.084384964974,0.8497942915388929,0.39939236111111104,75.11521978625579,229.53819773002365,756.7624020041704,2.432275200847573,46.8125,0.7900421922266847,0.014861111111111113,47.57896924242167,312.8824765626511,845.3710458788177,4.921673186671984,42.79999999999999,after
Austrian Grand Prix,2026-06-28,ANT,Mercedes,42,0.0,,0.7262930818584973,0.3682291666666666,25.49673731182638,178.43366041396396,707.6830332747356,1.2637484718777132,31.5625,0.7431707609260855,0.014027777777777778,47.40769841801067,294.24048680654477,749.5362222705329,2.6183187033877116,34.08749999999999,after
Austrian Grand Prix,2026-06-28,ANT,Mercedes,44,0.0,198.38867374865345,0.6706371282617893,0.40234374999999994,65.12293161406085,196.1452406609878,606.9539942730014,1.170870878445664,25.75,0.7060692522917528,0.014305555555555556,50.97786109547246,298.1020993975859,661.752113724183,2.7484055882435943,34.76249999999999,after
Austrian Grand Prix,2026-06-28,ANT,Mercedes,45,0.0,352.3217328661859,0.6781014558908459,0.45,98.27666325272891,215.109064851729,596.4542061791067,1.6422812093847705,13.5,0.7169913590438851,0.015000000000000001,60.322009089674616,311.2689847550344,672.0708530627749,3.2371382325403775,43.19999999999999,after
Austrian Grand Prix,2026-06-28,ANT,Mercedes,46,0.0,,0.6725447136708811,0.42022569444444446,72.47895978519188,194.2797519321991,613.0702587720892,0.9993416527017506,25.75,0.7120208988027562,0.014305555555555556,47.4611186095136,296.6684331904783,675.9071095733719,2.666599754475636,34.76249999999999,after
Austrian Grand Prix,2026-06-28,ANT,Mercedes,47,0.0,364.77852555017955,0.683299782985402,0.44583333333333336,112.26223101936365,231.25476274204667,563.4700242516661,1.5876380539028616,13.375,0.7072350585161642,0.014861111111111113,62.67948079214231,310.2117512727998,652.5449438718961,3.7334535301500043,42.79999999999999,after
Austrian Grand Prix,2026-06-28,ANT,Mercedes,48,0.0,270.3109702927557,0.6892936562510027,0.42326388888888883,75.07954459505177,204.0072188359241,634.0827496399476,1.5754478853390423,33.12500000000006,0.725270461160812,0.014722222222222222,53.28351972297934,307.12818112926345,696.8934478049449,3.0515841550572285,35.77499999999999,after
Austrian Grand Prix,2026-06-28,ANT,Mercedes,49,0.0,249.47078418263874,0.7126272438162711,0.4600694444444444,61.803699544871726,187.6222097912766,735.2052081340386,1.2244709424048694,33.125,0.7691622321736484,0.014722222222222222,47.425083292818556,306.16511400715774,799.6725054558369,2.5063363094490905,42.39999999999999,after
Austrian Grand Prix,2026-06-28,ANT,Mercedes,50,0.0,302.0307189134022,0.7282786892578199,0.5055555555555555,73.08741372055002,186.88447098861258,797.4411290279926,1.0693578917308213,32.5,0.8015230866600953,0.014444444444444446,47.40769841801067,298.11809815632625,876.8975056238198,2.231457701590494,67.6,after
Austrian Grand Prix,2026-06-28,ANT,Mercedes,53,0.0,,0.26385591157763477,0.7826388888888889,179.5398781016559,130.15559414945997,679.3197293152047,3.1114823358069996,46.0,0.261863629369988,0.6888020833333333,47.40769841801067,51.44803772144066,718.3017358749247,3.123976393722809,115.00000000000006,after
Austrian Grand Prix,2026-06-28,ANT,Mercedes,54,0.0,423.6563608836522,0.878690206886159,0.5244791666666667,259.28542839676504,352.58220137853243,618.5200442334899,1.2516580906149077,13.25,0.791461017965808,0.014722222222222222,47.40769841801067,302.0589062981375,851.6909693961757,5.834887432880255,68.9,after
Austrian Grand Prix,2026-06-28,ANT,Mercedes,56,0.0,350.955378925638,0.6902174036040784,0.48255208333333327,179.5276629659362,285.9884264705747,473.70731672724474,1.737515216227649,13.625,0.6900008692015018,0.01513888888888889,73.71049599208563,315.2108002126113,605.7707665066425,4.628439518219189,43.599999999999994,after
Austrian Grand Prix,2026-06-28,ANT,Mercedes,57,0.0,350.1717070743159,0.6469466033500914,0.4423611111111111,83.4837916164698,194.73627583270746,578.4053183633712,1.216497559159349,6.5,0.697949411716827,0.014444444444444446,53.54789041611137,297.8301845170008,642.6741475525814,2.6472876453873235,41.599999999999994,after
Austrian Grand Prix,2026-06-28,ANT,Mercedes,58,0.0,315.9750519625938,0.7196690373827337,0.43246527777777777,69.95347420758755,198.64946743127948,663.379117660103,1.210455364875364,33.125,0.7380893795628124,0.014722222222222222,47.42489820947675,305.75618105646106,728.1899379535096,2.9216426532916135,35.77499999999999,after
Austrian Grand Prix,2026-06-28,ANT,Mercedes,59,0.0,461.8437466475143,0.7897357522342573,0.48749999999999993,102.7982816669666,225.6841425591343,761.6540533280444,1.9014668192367075,47.25,0.8006056433102063,0.015000000000000001,47.48968424103548,310.7039914722626,869.6832465684612,3.713086896105789,43.19999999999999,after
Austrian Grand Prix,2026-06-28,ANT,Mercedes,60,0.0,383.0908240724654,0.9999988053177822,0.35295138888888883,78.64261541128887,271.2918745623203,787.0479907912066,4.353496202103052,53.5,0.811176651041953,0.014861111111111113,48.01648035998364,314.44805881965345,895.7573021200071,7.727835817061883,42.79999999999999,after
Austrian Grand Prix,2026-06-28,ANT,Mercedes,61,0.0,367.08608985090825,0.71045677320896,0.45512152777777776,102.79737777998896,216.67504904918295,613.8556826417955,1.602288471873552,33.4375,0.7265637531388004,0.014861111111111113,52.44098174287346,306.7382953414536,698.988830052973,3.4511777383758786,42.79999999999999,after
Austrian Grand Prix,2026-06-28,ANT,Mercedes,62,0.0,365.12474500124796,0.6404139939534305,0.5152777777777777,167.26864897216856,262.4750171567192,554.5445192112875,1.423534942019459,6.625,0.7138311609943917,0.014722222222222222,55.2175416775561,305.0584480255932,672.5120100227704,3.1015342816120577,42.39999999999999,after
Austrian Grand Prix,2026-06-28,ANT,Mercedes,63,0.0,320.9101655827062,0.8730740909155431,0.41015624999999994,30.13351953946151,183.75985088907055,861.2758862130642,1.5738097429042728,32.8125,0.8285857906254277,0.014583333333333334,47.40769841801067,301.1436277755025,938.078579996363,3.527548793164533,35.43749999999999,after
Austrian Grand Prix,2026-06-28,ANT,Mercedes,64,0.0,,0.8097535496758576,0.4161458333333333,28.29774694307474,172.92054449608085,823.2633613500242,0.8353440963342839,19.125,0.8061712490690978,0.014166666666666668,47.40769841801067,292.9795399788963,889.1268956155884,2.664222005298619,34.42499999999999,after
Austrian Grand Prix,2026-06-28,ANT,Mercedes,65,0.0,300.1999383782075,0.7983549435964424,0.440625,103.85031011241585,237.54528514384816,666.0521847904666,2.142496377147835,40.50000000000006,0.7554395061823093,0.015000000000000001,47.59927670223379,312.003103866042,763.273464807414,4.490124642516505,43.19999999999999,after
Austrian Grand Prix,2026-06-28,ANT,Mercedes,66,0.0,320.5098644369155,0.6509841099691827,0.482986111111111,143.70590770532576,240.4446286419822,515.1764836107051,1.4453021097478629,33.4375,0.6903026952536888,0.014861111111111113,65.99487560478167,307.60081894357273,615.4449046635987,3.2987256040161106,42.79999999999999,after
Austrian Grand Prix,2026-06-28,ANT,Mercedes,67,0.0,326.6014647118315,0.6692683801116919,0.45,96.24583004407363,209.68228393100762,577.6006043725686,1.5605776804807063,20.25,0.705671089148402,0.015000000000000001,65.37605164799393,312.36093284993467,646.5526880666024,3.120213923567939,43.19999999999999,after
Austrian Grand Prix,2026-06-28,ANT,Mercedes,69,0.0,343.13796464716285,0.7506326495151883,0.4965277777777778,136.49016001557044,240.94680782650138,672.1801536295684,1.2064188823707869,32.50000000000006,0.7647109868938046,0.014444444444444446,47.40769841801067,297.8979372283506,793.7426802633494,3.3142807696748826,41.599999999999994,after
Austrian Grand Prix,2026-06-28,ANT,Mercedes,70,0.0,363.46046315930954,0.86270080969853,0.487673611111111,112.95809300531614,236.2960790304388,774.2847073037433,1.1212587274169288,26.5,0.8133021391547904,0.014722222222222222,47.40769841801067,301.6448503823033,901.7457022475465,3.8830356133004753,42.39999999999999,after
Austrian Grand Prix,2026-06-28,ANT,Mercedes,71,0.0,487.7923363424401,1.0,0.67375,652.5712103505216,386.9421051477676,1148.1901599166715,4.25931772366513,64.35000000000002,0.9394805114809148,0.3695312499999999,47.40769841801067,146.34573873363234,1377.999804980527,3.2572770155194233,420.75,after
Austrian Grand Prix,2026-06-28,PIA,McLaren,2,0.0,,0.9157826711453012,0.5136284722222222,122.4581342300284,252.3099550891879,992.2200343147192,0.9291949983616692,24.25,0.9393892561481909,0.013472222222222224,47.40769841801067,281.0794379306337,1153.1488495546164,2.8641344404262536,38.79999999999999,after
Austrian Grand Prix,2026-06-28,PIA,McLaren,5,0.0,,0.7650158887918391,0.41258680555555555,17.660241983834347,170.0999001066806,834.7729762676655,0.567771129958755,12.125,0.8202097806010136,0.013472222222222224,47.40769841801067,284.17350373977536,900.1250659990875,1.9321642418981217,38.79999999999999,after
Austrian Grand Prix,2026-06-28,PIA,McLaren,6,0.0,,0.838860265901268,0.4700520833333333,42.69812224350273,183.81920112677685,960.3201024661024,0.4865113827502075,11.875,0.8984889860036448,0.013194444444444444,47.40769841801067,277.01446406479613,1063.5338817586749,2.0799073859479025,38.0,after
Austrian Grand Prix,2026-06-28,PIA,McLaren,7,0.0,,0.838640295529949,0.4546874999999999,37.02564577442867,187.74800011844857,943.6712789572432,0.5964887963060737,12.125,0.8870677090330324,0.013472222222222224,47.40769841801067,283.2597479570681,1043.5473305524197,2.267251172843853,38.79999999999999,after
Austrian Grand Prix,2026-06-28,PIA,McLaren,8,0.0,,0.8531302144581094,0.42786458333333327,0.000767624561217878,161.20707002254886,1010.2194231806662,0.874248040287644,17.4375,0.9157448238050481,0.012916666666666668,47.40769841801067,273.44045289458603,1097.3085383539678,1.8909388417098676,25.575,after
Austrian Grand Prix,2026-06-28,PIA,McLaren,10,0.0,,0.719372835689238,0.3953125,24.771694049642658,177.08929797101024,778.8421492048371,0.6091026048045453,12.375,0.7906560368090845,0.01375,47.40769841801067,293.61164984112577,835.3620111885755,2.0534112133579234,33.412499999999994,after
Austrian Grand Prix,2026-06-28,PIA,McLaren,11,0.0,,0.7167238595606353,0.36302083333333324,29.687656371941234,188.87138129311248,691.941204464611,0.8424490157477631,19.12499999999997,0.7369921387825654,0.014166666666666668,47.40769841801067,298.7917234331915,732.6335823110286,2.4295990553432993,34.42499999999999,after
Austrian Grand Prix,2026-06-28,PIA,McLaren,12,0.0,,0.7157954931918703,0.3559027777777777,13.808794198350494,176.04944773372054,722.5054286970591,0.8551973132044289,24.99999999999997,0.7557796786569987,0.013888888888888888,47.40769841801067,295.9737982904525,757.1693628813854,2.089247087776079,27.5,after
Austrian Grand Prix,2026-06-28,PIA,McLaren,13,0.0,,0.6525462230676731,0.38281249999999994,36.60879694304426,179.56147477947903,656.7937999717748,0.49125243414824415,6.125,0.7293012576333646,0.013611111111111112,47.40769841801067,291.23107409914246,702.51668278722,1.9486125355166506,33.07499999999999,after
Austrian Grand Prix,2026-06-28,PIA,McLaren,14,0.0,,0.5884183452407925,0.36458333333333326,63.795962299843666,203.62794589558132,504.22758739429935,0.8916052623906993,18.74999999999997,0.659494046539959,0.013888888888888888,67.9899967632534,298.812913052239,541.2306365504159,2.253445414114988,21.25,after
Austrian Grand Prix,2026-06-28,PIA,McLaren,15,0.0,,0.6342815549104484,0.3486979166666666,60.74479931543429,208.77022834204794,510.17184377893096,0.5698690087629691,0.0,0.6551992042268253,0.014305555555555556,74.57108686280509,303.89080834219396,542.442124548329,2.7375223275553537,28.325,after
Austrian Grand Prix,2026-06-28,PIA,McLaren,16,0.0,,0.6187108490755956,0.36111111111111105,53.64956010919096,196.78050840932926,541.8746531202177,0.7128450909525113,6.5,0.6684909544438157,0.014444444444444446,72.81913869927712,306.7909727546126,568.394533718161,2.2993571098794874,28.6,after
Austrian Grand Prix,2026-06-28,PIA,McLaren,17,0.0,,0.601731682153673,0.3844618055555555,72.16170872898627,204.71436886435293,510.1595522921599,0.68756661323152,0.0,0.6590750691323211,0.014305555555555556,71.67008737673996,302.3463615730523,552.2689313875497,2.4016202971438045,28.325,after
Austrian Grand Prix,2026-06-28,PIA,McLaren,18,0.0,,0.6076542381652502,0.35416666666666663,44.54359523316484,187.20166692520073,545.1643300713403,0.8681974989665587,25.49999999999997,0.6640801596743395,0.014166666666666668,67.49294760618092,299.92100349219976,566.7593189227014,1.9850557250395506,28.049999999999997,after
Austrian Grand Prix,2026-06-28,PIA,McLaren,23,0.0,,0.6201205822849523,0.3791666666666666,50.118429130997185,182.3189581436155,568.1599023283356,0.7505082194548336,0.0,0.6798607202691336,0.014444444444444446,65.58812474828608,303.53937684248285,597.0388869232881,2.1200744217229155,35.099999999999994,after
Austrian Grand Prix,2026-06-28,PIA,McLaren,24,0.0,,0.7075869415427721,0.32986111111111105,40.59367189949391,206.20979247101042,592.4037044967317,1.1902031989082427,25.0,0.6977811948645316,0.013888888888888888,50.387695883476,294.61111408606206,628.9572171804369,2.9123944536397626,33.74999999999999,after
Austrian Grand Prix,2026-06-28,PIA,McLaren,27,0.0,,0.779470295713543,0.5920833333333333,11.168663186777673,74.5725956007008,1068.205302748472,0.6920085509656662,18.48750000000001,0.7612864257514895,0.4833333333333333,47.40769841801067,58.360037242280626,1079.7212449085837,0.6748692072685792,87.00000000000006,after
Austrian Grand Prix,2026-06-28,PIA,McLaren,28,0.0,,0.6958116039358496,0.4032986111111111,57.54408104801209,196.6360807850409,668.3769588165183,0.7395470404144655,12.625,0.7357279195137237,0.014027777777777778,47.40769841801067,295.13270978600315,732.4780149695678,2.5857879920864484,34.08749999999999,after
Austrian Grand Prix,2026-06-28,PIA,McLaren,29,0.0,,0.8226472852346126,0.3430555555555555,17.785142933999296,200.7412510829944,783.3008056066147,2.0765891349359835,38.99999999999997,0.7799842873965983,0.014444444444444446,47.40769841801067,303.71504703871216,827.1496777513196,3.555228590069891,28.6,after
Austrian Grand Prix,2026-06-28,PIA,McLaren,30,0.0,287.8560980810547,0.7087006285796663,0.4694444444444444,99.37353355385878,214.28927645503077,671.9565588689552,1.2461404432223837,26.0,0.7538665592176276,0.014444444444444446,47.40769841801067,300.2383446260161,768.3072421355308,3.076838452910107,67.6,after
Austrian Grand Prix,2026-06-28,PIA,McLaren,32,0.0,,0.6900432122649174,0.37812499999999993,10.05837978473301,158.56056938990096,722.5902675350309,0.7910354014601908,18.5625,0.7531933568695915,0.01375,47.40769841801067,290.8844180534752,753.9877164396319,1.8233423115048777,39.599999999999994,after
Austrian Grand Prix,2026-06-28,PIA,McLaren,35,0.0,,0.8143703023507142,0.42916666666666664,17.430644270892838,161.56548448369395,871.0395998499507,0.5536689788275614,6.4375,0.8287476432297554,0.014305555555555556,47.40769841801067,295.08723439518417,938.8396476666472,2.3355302188743403,41.19999999999999,after
Austrian Grand Prix,2026-06-28,PIA,McLaren,36,0.0,,0.829616407346651,0.4774305555555556,17.40945816765271,157.11689340100924,990.3431321112422,1.0646527055880401,31.25,0.8985174970338801,0.013888888888888888,47.40769841801067,290.71154476984816,1072.4566539863536,2.204034525973677,65.0,after
Austrian Grand Prix,2026-06-28,PIA,McLaren,37,0.0,,0.9999999999984364,0.6601388888888889,0.005377407404648937,70.11294891660026,1323.0743915227106,7.5862446452902415,38.80000000000007,0.9999995964606733,0.10946180555555556,47.40769841801067,228.24924810743292,1512.0586549983557,4.647768480440554,388.0,after
Austrian Grand Prix,2026-06-28,PIA,McLaren,38,0.0,,0.6878159374991877,0.2864583333333333,15.92910616567019,197.9511174750041,584.4688031494451,1.6816045937272892,43.75,0.6800387628265114,0.013888888888888888,59.88483368019367,297.8984006694727,588.1688460477268,2.5769402930525196,21.25,after
Austrian Grand Prix,2026-06-28,PIA,McLaren,39,0.0,,0.6186207369628773,0.38819444444444434,54.25088660003968,184.09916303461137,566.3293358432536,0.7869279919057174,6.5,0.6799557487802063,0.014444444444444446,65.67467348257021,303.6591855556424,598.0239213842367,2.161490748874861,28.6,after
Austrian Grand Prix,2026-06-28,PIA,McLaren,40,0.0,,0.7437617268299457,0.38072916666666656,43.40267914777187,193.22622236201244,703.3768681301111,0.6931113743913632,12.75,0.7493716811039225,0.014166666666666668,47.40769841801067,297.6445801780196,761.3773065266358,2.9265830049965462,34.42499999999999,after
Austrian Grand Prix,2026-06-28,PIA,McLaren,41,0.0,,0.671749557820548,0.40624999999999994,43.347653398903255,177.29362925450337,649.930666396821,0.7088360673101147,13.0,0.7191356027679944,0.014444444444444446,47.40769841801067,299.1051593868087,689.5686076993653,2.2690201450945127,41.599999999999994,after
Austrian Grand Prix,2026-06-28,PIA,McLaren,44,0.0,200.97966074200977,0.775359847192614,0.43836805555555547,59.371068150889194,192.59838196199692,756.0655692935729,0.4990113932021747,6.3125,0.783762470000105,0.014027777777777778,47.40769841801067,289.990652448306,839.77299744448,2.719772107132761,40.39999999999999,after
Austrian Grand Prix,2026-06-28,PIA,McLaren,45,0.0,,0.6938124083615346,0.3583333333333333,38.64936162842671,170.02694373804508,567.6099155227488,0.4870869266784976,6.0,0.68088707896466,0.013333333333333332,47.40769841801067,278.5544358009251,607.7871473711174,2.2792178496798883,32.39999999999999,after
Austrian Grand Prix,2026-06-28,PIA,McLaren,46,0.0,,0.7849491663956139,0.3934027777777777,31.819889311731064,174.99344386308113,742.4934083688972,0.48033728587483054,6.4375,0.7651806487787782,0.014305555555555556,47.40769841801067,295.98802435505024,796.0817584389786,2.723928217940478,34.76249999999999,after
Austrian Grand Prix,2026-06-28,PIA,McLaren,47,0.0,,0.8257044927814085,0.4032986111111111,22.67347083953976,170.18764696361015,805.5265441053986,0.45763885407711663,0.0,0.797459896679847,0.014027777777777778,47.40769841801067,288.5521612733795,869.8077142629896,2.6626407231187876,34.08749999999999,after
Austrian Grand Prix,2026-06-28,PIA,McLaren,48,0.0,,0.999999999998205,0.5648611111111111,0.004939018190197851,75.04194322127756,1166.570210199038,7.29172808257616,33.200000000000045,0.9999995872026309,0.5475694444444444,47.40769841801067,32.05406631812727,1367.5240909155477,4.002159106282369,344.45,after
Austrian Grand Prix,2026-06-28,PIA,McLaren,49,0.0,,0.6760803306358746,0.30078124999999994,33.24692291674827,196.2099112322554,511.40208915875854,1.291643575701077,32.8125,0.6409975344250639,0.014583333333333334,81.05468858274095,305.4038256315133,505.80232237907387,2.716871817316477,28.875,after
Austrian Grand Prix,2026-06-28,PIA,McLaren,50,0.0,,0.7830298296332787,0.34531249999999997,26.196647470959732,193.53404254635447,725.7368617978367,1.1949445794761522,25.49999999999997,0.7536408270097494,0.014166666666666668,47.40769841801067,298.1222153431898,771.0950202490559,3.2382486680223352,34.42499999999999,after
Austrian Grand Prix,2026-06-28,PIA,McLaren,51,0.0,194.72765905043508,0.6575481541584898,0.3701388888888888,47.5207560447317,182.39023726516115,554.8764394725964,0.8671413625621076,19.5,0.6706926124234238,0.014444444444444446,68.50693427614532,301.9548458419193,580.3114723799548,2.3455668586006686,28.6,after
Austrian Grand Prix,2026-06-28,PIA,McLaren,53,0.0,,0.2174264753294763,0.7554166666666666,3.9954614340943084e-05,33.12798585225141,572.4571191441507,1.5095698231921524,30.524999999999977,0.21686470989625403,0.7130208333333332,47.40769841801067,29.373552450773335,580.202137632468,1.487842525647467,41.62499999999994,after
Austrian Grand Prix,2026-06-28,PIA,McLaren,54,0.0,,0.7425989560029167,0.39843749999999994,36.92607569120489,177.45934503209764,702.2329422967741,0.5832796394694567,12.75,0.7448490657843465,0.014166666666666668,47.40769841801067,293.527795522655,752.4737320796276,2.468845770554402,34.42499999999999,after
Austrian Grand Prix,2026-06-28,PIA,McLaren,55,0.0,,0.7122352517463458,0.4253472222222222,66.3030276632283,195.3828756372878,670.8268006825458,0.346445439047993,0.0,0.7498190803299877,0.013888888888888888,47.40769841801067,292.18931500394757,745.8018656870624,2.6666504244425626,39.99999999999999,after
Austrian Grand Prix,2026-06-28,PIA,McLaren,56,0.0,216.37337004286772,0.7217245993185737,0.3844618055555555,55.22359864585459,196.60904149290218,625.8441375544464,0.6772701858530159,12.875,0.7130859161565678,0.014305555555555556,47.40769841801067,296.9877690728094,678.7981688913554,3.0361330038253724,34.76249999999999,after
Austrian Grand Prix,2026-06-28,PIA,McLaren,57,0.0,,0.7012236766997038,0.3736979166666666,35.097288854030545,175.68694679007538,642.515807632629,0.6749706435300329,13.125,0.7120804015928712,0.014583333333333334,54.990523517593125,304.21866407509805,670.7352167894159,2.4496758812038215,35.43749999999999,after
Austrian Grand Prix,2026-06-28,PIA,McLaren,58,0.0,,0.6624395592272453,0.37725694444444435,45.934694801928984,181.26366093587504,575.8705291926615,0.7722080644685227,13.25,0.682074301692581,0.014722222222222222,66.9277681485664,305.65377374096977,598.8268395536145,2.308577444032287,29.15,after
Austrian Grand Prix,2026-06-28,PIA,McLaren,59,0.0,,0.6876062702662444,0.38072916666666656,52.993000170059105,187.54362733204678,599.4363887366092,0.6849449917884092,12.75,0.6968118772176441,0.014166666666666668,49.635328005366176,293.5194850315416,644.970982006586,2.693766554589112,34.42499999999999,after
Austrian Grand Prix,2026-06-28,PIA,McLaren,60,0.0,,0.6790023964880769,0.3701388888888888,32.46583039074099,171.58325970150239,612.9303895116836,0.6597478838071398,13.0,0.6944701582173091,0.014444444444444446,56.40624368596863,299.47079906202686,634.5527689130588,2.156448914544536,28.6,after
Austrian Grand Prix,2026-06-28,PIA,McLaren,62,0.0,,0.7249942095094036,0.40624999999999994,32.77717782581057,171.9446937135381,712.7549314631718,0.4643137275381151,6.5,0.7474568194438815,0.014444444444444446,47.40769841801067,299.6828248920415,754.416070406422,2.211706002109824,28.6,after
Austrian Grand Prix,2026-06-28,PIA,McLaren,64,0.0,,0.8261048135001091,0.3993055555555556,19.148773059793832,165.61039718370256,820.8523820019656,0.6575037791430299,18.75,0.8139291447261339,0.013888888888888888,47.40769841801067,289.80301745107505,886.0714237709619,2.689203576972013,33.74999999999999,after
Austrian Grand Prix,2026-06-28,PIA,McLaren,65,0.0,,0.6840193664183984,0.39192708333333326,40.37775624172377,175.45342539878982,629.0256914797588,0.5916693568878908,6.5625,0.7069058698455274,0.014583333333333334,53.51353311345886,300.9305875593935,659.8872696540784,2.2473157254527805,35.43749999999999,after
Austrian Grand Prix,2026-06-28,PIA,McLaren,66,0.0,,0.6704264677115535,0.37890624999999994,41.44626665315769,172.86919156305564,617.158708824964,0.6401816264969102,12.125,0.7094155549780926,0.013472222222222224,47.40769841801067,284.7271818624459,663.8748968455847,2.2071976935021738,32.73749999999999,after
Austrian Grand Prix,2026-06-28,PIA,McLaren,67,0.0,,0.6987838738051946,0.3895833333333333,59.10105123974351,196.96864255974214,623.1392608763346,0.696460735699005,6.375,0.7125048860300901,0.014166666666666668,47.40769841801067,296.7844085285422,679.2773952937911,2.886633884902819,34.42499999999999,after
Austrian Grand Prix,2026-06-28,PIA,McLaren,68,0.0,,0.7239781375088652,0.31796874999999997,29.14597002908207,182.1794744782145,571.217198782504,0.8061239047666311,18.5625,0.6791388561550609,0.01375,49.42075763544537,287.1193572897167,595.2627497801958,2.7431383392034947,27.225,after
Austrian Grand Prix,2026-06-28,PIA,McLaren,69,0.0,,0.7533580894662402,0.4166666666666667,28.083257938334643,164.67530854019267,762.8994315992087,0.27484180940150293,6.25,0.7832060893335705,0.013888888888888888,47.40769841801067,290.26695244449195,818.9450797044112,2.1259301524752705,33.74999999999999,after
Austrian Grand Prix,2026-06-28,PIA,McLaren,70,0.0,,0.7310903429457105,0.4382812499999999,31.01027055959139,163.06254449005766,783.6196759737512,0.458119801144347,12.375,0.7934965389831433,0.01375,47.40769841801067,288.10700570283063,842.1021769214633,1.861406674340104,39.599999999999994,after
Austrian Grand Prix,2026-06-28,PIA,McLaren,71,0.0,,0.6222273436091451,0.36458333333333326,33.25979452458154,170.2469929517014,576.7081859182714,0.4456008409065251,6.25,0.6829791695023941,0.013888888888888888,55.384563783201834,294.42727310903973,598.5703535792788,1.8199873733963041,33.74999999999999,after
Austrian Grand Prix,2026-06-28,HAM,Ferrari,2,0.0,,0.6633807033149303,0.4828124999999999,79.43461185807496,196.92734916701542,741.2623292958855,1.2528677532902641,38.62500000000006,0.7736926538041252,0.014305555555555556,47.40769841801067,300.7379262448726,813.8466697177444,1.8435275555320625,34.76249999999999,after
Austrian Grand Prix,2026-06-28,HAM,Ferrari,6,0.0,,0.6718919044592009,0.40234374999999994,47.05745751119938,185.6003110968486,668.6504118073696,0.7093610699796464,12.875,0.7314879488078582,0.014305555555555556,47.40769841801067,301.4731704724207,717.8968587643205,2.315337844684778,41.19999999999999,after
Austrian Grand Prix,2026-06-28,HAM,Ferrari,7,0.0,,0.6462448879460029,0.4072916666666666,48.09456459342403,181.88584462145215,662.2766261844866,0.5860379495228304,6.375,0.7270104533331508,0.014166666666666668,47.40769841801067,299.78913020509964,709.6883377094805,1.9669265933005304,34.42499999999999,after
Austrian Grand Prix,2026-06-28,HAM,Ferrari,9,0.0,,0.6402087587623155,0.404861111111111,55.293106013484476,193.13550689041497,627.7260815159993,0.8083278334701296,13.25,0.7137348283687974,0.014722222222222222,61.375142222206314,311.1823321512854,667.2205594748879,2.1124123686028096,29.15,after
Austrian Grand Prix,2026-06-28,HAM,Ferrari,10,0.0,,0.6486883866962792,0.38645833333333324,57.510776698915514,197.47344699435214,605.2347244894685,0.9462773864168891,19.875,0.7042759982808634,0.014722222222222222,66.98378572469619,313.48038512299837,643.9747167451228,2.413424339130175,29.15,after
Austrian Grand Prix,2026-06-28,HAM,Ferrari,11,0.0,226.81339512777902,0.6850183753774811,0.42968749999999994,79.92243867422856,216.434291846449,661.3735618989563,1.2979241823604466,20.625,0.7445448995252353,0.015277777777777777,65.6486239086585,325.23749165571,725.8188968645744,2.996413740147822,37.12499999999999,after
Austrian Grand Prix,2026-06-28,HAM,Ferrari,14,0.0,261.8254134637947,0.6914186616657674,0.38281249999999994,84.36207578546056,229.87422827986325,561.3223300708565,1.6927776962671408,26.25,0.6948419919520191,0.014583333333333334,64.84234548287719,308.0370426660839,626.2838914517465,3.6427192744509753,35.43749999999999,after
Austrian Grand Prix,2026-06-28,HAM,Ferrari,15,0.0,201.67778524605737,0.6626521261047089,0.42430555555555555,70.29785187077162,201.26761982546753,641.2699284717065,0.8384744204024731,13.0,0.7266682668921356,0.014444444444444446,47.44429085032632,301.7781842625738,704.5457254697097,2.5344653445323844,41.599999999999994,after
Austrian Grand Prix,2026-06-28,HAM,Ferrari,16,0.0,,0.8654489783885526,0.564236111111111,46.41477383678274,174.02535036391865,1126.9989610605644,1.0939924644431258,43.75,0.8517287954784076,0.10416666666666667,47.40769841801067,246.5685781903824,1215.612724813111,1.5535854157277154,299.99999999999994,after
Austrian Grand Prix,2026-06-28,HAM,Ferrari,17,0.0,179.92198641415354,0.6746928806568704,0.39192708333333326,57.786967857693895,202.54717517144607,628.9599558055368,0.8538426947584778,13.125,0.7161900336123631,0.014583333333333334,56.97308513148671,307.63959689581384,676.7546895414916,2.5852588412685304,28.875,after
Austrian Grand Prix,2026-06-28,HAM,Ferrari,18,0.0,,0.9036302972320254,0.6575520833333333,297.9352273162154,303.5053500627164,1180.2060727716512,1.738399011573423,50.50000000000006,0.848531543387209,0.4559027777777777,47.40769841801067,118.23825354052495,1293.7446162955284,1.5556602369008459,277.74999999999994,after
Austrian Grand Prix,2026-06-28,HAM,Ferrari,19,0.0,,0.5736927605809544,0.4079861111111111,84.25517387631987,202.39499003044858,510.97321141283174,0.5825066159058099,12.5,0.6709050990596631,0.013888888888888888,62.83483041862051,297.65161508950257,568.2669048559748,2.2985100521280954,39.99999999999999,after
Austrian Grand Prix,2026-06-28,HAM,Ferrari,20,0.0,,0.6542202525474585,0.4161458333333333,49.45649928128616,183.372705509289,680.6754732007714,0.561914268805115,12.75,0.7371626775735876,0.014166666666666668,47.40769841801067,299.3088188199823,732.9963052668991,2.176131432107772,40.79999999999999,after
Austrian Grand Prix,2026-06-28,HAM,Ferrari,21,0.0,,0.697032453090312,0.40329861111111104,31.807611663046124,177.55709892981588,745.2330579184534,0.8031471207060532,18.9375,0.764295161598341,0.014027777777777778,47.40769841801067,295.74103242878203,796.0435855522242,2.1313240653310515,34.08749999999999,after
Austrian Grand Prix,2026-06-28,HAM,Ferrari,22,0.0,,0.6439987570817293,0.4283854166666667,50.80779370597554,176.91073395233386,667.613164457601,0.7998358717098341,13.125,0.7309872100544849,0.014583333333333334,48.16839654247372,304.01392006154344,712.2440222276487,2.190437646734479,68.25,after
Austrian Grand Prix,2026-06-28,HAM,Ferrari,23,0.0,,0.7258779988277388,0.42960069444444443,51.27157979595097,195.04243544833923,798.8168120323099,1.0648248769231765,25.25,0.7998611045138276,0.014027777777777778,47.40769841801067,296.99646685881703,876.3135541693521,2.420708034798538,34.08749999999999,after
Austrian Grand Prix,2026-06-28,HAM,Ferrari,24,0.0,,0.6444059444903107,0.33515624999999993,26.07247295718879,177.29222778576138,582.0710236617188,1.1721850489677461,24.74999999999997,0.6832564795290105,0.01375,52.351774706450605,291.49154254160425,600.6968031280798,2.006403560249035,27.225,after
Austrian Grand Prix,2026-06-28,HAM,Ferrari,27,0.0,,0.6657234032978736,0.33854166666666663,22.2091621076393,172.58561870627875,614.3521081543332,0.7834681100906682,18.75,0.6997309094532105,0.013888888888888888,48.459249077826776,293.3650673864505,634.2509694977459,2.0263037679481077,27.5,after
Austrian Grand Prix,2026-06-28,HAM,Ferrari,28,0.0,,0.846910660909345,0.4694444444444444,21.43633044045199,164.12447366324153,988.6273701549175,0.6514985023806202,19.5,0.884874929266245,0.014444444444444446,47.40769841801067,298.9825894848919,1067.4773060561154,2.18339033726164,28.6,after
Austrian Grand Prix,2026-06-28,HAM,Ferrari,29,0.0,,0.897082233855913,0.5578124999999999,38.49828828823629,167.76525166167232,1116.880121329693,1.1677848107976219,44.625,0.9475288827246151,0.014166666666666668,47.40769841801067,289.84082485320874,1202.7430046492898,1.682448980489057,40.79999999999999,after
Austrian Grand Prix,2026-06-28,HAM,Ferrari,30,0.0,,0.999990211652175,0.5929687499999999,1.6899924293215716,128.08763620503882,1235.4421368700425,1.6876599937821026,61.87500000000006,0.907405332179912,0.09453125,47.40769841801067,242.0238705547399,1299.543282706229,1.3731146103142189,395.99999999999994,after
Austrian Grand Prix,2026-06-28,HAM,Ferrari,31,0.0,,0.6434652446907119,0.4161458333333333,30.5980858065119,162.53810436333734,700.9869591084228,0.6503728365230275,12.75,0.7382001628176392,0.014166666666666668,47.40769841801067,297.94400068809756,736.0126925221108,1.761195672891773,40.79999999999999,after
Austrian Grand Prix,2026-06-28,HAM,Ferrari,32,0.0,285.18177095596144,0.6914364954384856,0.42430555555555555,99.62238124278316,229.0952600805263,596.489472221106,1.3956044657684057,0.0,0.717377897812173,0.014444444444444446,50.82623611995322,301.90850035421374,683.6485579211827,3.464689105189072,41.599999999999994,after
Austrian Grand Prix,2026-06-28,HAM,Ferrari,35,0.0,,0.7094520544596542,0.366579861111111,2.2640777791314552,150.45659618139422,729.830076295487,0.7850235070092373,19.3125,0.7425926034631082,0.014305555555555556,47.40769841801067,297.78128263102377,744.852155729394,1.7256010286977588,28.325,after
Austrian Grand Prix,2026-06-28,HAM,Ferrari,36,0.0,487.40702316356004,0.9360868204822215,0.5786458333333333,300.5440389734221,394.61960097709607,931.9319831384581,0.9196488208961471,18.9375,0.9312474028022206,0.014027777777777778,47.40769841801067,287.3538510837365,1164.8605565037196,3.5830955660036827,40.39999999999999,after
Austrian Grand Prix,2026-06-28,HAM,Ferrari,37,0.0,411.0374069482522,0.9449785662501878,0.5901041666666665,329.90812994869754,413.89802679117014,898.7877468642388,1.7327809825765241,25.75,0.9256337588314301,0.014305555555555556,47.40769841801067,291.8140146302313,1154.9788491555012,4.118100849496736,298.7,after
Austrian Grand Prix,2026-06-28,HAM,Ferrari,38,0.0,438.57165941922494,0.7881615156619036,0.5868055555555555,334.9109359576938,417.7307146465676,729.9359373673994,1.3694015953385874,19.5,0.8400525755280963,0.014444444444444446,47.40769841801067,297.80281325190157,964.2683790176062,3.9587669622332884,223.59999999999997,after
Austrian Grand Prix,2026-06-28,HAM,Ferrari,39,0.0,,0.8552182014857257,0.5614583333333333,24.235807721694098,144.61811377006967,1074.3262981016305,1.3508693785126327,42.875,0.8030188216683701,0.44236111111111104,47.40769841801067,115.82793777246849,1143.4886870374514,1.3667660455492932,263.37499999999994,after
Austrian Grand Prix,2026-06-28,HAM,Ferrari,40,0.0,338.5806629577974,0.7678509829121348,0.5523437499999999,256.6371425229334,341.5622250068957,723.4023281810574,1.1998954807978317,25.25,0.8094807284725185,0.026302083333333334,47.40769841801067,286.4580396286141,917.2767764549009,3.5799710638211817,191.89999999999998,after
Austrian Grand Prix,2026-06-28,HAM,Ferrari,41,0.0,250.47317832418776,0.7082267761004201,0.4513888888888888,79.3409229364691,201.73547678719382,694.2262812259933,1.1842751287044886,31.25,0.765389945475559,0.013888888888888888,47.40769841801067,292.1688264429018,779.6495023323819,2.6805446747043447,39.99999999999999,after
Austrian Grand Prix,2026-06-28,HAM,Ferrari,44,0.0,,0.7246780646231563,0.3957465277777778,0.0009560709919718204,143.3740550073935,783.2674897792867,0.507458069715807,6.0625,0.7825066503527102,0.013472222222222224,47.40769841801067,282.6771034121654,819.4474782975474,1.4984899929840008,26.674999999999997,after
Austrian Grand Prix,2026-06-28,HAM,Ferrari,45,0.0,,0.7300644989277878,0.41206597222222224,25.1600388975632,166.01371461283432,759.7075063237319,0.5084820510773324,12.625,0.7698958248522686,0.014027777777777778,47.40769841801067,291.39872216642635,809.208035106205,2.042196413060248,34.08749999999999,after
Austrian Grand Prix,2026-06-28,HAM,Ferrari,46,0.0,,0.6745808976993911,0.4508680555555555,38.83312810739252,161.33173052003193,739.8421600369195,0.6148056778274502,18.375,0.769721791782882,0.013611111111111112,47.40769841801067,286.0772715153596,791.3891033031788,1.5106296119644917,39.19999999999999,after
Austrian Grand Prix,2026-06-28,HAM,Ferrari,47,0.0,,0.6975092945022089,0.41684027777777777,40.97141315492343,171.2727894297516,697.6202102122094,0.7195826676281543,12.25,0.752953690588467,0.013611111111111112,47.40769841801067,285.9938083433332,755.4255616202433,2.1354362654511068,39.19999999999999,after
Austrian Grand Prix,2026-06-28,HAM,Ferrari,49,0.0,,0.6842823907241706,0.41206597222222224,21.946826943592374,156.05656098114002,718.0913146124026,0.5264397886517371,12.625,0.7441584140156053,0.014027777777777778,47.40769841801067,291.41924123123687,752.4180248695081,1.5844049931376845,34.08749999999999,after
Austrian Grand Prix,2026-06-28,HAM,Ferrari,50,0.0,,0.751067370919476,0.4032986111111111,1.3368225992738119,146.50899179186948,814.7487896622696,0.5389209092499497,6.3125,0.7889637672394841,0.014027777777777778,47.40769841801067,290.33686692345026,851.4508491144612,1.7852743626238998,34.08749999999999,after
Austrian Grand Prix,2026-06-28,HAM,Ferrari,51,0.0,,0.9900221682559132,0.5671875,0.020971899705272246,127.67692735747276,1200.9226095989575,1.6941068352279876,74.25000000000006,0.996180044273632,0.01375,47.40769841801067,281.2512902476399,1273.5140017155225,1.649136320764475,386.09999999999997,after
Austrian Grand Prix,2026-06-28,HAM,Ferrari,53,0.0,468.6577100355561,0.7001272592599457,0.6350694444444444,283.2956020461214,377.2578459615287,853.028244088599,1.1159592365914668,14.75,0.757596526943783,0.11267361111111111,47.40769841801067,303.7097301589797,1075.894895707223,4.508770193298844,88.5,after
Austrian Grand Prix,2026-06-28,HAM,Ferrari,54,0.0,355.40306917288314,0.5971415518146526,0.43246527777777777,188.1244648335251,289.0961361547074,265.7702136181118,2.371573946244899,46.37500000000006,0.5883028067082747,0.014722222222222222,110.06114133569908,312.15245541759106,379.51202955411594,5.14334421039033,42.39999999999999,after
Austrian Grand Prix,2026-06-28,HAM,Ferrari,55,0.0,297.10612931177286,0.6698275744575561,0.4383680555555556,111.76878128495487,229.3214285200764,570.1015668936797,1.2316027723182463,6.3125,0.7048257753384981,0.014027777777777778,47.40769841801067,293.95324534211505,664.9357735544479,3.293666627545138,40.39999999999999,after
Austrian Grand Prix,2026-06-28,HAM,Ferrari,56,0.0,,0.694986242818149,0.4166666666666667,44.98861193092981,173.6994561132637,680.3230315773563,0.7796673118278964,18.75,0.744928215216018,0.013888888888888888,47.40769841801067,291.77849095302923,735.2727648736604,2.28390605532376,39.99999999999999,after
Austrian Grand Prix,2026-06-28,HAM,Ferrari,58,0.0,,0.7445144436060687,0.4513888888888888,20.682740331629052,150.1357072299733,815.5555028151188,0.6782663156548168,18.75,0.8057809458969012,0.013888888888888888,47.40769841801067,289.1635073312445,868.1523313639678,1.7830244531277366,39.99999999999999,after
Austrian Grand Prix,2026-06-28,HAM,Ferrari,59,0.0,,0.6514580740643475,0.40729166666666666,56.64195693267317,179.07301454948225,600.6487310806002,1.01509069243156,19.125,0.6985374984543913,0.014166666666666668,48.59494901759103,293.083073476628,649.0501467487821,2.610280626390222,40.79999999999999,after
Austrian Grand Prix,2026-06-28,HAM,Ferrari,60,0.0,,0.6712994307937619,0.4253472222222222,59.08041529220205,186.0183928838874,666.3257071535672,0.8691816999154129,18.375,0.7410943781778874,0.013611111111111112,47.40769841801067,287.774621347597,729.6661718299283,2.1354467675462865,39.19999999999999,after
Austrian Grand Prix,2026-06-28,HAM,Ferrari,61,0.0,,0.7049064880076709,0.41206597222222224,39.14612009425954,176.5524407168086,715.5687390392549,0.6342544083628239,6.3125,0.751499928945394,0.014027777777777778,47.40769841801067,292.8615673203245,768.5206143115117,2.2179029970370885,34.08749999999999,after
Austrian Grand Prix,2026-06-28,HAM,Ferrari,62,0.0,,0.6798994581831227,0.4340277777777777,40.50023922302084,172.03356833663315,730.7519292090406,0.5996756823000483,12.5,0.7676010930362008,0.013888888888888888,47.40769841801067,293.60359543275337,784.3882758611988,1.8858372230516092,39.99999999999999,after
Austrian Grand Prix,2026-06-28,HAM,Ferrari,63,0.0,,0.6839547027781725,0.42109375,43.07065919103844,170.05491515529602,699.5840996037973,0.5438215176915333,12.375,0.7535122124279783,0.01375,47.40769841801067,290.1137060348413,755.1417015735109,2.031186536726899,39.599999999999994,after
Austrian Grand Prix,2026-06-28,HAM,Ferrari,64,0.0,,0.6965326878424066,0.39939236111111104,45.61092732103755,176.4223445314966,647.2144771729675,0.8835703737546559,20.0625,0.7198921085553085,0.014861111111111113,56.723993838860274,308.68623183321824,682.9242240233875,2.616535221787059,36.11249999999999,after
Austrian Grand Prix,2026-06-28,HAM,Ferrari,65,0.0,,0.7639428421785247,0.4125,35.77319947526294,178.98762167687076,769.5861890922905,0.6833402317452111,12.375,0.7915365120562774,0.01375,47.40769841801067,288.8060323122841,837.8854986169857,2.5276541075635923,39.599999999999994,after
Austrian Grand Prix,2026-06-28,HAM,Ferrari,66,0.0,,0.7429631972745604,0.43385416666666665,31.89960518081862,168.0486172294537,780.399330407944,0.7879689390071928,12.75,0.783217810717051,0.014166666666666668,47.40769841801067,293.2013595423313,837.8452820646421,2.237298816192767,40.79999999999999,after
Austrian Grand Prix,2026-06-28,HAM,Ferrari,67,0.0,,0.7478196473676176,0.46406249999999993,60.48968978130526,185.37459217648887,792.5412086533776,0.7933127535730939,18.5625,0.8093072472113902,0.01375,47.40769841801067,288.21356642633646,876.5180324305854,2.3049965827177084,39.599999999999994,after
Austrian Grand Prix,2026-06-28,HAM,Ferrari,70,0.0,,0.6653299151622364,0.4423611111111111,31.76949151350351,156.25617021317586,739.4910063283144,0.6356355807530608,13.0,0.7575260279018148,0.014444444444444446,47.40769841801067,301.4870363806736,776.7371814464288,1.705063300321474,41.599999999999994,after
Austrian Grand Prix,2026-06-28,HAM,Ferrari,71,0.0,,0.6593890625133436,0.4253472222222222,11.989650403484125,142.9397573984717,749.694312210166,0.7701397343102515,24.5,0.7640958569695918,0.013611111111111112,47.40769841801067,287.06964123502826,779.3071966755303,1.160329363020388,20.825,after
Austrian Grand Prix,2026-06-28,HAD,Red Bull Racing,2,0.0,530.9518172170585,0.7970916915769117,0.5812499999999999,254.34208174435267,347.10413199191413,796.0217874839743,1.26006342959049,27.0,0.8569868692570027,0.015000000000000001,47.47124350199486,311.26308248167567,1001.7749846097896,3.6749221181585496,70.2,after
Austrian Grand Prix,2026-06-28,HAD,Red Bull Racing,3,0.0,,0.9256866235481442,0.5585937499999999,143.5716722758532,268.4534049329685,1099.965645893791,1.310590780792937,43.3125,0.9805903627298284,0.01375,47.40769841801067,287.55983783978286,1249.3661909817895,2.348894599525854,39.599999999999994,after
Austrian Grand Prix,2026-06-28,HAD,Red Bull Racing,4,0.0,429.6748421410003,0.950734823830279,0.5868055555555555,273.5896216277883,377.3951250934564,959.0025370085173,1.3322153907477547,26.0,0.942164757283161,0.014444444444444446,47.40769841801067,295.32232979263165,1194.2266298086877,3.6747186272743617,301.6,after
Austrian Grand Prix,2026-06-28,HAD,Red Bull Racing,5,0.0,,0.7163558156105153,0.38645833333333324,17.76264320720083,165.78153064354828,745.6158661206138,1.0590623392215235,33.125,0.7577969166807198,0.014722222222222222,47.43929622560401,308.3291849586314,771.8070394956321,1.9311177990015511,29.15,after
Austrian Grand Prix,2026-06-28,HAD,Red Bull Racing,6,0.0,,0.6987139980696788,0.425,26.07481616203656,165.7350276787343,770.7517479725689,0.8529164714700186,19.125,0.7732721349876517,0.014166666666666668,47.40769841801067,296.1639788815454,814.6537113756748,1.6174556001354854,28.049999999999997,after
Austrian Grand Prix,2026-06-28,HAD,Red Bull Racing,7,0.0,228.62984764312128,0.6992926287672501,0.47847222222222213,50.73925474888518,175.65639268752082,790.1893527580521,1.1648010986172137,33.125,0.7300145947112572,0.06440972222222222,47.40769841801067,283.3554331166002,851.859721864471,2.1789832376792013,53.0,after
Austrian Grand Prix,2026-06-28,HAD,Red Bull Racing,10,0.0,307.0916041287098,0.8722966042209848,0.6229166666666666,246.27577938882723,327.2736142187067,1032.2194713011934,1.8108774992632553,52.0,0.8075155732191819,0.42430555555555555,47.40769841801067,141.26059417667759,1204.2644233561589,2.516732114479326,312.0,after
Austrian Grand Prix,2026-06-28,HAD,Red Bull Racing,11,0.0,,0.8024940223252306,0.4738715277777777,21.006928787674486,165.79864288579142,970.4289479208834,0.44382864375765235,6.4375,0.8740564005878037,0.014305555555555556,47.40769841801067,297.4637744644445,1042.6133549024823,1.8561108677582963,41.19999999999999,after
Austrian Grand Prix,2026-06-28,HAD,Red Bull Racing,12,0.0,,0.773005162517203,0.4583333333333333,7.373712667306532,151.75506057234216,945.2420845238089,0.618547961436492,12.0,0.8707634759175348,0.013333333333333332,47.40769841801067,281.2944165640686,1007.9691085673606,1.4218064167312698,38.39999999999999,after
Austrian Grand Prix,2026-06-28,HAD,Red Bull Racing,13,0.0,,0.5865147434946568,0.3695312499999999,0.25443239223725783,140.66168549528655,662.4923348131675,0.7276794533378994,12.375,0.6575507171843367,0.0515625,47.40769841801067,274.32603849378853,663.7610348497506,0.9790342305471662,37.124999999999986,after
Austrian Grand Prix,2026-06-28,HAD,Red Bull Racing,15,0.0,,0.6240927788776526,0.33454861111111106,4.310521719108957,161.3583156330852,647.8384805936237,0.7658230118457281,17.625,0.7092464838895605,0.013055555555555556,47.40769841801067,281.5230890892414,666.5258095874761,1.3866046185859424,25.85,after
Austrian Grand Prix,2026-06-28,HAD,Red Bull Racing,16,0.0,,0.6647069693367323,0.3034722222222222,0.0003513119331121896,167.27578792368973,636.9772997562629,0.7604144622840868,11.5,0.7045980744863665,0.012777777777777779,47.40769841801067,274.5741540457149,660.6071249249296,1.5767338824073494,25.299999999999997,after
Austrian Grand Prix,2026-06-28,HAD,Red Bull Racing,17,0.0,,0.6549891394989584,0.365798611111111,17.480692452043737,166.20762501750693,687.2613508693486,0.8388419133121957,24.5,0.7366565700858888,0.013611111111111112,47.40769841801067,292.1044914492527,718.1885566403394,1.619261350667172,20.825,after
Austrian Grand Prix,2026-06-28,HAD,Red Bull Racing,21,0.0,363.78259499598903,0.8654197141753217,0.5757812499999999,220.89522340490655,317.18401531174385,979.4711566404642,1.0623918679550426,24.75,0.9057605914716994,0.034375,47.40769841801067,276.4134674197091,1146.8205678996571,2.454980404700213,64.35,after
Austrian Grand Prix,2026-06-28,HAD,Red Bull Racing,23,0.0,,0.7334048437550297,0.5136284722222222,110.58219383919547,224.9718629433075,831.256860406305,1.3166501871207088,36.375,0.8371919862933355,0.013472222222222224,47.40769841801067,283.5988230199225,936.720371186361,2.2199690427274037,63.05,after
Austrian Grand Prix,2026-06-28,HAD,Red Bull Racing,24,0.0,,0.7085494506097654,0.4152777777777777,8.282208936655053,149.8837162310717,810.4356749349473,0.7785663915626347,23.0,0.802381854799595,0.012777777777777779,47.40769841801067,270.645408900583,861.5527220260432,1.2703001592191938,25.299999999999997,after
Austrian Grand Prix,2026-06-28,HAD,Red Bull Racing,27,0.0,,0.611593708436103,0.2862847222222222,0.00041726604997259655,159.9305065226029,552.052033125874,1.5398157786266076,30.3125,0.6569128151522016,0.013472222222222224,55.414749925049954,285.3342352283205,550.3067705237613,1.3496302355151484,14.549999999999999,after
Austrian Grand Prix,2026-06-28,HAD,Red Bull Racing,28,0.0,,0.7874464644123023,0.4984375,87.18305392227523,211.36541425597062,882.1078948139941,0.9672920474066442,18.5625,0.8618056825539766,0.01375,47.40769841801067,289.1355231381615,991.3812981041111,2.3424100689180243,39.599999999999994,after
Austrian Grand Prix,2026-06-28,HAD,Red Bull Racing,29,0.0,449.94138145718796,0.7428389033302409,0.4423611111111111,33.802824305555006,169.38376496656448,816.8290590509807,1.8350286883930478,45.5,0.7988788229704028,0.014444444444444446,47.40769841801067,300.9343411181088,870.6260199673162,2.350186037435531,28.6,after
Austrian Grand Prix,2026-06-28,HAD,Red Bull Racing,30,0.0,,0.8536786297829648,0.5543402777777777,16.604761461445896,141.818494860447,1075.89339594968,1.4651034263459382,38.625,0.8418720594848726,0.08046874999999999,47.40769841801067,262.6515542810572,1141.7150037616432,1.738728149054558,283.25,after
Austrian Grand Prix,2026-06-28,HAD,Red Bull Racing,31,0.0,,0.9599556010545464,0.6193055555555556,88.34833900044663,116.41718438786322,1248.7049134546744,1.9115412803634662,36.400000000000034,0.8878475735502385,0.47395833333333326,47.40769841801067,84.66413802617093,1302.2276467003876,1.31342957210108,341.25,after
Austrian Grand Prix,2026-06-28,HAD,Red Bull Racing,32,0.0,,0.7575932397025666,0.42100694444444436,0.0006269089984454137,143.70769064622746,865.8756577593894,0.7813975054918939,12.125,0.8292092969174851,0.013472222222222224,47.40769841801067,283.06384705900075,919.4443819687232,1.5328467914333737,26.674999999999997,after
Austrian Grand Prix,2026-06-28,HAD,Red Bull Racing,33,0.0,,0.8892441230681052,0.3875,3.0333898288625494,177.56400138815508,966.5613918909252,1.4348354860189299,34.875,0.8975197289200169,0.012916666666666668,47.40769841801067,273.62070659400484,1060.0794081766085,2.9462739979960855,31.3875,after
Austrian Grand Prix,2026-06-28,HAD,Red Bull Racing,34,0.0,,0.7003910275336194,0.44236111111111104,31.72416088337212,161.55472126030486,784.2855970935866,0.8299884576945873,24.5,0.7925032006312203,0.013611111111111112,47.40769841801067,287.1548616629363,840.4112435285193,1.6741974172419407,39.19999999999999,after
Austrian Grand Prix,2026-06-28,HAD,Red Bull Racing,37,0.0,,0.6958814046703335,0.4125,36.2658201513712,179.5224715204228,747.8557360779698,1.168057951400453,24.75,0.77661405555811,0.01375,47.40769841801067,292.94379525103614,804.8733780546149,2.08469517969185,27.225,after
Austrian Grand Prix,2026-06-28,HAD,Red Bull Racing,38,0.0,238.36734151501932,0.6905874403448964,0.44583333333333336,69.39006647007885,197.61225634753745,689.5110499174443,1.3839253817333186,40.125,0.7499413489816501,0.014861111111111113,47.527834524443186,310.0073066680207,751.6138154066059,2.5625765473716395,36.11249999999999,after
Austrian Grand Prix,2026-06-28,HAD,Red Bull Racing,39,0.0,,0.6777275798076648,0.46927083333333325,48.509697310894694,169.51816081316773,763.0801858370442,0.7573575092559668,19.875,0.7754734914048874,0.014722222222222222,47.42223045209058,307.5282958336447,813.7270156917216,1.758816980775574,42.39999999999999,after
Austrian Grand Prix,2026-06-28,HAD,Red Bull Racing,42,0.0,,0.8157733083115423,0.37499999999999994,11.011428420163366,177.5955509869845,847.9274074503558,2.4077428822901137,72.0,0.8291878644474059,0.013333333333333332,47.40769841801067,282.3963401445158,920.1489699115874,3.23517486844855,26.4,after
Austrian Grand Prix,2026-06-28,HAD,Red Bull Racing,43,0.0,,0.8397993413196274,0.46484374999999994,31.430711476156564,169.623580162571,915.6994303953448,0.7025008376583628,19.6875,0.8514755572020888,0.014583333333333334,47.40769841801067,300.1202263635993,990.1663296168741,2.3602070206630326,28.875,after
Austrian Grand Prix,2026-06-28,HAD,Red Bull Racing,44,0.0,,0.9512171230856551,0.5614583333333333,23.95668205749436,147.47884001105692,1123.9008889376462,1.3098735779080162,42.875,0.9625037668573677,0.013611111111111112,47.40769841801067,278.4706502453829,1198.176131410758,1.474944124823804,63.7,after
Austrian Grand Prix,2026-06-28,HAD,Red Bull Racing,45,0.0,,0.7982312762636045,0.4253472222222222,16.325392543565556,160.0511617664351,844.0187688628314,0.6662495874274986,18.75,0.8219698288740136,0.013888888888888888,47.40769841801067,289.56467309187576,903.5153081360431,2.084203624793029,33.74999999999999,after
Austrian Grand Prix,2026-06-28,HAD,Red Bull Racing,46,0.0,,0.7586613579861704,0.4738715277777777,24.865943334484445,154.9895682592585,861.0556337523534,0.6941141049131595,19.3125,0.8179497026443914,0.014305555555555556,47.40769841801067,294.57180838758535,914.5399635353507,1.6474445458495286,41.19999999999999,after
Austrian Grand Prix,2026-06-28,HAD,Red Bull Racing,47,0.0,,0.7270198267074791,0.4513888888888888,12.05506432077404,143.10456012163073,831.0900597837169,0.41981590566083166,12.5,0.8079841277436658,0.013888888888888888,47.40769841801067,290.2387071426559,873.0193212561538,1.2993288236889393,33.74999999999999,after
Austrian Grand Prix,2026-06-28,HAD,Red Bull Racing,50,0.0,,0.7478280462085545,0.4032986111111111,4.0271103458246085,149.66781773193242,812.4520535681228,0.6890650046271339,6.3125,0.7882598750141497,0.014027777777777778,47.40769841801067,290.94652992195756,849.9895224098068,1.7758303318272408,27.775,after
Austrian Grand Prix,2026-06-28,HAD,Red Bull Racing,51,0.0,,0.6708723452588758,0.46006944444444436,30.707837106760987,154.38121487346743,764.2925577249034,1.0888344946750323,31.250000000000057,0.6775560418215918,0.0954861111111111,47.40769841801067,252.4657522080509,813.6755378214987,1.86495954644413,125.0,after
Austrian Grand Prix,2026-06-28,HAD,Red Bull Racing,53,0.0,312.77982684770427,0.6654872002323543,0.5106770833333333,57.9776382810611,174.307775419042,829.9525827048436,1.0874304732248679,34.68750000000006,0.7526495724379092,0.0578125,47.40769841801067,304.3145516131902,882.6193890914047,1.8754350580209098,72.15,after
Austrian Grand Prix,2026-06-28,HAD,Red Bull Racing,55,0.0,,0.8356577532122316,0.42960069444444443,3.924022407622312,149.31289398048338,909.9327333719588,0.49314106748809416,12.625,0.8421435028673522,0.014027777777777778,47.40769841801067,288.3825241032247,968.8228528352015,2.075220956661116,34.08749999999999,after
Austrian Grand Prix,2026-06-28,HAD,Red Bull Racing,56,0.0,,1.0,0.67375,0.09725822342728009,67.4191997685124,1302.35187326756,3.8145666035989754,39.60000000000002,0.9637892254007262,0.1203125,47.40769841801067,236.55036426166853,1430.8580292158244,2.0968025931809797,414.5625,after
Austrian Grand Prix,2026-06-28,HAD,Red Bull Racing,58,0.0,,0.7194841954241308,0.39939236111111104,24.893045733394512,163.9933882035907,738.6662728909773,1.418890556189656,33.4375,0.7561185019105531,0.014861111111111113,47.43326877462147,310.31200757475233,766.8664066575476,2.2663204270120016,22.737499999999997,after
Austrian Grand Prix,2026-06-28,HAD,Red Bull Racing,60,0.0,,0.7502162460059768,0.5019097222222222,51.14662664594539,171.72259189886287,857.0453758325134,0.7162150660903438,18.375,0.8354407714744609,0.013611111111111112,47.40769841801067,283.3465102167551,932.4164390736731,1.619824234061251,39.19999999999999,after
Austrian Grand Prix,2026-06-28,HAD,Red Bull Racing,61,0.0,,0.6595106706777067,0.4535590277777778,18.665119506783114,139.73129365685767,744.3592528433164,0.8074925076481426,23.75,0.6570049929804263,0.09895833333333333,47.40769841801067,233.83672229113967,785.5016185054229,1.3471298258113003,118.75,after
Austrian Grand Prix,2026-06-28,HAD,Red Bull Racing,62,0.0,,0.9645311703766989,0.6119791666666666,295.84420745201993,299.87155624535274,1081.13141111022,2.877856538075558,84.60000000000002,0.868831690568482,0.10607638888888889,47.40769841801067,224.99691540446634,1209.900170805559,2.4587530997035563,399.5,after
Austrian Grand Prix,2026-06-28,HAD,Red Bull Racing,63,0.0,,0.6964754540130105,0.4468749999999999,34.353112694001744,162.51380799737956,761.5157586099317,0.6519971158826517,18.5625,0.7811572608646221,0.01375,47.40769841801067,288.6892364504798,815.3222776810081,1.7971197408148893,39.599999999999994,after
Austrian Grand Prix,2026-06-28,HAD,Red Bull Racing,64,0.0,,0.734567833509239,0.4166666666666667,31.224138622905958,172.19509689355786,782.6712351228239,1.0710571798155029,25.0,0.7937255444898947,0.013888888888888888,47.40769841801067,293.6973106370783,841.9562677010365,2.3214095585126664,33.74999999999999,after
Austrian Grand Prix,2026-06-28,HAD,Red Bull Racing,65,0.0,,0.7565476892514938,0.4125,22.955877127708668,166.11115769821254,786.5728809589191,0.7192888244585293,18.5625,0.7936784619302936,0.01375,47.40769841801067,288.3773962946003,842.5176970660442,2.0803994761848603,27.225,after
Austrian Grand Prix,2026-06-28,HAD,Red Bull Racing,66,0.0,,0.704603875115596,0.4382812499999999,36.56400056205519,166.06638229923516,755.6473045108706,0.5627557679793165,12.375,0.7791611302772963,0.01375,47.40769841801067,289.0989273456434,810.9741194288598,1.7240071067299274,33.412499999999994,after
Austrian Grand Prix,2026-06-28,HAD,Red Bull Racing,67,0.0,241.9576821864485,0.7161243904269737,0.4365451388888889,55.26017878443799,182.80185754339766,705.9710507151245,0.6829506709965687,13.375,0.7532595134512664,0.014861111111111113,47.452496378581515,309.21643484302484,760.6859384701878,2.4980866581611654,42.79999999999999,after
Austrian Grand Prix,2026-06-28,HAD,Red Bull Racing,69,0.0,,0.7757290147647325,0.46927083333333325,55.42337853555006,180.11195151704416,819.058177550031,0.5741413802446534,12.75,0.8116647533619673,0.014166666666666668,47.40769841801067,292.34776451081433,901.254766113813,2.3920332065292507,40.79999999999999,after
Austrian Grand Prix,2026-06-28,HAD,Red Bull Racing,70,0.0,,0.805861739978717,0.46510416666666665,17.495874704960826,151.83870284885614,909.9683888322622,0.6510459676328048,17.625,0.8602626367978513,0.013055555555555556,47.40769841801067,271.7371641771084,980.2092849849072,1.6425015582118496,37.6,after
Austrian Grand Prix,2026-06-28,HAD,Red Bull Racing,71,0.0,,0.8869603996588101,0.4427083333333333,18.150103249399276,166.2313518859128,968.5526904339689,1.190784621871698,31.875,0.8784732269780829,0.014166666666666668,47.40769841801067,292.1132895200145,1051.237059862882,2.812174054818584,34.42499999999999,after
Austrian Grand Prix,2026-06-28,NOR,McLaren,2,0.0,479.2232109010762,0.9323665741876697,0.5755208333333333,311.08526060300176,404.75815428078823,915.4421645747769,0.9288932175688128,12.75,0.9308346825107132,0.014166666666666668,47.40769841801067,291.2957685034161,1166.6132878391527,3.8145029194607214,40.79999999999999,after
Austrian Grand Prix,2026-06-28,NOR,McLaren,3,0.0,,0.9021037862596987,0.46006944444444436,18.673285975553064,174.26249041190462,1030.8090482026678,1.0977143093724282,37.50000000000006,0.9247100098519022,0.013888888888888888,47.40769841801067,290.2208404110905,1129.1700773786124,2.6133394661888936,39.99999999999999,after
Austrian Grand Prix,2026-06-28,NOR,McLaren,4,0.0,,0.8007557533438011,0.42968749999999994,0.0006278426323516122,151.79381482489848,929.5841942579204,0.5380088748383451,12.375,0.862650429146186,0.01375,47.40769841801067,288.7962110955629,992.6726713016841,1.6717475686177026,39.599999999999994,after
Austrian Grand Prix,2026-06-28,NOR,McLaren,5,0.0,,0.7673489083164128,0.3857638888888888,0.00034250813630484734,158.79613055463363,851.0004405924129,1.2835814662477627,25.25,0.8087648308732146,0.014027777777777778,47.40769841801067,293.5768123268529,895.3322450414837,1.806195651867743,21.4625,after
Austrian Grand Prix,2026-06-28,NOR,McLaren,6,0.0,,0.6646656525002526,0.32812499999999994,2.8542246833175335,166.3152605234956,664.8541994206678,0.9826793591780121,32.8125,0.7080764161898898,0.014583333333333334,58.21434863514751,306.04109430160895,658.3600034874847,1.468394817357983,22.3125,after
Austrian Grand Prix,2026-06-28,NOR,McLaren,7,0.0,,0.7472785824934737,0.41796874999999994,24.601733659020045,176.00438303947575,826.5597320469632,0.5969362292345441,13.375,0.8020610552200087,0.014861111111111113,47.39608431530973,311.79009590590056,873.1774746241375,2.0590948228021064,29.424999999999997,after
Austrian Grand Prix,2026-06-28,NOR,McLaren,10,0.0,,0.6689232999744865,0.41015624999999994,31.09939261905726,173.87173984947864,732.9466504459474,0.5633972622300297,6.5625,0.755908350553325,0.014583333333333334,47.41627472723627,308.3941152472725,768.6549149816383,1.709190170573696,28.875,after
Austrian Grand Prix,2026-06-28,NOR,McLaren,11,0.0,,0.7348875695757988,0.34366319444444443,18.43953221752794,196.1645755127163,727.4920652440741,1.1743145859059922,33.43749999999997,0.7493884236485885,0.014861111111111113,50.84367830776907,313.12962658477505,747.5055906918227,2.4608070588544253,22.737499999999997,after
Austrian Grand Prix,2026-06-28,NOR,McLaren,12,0.0,,0.6683758808658623,0.37725694444444435,33.11141901018963,183.443608388773,665.0148449675813,0.7767915087951344,13.25,0.7232739151158308,0.014722222222222222,57.70469005549105,310.85056034603184,689.9097685699782,2.013596256026771,29.15,after
Austrian Grand Prix,2026-06-28,NOR,McLaren,13,0.0,,0.6287623946291554,0.3588541666666666,28.28452628176348,173.74254482749944,613.9608264839986,1.0767586127032118,26.5,0.6942157414168795,0.014722222222222222,68.71621624022346,311.6917257361313,621.2372399437731,1.7573703886727414,22.525,after
Austrian Grand Prix,2026-06-28,NOR,McLaren,14,0.0,,0.6749596420152745,0.3463541666666666,25.910270916291335,185.83766851204635,651.4969237869923,1.1108953992610293,26.25,0.7128090138414274,0.014583333333333334,59.749283321287216,309.2324381657868,667.6388178943836,2.1338668214607854,28.875,after
Austrian Grand Prix,2026-06-28,NOR,McLaren,15,0.0,,0.6539358970471268,0.36458333333333326,43.683050351911106,195.14759725234302,602.6823072783409,0.9294942867438872,19.6875,0.695885796911421,0.014583333333333334,64.64923081641922,308.20925973541654,629.0096073540191,2.3379994883295203,28.875,after
Austrian Grand Prix,2026-06-28,NOR,McLaren,16,0.0,,0.6569401599029986,0.3715277777777777,36.21870388763903,187.615939748746,636.8359839343015,0.8199842397974945,13.375,0.7106464134774381,0.014861111111111113,64.22028183142181,312.9465265485251,656.5582694726509,2.0387371730560893,22.737499999999997,after
Austrian Grand Prix,2026-06-28,NOR,McLaren,17,0.0,,0.6723082929239245,0.36805555555555547,45.16295897953158,195.69738917582512,623.2858449528077,1.0219469310567824,19.875,0.7077406391008113,0.014722222222222222,64.14575754575709,311.85498123104105,652.9100657292033,2.4946184824564157,29.15,after
Austrian Grand Prix,2026-06-28,NOR,McLaren,18,0.0,,0.6603673389594827,0.3701388888888888,40.29066858845177,191.16325565085938,634.1336301292235,1.214536151803327,32.5,0.7100036258854011,0.014444444444444446,56.787371302729404,305.2886403626198,664.9104860580965,2.2358058636710623,28.6,after
Austrian Grand Prix,2026-06-28,NOR,McLaren,19,0.0,,0.6196512610987067,0.3622395833333333,41.05216558025517,189.1313706548208,583.2461218625533,0.9257121270042051,20.0625,0.6854726710461415,0.014861111111111113,76.42934063309771,316.34477549924725,594.8782237683437,2.006055543567823,29.424999999999997,after
Austrian Grand Prix,2026-06-28,NOR,McLaren,20,0.0,259.24123644162233,0.6070654939610587,0.38281249999999994,83.61610111291888,217.58485790324735,487.01104966195726,1.2338882705108425,19.6875,0.6550661599029227,0.014583333333333334,82.47482005575783,311.7479760217808,532.3569280652359,2.827051573074428,22.3125,after
Austrian Grand Prix,2026-06-28,NOR,McLaren,23,0.0,296.192508118444,0.6050219071352319,0.42187499999999994,116.97488041382526,231.71572621146788,442.54595238361685,1.6870417201070356,33.75,0.6500832302652197,0.015000000000000001,89.3449485158656,316.87407910869246,509.61707380668946,3.393098254853614,43.19999999999999,after
Austrian Grand Prix,2026-06-28,NOR,McLaren,27,0.0,285.76753762482684,0.6659062072048331,0.43125,125.99231906887985,249.08250969646357,504.04545843196814,1.7887961835116086,13.5,0.6853648292782492,0.015000000000000001,76.10298001921635,315.98067026660357,593.7820339657505,4.021544292921935,43.19999999999999,after
Austrian Grand Prix,2026-06-28,NOR,McLaren,28,0.0,316.9316516264078,0.6559092679128403,0.46875,170.54139346215243,273.37044250674796,467.1561473063148,1.3571748636034002,20.25,0.6855576015341865,0.015000000000000001,74.37032811185523,314.3154886488206,595.6437391109051,4.3660132217707845,43.19999999999999,after
Austrian Grand Prix,2026-06-28,NOR,McLaren,29,0.0,299.83512074416967,0.7607310702607487,0.4243055555555555,83.8166721893472,222.4390784711779,692.2884512879823,1.533025320255432,13.0,0.7613695533498375,0.014444444444444446,47.40769841801067,302.61291499980433,784.7038653455625,3.6405487876077642,41.599999999999994,after
Austrian Grand Prix,2026-06-28,NOR,McLaren,30,0.0,269.8129021711714,0.7287285588819481,0.4470486111111111,92.56637166447635,222.56537273269066,684.9097029295912,1.2604918294294363,32.1875,0.757976825577627,0.014305555555555556,47.40769841801067,299.009298711983,779.06316524296,3.122797307205034,41.19999999999999,after
Austrian Grand Prix,2026-06-28,NOR,McLaren,31,0.0,444.07200437944977,0.6323142542091867,0.48749999999999993,163.34933365918042,268.73854304036126,512.7730554478973,1.6866433159427445,40.5,0.7015730682098013,0.015000000000000001,68.48915592351588,314.0397297969463,633.1857892128179,3.7651042124374143,43.19999999999999,after
Austrian Grand Prix,2026-06-28,NOR,McLaren,32,0.0,337.9384420933724,0.6200792444978817,0.44583333333333336,126.42534259415461,237.4215945546832,471.19062243479897,1.7580732644581214,46.8125,0.6656568238692541,0.014861111111111113,78.34052210302607,311.320410457265,554.4628014607027,3.4795566317613114,36.11249999999999,after
Austrian Grand Prix,2026-06-28,NOR,McLaren,33,0.0,310.33755290655995,0.6598899312035701,0.4593749999999999,139.3316963986134,252.19026426870963,510.45909666623965,1.4237232709072858,6.75,0.6927386388299721,0.015000000000000001,72.92433770615311,315.3828612966434,613.6099566286484,3.8474900433220647,43.19999999999999,after
Austrian Grand Prix,2026-06-28,NOR,McLaren,34,0.0,182.58853822160233,0.671202136088307,0.40234374999999994,57.29093293056042,189.62552726941124,625.2126025376543,0.5146481374841968,6.4375,0.7126691184522118,0.014305555555555556,48.03115334708659,297.4653448053607,676.6667171642667,2.4228139835949456,34.76249999999999,after
Austrian Grand Prix,2026-06-28,NOR,McLaren,37,0.0,,0.6683033176663727,0.40234374999999994,46.299357662440585,178.882743046559,646.384474562161,0.6517035278518494,6.4375,0.7183093476400159,0.014305555555555556,47.40769841801067,298.8159700920162,689.580686834659,2.2604052511388453,34.76249999999999,after
Austrian Grand Prix,2026-06-28,NOR,McLaren,38,0.0,,0.6480920198490834,0.41206597222222224,34.960259432187925,165.7603923857631,668.2938441415274,0.5896423076914348,18.9375,0.7225826959030104,0.014027777777777778,47.40769841801067,293.27869623718556,704.1311985579771,1.5764231340963395,34.08749999999999,after
Austrian Grand Prix,2026-06-28,NOR,McLaren,39,0.0,,0.7041593434606137,0.43246527777777777,27.061950098211607,165.10811689845403,784.2730556456613,0.460124202633258,6.625,0.780509841120955,0.014722222222222222,47.405085494379875,307.8215931176357,825.3612478287596,1.9115511407779127,42.39999999999999,after
Austrian Grand Prix,2026-06-28,NOR,McLaren,40,0.0,,0.7460216136060013,0.41015624999999994,32.957467818839014,174.44729983141855,750.4247946838459,0.5989432902799421,13.125,0.7680150937544488,0.014583333333333334,47.40769841801067,303.2230230460632,798.7771040006122,2.3886332705427464,35.43749999999999,after
Austrian Grand Prix,2026-06-28,NOR,McLaren,41,0.0,191.06102257281572,0.7014210522476502,0.4124999999999999,57.94591403504948,195.17875569555238,656.7519746537535,0.7203879749531517,13.5,0.7306941126565928,0.015000000000000001,57.53658332009295,313.2795227499004,703.7676814484897,2.6678865753800287,36.44999999999999,after
Austrian Grand Prix,2026-06-28,NOR,McLaren,43,0.0,,0.6916054627353011,0.39843749999999994,45.73927516811739,186.7834200309005,675.5046635876093,0.8226997134285512,19.125,0.73373826521275,0.014166666666666668,47.40769841801067,297.4842955926449,726.3926576660187,2.4442529351847533,34.42499999999999,after
Austrian Grand Prix,2026-06-28,NOR,McLaren,44,0.0,,0.7716498351873281,0.41015624999999994,33.125332076639175,178.16847774156514,778.0783226376639,0.8712100932372895,19.6875,0.7821143124180124,0.014583333333333334,47.40769841801067,303.28754066735206,831.1736196364488,2.5659506409407116,28.875,after
Austrian Grand Prix,2026-06-28,NOR,McLaren,46,0.0,,0.7132859006741752,0.404861111111111,45.37058486402255,189.5180406923549,710.5139699113914,0.9407464477137645,19.875,0.7520965222582099,0.014722222222222222,47.43629299331481,309.64319884556994,758.8294398513495,2.587257345247677,29.15,after
Austrian Grand Prix,2026-06-28,NOR,McLaren,49,0.0,,0.7086087015464934,0.39192708333333326,39.36877114248697,181.25625156309485,670.6124343387104,0.6480893695860263,13.125,0.7286363373147197,0.014583333333333334,47.40769841801067,302.4304164781625,708.5984333815978,2.417697324976261,28.875,after
Austrian Grand Prix,2026-06-28,NOR,McLaren,50,0.0,,0.7686241089066518,0.41015624999999994,28.828513229404848,172.051172342405,776.2478121770621,0.7746866685937458,13.125,0.7800865482540967,0.014583333333333334,47.40769841801067,302.49867908955605,826.7467508657187,2.633828290776751,41.99999999999999,after
Austrian Grand Prix,2026-06-28,NOR,McLaren,53,0.0,,0.6798283937648437,0.3843749999999999,49.91536874074837,189.97643799862504,607.4459094926116,0.7293345856389432,13.5,0.701751098665623,0.015000000000000001,67.92321117388018,313.5360957068482,635.5401956891026,2.5712780067405347,29.7,after
Austrian Grand Prix,2026-06-28,NOR,McLaren,54,0.0,208.41472172050464,0.7131762664940883,0.37552083333333325,62.31360978032934,206.20188510224037,604.8225993097988,1.0580180921569553,25.75,0.7048319301067538,0.014305555555555556,51.89054762091965,298.5817231582835,658.9211735372609,3.2700556433495307,34.76249999999999,after
Austrian Grand Prix,2026-06-28,NOR,McLaren,55,0.0,233.39713602082978,0.7098882567804687,0.4086805555555555,86.55613988608636,215.04712679140567,572.0249915647468,0.8654672180260855,6.6875,0.7003152790617448,0.014861111111111113,64.38900793301805,309.49935560462876,636.6873744161672,3.5310297525700687,42.79999999999999,after
Austrian Grand Prix,2026-06-28,NOR,McLaren,57,0.0,,0.8144546798201774,0.4365451388888889,30.35688379729744,171.81294345840408,858.4160368954581,0.6273164146954648,6.6875,0.8220590201761628,0.014861111111111113,47.39050118984398,307.4378512865331,921.348853292101,2.7302945457780714,42.79999999999999,after
Austrian Grand Prix,2026-06-28,NOR,McLaren,58,0.0,271.9463828555093,0.8016925076043816,0.46927083333333325,100.8530885681042,220.22571484207904,721.8736937763491,0.7115620846991464,13.25,0.7831511836960556,0.014722222222222222,47.40769841801067,303.51415170934513,832.510499394021,3.67225451046922,42.39999999999999,after
Austrian Grand Prix,2026-06-28,NOR,McLaren,60,0.0,,0.7139851926733052,0.3844618055555555,41.268830058981926,183.72349324115268,657.5896863466776,0.7940858215709801,12.875,0.7225652236026876,0.014305555555555556,47.40769841801067,298.492083450646,700.0039712908583,2.5626572045809364,28.325,after
Austrian Grand Prix,2026-06-28,NOR,McLaren,61,0.0,,0.7347047593946454,0.42430555555555555,42.14388895641011,176.5960430599584,736.3292508784524,0.497185196856165,6.5,0.7637423417990009,0.014444444444444446,47.40769841801067,299.9223884041214,791.2030829440345,2.3521128760722214,28.6,after
Austrian Grand Prix,2026-06-28,NOR,McLaren,63,0.0,,0.7639790023230282,0.425,39.3006502222374,176.7284451951151,767.0486492053722,0.47587145110093054,12.75,0.7800803721965314,0.014166666666666668,47.40769841801067,293.19571843650925,830.8452158907941,2.4415867607199004,34.42499999999999,after
Austrian Grand Prix,2026-06-28,NOR,McLaren,64,0.0,,0.7622277606281969,0.404861111111111,35.546502828503314,179.02796171861644,739.5329473519139,0.45541770247045943,0.0,0.763619050399711,0.014722222222222222,47.41169196967585,305.5492152189577,787.1655758386133,2.6916597474682558,35.77499999999999,after
Austrian Grand Prix,2026-06-28,NOR,McLaren,65,0.0,,0.758628462007577,0.4600694444444444,44.72078264181297,173.74912115887577,790.0171149530347,0.7551322590048591,13.25,0.7917120996411853,0.014722222222222222,47.40769841801067,303.4875069282612,852.1857357617063,2.3475045735839415,42.39999999999999,after
Austrian Grand Prix,2026-06-28,NOR,McLaren,66,0.0,,0.8053319358104097,0.4423611111111111,19.583438189518162,156.35030714562907,865.2973757291026,0.4842459098639788,13.0,0.8213612756888818,0.014444444444444446,47.40769841801067,297.26664479311427,921.8786309031257,2.0903134418052773,28.6,after
Austrian Grand Prix,2026-06-28,NOR,McLaren,67,0.0,206.17430864338104,0.8489609833727358,0.5013020833333334,60.14464575072051,189.70211219855713,930.5821470072957,0.8351537336150056,26.25,0.8695795957733861,0.014583333333333334,47.40769841801067,299.7188621825968,1031.968382388389,2.6885171340552922,41.99999999999999,after
Austrian Grand Prix,2026-06-28,NOR,McLaren,68,0.0,,0.7589256905425832,0.40234374999999994,16.893108571351608,158.8933006670328,773.8075571809284,0.41570747006085973,6.4375,0.7737797456502692,0.014305555555555556,47.40769841801067,295.8313755005843,815.529850735833,2.1543769556605192,34.76249999999999,after
Austrian Grand Prix,2026-06-28,NOR,McLaren,69,0.0,,0.7852740276701032,0.4427083333333333,28.811297553032148,163.66569008537596,838.4996366638381,0.6960883737147611,12.75,0.8121064751867083,0.014166666666666668,47.40769841801067,292.4439146620827,902.2718043697683,2.1764657030574805,34.42499999999999,after
Austrian Grand Prix,2026-06-28,NOR,McLaren,70,0.0,,0.7754659387028658,0.43385416666666665,25.43450946159654,171.31163209351968,860.3241191384998,0.5397311797968816,12.75,0.8213776134558113,0.014166666666666668,47.40769841801067,295.11533799604865,923.9799800853061,2.1620673450974874,34.42499999999999,after
Austrian Grand Prix,2026-06-28,NOR,McLaren,71,0.0,,0.74308748233582,0.4166666666666666,27.810659187861027,167.44022525752177,786.8837154895277,0.7341990841447059,18.0,0.797624196357176,0.013333333333333332,47.40769841801067,280.77020715529534,852.2857502129889,2.079427851921768,32.39999999999999,after
Austrian Grand Prix,2026-06-28,LEC,Ferrari,2,0.0,267.14676360494764,0.7151061277182603,0.4828124999999999,82.45550110067644,215.6912936348319,865.1585113597486,0.7745632342589894,19.3125,0.792929650487229,0.05364583333333333,47.40769841801067,287.9585973851067,969.2513734543655,2.660578919740417,66.95,after
Austrian Grand Prix,2026-06-28,LEC,Ferrari,5,0.0,,0.6415119388460133,0.39843749999999994,44.72174598890244,187.09595947586305,660.0193461493056,0.9226684090930819,19.125,0.724098720215995,0.014166666666666668,47.40769841801067,300.8422504936089,702.5315925964293,1.9204671424899629,34.42499999999999,after
Austrian Grand Prix,2026-06-28,LEC,Ferrari,6,0.0,,0.6789141357748163,0.4192708333333333,60.16245264426747,202.08740484328348,691.139868879847,0.9165781964867994,19.6875,0.7486532108258372,0.014583333333333334,47.44555679110607,309.1392039137045,751.4161721741431,2.4385352427625206,35.43749999999999,after
Austrian Grand Prix,2026-06-28,LEC,Ferrari,7,0.0,,0.6508304748503154,0.40729166666666666,50.08206260831739,184.57674049184973,663.7359690686684,0.9855141099392039,19.125,0.7286336942792866,0.014166666666666668,47.40769841801067,299.92611478339984,713.2846898303501,2.1123509088717847,34.42499999999999,after
Austrian Grand Prix,2026-06-28,LEC,Ferrari,8,0.0,,0.7465861493154562,0.5359375,54.41974781058977,179.4795509625749,987.637834979849,0.8473482074726656,30.625,0.74717069235334,0.1361111111111111,47.40769841801067,228.42212719472312,1069.4002313730132,1.5244289022099293,171.49999999999997,after
Austrian Grand Prix,2026-06-28,LEC,Ferrari,10,0.0,,0.6803905952935609,0.43333333333333335,46.012838127432964,185.87992742698094,749.4033985002742,0.7728919292859834,19.5,0.7700925894654206,0.014444444444444446,47.41063619202934,305.0619215013212,803.7198335571794,1.9075216522284366,28.6,after
Austrian Grand Prix,2026-06-28,LEC,Ferrari,11,0.0,226.65813729103363,0.5786777011027023,0.36458333333333326,84.40053163540452,221.1254519155323,420.14373952998056,1.5410678351548721,32.8125,0.6214223479637137,0.014583333333333334,94.02780302041823,311.52562480771803,452.9057416141102,2.936371613034646,41.99999999999999,after
Austrian Grand Prix,2026-06-28,LEC,Ferrari,15,0.0,,0.5795336255590857,0.3718749999999999,69.4868023953034,200.5878742145546,494.9314794471718,1.70763779639826,31.875,0.6490348517110757,0.014166666666666668,75.16772227222779,302.32992037110427,530.3712734806054,2.5133592035986174,28.049999999999997,after
Austrian Grand Prix,2026-06-28,LEC,Ferrari,16,0.0,,0.6377363946031541,0.43333333333333335,65.2653636503013,194.88291317172883,650.6290553701947,0.9078731504703498,13.0,0.7278683714541762,0.014444444444444446,47.607099178650344,302.361029187612,706.984353568476,2.153775614264123,35.099999999999994,after
Austrian Grand Prix,2026-06-28,LEC,Ferrari,17,0.0,,0.6862137963170327,0.425,55.08818349640937,194.16361218230676,722.6733115956631,0.9278424029687421,19.125,0.7617432014884039,0.014166666666666668,47.40769841801067,299.3154677004825,788.4657526209817,2.3252841708982332,34.42499999999999,after
Austrian Grand Prix,2026-06-28,LEC,Ferrari,19,0.0,,0.5697453111686318,0.4604166666666666,80.5476317924502,195.38177224017494,610.6382272195146,1.3299905841038537,25.5,0.622852626333182,0.08854166666666664,47.424618539628646,265.4230377562423,673.2675655081881,2.528147179300792,76.49999999999999,after
Austrian Grand Prix,2026-06-28,LEC,Ferrari,20,0.0,,0.5644607504707455,0.38081597222222213,71.20241983327907,196.41843434813228,460.4617417690537,1.1201483205206992,20.0625,0.6375244385705107,0.014861111111111113,92.80335644626246,315.9369099459412,482.5429626670424,2.454851424133631,42.79999999999999,after
Austrian Grand Prix,2026-06-28,LEC,Ferrari,21,0.0,,0.5906872273435846,0.39453124999999994,59.66815517016997,186.00421556802627,556.2074632447479,0.5660360738512944,0.0,0.6751302497999108,0.014027777777777778,60.254068294604686,296.5496557245734,596.056798076651,1.9962548144312695,34.08749999999999,after
Austrian Grand Prix,2026-06-28,LEC,Ferrari,23,0.0,,0.6752690047572494,0.41128472222222223,65.60592873642223,205.07427891539453,660.6243956542072,0.8588181853711025,19.3125,0.7350122005207607,0.014305555555555556,47.40769841801067,303.2747128400071,725.4005449223534,2.6360937756511937,34.76249999999999,after
Austrian Grand Prix,2026-06-28,LEC,Ferrari,24,0.0,230.70984077562272,0.5789382808292586,0.4201388888888888,86.5007610881182,207.0705884247032,483.3465681257217,1.0973705253163766,20.625,0.6584067297237768,0.015277777777777777,92.25245930278413,322.69481470610606,519.7200939375227,2.373541989677908,23.375,after
Austrian Grand Prix,2026-06-28,LEC,Ferrari,27,0.0,,0.6151971097298142,0.3430555555555555,45.772855008667115,191.6390405272504,513.8732676964943,0.8884286705108821,6.5,0.6491846948465424,0.014444444444444446,77.85338458300883,305.06802777929863,526.157273630473,2.276093219635012,35.099999999999994,after
Austrian Grand Prix,2026-06-28,LEC,Ferrari,29,0.0,285.7461370468465,0.6116363455520456,0.5145833333333333,164.76350297778615,263.16223746052145,591.5088961386921,1.5344521225494538,19.5,0.7307884331940016,0.014444444444444446,47.40769841801067,303.1836500359112,714.223466369024,3.210299044192755,67.6,after
Austrian Grand Prix,2026-06-28,LEC,Ferrari,30,0.0,,0.6628149138767876,0.3736979166666666,56.24817522904382,199.6897066850945,592.8013420084237,0.9299046541664138,19.6875,0.696761546160876,0.014583333333333334,64.64143834712607,308.50797950343264,631.2183004509,2.687891888562979,35.43749999999999,after
Austrian Grand Prix,2026-06-28,LEC,Ferrari,32,0.0,194.2893498063093,0.6647697556852483,0.4636284722222222,64.47244190628574,186.97841912140052,714.4566033581502,0.7049079521830887,13.625,0.7600156404614378,0.01513888888888889,49.519524264771874,315.5249984262751,769.399154642752,2.110298891929532,43.599999999999994,after
Austrian Grand Prix,2026-06-28,LEC,Ferrari,35,0.0,167.59785076176436,0.6961748214236065,0.42326388888888883,59.74110601751664,197.38934576561454,708.2988971396458,1.1328996023703495,26.500000000000057,0.7567983780416212,0.014722222222222222,47.474017060479625,311.2611286232607,768.8571113816191,2.7025717931477566,35.77499999999999,after
Austrian Grand Prix,2026-06-28,LEC,Ferrari,36,0.0,263.16062651065874,0.6161392144647992,0.4583333333333333,102.03757222498817,214.7910184775258,551.4716870055904,1.1884823217423999,20.625,0.6981890255164585,0.015277777777777777,76.09501618369966,320.4611751144601,617.4304020906885,2.9533001970314157,43.99999999999999,after
Austrian Grand Prix,2026-06-28,LEC,Ferrari,39,0.0,260.8570242361833,0.6443728236900305,0.46927083333333325,54.914475675543805,170.35121484725846,708.7142964159813,0.7828390964435662,19.875,0.7145813968552042,0.04600694444444445,47.40769841801067,294.2006617523455,757.3389587732563,1.918693239453658,68.9,after
Austrian Grand Prix,2026-06-28,LEC,Ferrari,40,0.0,215.69480975661742,0.6234649088205162,0.4487847222222222,98.92454703547851,213.06047242799949,558.3139202312743,0.9284491771659814,6.875,0.7007188022345705,0.015277777777777777,77.52557345973082,322.77715424183054,622.2750519612396,2.955919864139397,43.99999999999999,after
Austrian Grand Prix,2026-06-28,LEC,Ferrari,41,0.0,234.89405235084786,0.5879599697022515,0.45286458333333335,79.41686432995365,191.6206399656195,552.5910833124542,0.7456722377327564,13.875,0.688713286246999,0.015416666666666665,81.48603044497864,322.5356806314283,591.443152486493,2.191418127269616,37.46249999999999,after
Austrian Grand Prix,2026-06-28,LEC,Ferrari,43,0.0,234.91895365479135,0.726738548081733,0.45286458333333335,68.23865702519306,197.9608431623766,717.0186019914255,1.340809030379831,20.8125,0.7654223352298383,0.015416666666666665,51.40001120362262,319.297828534066,778.2534965750447,2.9018114570474807,37.46249999999999,after
Austrian Grand Prix,2026-06-28,LEC,Ferrari,44,0.0,260.0109642647946,0.671278456660257,0.4143229166666666,88.9160186895209,211.90851743092463,531.32028303425,1.3246381235443156,6.9375,0.6847862495356324,0.015416666666666665,82.3285535453634,322.0037408828348,582.5053761599202,3.4410681363834232,37.46249999999999,after
Austrian Grand Prix,2026-06-28,LEC,Ferrari,45,0.0,245.06213302832816,0.618776946907344,0.4447048611111111,96.90119263663716,211.08353940945636,536.6887198214469,0.8991528761851728,13.625,0.6874886941349686,0.01513888888888889,76.12842356770449,316.7494665149435,596.9218324604823,2.790766296984343,43.599999999999994,after
Austrian Grand Prix,2026-06-28,LEC,Ferrari,46,0.0,278.8561994245426,0.6597898413639791,0.4666666666666667,126.17181302577072,241.05602394219582,543.3778155587366,1.6298380262843584,14.0,0.7067258439709894,0.015555555555555557,79.80450566534357,327.1585510551899,629.8031453781099,3.71775916338985,44.79999999999999,after
Austrian Grand Prix,2026-06-28,LEC,Ferrari,47,0.0,188.66777941874358,0.6589369884141391,0.45,81.13414566382583,199.92447623335343,632.4327565196885,0.8715024176709174,20.25,0.7271447975141911,0.015000000000000001,59.99268647898527,314.49336560895216,695.0338027718816,2.6138199358996483,43.19999999999999,after
Austrian Grand Prix,2026-06-28,LEC,Ferrari,49,0.0,350.8135025544235,0.8161678330031128,0.5958333333333332,224.75939894120756,312.6385495609931,905.2926460787185,1.0736187257820258,32.5,0.8836142703524236,0.014444444444444446,47.40769841801067,296.99979212509714,1063.6815597489872,2.5335087372463265,67.6,after
Austrian Grand Prix,2026-06-28,LEC,Ferrari,50,0.0,181.30962308276153,0.7310753927047996,0.4636284722222222,62.817668624310976,187.6751722173884,755.0603555550726,1.6432709528868965,34.0625,0.7813934673448092,0.01513888888888889,47.511954338402276,315.0354587827634,821.9724761196549,3.0176494457525975,43.599999999999994,after
Austrian Grand Prix,2026-06-28,LEC,Ferrari,51,0.0,278.342005931179,0.6710620635335897,0.459375,67.64475171401445,186.98003148538245,670.0502906992779,1.291697931613502,27.0,0.7398186355407856,0.015000000000000001,50.8183992651172,309.7549217043922,726.6461751521272,2.567940956738022,43.19999999999999,after
Austrian Grand Prix,2026-06-28,LEC,Ferrari,53,0.0,426.6940794410495,0.7781147648963176,0.3879166666666667,0.00963146165710073,96.2187184432547,920.2402968325081,2.9121978205941037,12.112500000000011,0.7660447556468287,0.21770833333333328,47.40769841801067,82.73611689134059,968.7421514522623,2.5244747427535374,128.25000000000003,after
Austrian Grand Prix,2026-06-28,LEC,Ferrari,54,0.0,342.15548569635575,0.6547487042646644,0.4694444444444444,179.66536292378325,277.2708479092073,461.6154417088758,1.3929603624542068,26.0,0.6787262643490924,0.014444444444444446,63.83965357808205,301.3938461002644,597.5177220118563,4.295706510714151,41.599999999999994,after
Austrian Grand Prix,2026-06-28,LEC,Ferrari,55,0.0,417.78824824889847,0.6750852865473563,0.5251736111111112,259.34012006245143,340.88987928608356,411.10486345552584,1.2826249675401422,6.875,0.692706915390342,0.015277777777777777,74.95362996261514,317.4010503492348,607.8145622706494,5.4471099869366935,71.5,after
Austrian Grand Prix,2026-06-28,LEC,Ferrari,56,0.0,,0.7581279242319127,0.4466145833333333,63.56711419513594,199.5537666283604,776.092279496105,1.0816639192488442,19.6875,0.7940844690474729,0.014583333333333334,47.41087315155245,304.4983242810479,858.8767723342418,3.117617038692332,41.99999999999999,after
Austrian Grand Prix,2026-06-28,LEC,Ferrari,57,0.0,370.342279869557,0.7886381729110036,0.5999999999999999,203.16811264260284,298.1180184803883,856.3232569236171,1.957008499840878,54.0,0.7477713870208091,0.1125,47.40769841801067,262.5598339330696,1021.7921848766294,3.276219175530166,242.99999999999994,after
Austrian Grand Prix,2026-06-28,LEC,Ferrari,58,0.0,198.7852726367127,0.6894804171767149,0.459375,69.95634149500687,191.6054024695452,687.8170837707103,1.1071571489832717,20.25,0.7501439711703524,0.015000000000000001,47.5176695387914,310.0680594484147,750.7720107623677,2.692811205492868,43.19999999999999,after
Austrian Grand Prix,2026-06-28,LEC,Ferrari,62,0.0,202.03484711290113,0.6372933257548353,0.44878472222222215,67.89713606411244,180.47939753486688,605.7917925326287,1.0031973089553947,6.875,0.7083868675308185,0.015277777777777777,68.65378729997566,316.58919093576213,645.7731474588933,2.2038615467075697,43.99999999999999,after
Austrian Grand Prix,2026-06-28,LEC,Ferrari,63,0.0,210.04144888789807,0.6231633619802965,0.43359375,89.50324414947534,207.76296568171813,519.664171304824,0.9573172489627666,6.9375,0.6778994015339801,0.015416666666666665,85.14741584926477,322.4122063861578,566.1231086714231,2.8366314982553993,37.46249999999999,after
Austrian Grand Prix,2026-06-28,LEC,Ferrari,64,0.0,229.6360109777401,0.6805497049376058,0.39505208333333325,74.7426529981742,204.71994000122132,537.9046940511822,1.4725589900890919,27.75,0.6804257561014139,0.015416666666666665,84.00445316015546,322.1534677956503,572.6759845076314,3.314154284198481,37.46249999999999,after
Austrian Grand Prix,2026-06-28,LEC,Ferrari,65,0.0,308.986904903452,0.6132664752565176,0.4487847222222222,148.38739558825634,249.93174976722588,397.4954165404496,1.711944102392732,27.5,0.6437747484518452,0.015277777777777777,95.09169685880124,320.4128588169471,487.77856785750856,4.202495856575794,43.99999999999999,after
Austrian Grand Prix,2026-06-28,LEC,Ferrari,66,0.0,300.491815950464,0.6462604958910733,0.4201388888888888,116.33382577701936,238.33130249076632,452.67859747587994,1.8840906534874204,34.375,0.6559314956729911,0.015277777777777777,90.65236053127337,320.2283840168203,516.6959183814758,3.990429473672754,43.99999999999999,after
Austrian Grand Prix,2026-06-28,LEC,Ferrari,67,0.0,361.57761817719194,0.5867440010163644,0.47638888888888886,146.31513464810695,239.46979958793077,411.8189320593233,1.839617525719359,42.0,0.6499572131129485,0.015555555555555557,97.5774112900463,325.06243587957823,494.21811205647924,3.5404369167848873,44.79999999999999,after
Austrian Grand Prix,2026-06-28,LEC,Ferrari,68,0.0,314.05671750377843,0.5908695610597241,0.45694444444444443,145.22646091854335,243.24370493576217,375.12516393956764,2.1228487349701117,42.00000000000006,0.5803913290340994,0.058333333333333334,102.41156069463067,305.54852585656545,454.95692343163216,4.192817851443272,56.0,after
Austrian Grand Prix,2026-06-28,LEC,Ferrari,69,0.0,298.9284147932323,0.629985290373661,0.4636284722222222,155.4548421334156,252.86320618670308,408.8007357400272,1.6414995408734316,34.0625,0.6479247299382204,0.01513888888888889,88.91903682556341,315.69269230394053,507.3273854788765,3.993838035699684,43.599999999999994,after
Austrian Grand Prix,2026-06-28,LEC,Ferrari,70,0.0,286.50134160374347,0.6128059518406658,0.45416666666666666,115.31475320034647,223.84315273051703,482.16218775731113,1.4841956865274428,34.0625,0.6671397256413442,0.01513888888888889,82.56512973218865,316.0640337066591,551.0833113600605,3.1458219176008932,29.975,after
Austrian Grand Prix,2026-06-28,LEC,Ferrari,71,0.0,300.9979586774026,0.6169147757631421,0.4625,130.5670341601132,230.73081480533327,454.4897246191684,1.4048332612281087,27.75,0.6635292965477027,0.015416666666666665,89.90054375194873,322.1357975436447,532.906207047892,3.5330487580049232,44.39999999999999,after
Austrian Grand Prix,2026-06-28,LAW,Racing Bulls,2,0.0,,0.91190593031263,0.38819444444444434,1.0437833556056961,171.0074366737874,934.9095353245125,0.6715275970218961,10.75,0.8995815353713449,0.011944444444444443,47.40769841801067,249.88252568342074,1036.4717257979146,2.461462377840478,34.4,after
Austrian Grand Prix,2026-06-28,LAW,Racing Bulls,3,0.0,,0.9246756010673599,0.513454861111111,11.614830634703802,153.0394744213731,1135.254320217102,0.5121298622743372,17.0625,0.9804651135999103,0.012638888888888889,47.40769841801067,263.1892918943914,1214.0844766888385,1.2078864347393004,36.4,after
Austrian Grand Prix,2026-06-28,LAW,Racing Bulls,4,0.0,,0.8070582533108022,0.4083333333333333,0.000901178580666481,155.88130761440317,898.0206282201084,0.5807067323129879,12.25,0.8477155393686661,0.013611111111111112,47.40769841801067,285.8972568279118,959.4494955793239,1.9209508663861818,33.07499999999999,after
Austrian Grand Prix,2026-06-28,LAW,Racing Bulls,5,0.0,,0.7441063187281698,0.35156249999999994,2.4778435007351313e-05,158.92415975116685,750.1932251108486,0.8877902735593555,11.249999999999972,0.7760909564833521,0.0125,47.40769841801067,264.1734510340723,806.6903746150673,1.6326360177850339,24.75,after
Austrian Grand Prix,2026-06-28,LAW,Racing Bulls,6,0.0,,0.7495070697711522,0.39375,0.0008930768276677098,150.23082927272142,819.4691815367534,0.7199334193200786,15.75,0.8201131033053539,0.011666666666666667,47.40769841801067,246.47155137368213,883.4853520808326,1.2290772039671622,23.1,after
Austrian Grand Prix,2026-06-28,LAW,Racing Bulls,7,0.0,,0.7509052999178747,0.4031249999999999,17.48002399235559,168.6713813570102,822.3151728021506,1.0352927212786598,26.875000000000057,0.8263950617357582,0.011944444444444443,47.40769841801067,253.2806759371286,901.0953923063754,1.6074121429702293,23.65,after
Austrian Grand Prix,2026-06-28,LAW,Racing Bulls,9,0.0,,0.757232055136088,0.4153645833333333,8.479111115292808,159.9970653465929,876.558454670067,0.33052846083321175,5.4375,0.8492490781744553,0.012083333333333335,47.40769841801067,256.97682547239145,948.6335548532421,1.4263829380178736,34.8,after
Austrian Grand Prix,2026-06-28,LAW,Racing Bulls,10,0.0,,0.7163087954911032,0.40286458333333325,2.097045512485762,152.5365046672142,824.8573067877328,0.6992453157643855,17.0625,0.8106560674332282,0.012638888888888889,47.40769841801067,268.7447103279064,878.1536142436341,1.3226209692982096,30.7125,after
Austrian Grand Prix,2026-06-28,LAW,Racing Bulls,11,0.0,,0.734123148919278,0.3590277777777778,6.384152350007222,166.7659890247849,763.8429559945153,0.9725173009476443,27.5,0.7863980739678871,0.012222222222222223,47.40769841801067,260.48061149913576,827.1134693790513,1.9043094062706718,29.7,after
Austrian Grand Prix,2026-06-28,LAW,Racing Bulls,13,0.0,,0.6979150104127494,0.3625,1.803736575578833,160.78073252070325,750.8831817544802,0.8038379616538306,21.75,0.7751144103043877,0.012083333333333335,47.40769841801067,258.2811369341427,804.4988684776632,1.490118705813543,23.924999999999997,after
Austrian Grand Prix,2026-06-28,LAW,Racing Bulls,15,0.0,,0.689623503520398,0.390625,29.934282251064,178.13835762598632,733.5770558107655,0.6903263762326028,16.875,0.772602456619843,0.0125,47.40769841801067,267.1753367501191,800.8627583578245,1.830705376092546,36.0,after
Austrian Grand Prix,2026-06-28,LAW,Racing Bulls,17,0.0,,0.6665190109257723,0.38333333333333336,30.587422441095622,177.5421860362346,692.8055123270556,0.7022706789464778,18.0,0.7465889551038882,0.013333333333333332,47.40769841801067,285.48231526196906,743.0455846483339,1.9683300010342455,38.39999999999999,after
Austrian Grand Prix,2026-06-28,LAW,Racing Bulls,18,0.0,,0.6479850459151266,0.4342013888888888,47.520492027130366,171.430611351324,747.1136166934989,0.5949219815484419,25.625,0.7342734567515363,0.042708333333333334,47.40769841801067,226.55359255150157,807.6835069229581,0.9518241557866813,53.3,after
Austrian Grand Prix,2026-06-28,LAW,Racing Bulls,22,0.0,,0.7691067000403528,0.47395833333333326,10.215628020303786,145.8656009641081,918.959841416695,0.7125578478209545,22.75,0.8164867207767932,0.04739583333333333,47.40769841801067,247.75979767243814,978.2709488806754,1.2713337523357073,59.15,after
Austrian Grand Prix,2026-06-28,LAW,Racing Bulls,23,0.0,,0.7393713750288592,0.39843749999999994,0.0009260533323480829,148.6525246282182,803.7113535520537,0.8435823802376734,16.875,0.8012668376934368,0.0125,47.40769841801067,262.76445661065827,856.5358567309289,1.3564535204650183,19.125,after
Austrian Grand Prix,2026-06-28,LAW,Racing Bulls,27,0.0,,0.6145968407741563,0.3147569444444444,8.343523391206492,158.6148571946134,565.1652140977443,0.6653298322831714,6.125,0.6642194004393416,0.013611111111111112,56.155410616840186,288.6322007706097,563.5243839466086,1.3568064908651245,20.825,after
Austrian Grand Prix,2026-06-28,LAW,Racing Bulls,28,0.0,,0.7439720923502562,0.4359375,31.800374236585903,167.83119302460082,819.1749865737648,0.3995898225510934,11.625,0.8180774640559487,0.012916666666666668,47.40769841801067,271.9959631920559,893.8128574084726,1.7921379335114602,37.2,after
Austrian Grand Prix,2026-06-28,LAW,Racing Bulls,29,0.0,,0.6888197465205539,0.41614583333333327,19.99348694694744,155.83258590563997,757.6283267368519,0.8658517315213469,29.375,0.7762405579047393,0.013055555555555556,47.40769841801067,275.8473318942988,807.4728026744949,1.5240721387098501,25.85,after
Austrian Grand Prix,2026-06-28,LAW,Racing Bulls,30,0.0,,0.7009084959838978,0.42881944444444436,18.06664459131551,149.61422802441342,773.6557657298783,0.41957373375530804,11.875,0.7842545244442604,0.013194444444444444,47.40769841801067,277.09192950659207,823.702443363083,1.4794034864796215,38.0,after
Austrian Grand Prix,2026-06-28,LAW,Racing Bulls,32,0.0,,0.7618332993352448,0.3895833333333333,0.01695633540662025,152.35182384848952,816.303954504643,0.590795314936517,11.0,0.8140164349563127,0.012222222222222223,47.40769841801067,257.32156586443097,879.4646238171737,1.7493259789457272,35.2,after
Austrian Grand Prix,2026-06-28,LAW,Racing Bulls,33,0.0,,0.7697255360433887,0.41718749999999993,9.616226037046413,149.5778384959119,808.3370497773444,0.5052431523053997,11.125,0.8016471608362442,0.015451388888888891,47.40769841801067,254.14451899626474,872.6073505212053,1.55331521093519,35.6,after
Austrian Grand Prix,2026-06-28,LAW,Racing Bulls,35,0.0,,0.7103114347512922,0.40364583333333326,0.0008282589132114367,142.71632878244014,789.7721262406301,0.8486638901863217,17.4375,0.7538959342546144,0.040364583333333336,47.40769841801067,258.481788160522,837.0943135033889,1.6982776275071658,60.45,after
Austrian Grand Prix,2026-06-28,LAW,Racing Bulls,36,0.0,,0.7300243913172599,0.44036458333333334,24.8956550341129,159.68424520040585,810.1859087819109,0.48074728793776034,16.6875,0.811269720506653,0.012361111111111111,47.40769841801067,259.38541086533303,874.9640839679961,1.3716982079639606,35.6,after
Austrian Grand Prix,2026-06-28,LAW,Racing Bulls,38,0.0,,0.7394988423202934,0.46319444444444446,12.397408421961497,143.7743356509358,880.5178284819289,0.5960400263489868,23.0,0.7937424013751243,0.04791666666666667,47.40769841801067,251.54192442735535,936.0477213139342,1.2667315592796367,59.8,after
Austrian Grand Prix,2026-06-28,LAW,Racing Bulls,40,0.0,,0.7189054855639773,0.4552083333333333,47.17325813028318,172.20893694866922,800.0462195351852,0.61556653882378,17.25,0.8002952153739427,0.015972222222222224,47.40769841801067,265.635491972981,876.0841368211525,1.7326582382437996,59.8,after
Austrian Grand Prix,2026-06-28,LAW,Racing Bulls,41,0.0,,0.7889028031476961,0.41979166666666656,1.3820283691710151,152.75558174517244,889.0656271311731,0.44125223878160524,0.0,0.8472665090403201,0.012916666666666668,47.40769841801067,271.4010667087625,953.8280124518819,1.743578425943336,37.2,after
Austrian Grand Prix,2026-06-28,LAW,Racing Bulls,42,0.0,,0.6906911645261858,0.44062499999999993,28.29746594909444,158.92457865786145,766.978143251846,0.7777595269662696,23.500000000000057,0.7305721214798194,0.04895833333333333,47.40769841801067,254.5791498467482,824.7718909636027,1.7237655822727713,61.1,after
Austrian Grand Prix,2026-06-28,LAW,Racing Bulls,44,0.0,,0.7587642573148928,0.4480902777777777,15.196011444578955,147.3808655145183,861.9455028071069,0.4989558106747994,16.6875,0.8376078898493459,0.012361111111111111,47.40769841801067,258.94073110730585,926.5583158314408,1.3833680520105573,35.6,after
Austrian Grand Prix,2026-06-28,LAW,Racing Bulls,47,0.0,,0.6805573507244017,0.3828125,0.0007924182635606379,135.24381210964447,695.9754720422976,0.7696383919384143,11.25,0.7371358908707745,0.0125,47.40769841801067,261.1737125204459,728.6357223546498,1.1737437219713194,24.75,after
Austrian Grand Prix,2026-06-28,LAW,Racing Bulls,48,0.0,,0.8693472053672971,0.367361111111111,0.0013711112046653694,164.98484320118482,852.0342090832775,1.2113227093566286,23.00000000000003,0.8368675826742118,0.012777777777777779,47.40769841801067,266.72990997537005,929.6726859447698,2.7788842841012222,25.299999999999997,after
Austrian Grand Prix,2026-06-28,LAW,Racing Bulls,49,0.0,,0.7540506843406486,0.4326388888888889,31.294644412482743,164.57893349907835,786.2698739502131,0.3919887480254592,11.125,0.8029932177959073,0.012361111111111111,47.40769841801067,257.8177436715776,857.642681227132,1.5695671216528329,35.6,after
Austrian Grand Prix,2026-06-28,LAW,Racing Bulls,50,0.0,,0.7026218013253753,0.44809027777777777,9.314180236606537,135.16460013004837,811.4778949098709,0.6443388792056631,22.25,0.7576525439729114,0.04635416666666667,47.40769841801067,242.55967208038908,858.2938841527297,1.1211492232405584,57.85,after
Austrian Grand Prix,2026-06-28,LAW,Racing Bulls,51,0.0,,0.6324344817240535,0.42881944444444436,49.22853415602808,166.06697993043772,644.3880948148617,0.5166429136402316,11.875,0.7231310240063982,0.013194444444444444,47.40769841801067,277.90847990525674,696.2830677381793,1.5948692477038513,38.0,after
Austrian Grand Prix,2026-06-28,LAW,Racing Bulls,53,0.0,,0.5843284767127664,0.29166666666666663,31.155116134880146,173.7289368059882,433.32234246898014,0.9661276880990864,12.0,0.5893038811850344,0.01666666666666667,73.00454130763899,279.26089972240106,431.86040889040015,1.8420076317353116,20.4,after
Austrian Grand Prix,2026-06-28,LAW,Racing Bulls,54,0.0,,0.6664378044348394,0.3998263888888889,46.990017919439616,173.49021149153518,644.8645927234255,0.7566784645678946,23.5,0.725951965984544,0.013055555555555556,47.40769841801067,275.85903641862774,703.2811685591904,2.010564568965083,31.725,after
Austrian Grand Prix,2026-06-28,LAW,Racing Bulls,55,0.0,,0.6967475643921992,0.3875868055555556,35.36898965934798,171.42015832758548,674.6227804600413,0.7745687694576112,17.8125,0.7392655242068376,0.013194444444444444,47.40769841801067,278.46189631268896,729.8549284028338,2.1182350109677555,26.125,after
Austrian Grand Prix,2026-06-28,LAW,Racing Bulls,58,0.0,,0.79019493389715,0.3875,33.56383835928072,178.0413593385628,744.4003259852632,1.0094030215411351,29.0625,0.783287115961844,0.012916666666666668,47.40769841801067,270.3549169730814,821.766875260632,2.719017718575948,31.3875,after
Austrian Grand Prix,2026-06-28,LAW,Racing Bulls,59,0.0,,0.8043463665441536,0.37499999999999994,30.142866292225612,185.45110447982574,760.4683565359362,1.5116040191071156,48.00000000000006,0.7883434776075654,0.013333333333333332,47.40769841801067,280.6214214244733,832.5250006906318,3.163338566780797,32.39999999999999,after
Austrian Grand Prix,2026-06-28,LAW,Racing Bulls,60,0.0,,0.7127429551368388,0.39843749999999994,5.3835593262082435,145.02672037772408,751.440300293571,0.2836789738524103,5.625,0.7726278761240915,0.0125,47.40769841801067,261.8919460116083,799.3708103756983,1.3553263530089807,30.375,after
Austrian Grand Prix,2026-06-28,LAW,Racing Bulls,63,0.0,,0.7065917002327895,0.46093749999999994,16.13520512451946,143.85379864574094,823.2146360711979,0.493061192299915,22.5,0.7315216286920786,0.07031249999999999,47.40769841801067,232.35353977946647,873.8627758272864,1.077635137990435,45.0,after
Austrian Grand Prix,2026-06-28,LAW,Racing Bulls,64,0.0,,0.7361216471843827,0.4479166666666666,10.820882224955566,143.24079344365924,831.8676797019635,0.6489206411236479,26.875,0.7434798527699426,0.07465277777777776,47.40769841801067,220.28984348234832,888.1848554008382,1.222632792747053,43.0,after
Austrian Grand Prix,2026-06-28,LAW,Racing Bulls,65,0.0,,0.7288997098547775,0.41406249999999994,9.185415936940055,144.71955962687193,790.9108173341581,0.5314235464463555,16.875,0.7963142416454353,0.0125,47.40769841801067,262.24461032021503,846.7188259419548,1.447411045841378,36.0,after
Austrian Grand Prix,2026-06-28,LAW,Racing Bulls,66,0.0,,0.7446113356319711,0.4344618055555556,48.494937893413464,175.22088500354303,763.7685864072909,0.6041391866702766,17.0625,0.7953945364257675,0.012638888888888889,47.40769841801067,264.5773391831433,845.4101356762253,1.9743968983877953,36.4,after
Austrian Grand Prix,2026-06-28,LAW,Racing Bulls,67,0.0,,0.7728073546023128,0.42326388888888883,2.0865080759099333,141.28308814410727,839.078078065582,0.7126883530081095,17.25,0.8210004296211674,0.012777777777777779,47.40769841801067,266.2496853670117,897.255941722896,1.676280452577156,36.8,after
Austrian Grand Prix,2026-06-28,LAW,Racing Bulls,68,0.0,,0.7359595847843041,0.43125,1.441319328748638,135.8273363885725,817.1142010603597,0.6832205215883039,11.5,0.80298114242162,0.012777777777777779,47.40769841801067,266.5300515704962,860.9823612393071,1.1578111435033918,19.549999999999997,after
Austrian Grand Prix,2026-06-28,LAW,Racing Bulls,69,0.0,,0.6613069167779375,0.4392361111111111,51.71756739593052,172.98938277183277,692.4422843009572,0.46427591828450293,11.5,0.7152513789208872,0.03993055555555555,47.40769841801067,255.43812439115476,757.6455506353568,1.7178603090439815,59.8,after
Austrian Grand Prix,2026-06-28,LAW,Racing Bulls,70,0.0,,0.686769557885969,0.40798611111111105,33.4080200078233,162.3208799119488,693.5280656668953,0.5346894082088127,11.75,0.7477682831586424,0.013055555555555556,47.40769841801067,274.4532783902267,748.4910357901128,1.7792721012567136,31.725,after
Austrian Grand Prix,2026-06-28,LIN,Racing Bulls,2,0.0,,0.9024545424682154,0.5176215277777777,0.0026926486126400023,138.24297937672347,1150.3373219446576,0.5571132088007482,22.25,0.9833079454290417,0.012361111111111111,47.40769841801067,258.6846982472208,1212.3957619119205,0.8701828181755066,35.6,after
Austrian Grand Prix,2026-06-28,LIN,Racing Bulls,3,0.0,,0.9350707285137022,0.5639756944444444,59.33520303948552,165.96712540196134,1208.5749149223075,1.3034577788603634,44.50000000000006,0.8890633871614882,0.12361111111111109,47.40769841801067,205.6176934400306,1286.5909115602906,1.2640694840706548,356.0,after
Austrian Grand Prix,2026-06-28,LIN,Racing Bulls,4,0.0,,0.8989908883279016,0.5213541666666666,31.754456691479234,168.3508039351183,1118.2155856880336,1.9789231742674964,85.31250000000006,0.8474435613939495,0.11848958333333331,47.40769841801067,211.75599935495703,1215.411845629054,2.2767083756005686,341.24999999999994,after
Austrian Grand Prix,2026-06-28,LIN,Racing Bulls,5,0.0,,0.8927596672783044,0.46067708333333324,0.002636530718282495,154.02287770599068,1040.8950005494437,0.7235296006617243,10.875,0.942623106925631,0.012083333333333335,47.40769841801067,252.5613108019493,1122.7121893611775,1.4057122259420054,34.8,after
Austrian Grand Prix,2026-06-28,LIN,Racing Bulls,6,0.0,,0.8417499681607689,0.4888888888888888,32.34625254373247,172.93833414223744,1013.4703292912063,0.5983777788656811,16.5,0.8967778325774274,0.030555555555555555,47.40769841801067,246.29985134835692,1094.4217929617764,1.28658149415049,35.2,after
Austrian Grand Prix,2026-06-28,LIN,Racing Bulls,7,0.0,,0.7810057928520545,0.4812499999999999,26.161087748838597,163.3922848928187,952.2120497818862,0.9190730296968335,38.5,0.7793170630681693,0.09930555555555555,47.40769841801067,214.6093633939736,1027.039942988381,1.441646319484101,44.00000000000001,after
Austrian Grand Prix,2026-06-28,LIN,Racing Bulls,8,0.0,,0.7526981640303815,0.43046875,8.965864165309338,161.1330799213897,915.7386622459821,0.9981929178718162,27.1875,0.866686885944937,0.012083333333333335,47.40769841801067,258.40195176018176,984.5599001546964,1.3200207489382725,23.924999999999997,after
Austrian Grand Prix,2026-06-28,LIN,Racing Bulls,9,0.0,,0.6983370334826017,0.3753472222222222,5.94703256572557,164.31995956361212,777.1898142562611,0.5835870587725305,11.75,0.7841980124042283,0.013055555555555556,47.40769841801067,279.78746031100735,824.6335437443415,1.6627420597547578,31.725,after
Austrian Grand Prix,2026-06-28,LIN,Racing Bulls,10,0.0,,0.7181523998016541,0.40624999999999994,21.54298927856898,174.42048114498056,808.9988329818876,0.6009059590724798,11.25,0.8112702666020791,0.0125,47.40769841801067,266.9826354535351,879.1959467100043,1.673349584993283,36.0,after
Austrian Grand Prix,2026-06-28,LIN,Racing Bulls,11,0.0,,0.6470308525658333,0.3590277777777777,31.71747507880142,179.05261091193162,638.0429916908855,0.8835331166621059,17.625,0.7178053179312913,0.013055555555555556,47.40769841801067,280.92461751404556,684.6442075929715,2.06473862772516,31.725,after
Austrian Grand Prix,2026-06-28,LIN,Racing Bulls,13,0.0,,0.682403655640461,0.37126736111111114,2.1379770301498833,160.5584589557823,758.9857721948183,0.7393183680874399,17.0625,0.7738063609687827,0.012638888888888889,47.40769841801067,270.8084066572184,803.5400880706129,1.4000833149565268,30.7125,after
Austrian Grand Prix,2026-06-28,LIN,Racing Bulls,14,0.0,,0.6506548422062758,0.4083333333333333,29.317806311151497,169.14037204817873,734.6448201462622,0.573347679283141,12.0,0.765887364298934,0.013333333333333332,47.40769841801067,286.46573896772964,784.2832972269521,1.5784440019603045,38.39999999999999,after
Austrian Grand Prix,2026-06-28,LIN,Racing Bulls,15,0.0,,0.7227083973458222,0.37890624999999994,29.87552632956682,182.14837322505684,740.5003481307211,0.7195817166117866,18.1875,0.7743903338827862,0.013472222222222224,47.40769841801067,287.89403780891985,801.7554701728759,2.296868280216434,32.73749999999999,after
Austrian Grand Prix,2026-06-28,LIN,Racing Bulls,16,0.0,,0.6986370496456884,0.3785590277777778,13.34478822244669,164.8171267232479,764.6668973883509,0.7093468014681611,16.6875,0.784748568363325,0.012361111111111111,47.40769841801067,264.9793295806958,825.4023004628629,1.643624308333132,30.0375,after
Austrian Grand Prix,2026-06-28,LIN,Racing Bulls,17,0.0,,0.7076808803975363,0.4359374999999999,46.23220103263363,181.75739648364194,792.1214967204764,0.42364735090226924,5.8125,0.7967127705569504,0.016145833333333335,47.40769841801067,271.44149688282175,870.7799548578688,1.7916679641844477,37.2,after
Austrian Grand Prix,2026-06-28,LIN,Racing Bulls,22,0.0,,0.6108410501444902,0.25555555555555554,9.015074333304456,183.1819461193456,493.82872262765136,0.9733584205948239,34.5,0.6221408224907372,0.012777777777777779,59.31434786421667,277.0636357359747,489.96912753228565,1.6480196664601576,25.299999999999997,after
Austrian Grand Prix,2026-06-28,LIN,Racing Bulls,23,0.0,,0.5476334261455779,0.3100694444444444,29.31423075018018,169.8742177275484,470.4131497259223,1.0306809189847068,11.75,0.6190810097217698,0.013055555555555556,65.23696559120668,281.91531899382613,476.9583196093734,1.5863136255785908,19.975,after
Austrian Grand Prix,2026-06-28,LIN,Racing Bulls,28,0.0,,0.6277432144523133,0.3793402777777777,30.95509619260019,166.64783274895524,641.5450931191218,0.9329473193859757,29.687500000000057,0.7167651650905873,0.013194444444444444,47.40769841801067,282.43886610448374,681.4275389991556,1.6630033201272336,26.125,after
Austrian Grand Prix,2026-06-28,LIN,Racing Bulls,30,0.0,,0.66163821178073,0.4166666666666667,56.436193319988966,185.4478832709487,651.7024068284883,0.38795754588672754,6.25,0.7340268779034241,0.013888888888888888,47.40769841801067,294.6110841534957,710.0873588793914,2.1557757664694996,39.99999999999999,after
Austrian Grand Prix,2026-06-28,LIN,Racing Bulls,32,0.0,,0.6804570017541086,0.4,36.37062978249003,173.5332640105166,708.9868899076856,0.6273540746625622,12.0,0.7575314565719726,0.013333333333333332,47.40769841801067,283.95921962834933,766.8201861450352,1.9886264852338515,38.39999999999999,after
Austrian Grand Prix,2026-06-28,LIN,Racing Bulls,33,0.0,,0.6550312663149289,0.3875,37.05980477794106,173.30659051402844,662.4492161222778,0.7397574250727442,23.25,0.7323145739869195,0.012916666666666668,47.40769841801067,275.36000321658554,717.0110692771284,1.7955593712755393,25.575,after
Austrian Grand Prix,2026-06-28,LIN,Racing Bulls,35,0.0,,0.7368138196539155,0.41258680555555555,39.48228755244823,187.40926151749645,782.2057174324726,0.898657552824715,24.25,0.799528841647001,0.013472222222222224,47.40769841801067,286.43567380808094,856.3926343292993,2.3676924083594524,38.79999999999999,after
Austrian Grand Prix,2026-06-28,LIN,Racing Bulls,36,0.0,,0.68034871281244,0.4083333333333333,34.4492866181365,169.16808332911626,714.8117015362925,0.8838502339415985,24.0,0.7595112373709995,0.013333333333333332,47.40769841801067,282.7641048360545,771.1706086912592,2.05912147511705,38.39999999999999,after
Austrian Grand Prix,2026-06-28,LIN,Racing Bulls,38,0.0,,0.7427907810416025,0.4453125,6.323584714215799,147.13937016138286,887.3097752771757,0.7823739693586752,17.8125,0.8400437998689447,0.013194444444444444,47.40769841801067,278.2998087903317,941.8890859674997,1.4118164332412677,38.0,after
Austrian Grand Prix,2026-06-28,LIN,Racing Bulls,40,0.0,,0.711314525243455,0.3958333333333333,31.223218995645592,175.51168127027844,739.5706956492993,0.8551864594660977,17.8125,0.773747175256499,0.013194444444444444,47.40769841801067,280.3268168958462,802.1781369846202,2.164599809691281,38.0,after
Austrian Grand Prix,2026-06-28,LIN,Racing Bulls,41,0.0,,0.6976276480528247,0.41614583333333327,27.428351668347627,165.5324693941173,768.1888960803063,0.9142312684846846,23.5,0.7862250372004985,0.013055555555555556,47.40769841801067,277.1250095906285,828.8095244118615,1.9137086618751342,37.6,after
Austrian Grand Prix,2026-06-28,LIN,Racing Bulls,42,0.0,,0.7153450381044052,0.4083333333333333,50.556186807129926,190.00044284339074,724.7959554967999,0.6359106345325001,12.25,0.7730255561897325,0.013611111111111112,47.40769841801067,289.65274369061893,798.2459364346221,2.58431240340026,39.19999999999999,after
Austrian Grand Prix,2026-06-28,LIN,Racing Bulls,44,0.0,,0.7395781498917756,0.4083333333333333,27.014162531402953,172.30535808648705,800.685674029508,0.6979355680825412,18.0,0.8047528289699916,0.013333333333333332,47.40769841801067,283.0780824965318,867.9630091508839,2.0693283356707437,26.4,after
Austrian Grand Prix,2026-06-28,LIN,Racing Bulls,45,0.0,,0.8992399607885262,0.36206597222222214,19.15895084828264,207.64949883496743,911.1305619237801,2.610742790684549,48.50000000000006,0.8679260673994146,0.013472222222222224,47.40769841801067,287.4328414089903,1006.0032642099831,4.293847837636542,38.79999999999999,after
Austrian Grand Prix,2026-06-28,LIN,Racing Bulls,48,0.0,,0.7856482088387551,0.39166666666666666,9.069085823780455,159.15812665087356,794.5954984686028,0.6487542315448461,12.0,0.7974121103928751,0.013333333333333332,47.40769841801067,278.3578357417684,851.1230980151538,2.1950916616023886,32.39999999999999,after
Austrian Grand Prix,2026-06-28,LIN,Racing Bulls,49,0.0,,0.7203314535493206,0.4535590277777778,38.968165101708685,165.8596501273003,776.1304896912185,1.4249903636899417,35.62500000000006,0.7099155820179659,0.08246527777777776,47.40769841801067,243.04432339530237,848.6753761324363,2.2966405563868024,189.99999999999997,after
Austrian Grand Prix,2026-06-28,LIN,Racing Bulls,50,0.0,,0.8189933249951465,0.4243055555555555,0.0009970509538343875,147.5144846630148,900.5498533800949,0.7185321281066552,5.875,0.8539486156057526,0.013055555555555556,47.40769841801067,272.34036286683653,967.6396956538873,1.8436473475949031,31.725,after
Austrian Grand Prix,2026-06-28,LIN,Racing Bulls,51,0.0,,0.759849885997203,0.3793402777777778,13.417982754025537,158.6945340210366,751.113296550428,0.5869304886706938,11.875,0.7753512980930986,0.013194444444444444,47.40769841801067,276.48851091994237,805.2040978852192,2.1524554632445683,26.125,after
Austrian Grand Prix,2026-06-28,LIN,Racing Bulls,53,0.0,,0.6188729058133505,0.25208333333333327,23.14543963773998,184.32439704300947,421.47566567740023,1.0985984883420334,11.0,0.5830106178289286,0.012222222222222223,55.31644544710328,259.3701616872283,429.6343490813759,2.253579901842206,24.2,after
Austrian Grand Prix,2026-06-28,LIN,Racing Bulls,54,0.0,,0.7308758159338297,0.37109374999999994,24.347356599151514,173.42388346992962,698.6782054801391,0.6314548320755239,11.875,0.7501271797224254,0.013194444444444444,47.40769841801067,277.91055482061046,752.6002287961179,2.337028184964787,32.0625,after
Austrian Grand Prix,2026-06-28,LIN,Racing Bulls,55,0.0,,0.7791092542149085,0.4079861111111111,19.498652956958722,167.90630217013998,844.8511072654653,0.6647496285708128,17.625,0.831723485488272,0.013055555555555556,47.40769841801067,275.9985240452065,924.1162717846805,2.2240244055327034,31.725,after
Austrian Grand Prix,2026-06-28,LIN,Racing Bulls,57,0.0,,0.6922719964642245,0.3993055555555556,44.63358548396639,175.7668854257231,685.3315645337874,0.9835461275137996,28.75,0.7499914971826406,0.012777777777777779,47.40769841801067,270.3558097515026,754.3545888492899,2.268983218164021,36.8,after
Austrian Grand Prix,2026-06-28,LIN,Racing Bulls,58,0.0,,0.7490900265814255,0.3958333333333333,35.5239197482475,175.83868505900884,723.953344661113,0.6309759445450864,11.875,0.7695051662356437,0.013194444444444444,47.40769841801067,276.92321648689943,793.0765106242451,2.485417633785512,38.0,after
Austrian Grand Prix,2026-06-28,LIN,Racing Bulls,59,0.0,,0.8642527191590582,0.3875,13.616974677702913,173.65853116882363,874.4917397360213,1.119675912440771,29.0625,0.8510468979243403,0.012916666666666668,47.40769841801067,270.99969507131027,961.4817717957573,2.943369630056517,31.3875,after
Austrian Grand Prix,2026-06-28,LIN,Racing Bulls,60,0.0,,0.7504832408813562,0.41614583333333327,12.612444600669027,151.19364986219838,802.2228618646344,0.3136539310140666,5.875,0.8014945920842238,0.013055555555555556,47.40769841801067,273.2366197484567,859.6080665904086,1.6754400796983013,31.725,after
Austrian Grand Prix,2026-06-28,LIN,Racing Bulls,61,0.0,,0.8384432347177778,0.4977430555555555,47.08818100741599,174.8852826967533,973.9376363882765,0.913753047253663,29.375,0.9009345176271074,0.013055555555555556,47.40769841801067,272.5283516174234,1065.186315147325,1.794932733326897,37.6,after
Austrian Grand Prix,2026-06-28,LIN,Racing Bulls,62,0.0,,0.7734367139913974,0.3949652777777777,16.775553082810504,161.8962067555157,787.3206011860908,0.8994289080279462,28.4375,0.8009190198517351,0.012638888888888889,47.40769841801067,264.99919542932446,856.768000060467,2.1326761423131866,30.7125,after
Austrian Grand Prix,2026-06-28,LIN,Racing Bulls,63,0.0,,0.750137622307267,0.4205729166666666,26.689656584431134,161.23144944572653,787.2927354007094,0.6315552551530151,11.875,0.7988313943353943,0.013194444444444444,47.40769841801067,276.63131103061966,854.4911021882572,2.1200433351836176,38.0,after
Austrian Grand Prix,2026-06-28,LIN,Racing Bulls,64,0.0,,0.832846929930709,0.5270833333333332,71.93018535478454,187.20729811873505,970.1575513414259,1.0311971706505727,34.5,0.8226879180640533,0.071875,47.40769841801067,235.59303622989648,1058.4791173767549,1.5901738495932949,46.0,after
Austrian Grand Prix,2026-06-28,LIN,Racing Bulls,65,0.0,,0.880261129825772,0.3828125,1.3627631155396998,168.84139714257833,909.0620980179964,1.2670530885350406,28.125,0.8721513558111522,0.0125,47.40769841801067,262.3512894540721,998.0833598793522,2.8412433989026282,36.0,after
Austrian Grand Prix,2026-06-28,LIN,Racing Bulls,66,0.0,,0.7488996107760336,0.4205729166666666,33.41522466530772,166.87812223799406,773.2531322130329,0.4542873143125578,11.875,0.794080373295357,0.013194444444444444,47.40769841801067,276.7317482438236,844.5445115927591,2.1378061385348706,38.0,after
Austrian Grand Prix,2026-06-28,LIN,Racing Bulls,67,0.0,,0.7919509943030495,0.37890624999999994,22.076867749945094,171.2961496497738,765.8626513094596,0.4545037378560617,12.125,0.7876921823057,0.013472222222222224,47.40769841801067,282.7449161239643,830.6559337297314,2.7168734387604614,38.79999999999999,after
Austrian Grand Prix,2026-06-28,LIN,Racing Bulls,68,0.0,,0.8315971956398202,0.5711805555555555,283.5017139891556,352.31653434086536,893.7254397859957,1.013498473017111,29.375,0.8160600798665526,0.07343749999999999,47.40769841801067,241.04684048034642,1049.947546415853,2.1044958211645066,281.99999999999994,after
Austrian Grand Prix,2026-06-28,LIN,Racing Bulls,69,0.0,332.5300925204197,0.8093729779143689,0.5499999999999999,222.49790921575328,316.25598714186884,839.6242873097265,0.9452034398292254,30.0,0.8673552971871152,0.013333333333333332,47.40769841801067,277.2749841209969,998.0753101027203,2.506183578164794,62.4,after
Austrian Grand Prix,2026-06-28,LIN,Racing Bulls,70,0.0,,0.7396935186991018,0.3870659722222222,24.372193327382938,164.9001200161529,729.0594440717516,0.3741899706592449,5.6875,0.7702406192030706,0.012638888888888889,47.40769841801067,265.43388924367076,795.1662267954855,2.079731567633845,30.7125,after
Austrian Grand Prix,2026-06-28,BOR,Audi,2,0.0,,0.7843610697433089,0.4338541666666666,11.726622636467022,168.59962791178836,931.4986098479317,0.6424254740097085,18.375,0.866649397418269,0.013611111111111112,47.40769841801067,288.676518664526,1002.2351160190186,1.8197313353187834,39.19999999999999,after
Austrian Grand Prix,2026-06-28,BOR,Audi,3,0.0,,0.8195281080923709,0.51953125,47.94670876247757,185.63887569038516,1060.0917105881847,1.213215511925301,39.375,0.8585423446691915,0.06380208333333333,47.40769841801067,281.30784707595143,1159.4731573369254,2.4022832759273394,52.5,after
Austrian Grand Prix,2026-06-28,BOR,Audi,4,0.0,,0.8069247307180842,0.4032986111111111,36.94958115261603,199.40246063694363,848.5681819129317,1.308484375086176,18.9375,0.8274230274986981,0.014027777777777778,47.40769841801067,295.0641075204901,937.8054745320921,3.038297072309383,40.39999999999999,after
Austrian Grand Prix,2026-06-28,BOR,Audi,5,0.0,,0.6085084092887288,0.475,24.531296803770875,150.87093788176645,797.0011829235212,0.5968472065097872,18.0,0.621713868871342,0.15833333333333333,47.40769841801067,216.62317113065123,842.6077704590871,1.168441598143343,24.0,after
Austrian Grand Prix,2026-06-28,BOR,Audi,6,0.0,,0.6404626564179302,0.5666666666666665,150.9153128895587,246.96280792345962,819.2448519754628,1.1205341701114035,25.5,0.6366386146411168,0.1859375,47.40769841801067,220.6811760806143,936.9422567170766,2.1712252839630817,127.49999999999999,after
Austrian Grand Prix,2026-06-28,BOR,Audi,7,0.0,542.9346928887795,0.8025379890874701,0.607986111111111,249.68448165669457,328.5370820522163,927.3163668342303,1.5912830803510358,51.5,0.7783576747408351,0.11623263888888889,47.40769841801067,248.9963725635205,1088.0690748311017,2.4465299303307413,257.49999999999994,after
Austrian Grand Prix,2026-06-28,BOR,Audi,8,0.0,,0.6438725683597455,0.31249999999999994,22.973714352718183,192.65093916098692,589.0028197603501,0.8571245820063723,18.75,0.6868646176093709,0.013888888888888888,59.39835820389905,299.80097436717887,600.7170675920721,1.980081373508104,21.25,after
Austrian Grand Prix,2026-06-28,BOR,Audi,9,0.0,,0.5667058661216818,0.3576388888888888,41.216341155788314,180.27209526879503,519.9001576381067,0.9124428104709561,6.4375,0.6492040388338058,0.014305555555555556,75.73028827297685,302.9517018648089,528.4998288501265,1.729521605542927,41.19999999999999,after
Austrian Grand Prix,2026-06-28,BOR,Audi,10,0.0,,0.5237863130070668,0.3069444444444444,31.36416716358045,176.25095619915007,432.0126124182331,0.995658405604639,13.0,0.5990428329070121,0.014444444444444446,101.11698381166438,310.7819753291186,404.93030413891086,1.2833767294372829,28.6,after
Austrian Grand Prix,2026-06-28,BOR,Audi,11,0.0,,0.5807503437059948,0.3430555555555555,54.74304737013518,201.48596382793235,477.94284631721337,1.1275724154408096,13.0,0.6354192348891217,0.014444444444444446,87.03950309495148,309.43623530614406,489.49401344672685,2.0973431848217534,28.6,after
Austrian Grand Prix,2026-06-28,BOR,Audi,12,0.0,,0.6256593310209843,0.34366319444444443,53.70760380408238,210.30808745489065,519.8783694092255,1.2304077085365197,13.375,0.6600273942270799,0.014861111111111113,86.12889717601384,317.1384851554918,532.8288194784734,2.527469932566589,22.737499999999997,after
Austrian Grand Prix,2026-06-28,BOR,Audi,13,0.0,171.24722517075287,0.5876018818671338,0.34635416666666663,60.4714922456712,204.0183763918444,473.45657239297236,1.2701313939497116,32.81249999999997,0.6371787266396711,0.014583333333333334,89.96461920511969,312.9771735290046,488.052504769019,2.3242471801894653,28.875,after
Austrian Grand Prix,2026-06-28,BOR,Audi,14,0.0,,0.735270878370637,0.3940104166666666,0.0008980788528874004,155.59779981931783,845.7186952929367,0.8485706478993894,16.6875,0.8283184505526318,0.012361111111111111,47.40769841801067,263.7409554878055,912.1480459356153,1.551745637721769,35.6,after
Austrian Grand Prix,2026-06-28,BOR,Audi,15,0.0,226.6076357047325,0.5947077630189517,0.39939236111111104,70.26124632308237,198.4497428014222,545.5435942602146,1.093099113837177,26.75,0.6797114754789254,0.014861111111111113,80.01401010378702,317.9130265214109,580.3912196009619,2.2048217137604356,29.424999999999997,after
Austrian Grand Prix,2026-06-28,BOR,Audi,16,0.0,,0.6020166566260602,0.3397569444444444,41.39488100449515,192.34100553204564,539.5432938609239,1.1347557482263957,25.75,0.6606967963076116,0.014305555555555556,78.25310380680014,308.2042483683248,552.0640398022774,2.10865881546163,28.325,after
Austrian Grand Prix,2026-06-28,BOR,Audi,20,0.0,,0.8124183100774192,0.4535590277777778,10.78083171215638,160.61966461694306,967.9162024076743,1.0483047834191153,29.6875,0.8899329638240193,0.013194444444444444,47.40769841801067,277.88271992168313,1046.6541222312546,2.025633900539379,38.0,after
Austrian Grand Prix,2026-06-28,BOR,Audi,23,0.0,,0.6213485217366953,0.3098958333333333,31.621321961408167,188.31272455502315,516.9919494230303,1.5131072451191352,39.375,0.6444577593219883,0.014583333333333334,84.1204758085362,309.6806915712321,508.0938500608309,2.0882527421606105,15.75,after
Austrian Grand Prix,2026-06-28,BOR,Audi,27,0.0,,0.5815490072989283,0.3701388888888888,59.46414997157516,192.87600117724057,496.96452475095725,0.8468160219284376,0.0,0.646686557681311,0.014444444444444446,79.65780498025963,305.9981001687185,519.4114510361529,2.1698819691500906,35.099999999999994,after
Austrian Grand Prix,2026-06-28,BOR,Audi,28,0.0,202.84304847814818,0.6555789222789248,0.38819444444444434,56.179300191704165,194.0886924893022,607.7229761804762,1.3201791704643455,26.0,0.7032357541334667,0.014444444444444446,56.94252825075924,303.0750421974726,650.4421947826585,2.527234731127186,28.6,after
Austrian Grand Prix,2026-06-28,BOR,Audi,29,0.0,,0.6760447890861071,0.32187499999999997,32.41814788018373,197.98559927621056,579.6467610172073,1.1925784547524692,32.1875,0.6772655602667177,0.014305555555555556,65.5123313817086,302.55527747505977,593.7259186465337,2.486286949311533,28.325,after
Austrian Grand Prix,2026-06-28,BOR,Audi,32,0.0,,0.6606881433436343,0.32187499999999997,43.02082018681812,205.4554765106811,536.1421274953668,1.1006349498948682,19.3125,0.6592935226299628,0.014305555555555556,71.79445806538452,302.54719098587145,552.189908813312,2.6597736932181566,28.325,after
Austrian Grand Prix,2026-06-28,BOR,Audi,35,0.0,,0.6273753645333527,0.3791666666666666,50.448873308092566,183.87098377445847,577.4876020017937,0.9417211354478413,19.5,0.6843983238942951,0.014444444444444446,64.90452182806483,304.4439351910681,607.302137091067,2.214905567464873,28.6,after
Austrian Grand Prix,2026-06-28,BOR,Audi,37,0.0,,0.6013498338553487,0.44166666666666665,77.39134745374332,196.95863433658982,617.19162054162,0.9583962916367339,0.0,0.7162164748096894,0.014722222222222222,65.36965588841224,314.4368804364964,671.9222166295325,2.339419189115496,42.39999999999999,after
Austrian Grand Prix,2026-06-28,BOR,Audi,38,0.0,222.14640125474375,0.5591709317240244,0.4068576388888888,81.46203317620134,195.68978946911201,459.9440012608704,1.315394783809437,27.25,0.6432899089928426,0.01513888888888889,95.75774921053828,320.9092173580332,487.62198873130137,2.3533229698479676,36.787499999999994,after
Austrian Grand Prix,2026-06-28,BOR,Audi,39,0.0,195.83172706490657,0.5817983033653623,0.4105902777777777,65.01763522525069,189.19317689572586,538.8165456684084,1.1254559746395232,20.625,0.6756592701538698,0.015277777777777777,86.91509066387033,323.39583521772477,560.2500245265325,2.0332338915382984,30.25,after
Austrian Grand Prix,2026-06-28,BOR,Audi,40,0.0,,0.6277853652349309,0.425,30.016469271264953,159.6919375749282,701.6037701529245,0.5891439927884363,12.75,0.736845283203578,0.014166666666666668,47.40769841801067,298.1428946705527,733.0777100334668,1.5691402888490715,40.79999999999999,after
Austrian Grand Prix,2026-06-28,BOR,Audi,41,0.0,291.42887445852193,0.8327160880595923,0.5902777777777777,203.80401188282679,294.75666534041306,976.5055077917347,2.071984150489161,75.00000000000006,0.7835677269160011,0.13020833333333331,47.40769841801067,233.60599340591608,1128.8764174817463,2.7486635333015177,299.99999999999994,after
Austrian Grand Prix,2026-06-28,BOR,Audi,42,0.0,,0.7635256455711869,0.4947916666666666,46.02512116365414,176.0222803796747,926.8354510681144,1.4345324004147402,41.5625,0.7551151249223809,0.1072048611111111,47.40769841801067,231.53573279851798,1015.7574652724484,2.1993059611085473,237.49999999999994,after
Austrian Grand Prix,2026-06-28,BOR,Audi,43,0.0,203.0820911312899,0.629159531437631,0.35546874999999994,55.156351405312165,201.73911082584343,535.4478897197024,1.136288978467878,13.125,0.6659675139571045,0.014583333333333334,77.06621788845001,310.1548477734366,558.6373645887714,2.555337727938306,28.875,after
Austrian Grand Prix,2026-06-28,BOR,Audi,46,0.0,,0.6523312738831805,0.3372395833333333,36.22721256405464,183.52297596011613,562.0731200849792,1.40562591982961,39.37499999999997,0.6699200010685208,0.014583333333333334,72.15961569412897,306.63161606811127,570.6646836675287,2.383443751693342,28.875,after
Austrian Grand Prix,2026-06-28,BOR,Audi,47,0.0,144.25600018998853,0.5957729589487317,0.3430555555555555,34.06822392140099,176.3726015405122,528.8887683960463,1.0201185265488266,6.5,0.6506945007128887,0.014444444444444446,76.59153902686131,304.33461427637235,530.4688141568638,1.7843636805039127,15.6,after
Austrian Grand Prix,2026-06-28,BOR,Audi,48,0.0,,0.5674658994631686,0.29505208333333327,45.80615009848537,193.99536847214821,385.51228895546717,1.148019754935779,12.875,0.5783125562534444,0.014305555555555556,101.38140948243255,303.7908041711381,369.0515352833088,2.070346439335636,21.8875,after
Austrian Grand Prix,2026-06-28,BOR,Audi,51,0.0,,0.5808368607609241,0.3895833333333333,52.337421972132596,176.8950631507264,541.0261040673747,0.9338483704583793,12.75,0.6636452832620116,0.014166666666666668,65.39212498060466,297.6679741223087,568.5229262773057,2.0803010852966626,40.79999999999999,after
Austrian Grand Prix,2026-06-28,BOR,Audi,53,0.0,162.61946163040105,0.6463216812797066,0.3844618055555555,61.53047869732746,198.62837952974573,573.6625965245337,1.1508231257504438,19.3125,0.6871357762900931,0.014305555555555556,61.68608194943278,302.1836036509654,617.7286906185091,2.70023258772519,28.325,after
Austrian Grand Prix,2026-06-28,BOR,Audi,54,0.0,172.77085364414046,0.5804649813241461,0.36111111111111105,73.011248294994,198.65337621010863,423.24564533223264,1.1319982254761283,19.5,0.5858734898745613,0.03611111111111111,89.87078852276669,294.9265099788632,446.36434632868475,2.640964291298064,35.099999999999994,after
Austrian Grand Prix,2026-06-28,BOR,Audi,55,0.0,,0.5719871806954294,0.3147569444444444,50.262352771780755,189.54760576750994,416.13960273649286,0.8864313167057914,6.125,0.5916669166569065,0.017013888888888894,80.67290201160348,287.7563228415208,425.901755415255,2.2552877006184002,26.95,after
Austrian Grand Prix,2026-06-28,BOR,Audi,56,0.0,,0.5895999967928042,0.4072916666666666,59.190370344203636,181.76761393468462,582.0126248155326,0.9063024190015879,19.125,0.6875383986035064,0.014166666666666668,59.02524002445596,299.6636795356832,620.7637898548538,1.929975343401334,34.42499999999999,after
Austrian Grand Prix,2026-06-28,BOR,Audi,57,0.0,,0.6357306644453955,0.3609374999999999,43.48263990754132,176.64726253146608,549.141487819495,0.5514696001729569,6.187499999999972,0.6729972527686408,0.01375,55.57466479452693,291.1237032635512,580.554159698925,2.262219759759288,27.225,after
Austrian Grand Prix,2026-06-28,BOR,Audi,58,0.0,,0.6281457167164413,0.3682291666666666,50.29332233620461,186.60903418182895,559.804585452478,0.9169513984426186,12.625,0.6731609449039146,0.014027777777777778,61.267671059715965,296.8740017760861,593.048293019871,2.299869098570346,34.08749999999999,after
Austrian Grand Prix,2026-06-28,BOR,Audi,59,0.0,,0.6347364399007309,0.3913194444444444,51.62354466653256,182.5335072239678,594.7297098249173,0.8410979487449465,18.375,0.7003597413083155,0.013611111111111112,47.40769841801067,289.39531980093733,641.5063750539891,2.1475217753657434,33.07499999999999,after
Austrian Grand Prix,2026-06-28,BOR,Audi,61,0.0,,0.627210141657255,0.42916666666666664,67.57525346466045,186.57747034839906,609.650941304566,0.7965130563036049,6.4375,0.7069422444815965,0.014305555555555556,50.6049406973432,298.03472626590195,663.8235623312726,2.42277601008368,41.19999999999999,after
Austrian Grand Prix,2026-06-28,BOR,Audi,63,0.0,,0.6059996811096566,0.39062499999999994,45.16538130676407,174.3717342880434,587.0539819778205,0.9482966102907289,12.5,0.6935868763318696,0.013888888888888888,52.105390219777796,294.8607969359321,620.7615389057311,2.012122229750334,39.99999999999999,after
Austrian Grand Prix,2026-06-28,BOR,Audi,64,0.0,,0.6553082682516437,0.4382812499999999,39.485399146319615,163.01408163831604,704.2385360086768,1.122441125287075,30.9375,0.7507387978314842,0.01375,47.40769841801067,289.9362254414646,749.170045752522,1.6305038300811596,27.225,after
Austrian Grand Prix,2026-06-28,BOR,Audi,65,0.0,,0.6600156263059409,0.38671874999999994,36.93841583804925,171.22603667239926,649.6125405368987,0.9117138518416712,24.75,0.7240955286364551,0.01375,47.40769841801067,292.36377470318445,690.4771292483249,1.9749712385870826,27.225,after
Austrian Grand Prix,2026-06-28,BOR,Audi,66,0.0,,0.6823113718163364,0.38819444444444434,59.44078529108564,197.64380355235141,616.8937963253477,1.0262168440338253,19.5,0.7096565367237119,0.014444444444444446,54.37498925528541,302.7547771085845,666.2364460053907,2.912802937425296,35.099999999999994,after
Austrian Grand Prix,2026-06-28,BOR,Audi,69,0.0,,0.7945109940423675,0.3452256944444444,0.0021404590606362065,171.31493071742614,807.066151246845,1.4626374269207794,30.31249999999997,0.7993243040541368,0.013472222222222224,47.40769841801067,285.87265597332345,856.1498340615991,2.6510157363391844,26.674999999999997,after
Austrian Grand Prix,2026-06-28,BOR,Audi,70,0.0,,0.6674224089544865,0.4166666666666667,38.272924117544555,170.87665340095714,707.9366410246505,0.9475715195139981,18.75,0.7547072325553517,0.013888888888888888,47.40769841801067,295.16681518539843,755.6189860661134,1.935551341415804,33.74999999999999,after
Austrian Grand Prix,2026-06-28,HUL,Audi,2,0.0,,0.8364676951357548,0.4967881944444444,0.001570061507736128,140.93879319321545,1063.5350696309774,0.6753710316428693,12.125,0.9265573312626487,0.013472222222222224,47.40769841801067,282.2086052339893,1127.1427199944021,1.1899759715325646,38.79999999999999,after
Austrian Grand Prix,2026-06-28,HUL,Audi,3,0.0,,0.8626537367130543,0.5189236111111111,0.0009911200431914542,141.62593352141403,1135.4303856931092,0.9049042937679929,18.375,0.9326118203403684,0.034027777777777775,47.40769841801067,274.9955700822389,1204.8567836101613,1.3382396718398006,63.7,after
Austrian Grand Prix,2026-06-28,HUL,Audi,4,0.0,,0.6800376755729676,0.42881944444444436,1.766299288015482,140.88183138985048,825.588683775442,0.5591208593242413,17.8125,0.7170245989229133,0.08246527777777776,47.40769841801067,246.84783502453027,868.5976281343249,1.3752499615158342,71.24999999999999,after
Austrian Grand Prix,2026-06-28,HUL,Audi,5,0.0,,0.7694863129657604,0.47829861111111105,15.521442400710272,155.70347482185753,968.3180763084712,0.900403870430709,29.6875,0.7823428567385428,0.09071180555555555,47.40769841801067,238.83695490170484,1041.3193141163742,1.680433322478763,71.25,after
Austrian Grand Prix,2026-06-28,HUL,Audi,6,0.0,,0.7858008477132464,0.4711805555555555,13.637220964993636,155.04048976682813,965.9923704563278,1.1015921305781837,34.5,0.8420873890546983,0.047916666666666656,47.40769841801067,252.48913952958705,1036.418510153756,1.6394636684968442,46.0,after
Austrian Grand Prix,2026-06-28,HUL,Audi,7,0.0,,0.7903808629985197,0.475,30.92831499282153,176.5584619312509,970.1970515103638,0.6009273329568305,18.0,0.8925422480278126,0.013333333333333332,47.40769841801067,282.3232979299287,1055.4083281166286,1.8144461861424759,62.4,after
Austrian Grand Prix,2026-06-28,HUL,Audi,9,0.0,,0.7542293626117952,0.49973958333333335,71.12837962658503,200.7121712498715,902.1247074519842,0.6982413493050313,18.9375,0.8537167765669865,0.014027777777777778,47.40769841801067,293.80177896671313,996.86899702439,1.938062136764065,40.39999999999999,after
Austrian Grand Prix,2026-06-28,HUL,Audi,10,0.0,,0.8792064574049452,0.49583333333333324,23.003388988476885,161.14926966647482,1073.910199821927,0.5834102345990644,31.5,0.941663655179055,0.021875,47.40769841801067,238.0374710616463,1143.5963445079824,1.0108570665961165,33.6,after
Austrian Grand Prix,2026-06-28,HUL,Audi,11,0.0,,0.6984443719510489,0.3793402777777778,0.6448281286194562,156.92452813950268,800.3525271420132,0.7531802661539778,17.8125,0.7925432663093325,0.013194444444444444,47.40769841801067,282.9739690364332,842.1334986563687,1.4746545346295175,26.125,after
Austrian Grand Prix,2026-06-28,HUL,Audi,12,0.0,,0.714346086727805,0.35729166666666656,8.281480046738265,173.27793542901932,744.6031165541064,0.9624429562627365,24.5,0.7664304495572833,0.013611111111111112,47.40769841801067,290.494905553163,783.3807876489047,2.196680638658904,39.19999999999999,after
Austrian Grand Prix,2026-06-28,HUL,Audi,13,0.0,,0.7236688396948847,0.4640625,42.84800255739522,176.19031395339925,846.6533590755787,0.7816578743309747,24.750000000000057,0.7829827495423479,0.04296875,47.40769841801067,274.2762116093599,920.8896151541244,1.9805830253953272,64.35,after
Austrian Grand Prix,2026-06-28,HUL,Audi,14,0.0,,0.5919982972529121,0.35729166666666656,26.88614333285239,172.89296160926293,595.7917979417756,0.8790562276453235,6.124999999999972,0.6900096063837282,0.013611111111111112,49.88107092361418,291.38443315791903,615.6393520095131,1.4110797868662752,20.825,after
Austrian Grand Prix,2026-06-28,HUL,Audi,15,0.0,313.93170076491947,0.7436399842099418,0.44270833333333326,48.29696104464678,193.60882620104385,857.9843701383007,1.266039743882602,31.875,0.8297809975563141,0.014166666666666668,47.40769841801067,300.2061248643493,943.769279578769,2.368613121157121,34.42499999999999,after
Austrian Grand Prix,2026-06-28,HUL,Audi,16,0.0,453.9962124684911,0.7068890625853701,0.4375,64.12069321756438,204.50598139055506,758.3787348026204,1.3985393828366304,39.375,0.7836382603387595,0.014583333333333334,47.446264550409985,309.45620422548984,833.0696182192892,2.7183647614705153,41.99999999999999,after
Austrian Grand Prix,2026-06-28,HUL,Audi,19,0.0,199.0973510037045,0.5681358587360908,0.4031249999999999,82.82411022969829,207.6134230057534,482.6396133506897,1.028769042802953,13.5,0.6555250468202051,0.015000000000000001,92.02676530491233,321.4605316919841,518.0258161912371,2.499914675651753,43.19999999999999,after
Austrian Grand Prix,2026-06-28,HUL,Audi,23,0.0,,0.6254568529514123,0.41206597222222224,26.780703891898824,160.39696554876335,687.9681821758479,0.45292558873549493,6.3125,0.7289289302681757,0.014027777777777778,47.40769841801067,295.399133172573,717.1686799852163,1.4290868592324104,40.39999999999999,after
Austrian Grand Prix,2026-06-28,HUL,Audi,27,0.0,256.8923144857522,0.6122652393880688,0.42395833333333327,102.79219047929541,222.2860003544691,475.6369604553462,1.2724424771485559,20.8125,0.6642045492759536,0.015416666666666665,92.09115935470906,324.56275160129286,528.8020365941669,3.132772938340548,23.5875,after
Austrian Grand Prix,2026-06-28,HUL,Audi,28,0.0,169.99613344935128,0.6297246147161433,0.38819444444444434,63.08373481627691,199.2606907032405,577.4132554134907,1.0146061863906255,6.5,0.6912014780364915,0.014444444444444446,63.56191371389963,305.4824310266717,621.337620191838,2.590732095919365,35.099999999999994,after
Austrian Grand Prix,2026-06-28,HUL,Audi,29,0.0,166.5586282075585,0.8216243784101297,0.2643229166666667,35.28936256339792,251.91680677415962,575.6595425753873,1.870081857266789,39.375,0.6765254653093457,0.014583333333333334,73.99587444749497,310.779787305766,582.6374872893502,4.121461216699365,35.43749999999999,after
Austrian Grand Prix,2026-06-28,HUL,Audi,31,0.0,181.6106843999147,0.6383905495151573,0.3622395833333333,59.48960276768638,207.92616246365165,545.9622490766293,1.4312106688168815,6.6875,0.6756690798033513,0.014861111111111113,79.60622791017713,316.0904058413501,571.5472216459204,2.769936025890558,29.424999999999997,after
Austrian Grand Prix,2026-06-28,HUL,Audi,32,0.0,236.66752096116332,0.6238150690327349,0.37847222222222215,85.5400281578196,225.02469203719124,470.2291310124574,1.5230665132100267,20.4375,0.6516874223782115,0.01513888888888889,94.34091235516706,322.4315101875411,505.2096924579065,3.199976825574932,36.787499999999994,after
Austrian Grand Prix,2026-06-28,HUL,Audi,33,0.0,240.86138604349958,0.5781196243772775,0.39149305555555547,81.63250784209026,207.26499012544897,444.70952719101615,1.3750865297638084,27.5,0.5832180066037554,0.057291666666666664,99.35088565819915,303.4771879695136,468.9811327239306,2.6838308420355204,20.624999999999993,after
Austrian Grand Prix,2026-06-28,HUL,Audi,34,0.0,277.8064035745425,0.584064960996319,0.4105902777777777,94.98481574567732,214.49737099594822,449.15594366657115,1.20652386584562,20.625,0.6458896015593053,0.015277777777777777,97.28232579264024,323.3436863383971,488.7343791153172,2.8064999341875114,43.99999999999999,after
Austrian Grand Prix,2026-06-28,HUL,Audi,36,0.0,239.03994631545672,0.6106283395826393,0.39505208333333325,78.4338131233003,205.50759992964618,491.3007529505525,1.7061832711455842,13.875,0.6597423088420021,0.015416666666666665,94.58197333268156,325.4917814273823,516.9820542888677,2.7690182931838674,23.5875,after
Austrian Grand Prix,2026-06-28,HUL,Audi,38,0.0,162.40214179146878,0.5646102691735971,0.39843749999999994,52.91046640496575,179.8966275145109,557.5970362470166,1.0195361931287765,19.125,0.6719319841995246,0.014166666666666668,65.37439600104142,300.550590470875,584.8321214327849,1.5680272676180327,28.049999999999997,after
Austrian Grand Prix,2026-06-28,HUL,Audi,39,0.0,234.51805215617927,0.6031448207527086,0.4105902777777777,83.98684201420706,211.94842581977744,521.3568314094679,1.545611900432506,20.625,0.6769453969113869,0.015277777777777777,87.44643610611611,324.3773250251015,561.0300765508988,2.788826741617901,37.12499999999999,after
Austrian Grand Prix,2026-06-28,HUL,Audi,40,0.0,247.93949986249476,0.5844905921964161,0.42395833333333327,105.60183055207477,220.12225725900274,438.71929657063646,1.7021817011760292,27.75,0.6470496366556839,0.015416666666666665,100.68742699408884,327.15479982357823,486.76066276862014,3.275774822845087,44.39999999999999,after
Austrian Grand Prix,2026-06-28,HUL,Audi,41,0.0,303.4454396537263,0.5910222364938821,0.45286458333333335,135.57487787115974,243.3393256986465,424.42147529065005,1.5775629118868533,34.68750000000006,0.6523151119084704,0.015416666666666665,97.40017079298838,325.71045996095296,500.4949636179736,3.449225104561554,37.46249999999999,after
Austrian Grand Prix,2026-06-28,HUL,Audi,42,0.0,250.76713074242124,0.6055228206465363,0.4068576388888888,85.50415181526989,205.6682572240401,495.62804866633866,1.32435101207863,20.4375,0.6633584004976151,0.01513888888888889,94.60289722328335,322.05912772223513,536.2103629187575,2.876891914359184,23.1625,after
Austrian Grand Prix,2026-06-28,HUL,Audi,43,0.0,221.93885760111263,0.6018477242540632,0.4031249999999999,82.73660237463925,203.43904338382455,480.15543482380997,1.555674065177213,27.0,0.6519840028613024,0.015000000000000001,86.36114223010391,314.55554323155974,516.607994121447,2.7701434397435545,43.19999999999999,after
Austrian Grand Prix,2026-06-28,HUL,Audi,44,0.0,271.79301164408787,0.6367179250649365,0.4143229166666666,97.39311100338078,218.149977324105,492.44934668646977,1.9192800390329081,13.875,0.6687149127417455,0.015416666666666665,90.77665390775782,324.82687336736876,540.5223167811539,3.412596045680901,30.525,after
Austrian Grand Prix,2026-06-28,HUL,Audi,47,0.0,239.7431054518908,0.6172296856138683,0.4143229166666666,83.24785509633345,203.89847406397732,517.3063188963129,1.2329112595620155,27.75,0.6743138517099978,0.015416666666666665,89.9418395462177,325.9516876447169,553.6796324041902,2.749828426436582,30.525,after
Austrian Grand Prix,2026-06-28,HUL,Audi,48,0.0,163.50594724329548,0.6239438426971597,0.39192708333333326,59.00475405205368,190.36696338236857,557.2805911579977,0.814012580056276,6.5625,0.6779327092550788,0.014583333333333334,69.1890663233668,306.46551456264433,590.3292989615304,2.3151414172689275,35.43749999999999,after
Austrian Grand Prix,2026-06-28,HUL,Audi,49,0.0,189.2964355097461,0.6488585231495559,0.38645833333333324,72.96126382935898,202.44833369561687,533.4191500105203,1.3812964608534068,19.875,0.6732970937653684,0.014722222222222222,73.93466158276759,309.58864440064656,575.1283651784735,2.9881757550192445,29.15,after
Austrian Grand Prix,2026-06-28,HUL,Audi,50,0.0,,0.616196076580292,0.3656249999999999,18.800568950973116,156.8315673026438,652.944184423482,0.8373052232939269,30.375,0.6618654946035613,0.05625,47.40769841801067,218.4675875999813,706.5951739322481,1.5961281500355466,40.5,after
Austrian Grand Prix,2026-06-28,HUL,Audi,52,220.0,,0.5675294666318663,0.7819444444444444,6.950456880433021e-06,81.90618309556466,938.6166930926082,2.747786949139822,28.000000000000057,0.5653414786777045,0.6458333333333334,47.40769841801067,66.29835919408235,959.693892898592,2.749716214915368,140.00000000000003,after
Austrian Grand Prix,2026-06-28,HUL,Audi,53,0.0,,0.6293940984011367,0.40711805555555547,2.044937709556955,123.54952232755788,725.2365349212082,0.6938436108625471,48.12500000000006,0.6264172412603551,0.14583333333333334,47.40769841801067,146.3856959930535,763.1700260390197,0.8486818222316386,104.99999999999999,after
Austrian Grand Prix,2026-06-28,HUL,Audi,54,0.0,305.63584388721245,0.7112819430925502,0.4861111111111111,94.36435877571789,208.2187389130689,729.8258725333009,1.0403083809214464,25.0,0.7859399043011701,0.013888888888888888,47.40769841801067,291.08932565665333,824.8898158792165,2.4721539848003355,39.99999999999999,after
Austrian Grand Prix,2026-06-28,HUL,Audi,55,0.0,203.00867527649407,0.5592261793790995,0.4152777777777778,59.47691048532371,170.45509053557223,522.1536218199393,0.9086055470679546,19.5,0.6212214022439583,0.04513888888888889,70.52221313403477,287.94970391942013,548.966030590005,1.968632419422485,41.599999999999994,after
Austrian Grand Prix,2026-06-28,HUL,Audi,56,0.0,,0.6065373118502414,0.4010416666666666,40.28011127850367,162.02901503733042,589.1907099590986,0.7999476307901034,13.125,0.6843565715490719,0.014583333333333334,63.803800875033495,303.32860091720863,606.9637497467793,1.5737784295849657,28.875,after
Austrian Grand Prix,2026-06-28,HUL,Audi,57,0.0,,0.6834823553419411,0.4036458333333333,46.574789880721625,183.78095224822874,700.6600967434015,0.7443717340088588,17.4375,0.7579831891436336,0.012916666666666668,47.40769841801067,275.112068135912,770.4917738351575,2.155093636351117,31.3875,after
Austrian Grand Prix,2026-06-28,HUL,Audi,58,0.0,,0.746707940387569,0.35416666666666663,26.90848006794108,186.19861038225116,699.4912183992054,1.7023042644248656,38.24999999999997,0.7388060937723656,0.014166666666666668,47.40769841801067,297.6025530175999,737.9387991396503,3.00926231312258,34.42499999999999,after
Austrian Grand Prix,2026-06-28,HUL,Audi,59,0.0,,0.7333790601453158,0.40729166666666666,49.78277040502846,185.61590724600936,706.2916020188751,0.7509333856644785,12.75,0.7524488244034281,0.014166666666666668,47.40769841801067,295.73591806390056,768.9632421549169,2.7518063522385297,34.42499999999999,after
Austrian Grand Prix,2026-06-28,HUL,Audi,60,0.0,,0.6337702422348633,0.4123263888888888,27.507837012957825,157.36124284562084,685.0302998550351,0.40011946578697927,5.9375,0.7375656486374738,0.013194444444444444,47.40769841801067,279.7850776957391,726.1258434447166,1.4918761351632182,38.0,after
Austrian Grand Prix,2026-06-28,HUL,Audi,62,0.0,,0.7265584466340412,0.5240277777777778,0.0008337896741325329,69.2074761739947,919.4968099616594,1.3326657953849406,21.17500000000001,0.7168711099895198,0.44114583333333324,47.40769841801067,47.75689767026422,938.223680329264,1.2468865956360926,269.5,after
Austrian Grand Prix,2026-06-28,HUL,Audi,63,0.0,,0.531072445195811,0.29999999999999993,26.16628802095171,164.86006431219127,435.36587347461705,1.00684548441874,18.0,0.5882063699643,0.01666666666666667,76.48031167263252,282.3525411601375,426.4087979343255,1.3198452181858091,20.4,after
Austrian Grand Prix,2026-06-28,HUL,Audi,64,0.0,,0.6130254413891556,0.35234374999999996,28.499279215438545,169.27181560368246,590.1109409939554,1.363042241259536,30.93749999999997,0.68778663501391,0.01375,52.909327588837364,293.63464984370586,609.5203638823054,2.057069610881381,39.599999999999994,after
Austrian Grand Prix,2026-06-28,HUL,Audi,65,0.0,,0.6915986119536773,0.3238715277777777,17.745008459502348,177.41801327151606,642.9423398015477,1.2604370767765198,34.125,0.7167478791103017,0.012638888888888889,47.40769841801067,270.8364437448147,687.3606119599777,2.4146484001815587,30.7125,after
Austrian Grand Prix,2026-06-28,HUL,Audi,67,0.0,,0.60715136742616,0.365798611111111,41.43820847087751,171.44426260598166,556.1980205754118,1.0886766348442816,12.25,0.6750234839945383,0.013611111111111112,52.36031404057476,288.6185334386632,586.4106613367067,2.048948415142027,26.95,after
Austrian Grand Prix,2026-06-28,HUL,Audi,69,0.0,,0.6686176130680495,0.47829861111111105,55.08162392327508,171.24415021372155,767.959903073273,0.9975323514097428,29.6875,0.6789102868868223,0.09895833333333333,47.40769841801067,235.34032705878474,836.2037037198402,1.7967375306254825,71.25,after
Austrian Grand Prix,2026-06-28,HUL,Audi,70,0.0,,0.6099012371929194,0.3559027777777777,41.000917373440465,178.4194679390237,543.0787388313199,1.2464245611535278,18.74999999999997,0.6687688489328367,0.013888888888888888,61.340076481601706,295.4091736080946,565.9883005722832,2.3184088612056195,33.74999999999999,after
Austrian Grand Prix,2026-06-28,GAS,Alpine,2,0.0,411.23290311017064,0.8926060092146786,0.5555555555555555,237.70495099241677,345.4334124267998,941.4190887881986,0.8790407594879105,18.75,0.9351542453734754,0.013888888888888888,47.40769841801067,290.7721318559055,1152.763821664637,3.3167900073837173,65.0,after
Austrian Grand Prix,2026-06-28,GAS,Alpine,3,0.0,449.1801200512154,0.9013692868849489,0.5633680555555555,187.96544073240577,308.1751783808251,969.3394632693364,1.256910402801319,20.625,0.9277674607450505,0.015277777777777777,47.5939239992883,318.10550021504713,1172.7679677988635,4.082008939697858,43.99999999999999,after
Austrian Grand Prix,2026-06-28,GAS,Alpine,4,0.0,,0.9136015062088753,0.5005208333333333,4.792598990490926,154.1912097973192,1145.1222883144007,1.316831774412456,40.6875,0.9854563798795183,0.012916666666666668,47.40769841801067,270.4679912827794,1236.5714780978803,1.881108622109766,60.45,after
Austrian Grand Prix,2026-06-28,GAS,Alpine,5,0.0,,0.9064761047969218,0.5489583333333332,0.009628465723667249,145.4420860498551,1265.129743373672,1.432199084323692,38.25,0.9182315408220962,0.08854166666666667,47.40769841801067,260.4530104493317,1345.899643126397,1.7873153047338,76.5,after
Austrian Grand Prix,2026-06-28,GAS,Alpine,6,0.0,,0.8462049726394586,0.4965277777777778,0.0013828356002519163,143.54382612554394,1090.7781684284773,0.8414781895975741,13.0,0.9240700389422505,0.014444444444444446,47.42896367438686,299.36626062295346,1157.4614097764938,1.4801409690594325,35.099999999999994,after
Austrian Grand Prix,2026-06-28,GAS,Alpine,7,0.0,,0.8389496604548297,0.4965277777777778,12.259654082370325,158.5276323290419,1105.877743985741,0.6477472375028787,13.0,0.9347239700706044,0.014444444444444446,47.50102745561476,302.32028261542916,1185.3123441228788,1.8585811802942995,41.599999999999994,after
Austrian Grand Prix,2026-06-28,GAS,Alpine,8,0.0,,0.8195606897324715,0.47152777777777777,0.0016929065177089856,151.92437844001543,1057.3055889602672,1.0558116302839688,24.25,0.9245662899753295,0.013472222222222224,47.40769841801067,285.5559875361952,1126.9123893739993,1.2939388259514248,20.612499999999997,after
Austrian Grand Prix,2026-06-28,GAS,Alpine,9,0.0,,0.8365365336108844,0.5030381944444444,14.268810697377605,162.0345555694646,1101.546957401238,0.9970205516550672,29.6875,0.951542163803371,0.013194444444444444,47.40769841801067,279.4672953238559,1178.9946398807904,1.4600667223641735,38.0,after
Austrian Grand Prix,2026-06-28,GAS,Alpine,10,0.0,,0.7403633691314161,0.45,0.0007242016629199988,146.37266341170277,942.3246870426613,0.8746836183363849,12.0,0.8639779896617573,0.013333333333333332,47.40769841801067,283.7488565023088,995.2165579213831,1.049117772553569,26.4,after
Austrian Grand Prix,2026-06-28,GAS,Alpine,11,0.0,,0.9595420211206854,0.7285590277777778,507.70760836215555,391.50812657755966,1369.6669714020807,2.4510659397502184,70.85000000000008,0.8965542559160917,0.5109375,47.40769841801067,117.47245631538574,1524.3081245590097,2.0690511036377606,354.24999999999994,after
Austrian Grand Prix,2026-06-28,GAS,Alpine,12,0.0,,0.7691568501900464,0.6286458333333332,19.587289919035747,127.47711802207314,1175.6411017419914,0.6794934447609643,44.62500000000006,0.7618195548500005,0.425,47.40769841801067,134.18849519004883,1197.42018749141,0.7102103446724223,229.5,after
Austrian Grand Prix,2026-06-28,GAS,Alpine,18,0.0,,0.6176554327648976,0.36302083333333324,22.966530108486985,167.17224038467577,619.6736899616225,0.6773389500255422,19.12499999999997,0.6927652676884769,0.014166666666666668,55.23621410085497,297.70405779182187,632.9036764823068,1.5600390961123833,34.42499999999999,after
Austrian Grand Prix,2026-06-28,GAS,Alpine,19,0.0,,0.6112379242007272,0.39149305555555547,41.767447914287125,177.85370266587057,595.4477811030899,0.8689426187054204,27.5,0.6935057216178871,0.015277777777777777,79.69990000866417,322.4269025749246,604.5471210899369,1.7329784951033462,37.12499999999999,after
Austrian Grand Prix,2026-06-28,GAS,Alpine,20,0.0,,0.6284638463743348,0.3901041666666666,40.562603705951915,179.049238506564,622.9114072726396,0.8118844948783597,20.0625,0.704665490864884,0.014861111111111113,67.94629488262056,314.5792166853299,642.9468083113927,1.8426528711858559,29.424999999999997,after
Austrian Grand Prix,2026-06-28,GAS,Alpine,21,0.0,,0.6693455633902333,0.3588541666666666,0.5294206885800481,155.1246256888351,732.3195747770251,0.7195514430427907,13.25,0.7416680826127603,0.014722222222222222,48.77508216323066,308.35891107769675,733.4250847673652,1.3363779701943537,22.525,after
Austrian Grand Prix,2026-06-28,GAS,Alpine,23,0.0,,0.8123346075034356,0.42960069444444443,3.5546768524719323,156.98522932810604,946.3766185042394,0.7268680979012186,12.625,0.8600579479187147,0.014027777777777778,47.40769841801067,291.9859169555437,1010.3785190235385,2.093019898980465,34.08749999999999,after
Austrian Grand Prix,2026-06-28,GAS,Alpine,27,0.0,,0.6665333675595203,0.34366319444444443,28.742172476286516,185.35094919327955,606.3149557429161,0.8475673219410178,20.06249999999997,0.6910479034999994,0.014861111111111113,70.06187700887003,311.9286432338698,611.8994337159174,2.125786707943894,29.424999999999997,after
Austrian Grand Prix,2026-06-28,GAS,Alpine,28,0.0,,0.6540975314004643,0.36111111111111105,24.50791107043908,174.35055524863608,650.7189248514017,1.2278918207823413,32.5,0.7111100675070836,0.014444444444444446,54.41836840830641,303.30689203578567,668.3047771121741,2.314952732472045,41.599999999999994,after
Austrian Grand Prix,2026-06-28,GAS,Alpine,29,0.0,204.3004425183675,0.6332225650855887,0.4031249999999999,50.81583801776553,184.34184363759007,616.8910319879118,0.8574870881122116,13.5,0.7069323665776456,0.015000000000000001,68.26497274545775,315.6913010476337,645.1019802594278,2.0856459120706083,36.44999999999999,after
Austrian Grand Prix,2026-06-28,GAS,Alpine,30,0.0,,0.7123881634820313,0.39374999999999993,41.251252052605786,187.83640980310486,710.6899192115752,0.9235198649366687,20.25,0.7508692798248705,0.015000000000000001,52.15373574992354,314.95798368862825,749.5808607205828,2.548558299308113,29.7,after
Austrian Grand Prix,2026-06-28,GAS,Alpine,31,0.0,,0.6676379555476091,0.3576388888888888,33.42097336994265,185.7505034128834,623.054179565747,1.0877385654004705,25.75,0.7006447437141546,0.014305555555555556,56.29084510480666,301.5165054047608,648.1121924256597,2.2557669094378556,28.325,after
Austrian Grand Prix,2026-06-28,GAS,Alpine,32,0.0,,0.6566213765751545,0.39192708333333326,37.21249731682689,180.55501480048255,664.6830346532254,0.760150016713325,13.125,0.7240634329909498,0.014583333333333334,53.62339352064233,307.0455950674748,695.5326105241883,1.9973652389683323,28.875,after
Austrian Grand Prix,2026-06-28,GAS,Alpine,33,0.0,,0.6571182379777135,0.40624999999999994,42.002506251590056,182.03942206910676,678.6407402946998,0.6900640563233292,13.0,0.7327012021254112,0.014444444444444446,47.40769841801067,303.85311916190454,718.3431303324655,1.9633379208633317,28.6,after
Austrian Grand Prix,2026-06-28,GAS,Alpine,34,0.0,,0.6190725798297776,0.41015624999999994,44.229869350383616,173.97005674551286,634.1790900736246,0.7210691041752865,19.6875,0.7102369660323101,0.014583333333333334,58.19363021768321,306.77656832899174,663.8680981460298,1.7547085017311181,28.875,after
Austrian Grand Prix,2026-06-28,GAS,Alpine,35,0.0,,0.6509503126786957,0.3895833333333333,42.37541687126491,181.45838798716665,643.653151852487,0.7958248378052661,12.75,0.7145370270011743,0.014166666666666668,47.40769841801067,297.49565786842163,682.4102880531176,2.0943454373498662,34.42499999999999,after
Austrian Grand Prix,2026-06-28,GAS,Alpine,36,0.0,,0.6404830996997489,0.37552083333333325,32.596486365035624,174.29406683458313,633.7579979639967,0.9021170486792589,19.3125,0.7052227400552252,0.014305555555555556,54.25819149708922,301.08615051641806,658.4355202553176,2.016346824656792,34.76249999999999,after
Austrian Grand Prix,2026-06-28,GAS,Alpine,37,0.0,,0.687379084455362,0.3718749999999999,34.37796977034482,183.6387975005467,684.9790165238313,0.7812019737975343,12.75,0.7339453960403408,0.014166666666666668,47.40769841801067,300.7374104507386,725.5333566768039,2.407421646696672,34.42499999999999,after
Austrian Grand Prix,2026-06-28,GAS,Alpine,40,0.0,,0.7201499593342952,0.41927083333333326,25.769736897944057,173.64297378501374,808.6772523751404,0.6812034755046611,13.125,0.7926156139575093,0.014583333333333334,47.399432522444776,307.00572046663956,854.9698151562682,2.115638899107656,35.43749999999999,after
Austrian Grand Prix,2026-06-28,GAS,Alpine,41,0.0,,0.7499228278938207,0.3844618055555555,15.638908605716104,173.25811984484397,789.4693482457201,0.6389820851710686,6.4375,0.7811919186734699,0.014305555555555556,47.40769841801067,299.8410685250547,831.8152003673072,2.2805410539206936,28.325,after
Austrian Grand Prix,2026-06-28,GAS,Alpine,42,0.0,215.73142431901036,0.7474058435093787,0.4636284722222222,53.771497417095,185.96858490959525,821.5259236058492,1.134014042137943,27.25,0.8092884652677129,0.01513888888888889,47.46104382247433,316.6965224659205,887.8533608272345,2.4869001836131757,36.787499999999994,after
Austrian Grand Prix,2026-06-28,GAS,Alpine,43,0.0,506.475301199536,1.0,0.67375,286.58381901690194,208.48197193056453,1238.2901494331516,5.161140531247601,64.35000000000002,0.975192482802519,0.11171875,47.40769841801067,236.24471220281836,1452.6609379127324,3.5205531735006588,420.75,after
Austrian Grand Prix,2026-06-28,GAS,Alpine,44,0.0,,0.6484326681621642,0.3472222222222222,12.117667643089757,162.78933841681257,652.2489373295134,0.9423180864001095,24.99999999999997,0.7146081265656221,0.013888888888888888,47.40769841801067,296.9811496765896,666.3705372973149,1.724936709072951,21.25,after
Austrian Grand Prix,2026-06-28,GAS,Alpine,45,0.0,,0.7423486186848465,0.43333333333333335,25.958537248778313,167.65003621397426,820.1129940283494,0.6556311719502561,13.0,0.7993939380401817,0.014444444444444446,47.40769841801067,300.9640727751045,872.1628586328595,2.099429298175516,41.599999999999994,after
Austrian Grand Prix,2026-06-28,GAS,Alpine,46,0.0,,0.7530688553779378,0.41406249999999994,25.078755491798336,165.92260116429944,791.1554161258547,0.7184025267810035,13.25,0.7844312474109302,0.014722222222222222,47.412108838038584,306.4220255409892,834.878510835193,2.2470854611684397,29.15,after
Austrian Grand Prix,2026-06-28,GAS,Alpine,48,0.0,,0.8304623439904391,0.5428819444444444,1.9299824630044844,138.96894364770316,1165.4483470162559,0.9752872973572985,13.25,0.8455356935480107,0.10121527777777778,47.40769841801067,265.78354769036184,1229.9054293821232,1.6331091355391218,72.875,after
Austrian Grand Prix,2026-06-28,GAS,Alpine,49,0.0,,0.7029809122790768,0.37552083333333325,13.288110307194062,160.2814387249011,717.7923139647253,0.6509015609704228,12.875,0.7411421738955697,0.014305555555555556,47.40769841801067,298.84403061095423,741.5093169832262,1.8903575406845916,28.325,after
Austrian Grand Prix,2026-06-28,GAS,Alpine,50,0.0,,0.7507317055949816,0.6817708333333333,319.3184197891941,265.53832302655485,1059.80177776829,0.9851931641442012,40.80000000000007,0.7356698783738344,0.4869791666666667,47.40769841801067,98.24265188035169,1124.8580216070961,1.1624721076393933,51.00000000000006,after
Austrian Grand Prix,2026-06-28,GAS,Alpine,53,0.0,,0.930620719149495,0.5112847222222221,0.8650837021464461,133.21733709329777,1068.6706515357293,0.9101172806263683,23.75,0.9389300789267878,0.013194444444444444,47.40769841801067,270.8738135810413,1140.2999811254645,1.4563760002810502,38.0,after
Austrian Grand Prix,2026-06-28,GAS,Alpine,54,0.0,,0.8294795627195501,0.3682291666666666,0.0010393303841890892,160.4905954472543,821.3234379775553,0.9519595740542056,18.9375,0.7944310370548812,0.014027777777777778,47.40769841801067,289.37983696062577,863.4460938656309,2.5518235399699156,27.775,after
Austrian Grand Prix,2026-06-28,GAS,Alpine,55,0.0,,0.7660125921879078,0.4010416666666666,0.00042644242438656064,146.62738162947616,835.188083318698,0.7908296176159962,13.125,0.7967412337743304,0.014583333333333334,47.40769841801067,302.0423589018127,865.0277380772422,1.7771969322922936,28.875,after
Austrian Grand Prix,2026-06-28,GAS,Alpine,56,0.0,,0.9722934560147941,0.5328124999999999,5.378962333794811,140.2921346707121,1168.7196557212424,0.9357261828256707,30.9375,0.9856293073312196,0.01375,47.40769841801067,283.265856255204,1254.4459896387057,1.7030120845107382,39.599999999999994,after
Austrian Grand Prix,2026-06-28,GAS,Alpine,59,0.0,,0.6875919876222082,0.3364583333333333,9.672353016015807,169.89711669832386,667.0851656879372,0.9489506620027813,25.5,0.7122654151613468,0.014166666666666668,47.40769841801067,296.7005937244821,678.3481609379718,1.9318090956050205,21.674999999999997,after
Austrian Grand Prix,2026-06-28,GAS,Alpine,60,0.0,245.32876382847823,0.7363716928223121,0.42725694444444434,34.031273484178264,168.0198715944293,773.8967836391618,0.6833174716257836,13.375,0.7789330644519573,0.014861111111111113,47.42839495471711,309.52001919340177,820.3759366254062,2.348265877251658,42.79999999999999,after
Austrian Grand Prix,2026-06-28,GAS,Alpine,62,0.0,311.3082361018015,0.7232113845551692,0.41015624999999994,30.697585986393417,168.97087518099295,735.9657185505147,1.017331055588608,19.6875,0.7580245525990376,0.014583333333333334,47.40769841801067,303.54007452514486,776.1087303403209,2.2094607607830214,28.875,after
Austrian Grand Prix,2026-06-28,GAS,Alpine,63,0.0,,0.7756370044290474,0.366579861111111,1.5948942984577208,162.34438428329807,811.2814378944122,1.0754770764127242,19.3125,0.7865750408883725,0.014305555555555556,47.40769841801067,298.68369380807513,844.3677812488928,2.4273846837836186,28.325,after
Austrian Grand Prix,2026-06-28,GAS,Alpine,64,0.0,,0.7544137587691992,0.4828124999999999,43.77922950587354,165.20601135824128,838.2962868938926,0.7384216147008181,19.3125,0.8136620429569544,0.014305555555555556,47.40769841801067,294.9245560079008,905.1448916087135,1.9614940172636175,41.19999999999999,after
Austrian Grand Prix,2026-06-28,GAS,Alpine,65,0.0,,0.7311477155182856,0.4375,0.0011016557504361071,134.34332502996548,836.8318237376401,0.5406512976314655,6.5625,0.794852687402051,0.014583333333333334,47.40769841801067,300.7362372196157,860.6908209322287,1.35124702286126,41.99999999999999,after
Austrian Grand Prix,2026-06-28,GAS,Alpine,66,0.0,,0.8065660763325142,0.5453993055555555,81.06071805155068,192.5039285602571,935.8696629471449,1.4112152497644985,38.625,0.7867454165093345,0.0894097222222222,47.40769841801067,260.7250849593484,1038.4118817055585,2.312632283006209,257.49999999999994,after
Austrian Grand Prix,2026-06-28,GAS,Alpine,67,0.0,278.69885766595814,0.8670902208417365,0.5416666666666666,135.30351687975354,249.17131814281194,913.9572717668151,1.1631124475501164,32.5,0.8839089159407902,0.014444444444444446,47.40769841801067,296.54342592110464,1064.1363972980316,3.1895438959322515,41.599999999999994,after
Austrian Grand Prix,2026-06-28,GAS,Alpine,69,0.0,338.77243762646555,0.8918803562531555,0.6037326388888888,208.60727527374544,303.9121450148968,967.9656789831242,1.561998753047913,33.4375,0.918727369485778,0.014861111111111113,47.414187539760185,303.4682556553142,1145.8123960782282,3.140762392776747,310.3,after
Austrian Grand Prix,2026-06-28,GAS,Alpine,70,0.0,,0.8959250833787894,0.6669444444444445,0.0006361414003408839,66.57516194780776,1254.1811782721709,2.3571909732327194,39.200000000000045,0.8549865622199092,0.5699652777777777,47.40769841801067,56.25980036390429,1281.446529705418,1.7548141244825526,367.5,after
Austrian Grand Prix,2026-06-28,BEA,Haas F1 Team,2,0.0,,0.9635835641030747,0.6336805555555555,159.73234606655257,240.61580085723688,1250.6181315970196,1.9544850521178374,50.00000000000006,0.886330738772169,0.4600694444444444,47.40769841801067,115.11266549821795,1364.048397781705,1.753261013882994,349.99999999999994,after
Austrian Grand Prix,2026-06-28,BEA,Haas F1 Team,3,0.0,,0.933888993678413,0.5843749999999999,50.23072848122463,178.2778588045341,1253.7010210854096,1.5202576189397143,74.25000000000006,0.8807422835656813,0.13749999999999998,47.40769841801067,227.68097016513855,1358.377730198587,1.7260328727655054,321.74999999999994,after
Austrian Grand Prix,2026-06-28,BEA,Haas F1 Team,4,0.0,,0.8947169512805134,0.552517361111111,8.656652838372253,140.27498368184288,1182.748266195059,1.6657283604581303,71.25000000000006,0.8365698652381037,0.44531249999999994,47.40769841801067,107.89327162677638,1262.2139849173057,1.6981905745480907,308.74999999999994,after
Austrian Grand Prix,2026-06-28,BEA,Haas F1 Team,5,0.0,,0.85649897296854,0.56640625,111.41708939194017,175.80801368996606,1141.2355330844916,1.0991002879075364,34.80000000000007,0.8184722935784476,0.41536458333333326,47.40769841801067,97.58329490268034,1209.8734073547346,1.0769684069339593,282.74999999999994,after
Austrian Grand Prix,2026-06-28,BEA,Haas F1 Team,6,0.0,,0.8831762953806606,0.5920833333333333,275.88995206627135,210.13145146251003,1162.7731276905856,1.1553865620286,34.80000000000007,0.8402145358930402,0.40026041666666656,47.40769841801067,102.96106673093598,1236.7358160489678,1.0736063125407762,326.25,after
Austrian Grand Prix,2026-06-28,BEA,Haas F1 Team,7,0.0,,0.8770216311311179,0.5388888888888889,58.542700960261996,187.90943882060353,1111.1799333788942,1.0123942496308764,36.375,0.87227179140414,0.0842013888888889,47.40769841801067,245.49257802516433,1219.3980344259207,1.8648536926334494,72.75,after
Austrian Grand Prix,2026-06-28,BEA,Haas F1 Team,10,0.0,,0.7255901091395288,0.46927083333333325,38.03017403026811,174.09067678995723,889.9687325053509,0.40586418804705215,6.375,0.8387318133189049,0.014166666666666668,47.40769841801067,298.42957779591717,963.5670298776018,1.864545884266572,40.79999999999999,after
Austrian Grand Prix,2026-06-28,BEA,Haas F1 Team,11,0.0,,0.7004692154547159,0.45208333333333334,53.192591368545266,192.3420535389361,838.2862049634143,0.8971587022562327,23.25,0.8191911740212343,0.016145833333333335,47.40769841801067,274.142944383503,919.7937034825941,1.7419615654614249,37.2,after
Austrian Grand Prix,2026-06-28,BEA,Haas F1 Team,12,0.0,,0.6639543332415414,0.4487847222222222,37.497181020951786,171.19464461879048,814.7515905922011,0.5011589916676361,11.75,0.7357530340106868,0.06527777777777777,47.40769841801067,253.34608387134372,878.7860912795644,1.504907511116413,47.0,after
Austrian Grand Prix,2026-06-28,BEA,Haas F1 Team,13,0.0,,0.6859246843434771,0.4125,27.030667621653443,178.2814811968711,793.0013969857591,0.7843059969579516,24.75,0.7955902467335577,0.01375,47.40769841801067,295.95380266523887,846.251731743848,1.7176305968463454,33.412499999999994,after
Austrian Grand Prix,2026-06-28,BEA,Haas F1 Team,14,0.0,,0.6942800305649748,0.4083333333333333,39.255360642833,185.9398056289347,768.590742926753,1.1345545024635197,36.0,0.7899514713699458,0.013333333333333332,47.40769841801067,286.9648291586969,836.259059973748,1.957495639603897,26.4,after
Austrian Grand Prix,2026-06-28,BEA,Haas F1 Team,15,0.0,,0.6911519124280181,0.4166666666666666,40.965748901192576,185.75006537205073,772.7813207796395,1.2109309483696762,30.0,0.7923661325387833,0.013333333333333332,47.40769841801067,286.50134836785963,841.4555308567941,1.9643758382769585,32.39999999999999,after
Austrian Grand Prix,2026-06-28,BEA,Haas F1 Team,16,0.0,,0.685335996876153,0.4508680555555555,52.636626229564335,188.34891438285797,804.2377176623648,0.8269034576509612,24.5,0.8099128167260924,0.013611111111111112,47.40769841801067,292.22433133366275,878.7612868204402,1.896772393104119,39.19999999999999,after
Austrian Grand Prix,2026-06-28,BEA,Haas F1 Team,23,0.0,,0.6626067222085873,0.4466145833333333,44.43225744957501,180.36452093353245,766.85440000371,0.7944438341131278,13.125,0.7768287878168789,0.014583333333333334,47.40999199023852,309.0052004415331,817.419857131845,1.9146167554598361,41.99999999999999,after
Austrian Grand Prix,2026-06-28,BEA,Haas F1 Team,27,0.0,,0.771238458603554,0.5292534722222222,69.57344798345757,189.2375343258168,992.6191963909982,1.1636672215286583,45.5,0.7595944353917239,0.13428819444444443,47.40769841801067,207.72244813328538,1075.1604143585446,1.5537540633616296,204.75,after
Austrian Grand Prix,2026-06-28,BEA,Haas F1 Team,28,0.0,,0.6763269334399835,0.47638888888888886,53.20112548394871,176.12205524513183,809.190352240864,0.4639340574333184,12.25,0.7212760414134669,0.07656249999999999,47.40769841801067,255.82557347168813,880.4361284562461,1.7534910059643767,49.0,after
Austrian Grand Prix,2026-06-28,BEA,Haas F1 Team,29,0.0,,0.7109051454500772,0.4427083333333333,47.350429275047574,183.07392640894534,796.0384857513503,0.9867745017373146,25.5,0.7946256658072358,0.014166666666666668,47.40769841801067,298.414603775215,863.3801582500946,2.1694515439257898,34.42499999999999,after
Austrian Grand Prix,2026-06-28,BEA,Haas F1 Team,31,0.0,,0.650976119536073,0.4453125,41.4046263438102,171.93496804415943,764.2157496007623,0.4422913651165347,11.875,0.7117829994329085,0.06597222222222221,47.40769841801067,254.96097375609585,825.6817702013013,1.646832996920194,47.5,after
Austrian Grand Prix,2026-06-28,BEA,Haas F1 Team,32,0.0,,0.6504309917679423,0.43706597222222215,49.64902260381656,179.54138945435847,736.7938452173668,0.7269519552423302,17.8125,0.7733383248474914,0.013194444444444444,47.40769841801067,282.60483621282435,801.3646734073717,1.7871882191334294,38.0,after
Austrian Grand Prix,2026-06-28,BEA,Haas F1 Team,33,0.0,,0.6687637306484115,0.4253472222222222,51.164948192488126,187.8872560543641,725.9767616172093,0.7895682852827588,18.375,0.7696721178297079,0.013611111111111112,47.40769841801067,291.481233703303,790.6035681364016,1.933913796284797,33.07499999999999,after
Austrian Grand Prix,2026-06-28,BEA,Haas F1 Team,34,0.0,,0.6819438612169756,0.3873263888888889,30.66620285720225,176.90986163267306,720.7555470130657,1.3495840217892676,24.25,0.7612094392709333,0.013472222222222224,47.40769841801067,288.91875151753106,773.3744058080464,2.177411591140418,26.674999999999997,after
Austrian Grand Prix,2026-06-28,BEA,Haas F1 Team,35,0.0,,0.6475728230701966,0.42942708333333324,56.70213266549237,186.69051590799032,706.0659606002032,0.7935218306612237,18.1875,0.7608998750048528,0.013472222222222224,47.40769841801067,289.1387445543277,772.6847833462095,2.075998982613106,38.79999999999999,after
Austrian Grand Prix,2026-06-28,BEA,Haas F1 Team,36,0.0,,0.6546062027456361,0.42499999999999993,56.367072743500046,188.9470661892294,699.8225071317025,0.7382690198967191,18.0,0.758070791464028,0.013333333333333332,47.40769841801067,285.3652329526101,767.8914579681457,1.9550464931949763,38.39999999999999,after
Austrian Grand Prix,2026-06-28,BEA,Haas F1 Team,37,0.0,,0.5615807011223051,0.4781249999999999,73.03499492815483,181.4225246296386,647.1094003088851,0.6065887921419755,12.75,0.5824247798122976,0.13281249999999997,47.037827586181784,244.42404778672437,703.972723769686,1.7275605518335282,63.74999999999999,after
Austrian Grand Prix,2026-06-28,BEA,Haas F1 Team,38,0.0,,0.7347651106739252,0.6465277777777778,341.9742306693439,233.29033675384696,1057.3295837329804,1.219709396444464,38.00000000000006,0.7258514604225124,0.4618055555555556,47.40769841801067,92.26140093369699,1116.1895503205492,1.2532768395886036,71.25,after
Austrian Grand Prix,2026-06-28,BEA,Haas F1 Team,39,0.0,,0.6366220620260602,0.3953124999999999,36.43615375094915,175.24115006072395,676.9245779722522,1.1961351955180395,30.937500000000057,0.7372957250455499,0.01375,47.40769841801067,295.8356520429677,717.5953271422612,1.7396094304526137,27.225,after
Austrian Grand Prix,2026-06-28,BEA,Haas F1 Team,41,0.0,,0.7193921808847353,0.6124999999999999,142.02029835345238,218.80070458181265,994.6583617427042,1.7307595593598797,49.00000000000006,0.7108754713431508,0.41684027777777777,47.40769841801067,118.36646129503484,1069.9522317980043,1.8481847714196282,220.5,after
Austrian Grand Prix,2026-06-28,BEA,Haas F1 Team,43,0.0,,0.6248378784129455,0.4340277777777778,63.02703516827075,189.19413483490916,651.2132308901903,0.7800638274188264,6.25,0.7336067893407676,0.013888888888888888,47.40769841801067,296.7063586283427,708.3469715082248,1.9744552003283673,39.99999999999999,after
Austrian Grand Prix,2026-06-28,BEA,Haas F1 Team,44,0.0,,0.6790802108135144,0.48984375,68.40146495694182,185.2370750359276,802.7765857235612,0.6996444929614131,18.5625,0.8088670140639603,0.01375,47.40769841801067,292.0886896792659,876.0047119867563,1.6996973175295602,39.599999999999994,after
Austrian Grand Prix,2026-06-28,BEA,Haas F1 Team,47,0.0,,0.6675549201192705,0.43333333333333324,66.62306722779108,196.34612243007484,694.6145185517464,0.7208846255926722,18.0,0.7594411380650596,0.013333333333333332,47.40769841801067,283.9941193620537,771.0956790867187,2.26109389330435,38.39999999999999,after
Austrian Grand Prix,2026-06-28,BEA,Haas F1 Team,49,0.0,,0.6969689849687448,0.41258680555555555,47.34912364270833,188.67073426252114,729.2117914208566,0.8455588423684371,24.25,0.7723618283936825,0.013472222222222224,47.40769841801067,287.32004962506386,797.8778403341563,2.2327223369375426,32.73749999999999,after
Austrian Grand Prix,2026-06-28,BEA,Haas F1 Team,52,0.0,235.97386919670762,0.7651517605393109,0.47638888888888886,91.04655311654982,211.37424632640992,795.7271072917647,1.0740298784173758,18.375,0.8152006657180026,0.017013888888888894,47.40769841801067,282.4349582881872,910.3737547294924,2.928782150457711,63.7,after
Austrian Grand Prix,2026-06-28,BEA,Haas F1 Team,53,0.0,,0.5916121507889704,0.43333333333333324,74.929518019264,193.2587539771215,601.9052525512133,0.6479458073247218,0.0,0.7093170598954462,0.013333333333333332,47.40769841801067,285.3309452851803,664.117202552743,1.8982777394663073,38.39999999999999,after
Austrian Grand Prix,2026-06-28,BEA,Haas F1 Team,54,0.0,,0.5962448678732052,0.4462673611111111,85.85371775441236,199.31924602169966,598.7531850153495,0.5024013196465669,6.0625,0.6934935136654605,0.025260416666666667,47.40769841801067,280.4793990799914,669.2999364077889,2.1421534476961583,38.79999999999999,after
Austrian Grand Prix,2026-06-28,BEA,Haas F1 Team,55,0.0,,0.6277220322970727,0.4468749999999999,69.12739912143792,190.50156723978824,663.9217464018326,0.3616521811844944,0.0,0.7417699322474969,0.01375,47.40769841801067,293.1884944731937,728.6662295633557,2.003974622444747,39.599999999999994,after
Austrian Grand Prix,2026-06-28,BEA,Haas F1 Team,56,0.0,,0.6639275251532908,0.42109375,60.38880606577787,190.48927171135333,690.5992516618334,1.2548202594672175,30.9375,0.7552284948668354,0.01375,47.40769841801067,294.77804598308666,757.7008256412701,2.499995407493123,39.599999999999994,after
Austrian Grand Prix,2026-06-28,BEA,Haas F1 Team,57,0.0,,0.5911603763935888,0.4513888888888888,74.84856971530976,187.5391221669437,616.6976295219655,1.0129639326303679,6.25,0.6305718863921348,0.07812499999999999,47.40769841801067,262.94494318743375,677.7644894953836,2.23196783343932,50.0,after
Austrian Grand Prix,2026-06-28,BEA,Haas F1 Team,58,0.0,,0.6154999648077769,0.42960069444444443,53.16567962476207,175.08534342515952,649.9854169554858,0.5894455937075121,0.0,0.7201798573661735,0.014027777777777778,47.40769841801067,296.0460749822052,698.0379772337342,1.9748325628358583,40.39999999999999,after
Austrian Grand Prix,2026-06-28,BEA,Haas F1 Team,59,0.0,,0.6153178751762496,0.44236111111111104,48.84533968289115,168.4066467220064,689.2626294022434,0.6749537520362612,0.0,0.6822516945931012,0.0595486111111111,47.40769841801067,266.79760599393154,740.6583609755271,1.7469869437613295,49.0,after
Austrian Grand Prix,2026-06-28,BEA,Haas F1 Team,60,0.0,,0.5933412081167623,0.4515624999999999,76.81730656143836,189.6861793772311,607.3337934871855,0.5287059964346568,6.375,0.7066105648534039,0.014166666666666668,48.65077460349302,295.9644723021844,665.3502242878355,2.1510348862105984,40.79999999999999,after
Austrian Grand Prix,2026-06-28,BEA,Haas F1 Team,63,0.0,,0.5812767827374774,0.4168402777777777,52.75051131857236,169.10792583993458,580.8930178148456,0.8425455821122959,12.25,0.644996076567456,0.042534722222222224,47.40769841801067,272.65204384464306,620.8997119056412,1.8268267091354127,63.7,after
Austrian Grand Prix,2026-06-28,BEA,Haas F1 Team,65,0.0,,0.6571797260042511,0.4508680555555555,61.181523878106894,184.05582658570532,721.0863124659564,0.7962795149975214,18.375,0.7684109423551586,0.013611111111111112,47.40769841801067,289.76261825651267,788.3722638726197,1.8761880669566298,39.19999999999999,after
Austrian Grand Prix,2026-06-28,BEA,Haas F1 Team,66,0.0,,0.6220737946024447,0.44626736111111104,63.61923596278331,184.32689072569664,673.5180371630918,0.7010803132653787,6.0625,0.7431120534514534,0.013472222222222224,47.40769841801067,287.3271149968864,734.8977898329432,1.7774420854914434,38.79999999999999,after
Austrian Grand Prix,2026-06-28,BEA,Haas F1 Team,67,0.0,,0.6652962135783113,0.4468749999999999,75.48543724386417,201.23631853287114,692.8094952723445,1.1606734641060323,24.75,0.7606588128296636,0.01375,47.40769841801067,292.9433695816621,770.094941786854,2.3312095037592093,39.599999999999994,after
Austrian Grand Prix,2026-06-28,BEA,Haas F1 Team,68,0.0,,0.5778947828309052,0.4604166666666666,76.38693432289092,184.86152801125056,588.2258403870036,0.6687733009477286,12.75,0.6251943711124143,0.07083333333333332,49.03778027495209,267.8558101642971,641.5204523394076,1.9550554175669985,51.0,after
Austrian Grand Prix,2026-06-28,COL,Alpine,2,0.0,568.1001469284038,0.7651973483947198,0.5249999999999999,200.54102758019806,303.9549975003724,814.7814160249994,1.2079625244861962,42.0,0.8557615901781823,0.013333333333333332,47.40769841801067,281.82417649783264,976.1320351545525,2.7439717049654315,62.4,after
Austrian Grand Prix,2026-06-28,COL,Alpine,3,0.0,,0.9181184543470695,0.471267361111111,0.0034288141043698106,150.81405502883305,1071.4519952074866,0.8306108617959563,16.6875,0.956032024313977,0.012361111111111111,47.40769841801067,257.4533876775989,1156.2816953243766,1.6581282017768337,35.6,after
Austrian Grand Prix,2026-06-28,COL,Alpine,4,0.0,,1.0,0.5988888888888889,0.05855518470099843,76.77698188208358,1260.189740070415,3.90982599380803,35.200000000000045,0.9848844354871932,0.15277777777777776,47.40769841801067,205.02733681942473,1416.2386293613572,2.284342955760792,352.0,after
Austrian Grand Prix,2026-06-28,COL,Alpine,5,0.0,,0.6820990087858889,0.3957465277777778,0.0006719328427557711,149.30245630371599,794.2143373881613,1.1320661247409423,24.25,0.7877766597973916,0.013472222222222224,47.40769841801067,287.1186853234337,830.5942013431013,1.1259855733018878,32.73749999999999,after
Austrian Grand Prix,2026-06-28,COL,Alpine,6,0.0,,0.7277953768055505,0.31875,0.00032232497929091347,189.14675635635112,755.7316217291204,1.7474198265700234,31.875,0.7580154597612575,0.014166666666666668,47.40769841801067,303.3685336173231,778.8141214064491,2.0624478214639255,21.674999999999997,after
Austrian Grand Prix,2026-06-28,COL,Alpine,7,0.0,,0.73511725994462,0.42291666666666666,8.241989532300245,158.58027350194897,881.8480728131613,0.8933025909341171,27.1875,0.8481293191589521,0.012083333333333335,47.40769841801067,258.23542443863386,947.8457342703459,1.381467961600114,34.8,after
Austrian Grand Prix,2026-06-28,COL,Alpine,10,0.0,,0.7526462110032096,0.5652777777777777,112.43664890848278,187.84060852114297,1033.0950726340639,1.074437962954299,44.00000000000006,0.7431795696812019,0.18333333333333332,47.40769841801067,186.6953370953061,1087.055930596544,1.1323194865701098,198.0,after
Austrian Grand Prix,2026-06-28,COL,Alpine,11,0.0,,0.7315768494287548,0.52421875,20.233349024959484,150.53605273628477,983.4874380541535,1.169810318061714,37.125,0.7083256484829349,0.21484375,47.40769841801067,217.3513095861801,1049.6900625455526,1.5766801555535526,148.5,after
Austrian Grand Prix,2026-06-28,COL,Alpine,12,0.0,,0.8374367567997096,0.48958333333333326,47.370005654535994,192.28239088038168,1019.7650390532376,1.0469500793408375,41.125,0.922909335941968,0.013055555555555556,47.40769841801067,275.9254927807677,1114.6254316875243,1.7397223081276019,25.85,after
Austrian Grand Prix,2026-06-28,COL,Alpine,13,0.0,,0.7607221824702938,0.4659722222222221,50.73466746391545,190.41645822066877,922.1822204521544,0.9364891055623031,27.5,0.8418005257983118,0.03819444444444445,47.40769841801067,246.77913759159532,1012.2236691348992,1.7600919012105658,57.2,after
Austrian Grand Prix,2026-06-28,COL,Alpine,14,0.0,,0.8239674750777127,0.4678819444444444,10.338843706768271,161.68949176679263,1016.5823612194622,0.857481782722334,24.5,0.9097739663078898,0.013611111111111112,47.40769841801067,287.0867500979377,1095.4479881476163,1.8656728921062882,39.19999999999999,after
Austrian Grand Prix,2026-06-28,COL,Alpine,15,0.0,,0.6629875401780201,0.3857638888888888,23.46588797102444,169.84073608985975,720.7473354160866,0.9772010146363863,25.25,0.7466541687635848,0.014027777777777778,47.40769841801067,298.09593210087763,755.8531870528221,1.7799826927995728,27.775,after
Austrian Grand Prix,2026-06-28,COL,Alpine,16,0.0,,0.712083238684159,0.3308159722222222,30.374625644915263,202.91313152291696,660.787720184564,0.8540242471848678,19.3125,0.7207479011703265,0.014305555555555556,50.870038281131265,303.1318036907455,691.1749517345526,2.7828876845180335,28.325,after
Austrian Grand Prix,2026-06-28,COL,Alpine,17,0.0,,0.6598053759186763,0.37812499999999993,27.747519807915253,182.5456294197981,703.1571441338701,0.8474960480644204,18.5625,0.7499022854805477,0.01375,47.40769841801067,296.7774569611183,744.7368104928802,1.9500302303088097,33.412499999999994,after
Austrian Grand Prix,2026-06-28,COL,Alpine,22,0.0,,0.6325844329043141,0.3718749999999999,28.623560179978607,166.0108668406565,625.8463834875049,0.49434582381954284,6.375,0.699137032650074,0.014166666666666668,52.6338568500675,297.3318182775934,647.8519439734611,1.7196741220046319,34.42499999999999,after
Austrian Grand Prix,2026-06-28,COL,Alpine,23,0.0,,0.5677520193260366,0.33975694444444443,15.970427097771697,155.48099171766907,557.5969237730055,1.0721409209419472,12.875,0.6559794339990831,0.014305555555555556,72.46972602654071,302.0625279262198,545.6952517345537,1.158073508729331,21.8875,after
Austrian Grand Prix,2026-06-28,COL,Alpine,27,0.0,,0.6677243021270967,0.39131944444444444,29.77295247403708,172.07255207116387,689.0857905573018,0.5902774441597409,12.25,0.7431705810332828,0.013611111111111112,47.40769841801067,289.57113317092916,733.3035801077936,1.8165789247607451,33.07499999999999,after
Austrian Grand Prix,2026-06-28,COL,Alpine,28,0.0,,0.6432814115042869,0.3576388888888888,0.0002561973812241766,152.0869603851089,694.5186766362283,1.0391813590028922,19.3125,0.722876103763833,0.014305555555555556,47.40769841801067,300.4143347353522,698.890214757242,1.0151797778978062,15.45,after
Austrian Grand Prix,2026-06-28,COL,Alpine,29,0.0,,0.7491903801147138,0.4079861111111111,43.32195103891983,185.8356610953911,752.3971510745295,1.289737164029421,37.50000000000006,0.7840151003213149,0.013888888888888888,47.40769841801067,293.7390225060106,820.1588792641072,2.610987531480512,33.74999999999999,after
Austrian Grand Prix,2026-06-28,COL,Alpine,30,0.0,,0.8270147702441664,0.47638888888888886,53.13866794310284,182.75380851921543,888.205740746711,0.9054047730251765,24.5,0.8604228254133057,0.013611111111111112,47.40769841801067,283.09395392144427,985.601935500016,2.326602515863542,39.19999999999999,after
Austrian Grand Prix,2026-06-28,COL,Alpine,31,0.0,,0.5752819366575921,0.3159722222222222,16.54482887613757,164.6864718829255,521.2365828713711,0.7665122441127612,19.5,0.6376507718999055,0.014444444444444446,78.20220307214483,301.37997323711176,500.642938736793,1.2329845322388202,28.6,after
Austrian Grand Prix,2026-06-28,COL,Alpine,32,0.0,,0.8940658101411154,0.6261111111111112,80.4016246529542,111.3568712989323,1232.1105721214046,1.9263981935829209,36.80000000000007,0.8534857060850903,0.19166666666666668,47.40769841801067,204.26107070108844,1275.2443885592386,1.4625352554805298,322.0,after
Austrian Grand Prix,2026-06-28,COL,Alpine,33,0.0,,0.6769426666909042,0.28333333333333327,0.0002726482716382104,175.8416621088118,613.0732923486693,1.4964127848529738,31.875,0.677821027181792,0.014166666666666668,62.98573846441944,300.2230979780466,599.3346217814951,1.9046531710957246,21.674999999999997,after
Austrian Grand Prix,2026-06-28,COL,Alpine,34,0.0,,0.6847331692791719,0.3039930555555555,0.0002401560220438739,169.52782565539218,651.4623564185637,1.191775455198418,12.875,0.7006441347736375,0.014305555555555556,54.38698125025282,299.612428421026,648.2934263217362,1.6560606253860382,21.8875,after
Austrian Grand Prix,2026-06-28,COL,Alpine,35,0.0,,0.7961921159345934,0.3265625,19.614436447638973,207.17381791754954,751.77959249222,1.8704306347611885,43.3125,0.7765522936530418,0.01375,47.40769841801067,295.56810124819077,804.3522079052151,3.577972903370849,39.599999999999994,after
Austrian Grand Prix,2026-06-28,COL,Alpine,36,0.0,,0.6308578612750388,0.38281249999999994,27.914341754766614,166.46767944463556,651.7774619182167,0.7351193649363623,18.375,0.7209923711668913,0.013611111111111112,47.40769841801067,290.91565618759984,684.9400137661565,1.6672399645520342,33.07499999999999,after
Austrian Grand Prix,2026-06-28,COL,Alpine,37,0.0,,0.6743826197462283,0.3743055555555555,31.535254094328778,180.87261299386236,689.4005180562141,1.465391092014118,30.625,0.7444981063093489,0.013611111111111112,47.40769841801067,292.464872667983,735.4260066931461,2.343912410632376,26.95,after
Austrian Grand Prix,2026-06-28,COL,Alpine,38,0.0,,0.6088863115184782,0.3666666666666666,23.60102511175197,160.89265277022554,619.8924153352995,0.6927171965900634,12.0,0.7016775572126024,0.013333333333333332,47.40769841801067,285.7931470834962,647.497131886832,1.7966604650422484,38.39999999999999,after
Austrian Grand Prix,2026-06-28,COL,Alpine,39,0.0,,0.7466415749682247,0.32187499999999997,0.0005077742964738368,180.8643360549166,740.7725604112267,1.6709321210924384,32.1875,0.7475576866346951,0.014305555555555556,47.40769841801067,301.9813326794009,754.810630611012,2.496208356336941,28.325,after
Austrian Grand Prix,2026-06-28,COL,Alpine,40,0.0,,0.7664325846329421,0.4161458333333333,31.33348333394582,182.40727002531065,842.3167896715591,0.9798181134073747,19.125,0.8153605236725243,0.014166666666666668,47.40769841801067,298.0905231078557,910.8179298438514,2.5775021639195628,34.42499999999999,after
Austrian Grand Prix,2026-06-28,COL,Alpine,41,0.0,,0.7105665306056173,0.4010416666666666,35.69470636081402,177.79331875061575,727.0875519509788,0.6699200502993566,13.125,0.7564821874411575,0.014583333333333334,47.41246976041724,306.4429683572223,771.3615909302183,2.368511863484646,35.43749999999999,after
Austrian Grand Prix,2026-06-28,COL,Alpine,42,0.0,,0.6728395191447071,0.30685763888888884,25.188050259314366,188.64993006073715,559.7268154001335,1.226545278916697,31.5625,0.6614233917527981,0.014027777777777778,62.693556917946914,294.19174403142625,567.1032765362626,2.4064940952555385,27.775,after
Austrian Grand Prix,2026-06-28,COL,Alpine,43,0.0,,0.741398709472199,0.30937499999999996,0.0006014841702208303,172.7920397121501,698.7323450882647,1.123752287249557,18.5625,0.736989492125035,0.01375,47.40769841801067,292.6009623923106,718.2999891087582,2.3125309623804675,27.225,after
Austrian Grand Prix,2026-06-28,COL,Alpine,45,0.0,,0.6919362618794082,0.3243923611111111,0.4472460208078224,163.48115940785138,687.0568286463848,1.095522887675553,18.9375,0.7185743149742859,0.014027777777777778,47.40769841801067,295.839741464884,694.3724432167888,1.8454612781297013,21.4625,after
Austrian Grand Prix,2026-06-28,COL,Alpine,48,0.0,,0.6852052894795175,0.3487847222222222,22.03062965402083,165.59757572060886,610.3916092640515,1.0591238467125348,24.49999999999997,0.6975291011512862,0.013611111111111112,47.40769841801067,286.1929914637796,637.2183769711884,2.3553715101474344,39.19999999999999,after
Austrian Grand Prix,2026-06-28,COL,Alpine,49,0.0,314.76759093149536,1.0,0.6669444444444445,702.0559510698216,412.0102422288023,1153.2870911389764,3.10952228815333,63.700000000000045,0.9217609328317483,0.42534722222222215,47.40769841801067,122.0170383321745,1356.1861279351763,2.554171691770213,416.5,after
Austrian Grand Prix,2026-06-28,COL,Alpine,50,0.0,,0.6463590867878563,0.3039930555555555,25.918231128249726,176.1196767833606,510.0067578864856,1.3072772442481457,32.1875,0.6348285946764641,0.014305555555555556,76.53670606606215,298.7267142028246,502.1375640309375,2.165068374369032,15.45,after
Austrian Grand Prix,2026-06-28,COL,Alpine,52,0.0,,0.6420913776704334,0.3265625,8.00622153788425,158.31720488028262,609.9282185456733,0.7935258207340202,18.5625,0.6893565681258238,0.01375,48.53289666042708,289.8076955044654,615.1547280920385,1.638124336711318,21.0375,after
Austrian Grand Prix,2026-06-28,COL,Alpine,53,0.0,,0.9217534478019305,0.5999999999999999,187.91495970686398,262.5214119113885,1053.8005714801222,2.294725848920042,72.00000000000006,0.840790318336595,0.4833333333333333,47.40769841801067,92.82391089221807,1171.2651157676999,2.1307518110082455,335.99999999999994,after
Austrian Grand Prix,2026-06-28,COL,Alpine,54,0.0,,1.0,0.6465277777777778,0.04670374753514884,69.58542702511473,1281.1975608286687,4.16996228341201,38.00000000000006,0.9842787701139702,0.5607638888888888,47.40769841801067,58.71452023601573,1455.993526684871,2.0065166631200273,380.0,after
Austrian Grand Prix,2026-06-28,COL,Alpine,55,0.0,230.1763661238055,0.6676493518629104,0.36805555555555547,67.03281574293456,204.57148624508997,523.3617817646652,1.7282796509237541,33.125,0.6652041625101998,0.014722222222222222,76.81793137154678,309.63938825011667,557.2808094917937,3.27687708334943,29.15,after
Austrian Grand Prix,2026-06-28,COL,Alpine,56,0.0,225.42001273829078,0.7752591130333353,0.35208333333333325,55.164161513889,212.83822190527076,635.1543187046299,2.1039713622273606,32.5,0.7180241176191213,0.014444444444444446,50.04007322035879,301.3485143870513,685.8167902268449,4.078347841621501,35.099999999999994,after
Austrian Grand Prix,2026-06-28,COL,Alpine,57,0.0,,0.6707523105034351,0.36458333333333326,49.69368856892875,191.28468340519393,573.3506131105687,0.6722033001188551,12.5,0.6902610199628301,0.013888888888888888,50.32470669752326,291.9160636845138,614.912721433592,2.6482038894780175,33.74999999999999,after
Austrian Grand Prix,2026-06-28,COL,Alpine,58,0.0,209.07905162205913,0.698098192221421,0.35208333333333325,52.7071238420541,194.9185604938354,554.5048053352668,1.3267877131381942,26.0,0.6731354810068847,0.014444444444444446,65.66125652496235,301.258674877372,584.8429039702804,3.054256200985315,28.6,after
Austrian Grand Prix,2026-06-28,COL,Alpine,61,0.0,,0.941173262092266,0.6125,0.0006048126983114524,70.2968835861689,1188.6972141083431,3.143186586410886,36.00000000000006,0.8825757563190606,0.4375,47.40769841801067,95.41041641450025,1236.1036385106054,2.3179099967300174,360.0,after
Austrian Grand Prix,2026-06-28,COL,Alpine,62,0.0,,1.0,0.6533333333333333,0.03629956716625843,68.69615921859149,1276.9639684426197,3.8187978392122437,38.400000000000034,0.94920344626732,0.5333333333333332,47.40769841801067,72.48435373756172,1383.9034133405125,2.364120994237077,384.0,after
Austrian Grand Prix,2026-06-28,COL,Alpine,63,0.0,,0.6565383251172215,0.366579861111111,24.649581303687544,162.49322623236253,626.9424023379088,0.7652074400318003,19.3125,0.6975005844788571,0.014305555555555556,52.5893343097989,296.71453887739887,643.3998097443898,1.8630943816728192,28.325,after
Austrian Grand Prix,2026-06-28,COL,Alpine,64,0.0,292.32124105079345,0.670731852353756,0.41927083333333326,72.60548004132885,199.08392019472655,596.1398027538078,1.2962335061672647,26.250000000000057,0.7036669458479112,0.014583333333333334,56.7541273179972,303.03755836476614,651.4960115976476,2.779549441336065,35.43749999999999,after
Austrian Grand Prix,2026-06-28,COL,Alpine,65,0.0,204.742537259788,0.6458076945871303,0.40624999999999994,51.92069734446947,180.535676834476,603.3913158248382,0.9089448266422587,19.5,0.6972199532515221,0.014444444444444446,55.42699520584861,299.4539788438813,639.9985044324807,2.0849836347033603,28.6,after
Austrian Grand Prix,2026-06-28,COL,Alpine,66,0.0,225.63525664694706,0.6576681477626781,0.40234374999999994,51.716183221849114,181.3989056438242,623.6448885386689,0.7947626200971607,12.875,0.7081790193805051,0.014305555555555556,49.55545628797809,297.41811307115483,666.9979099207187,2.281658225820551,28.325,after
Austrian Grand Prix,2026-06-28,COL,Alpine,67,0.0,,0.676888111221539,0.39722222222222214,40.93758148301391,175.8667623552994,650.2990232996735,0.7403633571089857,13.0,0.7176962528445667,0.014444444444444446,47.985979971826296,299.1796684674246,686.2952441008524,2.1731590586909304,28.6,after
Austrian Grand Prix,2026-06-28,COL,Alpine,68,0.0,,0.7743446275364898,0.5929687499999999,97.40591233188091,197.28892730030194,994.8544646004,0.8090124269545216,49.5,0.8877450341682671,0.01375,47.40769841801067,285.893233112293,1046.158810664199,0.8146289367803486,33.412499999999994,after
Austrian Grand Prix,2026-06-28,OCO,Haas F1 Team,2,0.0,,0.9999999999999847,0.5376388888888889,0.01051322620722711,85.34728070964181,1244.4506950004813,3.9247273825574407,16.787499999999966,0.9999931424012501,0.14401041666666667,47.40769841801067,172.80974036487214,1414.4811671469777,1.9039532659451814,276.5,after
Austrian Grand Prix,2026-06-28,OCO,Haas F1 Team,3,0.0,,0.838134735511807,0.590625,98.59462810035427,219.55472196436085,1115.0070436463104,1.251264037143167,40.5,0.8808390946954147,0.07499999999999998,47.40769841801067,284.69040319152816,1233.7878588468625,2.2162891941992027,80.99999999999999,after
Austrian Grand Prix,2026-06-28,OCO,Haas F1 Team,4,0.0,,0.784346801072119,0.5208333333333333,64.25414435681935,192.36534513983256,968.5434217358252,0.8046669896628625,18.75,0.8219960222824011,0.06944444444444443,47.40769841801067,265.3895954494894,1064.173198619123,1.88707447989684,50.0,after
Austrian Grand Prix,2026-06-28,OCO,Haas F1 Team,5,0.0,,0.6763844319694522,0.425,45.796605609898045,183.33520870974263,722.5468702073521,0.7494414358944714,12.75,0.7567784279412545,0.014166666666666668,47.40769841801067,298.31877068573385,777.2162820429811,1.8813889093818044,34.42499999999999,after
Austrian Grand Prix,2026-06-28,OCO,Haas F1 Team,6,0.0,,0.6090359660969682,0.44166666666666665,42.657797552559174,167.49389781318573,695.1552638739855,0.900372547892782,6.625,0.6604576430390394,0.08281249999999998,47.87974574950142,279.0399208131652,730.4811216041152,1.8396684939716326,53.0,after
Austrian Grand Prix,2026-06-28,OCO,Haas F1 Team,7,0.0,,0.6272901853325301,0.43246527777777777,47.67815985057339,181.25208636421888,692.6108650184407,0.5524584031313731,6.625,0.741640944621995,0.014722222222222222,50.53562079995848,310.10995141765676,732.2038327184931,1.7554725126003172,42.39999999999999,after
Austrian Grand Prix,2026-06-28,OCO,Haas F1 Team,8,0.0,201.7285650903294,0.7091535069826231,0.5104166666666666,80.71777180233298,201.81623632869503,862.4968646478522,0.76132676416397,19.6875,0.836176983503697,0.014583333333333334,47.40210429096507,307.32788321479353,955.9912287023161,2.1185471296962626,68.25,after
Austrian Grand Prix,2026-06-28,OCO,Haas F1 Team,9,0.0,,0.5959591004470158,0.4112847222222221,72.90725988337,203.08513355111117,572.9758918197356,1.0786426119699877,25.75,0.6914190486684341,0.014305555555555556,62.944302845764476,304.9409698797164,624.1195748981954,2.435159168866259,41.19999999999999,after
Austrian Grand Prix,2026-06-28,OCO,Haas F1 Team,10,0.0,,0.7185487697328558,0.3404513888888889,36.00186047197037,217.98718123193203,689.3811412051737,2.182859795418506,52.99999999999997,0.7380713046754696,0.014722222222222222,58.072266177424694,316.39722281383905,720.3128335118245,3.3155079853266884,35.77499999999999,after
Austrian Grand Prix,2026-06-28,OCO,Haas F1 Team,11,0.0,,0.5989656910128597,0.4283854166666667,74.66750062625685,201.44904399131664,614.0832283673604,1.0014336162970177,6.5625,0.713386308444378,0.014583333333333334,61.6698769506873,311.35508490621964,666.8433292385959,2.0731664926755906,28.875,after
Austrian Grand Prix,2026-06-28,OCO,Haas F1 Team,12,0.0,,0.5723064822256397,0.459375,77.10635509012755,196.1487550317241,616.2611817779512,0.5111089986997673,6.75,0.6439070951456816,0.07499999999999998,66.35183924904138,291.7193225500299,665.5662144559354,2.085090599999465,54.0,after
Austrian Grand Prix,2026-06-28,OCO,Haas F1 Team,13,0.0,,0.6161272836859701,0.40624999999999994,46.92344702350746,188.1376092330347,655.9544568270128,0.8004270629767558,6.5,0.7230365675244359,0.014444444444444446,56.26220724648048,309.11920422738086,693.3785321404728,1.9229458111293003,41.599999999999994,after
Austrian Grand Prix,2026-06-28,OCO,Haas F1 Team,14,0.0,,0.6240490300866093,0.39192708333333326,50.390566814693614,196.435210656848,632.2020933395927,1.0398073050175496,19.6875,0.713318509921248,0.014583333333333334,63.45910029931719,313.0704151913809,666.8742322320046,2.0055826470218925,28.875,after
Austrian Grand Prix,2026-06-28,OCO,Haas F1 Team,15,0.0,,0.5356718076793399,0.45086805555555554,91.52581846785165,202.94466053094843,533.569669553312,1.1242081771703902,19.875,0.6161997876045774,0.06440972222222222,74.68207041197418,290.3519960735763,586.2598391338863,2.447956164281654,68.9,after
Austrian Grand Prix,2026-06-28,OCO,Haas F1 Team,16,0.0,,0.5891165170195461,0.4338541666666666,67.44595723743984,196.76090802946703,635.7391155366155,0.9437832176145241,12.75,0.7184924743848611,0.014166666666666668,49.45089253199081,300.9232585666922,688.7356780609996,1.9309246586107107,40.79999999999999,after
Austrian Grand Prix,2026-06-28,OCO,Haas F1 Team,20,0.0,,0.765529448725682,0.4513888888888888,44.98306457967731,190.30270223235962,882.0918266683703,0.6782617622876819,13.0,0.8386849166521304,0.014444444444444446,47.39994532417929,304.2318160297749,962.8274946753969,2.4148106975619914,41.599999999999994,after
Austrian Grand Prix,2026-06-28,OCO,Haas F1 Team,22,0.0,,0.7266584476176188,0.5924479166666666,55.247236139851594,167.32277602953513,1003.5066990223372,1.9360664856260794,52.5,0.7226216974943444,0.29166666666666663,47.40769841801067,200.90290774199119,1063.7273633298905,2.062177937086391,210.0,after
Austrian Grand Prix,2026-06-28,OCO,Haas F1 Team,23,0.0,193.1414318109274,0.5958180954318388,0.4201388888888888,69.2017936669807,197.28204298228744,563.0038649974762,0.9000850707558162,6.875,0.689894653305542,0.015277777777777777,82.17718168437754,323.6403103413172,594.1459196142539,2.090670732487765,30.25,after
Austrian Grand Prix,2026-06-28,OCO,Haas F1 Team,26,140.0,,0.5030271139611833,0.7020833333333333,38.12235613333154,156.08642381009278,841.757481594375,3.192306934477819,86.00000000000006,0.5001239526584328,0.5154513888888889,47.40769841801067,119.78146344298261,894.8548153943158,3.2684080627314867,150.49999999999997,after
Austrian Grand Prix,2026-06-28,OCO,Haas F1 Team,27,0.0,,0.9228377119611673,0.2944444444444444,19.57071681906519,255.2550576175308,806.207447247738,3.0976232052395485,53.0,0.7913288462407357,0.014722222222222222,47.4433352219307,314.4144717659762,849.1112912002988,5.140260969223548,42.39999999999999,after
Austrian Grand Prix,2026-06-28,OCO,Haas F1 Team,28,0.0,,0.6453325160833752,0.4365451388888889,46.54366183588071,176.06651663996436,707.1163396579743,0.8194272974223941,13.375,0.7492792080480728,0.014861111111111113,49.0983815348349,311.3461043516604,748.6143306756187,2.1640821468799154,42.79999999999999,after
Austrian Grand Prix,2026-06-28,OCO,Haas F1 Team,29,0.0,185.5184156038187,0.6254531467010475,0.42187499999999994,61.706462535613035,186.9715775181073,612.026729511529,0.5883648113001729,0.0,0.7094544903414548,0.015000000000000001,67.07894117196317,315.3880127914723,651.2283389946884,2.2224337841382833,43.19999999999999,after
Austrian Grand Prix,2026-06-28,OCO,Haas F1 Team,30,0.0,,0.5867584232157111,0.4559895833333333,59.96835569201034,173.7526580168465,647.4974361212684,0.6455491882803976,0.0,0.6411994708498797,0.08046874999999999,47.40769841801067,271.82751321546857,693.7605676051868,1.807521936461307,51.5,after
Austrian Grand Prix,2026-06-28,OCO,Haas F1 Team,31,0.0,,0.6362093986574262,0.40234374999999994,45.91884589774245,178.3333717064988,636.8082025208743,1.002286985480331,25.75,0.7118521868467443,0.014305555555555556,50.29861922666067,299.44688462302116,673.7321551462586,1.8935710323733923,28.325,after
Austrian Grand Prix,2026-06-28,OCO,Haas F1 Team,32,0.0,,0.5905533443400944,0.44166666666666665,65.22765652424438,181.796980093937,614.5309818772407,0.70786551888964,6.625,0.6993722242564457,0.027604166666666666,61.41157977443922,306.1918582641953,656.6107243229628,2.0038713220277917,42.39999999999999,after
Austrian Grand Prix,2026-06-28,OCO,Haas F1 Team,36,0.0,,0.6384740274037848,0.4086805555555555,53.45975914533466,185.65727908973142,632.8745832619378,0.5172709417145789,13.375,0.7158241964695377,0.014861111111111113,62.35324635335763,312.8917151176958,669.4814856991565,2.2369572722737128,42.79999999999999,after
Austrian Grand Prix,2026-06-28,OCO,Haas F1 Team,37,0.0,181.88061631506778,0.5940001350110389,0.47847222222222213,84.50513055071346,195.48016683064222,642.1544155336476,0.8231723355934104,13.25,0.6657488198245303,0.06440972222222222,52.24338002674607,285.25546696533166,704.7563364022477,2.2618148583402125,53.0,after
Austrian Grand Prix,2026-06-28,OCO,Haas F1 Team,38,0.0,,0.587079149029713,0.46484375,70.56616128438104,185.96166368872562,651.6378704694123,0.984574850617749,19.6875,0.7256770321218435,0.014583333333333334,53.02413812989254,307.0110993725378,698.5040402721393,1.6159093127415014,41.99999999999999,after
Austrian Grand Prix,2026-06-28,OCO,Haas F1 Team,43,125.0,,0.46774192096979245,0.503125,51.74235122185615,174.81779193331317,427.7602726027122,0.9708850398449463,27.375,0.48434358136365196,0.275,47.40769841801067,179.3132036278066,476.540005937157,1.706314991925372,54.75,after
Austrian Grand Prix,2026-06-28,OCO,Haas F1 Team,44,0.0,,0.627382451326191,0.4010416666666666,51.500854546163666,178.6504849014768,598.4876715500617,0.7049533107057026,13.125,0.6954822154264585,0.014583333333333334,61.74538301942614,305.16415841868667,630.7282401691142,2.0147596407451,35.43749999999999,after
Austrian Grand Prix,2026-06-28,OCO,Haas F1 Team,45,0.0,,0.6168520888638427,0.39192708333333326,48.5950944387167,183.04739657138236,591.1157189086671,0.948058764496571,6.5625,0.6902687105708786,0.014583333333333334,65.55100064559072,307.1450493453982,617.5752102122118,1.941860450728659,28.875,after
Austrian Grand Prix,2026-06-28,OCO,Haas F1 Team,47,0.0,,0.6873601614332823,0.40624999999999994,52.91571294343198,193.5081749799971,672.9008226352689,0.9248415581685658,19.5,0.7356157325020473,0.014444444444444446,47.40769841801067,304.2612976904606,725.6418072448932,2.6054748990056407,35.099999999999994,after
Austrian Grand Prix,2026-06-28,OCO,Haas F1 Team,48,0.0,,0.667950559087879,0.4375,53.90295986282578,182.0262650252625,702.1682849026255,0.46317025389840866,6.5625,0.7493144341317857,0.014583333333333334,47.41344443837506,306.5512733657621,754.9367051205958,2.1713610245844217,41.99999999999999,after
Austrian Grand Prix,2026-06-28,OCO,Haas F1 Team,49,15.0,,0.7062149898257625,0.41927083333333326,64.01447574412794,203.12090467587998,635.5702379337932,1.2042859378445918,19.125,0.7220099895263525,0.035,47.40769841801067,297.06616345804514,700.428574778615,3.256217038167047,40.79999999999999,after
Austrian Grand Prix,2026-06-28,OCO,Haas F1 Team,50,0.0,,0.6213163749711855,0.4644097222222222,57.01229486049968,176.7550323088173,706.0840475735596,0.8725582398461396,6.6875,0.7497218916415812,0.014861111111111113,49.105547481612376,311.5082095561658,750.0045494222289,1.7792275456048756,42.79999999999999,after
Austrian Grand Prix,2026-06-28,OCO,Haas F1 Team,52,0.0,,0.6424833273991796,0.404861111111111,57.93214934298066,193.2323821953922,621.7912026847133,1.0199002076124295,19.875,0.7110205672808185,0.014722222222222222,61.48411894372431,310.3413174920108,661.7852785816915,2.353990541945119,29.15,after
Austrian Grand Prix,2026-06-28,OCO,Haas F1 Team,53,0.0,211.79408959754977,0.6138200261152077,0.4392361111111111,85.64377621134729,204.9297743984547,559.2913120408209,0.48837580572334255,0.0,0.6945841211536371,0.015277777777777777,78.17456538143679,321.2790077852098,608.1229760203574,2.5511674007927625,43.99999999999999,after
Austrian Grand Prix,2026-06-28,OCO,Haas F1 Team,54,0.0,232.92419601815496,0.6658406267040136,0.4365451388888889,93.66357849886073,216.63609842531912,604.2251364612158,0.7910007820816073,13.375,0.7195254559502289,0.014861111111111113,59.84507202418287,311.678981606763,679.1733237521939,3.233516925398954,42.79999999999999,after
Austrian Grand Prix,2026-06-28,OCO,Haas F1 Team,55,0.0,209.34930288443985,0.6706880170839079,0.5506944444444444,88.10872255421127,195.4817233917843,836.9766205410388,0.9864366474306974,32.5,0.6716669241647416,0.14444444444444443,47.40769841801067,242.21593046101728,919.1812495655047,1.904970739424292,155.99999999999997,after
Austrian Grand Prix,2026-06-28,OCO,Haas F1 Team,56,0.0,,0.6431678842490335,0.4604166666666666,71.28679860925624,191.4556704562391,677.9831229136154,0.39023729336596397,0.0,0.7418277421078594,0.014444444444444446,47.40769841801067,303.4972721222711,740.3029138632438,2.123965206460079,41.599999999999994,after
Austrian Grand Prix,2026-06-28,OCO,Haas F1 Team,57,0.0,215.07050588362077,0.6301108021006037,0.45,69.61575044581669,189.49585647771744,652.7591355915025,0.984242897012029,13.5,0.7317299650357177,0.015000000000000001,58.93203409264811,315.0375218551493,704.5011813024554,2.5030373726266233,43.19999999999999,after
Austrian Grand Prix,2026-06-28,OCO,Haas F1 Team,58,0.0,190.2509404233827,0.6634964694406335,0.43333333333333335,71.18940534284775,202.13146803388662,667.5574574439838,0.8327108244500784,13.0,0.7388286276964873,0.014444444444444446,47.40769841801067,305.45826423791107,732.6227697505053,2.5168521389553375,35.099999999999994,after
Austrian Grand Prix,2026-06-28,OCO,Haas F1 Team,59,0.0,218.24348163055802,0.6607028182442711,0.45512152777777776,74.91426894371027,194.22662621301902,679.7897665610845,0.5365837714465157,6.6875,0.746686505946568,0.014861111111111113,49.104835831622744,310.44511291292156,743.5125671512785,2.3848491551779567,42.79999999999999,after
Austrian Grand Prix,2026-06-28,OCO,Haas F1 Team,60,0.0,181.2645273217953,0.6584244423903322,0.44583333333333336,62.876468427552894,190.7792527987287,696.0367599529184,0.728459064081665,13.375,0.7501041068535113,0.014861111111111113,48.68611981024333,311.2225572089722,751.1997932644356,2.312389468619444,42.79999999999999,after
Austrian Grand Prix,2026-06-28,OCO,Haas F1 Team,61,0.0,,0.6513263488640656,0.44583333333333336,60.43788809352629,186.9225064350495,689.308503259991,0.7784800711496994,20.0625,0.7453207177354616,0.014861111111111113,49.84270648437108,310.7049576917826,740.1549841992428,2.1618520491517073,42.79999999999999,after
Austrian Grand Prix,2026-06-28,OCO,Haas F1 Team,62,0.0,183.4073468531072,0.6535064376091555,0.4365451388888889,69.12989936719477,193.78792593587244,651.7681580744212,1.457331336292693,26.75,0.7316101547810666,0.014861111111111113,55.960280976826716,312.02383515020006,707.7649085436036,2.7828188213067544,42.79999999999999,after
Austrian Grand Prix,2026-06-28,OCO,Haas F1 Team,63,0.0,,0.6819417906687564,0.4423611111111111,51.0011022841754,180.38704236737766,749.347367983564,0.6331363476301725,13.0,0.7710675845055668,0.014444444444444446,47.413337149491554,304.5700381583788,807.072508367099,2.0976990428816755,41.599999999999994,after
Austrian Grand Prix,2026-06-28,OCO,Haas F1 Team,65,15.0,,0.6131369800275618,0.6718749999999999,166.52910441660157,207.44864338030538,1109.6249466342508,2.2601133391392163,50.00000000000006,0.6110201975252538,0.4809027777777777,47.40769841801067,112.20364606225316,1171.6627316490276,2.334001098735276,174.99999999999997,after
Austrian Grand Prix,2026-06-28,OCO,Haas F1 Team,67,0.0,195.44604681472768,0.6552495231234373,0.4466145833333333,72.4382537440504,197.7121517320327,668.7853567110759,0.38886685754482825,0.0,0.7401725388579987,0.014583333333333334,47.41583124555037,306.4762198458499,733.6443434446592,2.462784058761403,41.99999999999999,after
Austrian Grand Prix,2026-06-28,OCO,Haas F1 Team,68,0.0,,0.7528501953079462,0.5015624999999999,37.25154402594336,175.82055519550687,1001.9175727710558,0.8227715088820012,20.0625,0.8848161095991837,0.014861111111111113,47.33868553427455,315.00192966909975,1073.0877445112271,2.0450022012039755,42.79999999999999,after
Austrian Grand Prix,2026-06-28,OCO,Haas F1 Team,69,0.0,,0.823029034723149,0.5687499999999999,84.26277676246417,199.91156340338458,1042.9637573671175,0.8309887967362624,26.0,0.9166022834947303,0.014444444444444446,47.418848432808154,298.88363202365787,1141.2224777598715,1.7729719030587865,41.599999999999994,after
Austrian Grand Prix,2026-06-28,ALB,Williams,2,0.0,,0.999999999998173,0.6669444444444445,990.3754922159758,559.3553739344248,1200.948102109946,1.3643823686848515,26.94999999999999,0.9985402894510674,0.051041666666666666,47.40769841801067,261.63106558908026,1398.155775366141,1.960454267426068,42.875,after
Austrian Grand Prix,2026-06-28,ALB,Williams,3,0.0,,0.7166813207677359,0.4123263888888888,0.0010072419815952915,150.13037155357407,836.9546882938653,0.8197755305563604,17.8125,0.8118438491371306,0.013194444444444444,47.40769841801067,279.5453140386181,882.2817774148428,1.2030828307447936,26.125,after
Austrian Grand Prix,2026-06-28,ALB,Williams,4,0.0,,0.7529568789517259,0.4083333333333333,3.600879572608669e-05,153.47278906574277,872.3383210094233,0.4830270720491218,6.0,0.8348994886485801,0.013333333333333332,47.40769841801067,282.4371360881102,931.8343122186018,1.6047726825247541,38.39999999999999,after
Austrian Grand Prix,2026-06-28,ALB,Williams,5,0.0,,0.7708306456876558,0.4083333333333333,0.0005468391541479048,162.39191241776092,925.7814594430508,0.8361657562482349,12.25,0.8591926344707004,0.013611111111111112,47.40769841801067,290.81588822098246,987.0816759933273,1.6233429240938837,26.95,after
Austrian Grand Prix,2026-06-28,ALB,Williams,6,0.0,,0.7098197215469989,0.3499999999999999,0.00015113629292507012,170.83246461953937,764.2024849394061,1.0833214837094411,24.0,0.7747863361003211,0.013333333333333332,47.40769841801067,285.9699820379867,803.3528693695804,1.6753143163486885,26.4,after
Austrian Grand Prix,2026-06-28,ALB,Williams,7,0.0,,0.6138212145454816,0.3472222222222222,8.86949832424357,161.95593596323732,651.213263440737,0.7317759363282824,18.74999999999997,0.7121977247712589,0.013888888888888888,48.046996504861845,297.3162001748025,658.773026258864,1.2280298854720264,21.25,after
Austrian Grand Prix,2026-06-28,ALB,Williams,10,0.0,,0.7150190485927506,0.6336805555555555,178.20172779437098,243.64930114915998,1040.74221278092,0.9681197722612965,50.00000000000006,0.7084490982065645,0.4253472222222222,47.40769841801067,122.0798390321492,1118.729828306835,1.2270560137947477,75.00000000000006,after
Austrian Grand Prix,2026-06-28,ALB,Williams,11,0.0,,0.7943733131669408,0.5929687499999999,27.53742704419376,148.8867797845686,1162.2427567809991,0.7562971684605999,37.125,0.7826701148286167,0.16328125,47.40769841801067,217.72171310773595,1212.0653486763001,0.8851188293636093,216.56249999999994,after
Austrian Grand Prix,2026-06-28,ALB,Williams,12,0.0,,0.6996122473865458,0.6039930555555555,150.31298531639362,232.6162261105936,979.590509598725,1.217900596873296,49.00000000000006,0.6967964545123594,0.365798611111111,47.40769841801067,144.45260892410002,1056.9008105996277,1.4671897158267386,171.5,after
Austrian Grand Prix,2026-06-28,ALB,Williams,13,0.0,,0.7248931552481718,0.5874131944444444,72.42626731819334,181.3117497712988,1040.9805978654701,1.0322177433035231,44.1875,0.769292844620302,0.12274305555555555,47.40769841801067,243.91298549632185,1095.8794190280046,1.2218110780122693,50.50000000000001,after
Austrian Grand Prix,2026-06-28,ALB,Williams,14,0.0,,0.7149756986702767,0.5999999999999999,148.72543425055613,229.79835571195594,1007.257847196486,0.8574574074160558,48.00000000000006,0.7100332662409309,0.37499999999999994,47.40769841801067,137.86480091605324,1078.5668390320461,1.1220993668799757,168.0,after
Austrian Grand Prix,2026-06-28,ALB,Williams,15,0.0,,0.5974382474235371,0.33515624999999993,18.790684415185844,172.59564182978824,591.2907095689801,0.9244329004069068,24.75,0.6843395779924698,0.01375,57.27088179711819,296.78973409448264,599.4114470912455,1.329887990229158,21.0375,after
Austrian Grand Prix,2026-06-28,ALB,Williams,16,0.0,,0.6222638872964577,0.30937499999999996,11.868178659024892,175.37002485264586,597.1701760626021,0.9916937334180849,30.9375,0.6847136139621112,0.01375,57.073060224953586,296.7228251116925,599.5613048378943,1.5163896427466141,14.85,after
Austrian Grand Prix,2026-06-28,ALB,Williams,17,0.0,,0.594426110668002,0.3472222222222222,29.991676842272764,180.94878542108307,588.0329267757156,0.7870934548159685,12.5,0.6885124225421295,0.013888888888888888,60.33230024567274,301.31164813541807,603.8374213389267,1.5827976237286492,21.25,after
Austrian Grand Prix,2026-06-28,ALB,Williams,20,0.0,,0.6071217000112532,0.38671874999999994,34.06411109498825,168.27158638051705,631.803672838435,0.990805849699917,18.5625,0.7123145801238446,0.01375,47.40769841801067,295.6275142975445,662.5953404686567,1.6181057637241376,33.412499999999994,after
Austrian Grand Prix,2026-06-28,ALB,Williams,22,0.0,,0.6315570659045786,0.34374999999999994,16.4963944031893,172.20475499641037,631.9214813700066,1.0631981301277527,24.74999999999997,0.7057397318068258,0.01375,47.40769841801067,294.4166045503997,648.1377708312261,1.6234566612687131,21.0375,after
Austrian Grand Prix,2026-06-28,ALB,Williams,23,0.0,,0.6286606614531495,0.39062499999999994,16.450701567714702,159.93311348464317,705.2736934002801,0.6580931190913092,18.75,0.724650032050393,0.026041666666666668,47.40769841801067,291.2210533531004,730.3363778024219,1.55904440211092,39.99999999999999,after
Austrian Grand Prix,2026-06-28,ALB,Williams,27,0.0,,0.6577375438040491,0.34531249999999997,19.316214814137897,174.01430934559704,650.4845104891255,1.018549069238563,25.49999999999997,0.7081807613867829,0.014166666666666668,50.78655375663917,298.6498202420132,667.056555942786,1.8891335980042,28.049999999999997,after
Austrian Grand Prix,2026-06-28,ALB,Williams,28,0.0,,0.5174579677308894,0.4112847222222221,23.419894451578248,142.15797696530674,590.8788771078634,0.6208748349334788,12.875,0.5721797998874459,0.09835069444444444,61.59778147167414,261.8607114322802,590.6420877403565,0.8642742639324432,19.3125,after
Austrian Grand Prix,2026-06-28,ALB,Williams,29,0.0,,0.6419289571483155,0.31154513888888885,16.349972630382357,179.4895696891127,594.0522274359766,0.9832633642927058,12.125,0.6852974124519952,0.013472222222222224,48.492527772781166,288.3466221309795,608.5411865461117,1.92341466621138,20.612499999999997,after
Austrian Grand Prix,2026-06-28,ALB,Williams,30,0.0,,0.6076989950785393,0.35234374999999996,24.362443632308754,164.185502640677,589.7998810886044,0.8797908970327593,24.74999999999997,0.685917130335043,0.01375,52.24764636874911,292.31864198601414,605.8150492666907,1.6741933976647088,27.225,after
Austrian Grand Prix,2026-06-28,ALB,Williams,32,0.0,,0.6113806352327243,0.35364583333333327,2.0078941586086203,146.37999467945255,655.7599509573024,0.6367232286290517,12.125,0.7111017404096561,0.013472222222222224,47.40769841801067,288.3342285436457,665.5549508133066,1.282276915876084,38.79999999999999,after
Austrian Grand Prix,2026-06-28,ALB,Williams,33,0.0,,0.6691378184266389,0.37552083333333325,18.380792499541634,174.2995715770726,732.3347189238993,1.0276637384029759,25.75,0.7499258563314269,0.014305555555555556,47.40769841801067,305.10570148161133,759.0487150359752,1.7536971516575615,28.325,after
Austrian Grand Prix,2026-06-28,ALB,Williams,34,0.0,,0.6457242843064216,0.3695312499999999,22.20377194738429,170.81367574438798,671.8174891786211,1.1346173164005882,37.125,0.7295000489185233,0.01375,47.40769841801067,295.25535442787066,700.6506380567348,1.686223387292735,21.0375,after
Austrian Grand Prix,2026-06-28,ALB,Williams,35,0.0,,0.6496595935136904,0.32499999999999996,29.011129354319486,187.71654482816498,591.7710940415762,1.1009835063362763,24.0,0.6903389813727084,0.013333333333333332,47.40769841801067,288.44030961641823,621.83143518181,2.250710328285646,26.4,after
Austrian Grand Prix,2026-06-28,ALB,Williams,39,0.0,,0.6213042507173351,0.36206597222222214,14.704674798513786,158.7511641231348,647.3415789307924,1.1523360787909867,30.3125,0.7124202512086288,0.013472222222222224,47.40769841801067,288.63409282604346,668.3213486710598,1.572431152037679,20.612499999999997,after
Austrian Grand Prix,2026-06-28,ALB,Williams,40,0.0,,0.613452366391598,0.3718749999999999,24.32920884595334,158.02777999957678,616.9160546412855,0.5447118614277812,12.75,0.6914404615950701,0.014166666666666668,56.23176558855698,298.2359271468315,630.9644195885639,1.5019590857256306,34.42499999999999,after
Austrian Grand Prix,2026-06-28,ALB,Williams,41,0.0,,0.791915966974313,0.3743055555555555,0.00048685363254293815,169.0434687002745,873.2446425762766,1.3818793165681291,24.5,0.8356279577622917,0.013611111111111112,47.40769841801067,289.76876870988343,935.2994807824006,2.3469984924268483,26.95,after
Austrian Grand Prix,2026-06-28,ALB,Williams,42,0.0,,0.6056868707960728,0.3609374999999999,21.395533396225776,159.8495201824386,606.9016948980849,0.9138541912233048,24.75,0.6933614784322149,0.01375,48.77753790643431,291.45405535770954,622.5292628508267,1.55863863384975,33.412499999999994,after
Austrian Grand Prix,2026-06-28,ALB,Williams,43,0.0,,0.666892845634756,0.3718749999999999,34.17177853689463,176.2971091324234,649.5428707150558,0.7921732005077619,12.75,0.7146490086237305,0.014166666666666668,47.40769841801067,297.53485143631633,682.8337825508399,2.260856514884574,34.42499999999999,after
Austrian Grand Prix,2026-06-28,ALB,Williams,44,0.0,,0.6285447913338912,0.3682291666666666,39.395943475696605,175.93241667209196,581.7127286958975,0.5389966436589225,12.625,0.6799239756934552,0.014027777777777778,55.77062115210447,293.7440126448138,608.7403909552794,1.9646996592640589,34.08749999999999,after
Austrian Grand Prix,2026-06-28,ALB,Williams,45,0.0,,0.617709306677494,0.3487847222222222,10.57994749613069,156.03740542805352,627.1320099147161,0.7948564190171016,24.49999999999997,0.6995023380722306,0.013611111111111112,47.40769841801067,290.98163955007686,638.6142789897801,1.4671475282584956,33.07499999999999,after
Austrian Grand Prix,2026-06-28,ALB,Williams,48,0.0,,0.6012569752211727,0.3583333333333333,31.167072374901473,164.50728756371842,574.3488091712636,1.418763762398905,24.0,0.6798570404826664,0.013333333333333332,47.40769841801067,285.3576625869439,601.5614804526031,2.3334195877794754,62.4,after
Austrian Grand Prix,2026-06-28,ALB,Williams,49,0.0,,0.5931349325050295,0.3364583333333333,35.05727577020248,176.48131406184254,509.3574341981504,1.0382214857842722,6.375,0.6389903526250571,0.014166666666666668,74.12124922770957,297.76787264647953,513.2293423734125,1.908283492225721,34.42499999999999,after
Austrian Grand Prix,2026-06-28,ALB,Williams,50,0.0,,0.6125334007800868,0.3873263888888889,27.852563240346115,153.74800141968723,612.9358885228376,1.037037925624583,24.250000000000057,0.6985452616202492,0.013472222222222224,47.40769841801067,285.3136454364687,640.5354358937734,1.7308803108458708,38.79999999999999,after
Austrian Grand Prix,2026-06-28,ALB,Williams,52,0.0,,0.5386733998005938,0.3331597222222222,25.969040239104284,159.88557060360765,494.5154171350732,0.69770717822269,6.3125,0.6251575268504775,0.014027777777777778,61.57402443192274,280.3791588295898,488.1751051036262,1.15116653202458,21.4625,after
Austrian Grand Prix,2026-06-28,ALB,Williams,53,0.0,,0.5931547806279225,0.31249999999999994,34.47884410153512,178.51555717297407,474.38106642144834,0.9031364055788983,25.0,0.6277614270347766,0.013888888888888888,76.13080481086548,295.8473042730373,475.26339242813157,2.004410449560082,27.5,after
Austrian Grand Prix,2026-06-28,ALB,Williams,54,0.0,,0.5843643652252456,0.35416666666666663,59.37887382112315,188.43443624857676,458.5543299773296,0.9824410129671551,6.374999999999972,0.623180515602328,0.014166666666666668,79.72761338482448,297.84079384563927,478.0617461800557,2.256930524089993,28.049999999999997,after
Austrian Grand Prix,2026-06-28,ALB,Williams,55,0.0,,0.6323636076779543,0.366579861111111,35.249174955773434,172.36616618558475,594.8310962848853,0.6221238638743865,12.875,0.6854830218956818,0.014305555555555556,59.76339739237864,299.68245505586725,614.6065603019383,1.9633969325044642,28.325,after
Austrian Grand Prix,2026-06-28,ALB,Williams,56,0.0,,0.617886359413685,0.38671874999999994,51.0358239902609,179.34099394554966,585.3229360802601,0.6098490858094082,6.1875,0.6955557443570051,0.01375,47.898960162192516,291.34347068714425,627.5224235906616,2.08903211640649,33.412499999999994,after
Austrian Grand Prix,2026-06-28,ALB,Williams,57,0.0,,0.5570003518385895,0.35416666666666663,42.417353565798635,171.2081687563079,488.9609309658297,0.6370421424685754,12.749999999999972,0.6312320970938872,0.014166666666666668,79.03860551724802,299.9698395001085,494.9387919575495,1.6341326699451995,28.049999999999997,after
Austrian Grand Prix,2026-06-28,ALB,Williams,58,0.0,,0.5319880491239285,0.3701388888888888,50.53232907237032,170.25429432648681,453.1745794223376,0.7388310591333866,13.0,0.6177606045390441,0.014444444444444446,87.22471222117832,303.44092380984375,456.93876459784536,1.6763089507383115,35.099999999999994,after
Austrian Grand Prix,2026-06-28,ALB,Williams,59,0.0,,0.6659341405310595,0.3701388888888888,35.11934911959104,180.50154200543705,632.7154389727389,0.8700404090630303,19.5,0.7061713823591899,0.014444444444444446,55.56544126698998,302.7254250927065,658.4673926139378,2.21993262526318,28.6,after
Austrian Grand Prix,2026-06-28,ALB,Williams,60,0.0,,0.6326595393823087,0.3701388888888888,27.183285906917817,170.1140746180716,630.7701524702147,0.6964632640971248,13.0,0.7008352000189091,0.014444444444444446,58.41679185016872,303.7091118567869,645.6633379559804,1.770604970033207,28.6,after
Austrian Grand Prix,2026-06-28,ALB,Williams,61,0.0,,0.5869587428687335,0.37552083333333325,22.141629511296806,155.3712236924552,608.1571130465235,0.649719137529365,0.0,0.6857061762128863,0.014305555555555556,60.13667974767889,300.13384142218916,614.5588704936138,1.4730323103654293,41.19999999999999,after
Austrian Grand Prix,2026-06-28,ALB,Williams,62,0.0,,0.5902732023938906,0.2630208333333333,21.760389939603343,187.18799788005802,442.3237205873537,1.1602088794798855,25.25,0.5946006621119506,0.014027777777777778,92.20439876602639,300.3146305052091,414.35924694219807,1.7958849262937777,21.4625,after
Austrian Grand Prix,2026-06-28,ALB,Williams,65,0.0,,0.6500317262934747,0.24791666666666667,0.00027278102880469126,185.47568196447415,539.2435406098565,1.7686053303964662,38.25,0.6362057643050668,0.014166666666666668,38.19897871894103,260.8709962257144,521.2375180802716,2.2971781177954407,34.42499999999999,after
Austrian Grand Prix,2026-06-28,ALB,Williams,66,0.0,,0.6332200676054738,0.3430555555555555,20.640292789819153,173.66703437489736,613.6518304618866,0.9197705159682318,19.5,0.6888241856122299,0.014444444444444446,64.45707160142021,305.5455365657007,617.2498181212251,1.755604501800071,22.1,after
Austrian Grand Prix,2026-06-28,ALB,Williams,67,0.0,,0.6799339065506469,0.38281249999999994,10.348438412284848,166.3700048998404,776.4734621787675,1.0986950703807832,32.8125,0.7677095343112715,0.014583333333333334,47.401315676775596,310.4539015513674,796.496160832841,1.705728456700396,28.875,after
Austrian Grand Prix,2026-06-28,ALB,Williams,68,0.0,,0.7087784206414602,0.3901041666666666,0.000433056324009392,160.6098324604652,848.4799434562404,1.2134323053651828,13.375,0.801573882048985,0.014861111111111113,47.30538682241423,315.48108701612676,872.7144703436446,1.171812063140733,16.049999999999997,after
Austrian Grand Prix,2026-06-28,ALB,Williams,69,0.0,,0.6167238551191833,0.3430555555555555,0.00017115699906537174,155.28384518497387,669.7647915005338,0.8869176031121532,13.0,0.7078665429501104,0.014444444444444446,56.95392772631523,304.70721775885386,660.5899796189568,1.2444213272594826,28.6,after
Austrian Grand Prix,2026-06-28,ALO,Aston Martin,2,0.0,426.1941825953331,0.7327187200952623,0.5796874999999999,257.8070311308124,358.95488047307197,810.7399760882466,1.137854576542021,13.25,0.7801448576754068,0.08281249999999998,47.40769841801067,279.7830981884173,1015.9734869230829,3.680205224357902,105.99999999999997,after
Austrian Grand Prix,2026-06-28,ALO,Aston Martin,3,0.0,526.7009759518857,0.6166725258412112,0.5328124999999999,371.0646309122244,439.78972425853107,443.4492806536524,0.7900294655198189,6.1875,0.7248544716967452,0.01375,47.40769841801067,295.1470814737885,690.1374851075319,4.294937316810966,64.35,after
Austrian Grand Prix,2026-06-28,ALO,Aston Martin,4,0.0,241.5159937454245,0.4921781239097253,0.35729166666666656,94.96370532443117,222.43577991751476,340.4505223283434,1.1844783463016408,12.249999999999972,0.5853435309782604,0.013611111111111112,103.95862429595412,302.1660712396952,378.2522728950358,2.3404906682955655,39.19999999999999,after
Austrian Grand Prix,2026-06-28,ALO,Aston Martin,5,0.0,299.58448689204937,0.4517445920402784,0.3791666666666666,145.9280811655362,248.03408552006056,99.95256362251644,2.210284929693634,42.0,0.5123248255296871,0.015555555555555557,206.8748519366836,344.2822488349558,123.66212728509511,3.4149150343572905,37.79999999999999,after
Austrian Grand Prix,2026-06-28,ALO,Aston Martin,6,0.0,330.33940983287835,0.4621829907546753,0.3843749999999999,138.6776568151964,249.55919798422804,180.73140175524694,2.0202535440288028,27.0,0.5366597321177831,0.015000000000000001,145.3202080316209,330.99608541902865,219.44009307203385,3.26937236443199,43.19999999999999,after
Austrian Grand Prix,2026-06-28,ALO,Aston Martin,7,0.0,367.23468053350877,0.41697855510544146,0.4046874999999999,171.6454044825194,265.9756324912265,50.46615332317131,2.679251916825823,62.43749999999997,0.4995403304629524,0.015416666666666665,239.0620456918758,342.2993764304687,98.68439209951956,3.7369244392124052,37.46249999999999,after
Austrian Grand Prix,2026-06-28,ALO,Aston Martin,8,0.0,332.13431550317654,0.4415281760859541,0.398611111111111,166.11923933274304,268.03364837169977,72.92718251751818,2.512298101382212,42.0,0.5105608507652825,0.015555555555555557,240.89636097785595,344.9125786243217,117.62191409617826,3.8931729177100176,44.79999999999999,after
Austrian Grand Prix,2026-06-28,ALO,Aston Martin,9,0.0,339.1633117121941,0.4601943294447066,0.34062499999999996,112.64210779816194,232.98966848688892,156.07022780278714,2.193284564431442,47.68749999999997,0.5185238133380441,0.01513888888888889,151.09357445280588,332.5769091211213,164.44505725939854,3.001504374746822,36.787499999999994,after
Austrian Grand Prix,2026-06-28,ALO,Aston Martin,10,0.0,299.5741416101756,0.4521757275664719,0.37239583333333326,150.7678052507237,255.21536376802106,88.54170838652458,2.5098817742285293,41.25,0.5044991505341491,0.015277777777777777,219.98521100801773,339.72930396809875,118.61148920182153,3.7182261909000847,43.99999999999999,after
Austrian Grand Prix,2026-06-28,ALO,Aston Martin,11,0.0,269.94843363107344,0.5008176668265909,0.31284722222222217,111.00710400812387,248.79930374490013,161.27779907947166,1.9895545920828963,26.5,0.5118565871240395,0.014722222222222222,145.93313304483888,325.08293853825273,170.7444623386776,3.3920394443333537,29.15,after
Austrian Grand Prix,2026-06-28,ALO,Aston Martin,14,0.0,299.6588508195507,0.44331702188134003,0.34366319444444443,136.94179688215874,252.92524556174175,75.05723331161681,2.2071374525161964,40.12499999999997,0.48122116679970367,0.014861111111111113,160.40549137110406,328.83289975100035,89.56334274573926,3.3140357824118856,36.11249999999999,after
Austrian Grand Prix,2026-06-28,ALO,Aston Martin,15,0.0,290.4951055374259,0.49847719499435583,0.3565104166666666,136.98305798303448,265.02463139203826,146.11156612368003,2.412476879791704,41.62499999999997,0.5283984102010401,0.015416666666666665,194.77637815602887,343.55420099268684,165.99383660135993,3.846872997213762,37.46249999999999,after
Austrian Grand Prix,2026-06-28,ALO,Aston Martin,18,0.0,189.8765438421006,0.46784855434416095,0.32499999999999996,93.31169220373177,215.48050808738313,217.34742676380608,1.3901759617846507,19.5,0.5206872538925129,0.014444444444444446,134.3584035589053,316.59894242128485,215.02043502488806,2.233789659557446,28.6,after
Austrian Grand Prix,2026-06-28,ALO,Aston Martin,20,0.0,279.2393585988418,0.3878803679457791,0.36901041666666656,139.14997892037334,234.03912784212645,46.747300113818724,1.8210206700512683,27.25,0.4748009401872834,0.01513888888888889,168.43560502652753,334.6159340920767,56.87343464492209,2.6155852335932224,36.787499999999994,after
Austrian Grand Prix,2026-06-28,ALO,Aston Martin,22,0.0,,0.5527740538191389,0.30104166666666665,57.36819666998273,219.7138564659621,389.4985867460583,1.3561637684157002,25.5,0.5890084159502353,0.014166666666666668,103.03226747411199,309.18521305669435,384.44074484363864,2.142578964277756,28.049999999999997,after
Austrian Grand Prix,2026-06-28,ALO,Aston Martin,23,0.0,,0.5579545082326793,0.33420138888888884,37.10904590196463,190.88814893044508,506.5731381463124,1.688211703506074,41.24999999999997,0.648574345423068,0.015277777777777777,105.33825344272573,332.33927434079953,482.8917750455326,1.4953939766754851,16.5,after
Austrian Grand Prix,2026-06-28,ALO,Aston Martin,26,0.0,,0.48407358346603935,0.32986111111111105,30.54424524604835,167.5338661176018,450.6531713034131,0.9556389960281274,25.0,0.5942012083665265,0.026041666666666668,88.82544994744933,296.7958728757336,434.2915034914285,0.8621549408015844,18.75,after
Austrian Grand Prix,2026-06-28,ALO,Aston Martin,28,0.0,,0.583110057330213,0.2862847222222222,2.2062871985711046,177.15551697330423,567.376677115614,1.3222977096943893,24.25,0.6619106289401734,0.013472222222222224,63.376006196158094,295.0447263252188,553.5713343942734,1.189489355086271,14.549999999999999,after
Austrian Grand Prix,2026-06-28,ALO,Aston Martin,29,0.0,,0.5201758825026545,0.3174479166666666,0.0004760645669045703,138.52846825379714,540.275989552625,0.9620603839463376,21.5625,0.5515997064002318,0.09583333333333334,47.40769841801067,169.87643934065125,574.5035817948122,1.1191344832341312,34.5,after
Austrian Grand Prix,2026-06-28,ALO,Aston Martin,30,0.0,,0.5381107292744202,0.5796874999999999,68.52062619696848,165.8867646352269,778.1380213641737,1.0069989189819597,39.75,0.5405803371954611,0.3404513888888889,47.40769841801067,177.13575760527735,825.9225989277313,1.3200568707159461,52.99999999999997,after
Austrian Grand Prix,2026-06-28,ALO,Aston Martin,31,0.0,,0.4859628902313923,0.3069444444444444,67.22947194157567,200.5676737505463,280.09539583182,1.071973353486414,13.0,0.5382005185834159,0.014444444444444446,126.05554008629696,314.4257215904925,260.3969061689966,1.8181013561346988,28.6,after
Austrian Grand Prix,2026-06-28,ALO,Aston Martin,32,0.0,,0.4812955837731321,0.2722222222222222,49.98389255725192,189.03294841917656,281.3362867193605,0.9789550979268263,24.5,0.5267731949120413,0.013611111111111112,114.33128863414315,298.7019068533576,255.83776436920846,1.420301578086679,14.7,after
Austrian Grand Prix,2026-06-28,ALO,Aston Martin,35,0.0,,0.5991148035742297,0.26371527777777776,82.32192987575525,255.05727799727396,268.72371376928527,1.3958718737527507,24.5,0.5382828831321572,0.013611111111111112,112.63831548196602,301.03732457822105,273.8539598653597,3.5691189334850755,33.07499999999999,after
Austrian Grand Prix,2026-06-28,ALO,Aston Martin,36,0.0,,0.46289628042995984,0.32499999999999996,96.90033503571759,215.55467633432318,240.69036099457418,1.1432675030275707,18.0,0.527233637401403,0.013333333333333332,109.18340658170095,293.71517967219205,264.2954950128073,2.542111077691881,38.39999999999999,after
Austrian Grand Prix,2026-06-28,ALO,Aston Martin,37,0.0,,0.5856557074292958,0.28932291666666665,61.168304397895085,222.56899828616469,377.4938867766908,1.5908961894917044,37.875,0.5818539630973752,0.014027777777777778,100.61122265936562,304.26010974344695,377.341838851014,2.704667494608867,27.775,after
Austrian Grand Prix,2026-06-28,ALO,Aston Martin,39,0.0,,0.6917720932385373,0.5304687499999999,31.6533376842413,151.12280839350365,920.8499454045997,1.2666499815021528,48.5,0.690420150342612,0.1515625,47.40769841801067,218.9349597086208,972.394275401696,1.4698316599574806,169.74999999999997,after
Austrian Grand Prix,2026-06-28,ALO,Aston Martin,40,0.0,,0.33281321645134126,0.1848958333333333,43.4455553389272,139.23236198372442,110.05360841730746,0.5696609451384975,13.312499999999986,0.3574965237036845,0.009861111111111112,57.23204951615537,182.35583281244496,104.01748861514966,0.9078815656602951,1.7750000000000012,after
Austrian Grand Prix,2026-06-28,ALO,Aston Martin,41,0.0,,0.6419097497940395,0.5328124999999999,52.41999523677581,160.37938110190083,838.9794829053401,1.151606310153446,37.125,0.6406958454455115,0.18906249999999997,47.40769841801067,219.19477098592205,894.636364057534,1.5052322852707765,123.74999999999999,after
Austrian Grand Prix,2026-06-28,ALO,Aston Martin,42,0.0,275.1942076721975,0.7046657833988677,0.6286458333333332,312.57011527833424,356.18414040407674,874.2335900980921,1.413582848604985,51.00000000000006,0.6971298432487938,0.22135416666666666,47.40769841801067,223.1048205087502,1013.390554978249,2.0623723801525493,178.49999999999994,after
Austrian Grand Prix,2026-06-28,ALO,Aston Martin,43,0.0,240.187894992425,0.6056327410936798,0.5901041666666665,209.97929861459698,288.34496194908127,727.4738673753591,1.0222131613661023,6.4375,0.6634646091795582,0.11623263888888889,47.40769841801067,253.89831105969898,835.2802041622882,1.8612712415432044,102.99999999999997,after
Austrian Grand Prix,2026-06-28,ALO,Aston Martin,44,0.0,,0.6151596959114568,0.5360243055555555,57.16059452886276,163.03958885729622,826.6890648814805,0.9041460243088921,23.75,0.6198769736925029,0.27213541666666663,47.40769841801067,181.04981518640693,875.616907680515,1.2100320183166993,118.74999999999999,after
Austrian Grand Prix,2026-06-28,ALO,Aston Martin,45,0.0,,0.5196221966244645,0.5059027777777777,83.89828047132684,179.8676311954676,659.0886585479226,0.7031189418405313,23.5,0.5297415604537142,0.1876736111111111,47.40769841801067,196.16349108318843,716.4632010976982,1.2673488077910797,70.49999999999999,after
Austrian Grand Prix,2026-06-28,ALO,Aston Martin,46,0.0,174.8558961213548,0.43316668450072787,0.31293402777777773,99.68705253602367,211.36209585687857,131.1262864585811,1.3121824709621175,25.75,0.47377493639813345,0.014305555555555556,146.78160968691478,312.6028374262615,120.25472658646524,2.164137021654568,28.325,after
Austrian Grand Prix,2026-06-28,ALO,Aston Martin,47,0.0,,0.5181303849967169,0.29218749999999993,75.56718645969495,219.99038689316706,277.3235176458716,1.0819754067640872,24.75,0.5415597703220266,0.01375,114.04205087321147,303.5879704859208,276.5963953945682,2.4393490755030904,27.225,after
Austrian Grand Prix,2026-06-28,ALO,Aston Martin,48,0.0,,0.5743752062633894,0.17013888888888887,77.55865792106061,248.86704675154417,27.88146433520064,0.7972592868958965,12.249999999999986,0.39869152687969805,0.013611111111111112,127.13684214341015,266.6788765513045,-27.837185883377227,2.722749172597701,20.825,after
Austrian Grand Prix,2026-06-28,ALO,Aston Martin,51,0.0,,0.3415697977537571,0.18046874999999996,64.347914400401,161.9158312684404,-47.82171161844544,0.35610574603719664,6.187499999999986,0.3281478667442724,0.01375,75.78427289706727,190.6360262575626,-67.3945536136838,1.0617894216561543,14.85,after
Austrian Grand Prix,2026-06-28,ALO,Aston Martin,52,0.0,,0.6747392658183452,0.522048611111111,56.509499598616934,167.54178605226787,829.8416511169836,0.8850661563154154,30.3125,0.6692276289777522,0.13472222222222222,47.40769841801067,224.3749386658698,892.4555149155362,1.4146375721229465,145.49999999999997,after
Austrian Grand Prix,2026-06-28,ALO,Aston Martin,53,0.0,,0.5719774428732005,0.47265625,73.80320974167776,181.41359253381773,637.2254074083454,1.0446897856673465,30.9375,0.6944333489285501,0.034375,47.40769841801067,283.0497593613898,687.239677124251,1.449606615491566,39.599999999999994,after
Austrian Grand Prix,2026-06-28,ALO,Aston Martin,54,0.0,,0.4643608192466461,0.3368055555555555,58.38740445610714,177.25764008938728,349.98532313258164,1.1790109907858113,30.3125,0.566838271506138,0.013472222222222224,94.75485544330084,293.1482504704491,352.1136689409477,1.368348831844586,14.549999999999999,after
Austrian Grand Prix,2026-06-28,ALO,Aston Martin,55,0.0,,0.6513282842206951,0.26640624999999996,36.424406317619116,221.59816901605114,460.1193199227778,1.6482776560728083,37.125,0.6205035033362906,0.01375,80.64130931792832,297.81753548563006,457.4010188105899,2.8628898982574014,27.225,after
Austrian Grand Prix,2026-06-28,ALO,Aston Martin,56,0.0,,0.5065018723112046,0.31484375,57.73254798057262,191.01719898502003,371.646439304661,0.8506564813396656,17.4375,0.57515427882708,0.012916666666666668,78.87592101504768,280.17991860452565,387.8013269192418,1.9383196000934042,31.3875,after
Austrian Grand Prix,2026-06-28,ALO,Aston Martin,57,0.0,,0.4851601042302601,0.35,68.49836066455704,186.80165882407394,368.4156884819441,0.8595426644976504,6.0,0.5812683504046805,0.013333333333333332,85.57692891001501,289.02085155165315,388.7490228762883,1.8771841894829497,38.39999999999999,after
Austrian Grand Prix,2026-06-28,ALO,Aston Martin,58,0.0,182.57543641111192,0.5197113932648728,0.29218749999999993,63.8094490443424,198.98903790452675,285.38611280987783,1.5214442236968235,38.25,0.5321441511122529,0.014166666666666668,117.0752322994467,303.3256851887352,268.1981424864988,2.188086542282379,28.049999999999997,after
Austrian Grand Prix,2026-06-28,ALO,Aston Martin,59,0.0,,0.5050439706091258,0.3133680555555555,54.934605251108245,184.9001401092279,363.84082943300365,0.9698516003630185,23.75,0.5710151635850929,0.013194444444444444,87.2671647596795,287.122472014462,371.2106715609014,1.7442912011757497,26.125,after
Austrian Grand Prix,2026-06-28,ALO,Aston Martin,60,0.0,,0.5207682316716685,0.31666666666666665,60.112440648042536,189.2185267754499,369.74528157822806,1.0187249391395017,24.0,0.5786933800171329,0.013333333333333332,86.9029326824661,289.4456156884626,382.0211323885694,2.0855249609763264,32.39999999999999,after
Austrian Grand Prix,2026-06-28,ALO,Aston Martin,61,0.0,,0.2865092195589867,0.07152777777777777,67.72633936677573,149.26356608375974,-290.2642867083978,1.0544620329606826,51.5,0.11135042220962059,0.014305555555555556,70.09613161122415,109.06877938459135,-299.8360188712364,1.1734021625268203,28.325,after
Austrian Grand Prix,2026-06-28,ALO,Aston Martin,62,0.0,483.2927311610789,0.6743036329153079,0.6197916666666666,343.38470050334524,403.8941618042987,716.6617194474463,0.9821652382166367,19.6875,0.7058457122025121,0.10026041666666667,47.40769841801067,263.1785981451448,892.4695021287181,2.5721421889439244,183.74999999999997,after
Austrian Grand Prix,2026-06-28,ALO,Aston Martin,63,0.0,,0.6015636956801417,0.24496527777777774,2.0615559052132557,184.64097180463244,495.9833080153634,1.2004214212789066,25.9375,0.6194772119788065,0.01152777777777778,47.40769841801067,252.23974726648174,507.90232000422594,1.7783502427666138,22.825,after
Austrian Grand Prix,2026-06-28,ALO,Aston Martin,64,0.0,,0.5687223936067832,0.29218749999999993,49.10829792994039,198.09133405436862,388.52439349027577,1.083311335470143,12.375,0.5868905572631735,0.01375,91.64058141006953,297.05227645218025,385.89352913931697,2.2821957599166836,27.225,after
Austrian Grand Prix,2026-06-28,ALO,Aston Martin,65,0.0,,0.4621006399330362,0.34374999999999994,74.72007208613931,188.9639880458878,304.83197543365844,1.1292952813290154,24.74999999999997,0.5534708127012586,0.01375,104.87618971405067,298.59097415949117,312.7297900224485,1.7476872728585038,27.225,after
Austrian Grand Prix,2026-06-28,ALO,Aston Martin,66,0.0,206.40572611599777,0.5279424718457052,0.3463541666666666,81.51072454989458,206.6818592882376,340.9658311536974,1.7270640781415036,32.8125,0.5776911434391871,0.014583333333333334,110.5727669410822,312.7646671447977,350.6015185224077,2.5718003372937157,28.875,after
Austrian Grand Prix,2026-06-28,ALO,Aston Martin,67,0.0,259.4297141461381,0.4642797132867104,0.3854166666666666,131.34092604223738,233.17161603050636,156.0693632645225,2.569490510183321,55.5,0.5219329564643701,0.015416666666666665,158.87864889433172,334.08959435255815,175.1057967945788,3.35464986083783,37.46249999999999,after
Austrian Grand Prix,2026-06-28,STR,Aston Martin,2,0.0,,0.6234469949578341,0.5988888888888889,300.3887328768522,213.74103780629352,942.6138325001997,0.9121635144132464,35.200000000000045,0.6209669538069299,0.4201388888888889,47.40769841801067,92.1289968150981,996.5312335889265,1.0067081723059206,87.99999999999994,after
Austrian Grand Prix,2026-06-28,STR,Aston Martin,3,0.0,,0.5223013292120878,0.2717881944444444,50.7543380121453,206.55073222290883,315.6755478787279,1.1712226035486912,31.5625,0.5433515041110557,0.014027777777777778,116.22471842783659,306.3977448667061,289.40634258489774,1.6885695277814914,21.4625,after
Austrian Grand Prix,2026-06-28,STR,Aston Martin,4,0.0,,0.5346231037787511,0.30937499999999996,61.919750276458494,204.3550695063505,371.0392819099959,1.4777110841384071,37.125,0.5865165164839032,0.01375,96.29864346184377,301.5794242312099,377.41011970962,2.1528583073942107,27.225,after
Austrian Grand Prix,2026-06-28,STR,Aston Martin,5,0.0,,0.5481809502393578,0.3098958333333333,54.015419736517,201.44549838047763,392.9086622518785,0.7237889748192282,13.125,0.5927925995715614,0.014583333333333334,108.49329002790702,315.9706998779535,380.0411720667045,1.913675600661264,28.875,after
Austrian Grand Prix,2026-06-28,STR,Aston Martin,7,0.0,,0.534368651525566,0.37812499999999993,67.16701298154183,206.01417372036113,508.50444553920715,0.9118573554084662,18.5625,0.642523172282188,0.02578125,70.93984825795917,295.822958556725,544.7235860237971,2.0485808025286913,39.599999999999994,after
Austrian Grand Prix,2026-06-28,STR,Aston Martin,8,0.0,236.89731218298942,0.5304866946677488,0.35208333333333325,80.55534773798216,210.85886637109377,377.5755236646023,1.5544254013272196,39.0,0.5967723334693249,0.014444444444444446,103.44444961066748,312.31476632493116,395.7740925075422,2.2706419183277946,28.6,after
Austrian Grand Prix,2026-06-28,STR,Aston Martin,10,0.0,,0.5042401422106372,0.35416666666666663,76.69650113472102,206.41505044049538,380.0937690592782,1.0095121989113471,25.49999999999997,0.5935117587240678,0.014166666666666668,101.60777461530576,309.3368901687295,397.44200066466686,1.942995425480455,34.42499999999999,after
Austrian Grand Prix,2026-06-28,STR,Aston Martin,11,0.0,,0.6432401093917285,0.2744791666666666,57.77265460776676,241.3945315757848,410.47687882731077,1.587964368809865,31.875,0.5900957046883644,0.0265625,99.10608694056123,305.63958358148875,410.59372345702104,3.129389094268236,34.42499999999999,after
Austrian Grand Prix,2026-06-28,STR,Aston Martin,13,0.0,235.089861809415,0.4602632900969632,0.3372395833333333,100.38712151486698,216.50044571408918,208.59627697597932,1.465860341846393,26.25,0.5227007839643533,0.014583333333333334,136.8249508383952,319.77022522591886,211.05747837960809,2.255161764681471,28.875,after
Austrian Grand Prix,2026-06-28,STR,Aston Martin,14,0.0,191.05396636549168,0.5125593119075176,0.33975694444444443,99.70717968467356,231.4754789869901,287.1370654542689,1.195147712174104,12.875,0.5591251075628982,0.014305555555555556,116.4252314130767,312.1190190600911,309.91301860390126,2.746423517162152,28.325,after
Austrian Grand Prix,2026-06-28,STR,Aston Martin,15,0.0,247.46048115004152,0.4858084000268393,0.35295138888888883,108.67878611215991,229.34543464967578,235.11993776728082,1.2345080146021232,13.375,0.5456078012557215,0.014861111111111113,135.14552513341016,326.10825557291264,249.69750222471856,2.698283966939607,36.11249999999999,after
Austrian Grand Prix,2026-06-28,STR,Aston Martin,17,0.0,,0.4832995439244733,0.334375,69.07615158390203,198.18976126693136,318.04318256713844,0.89477766505159,6.6875,0.565771760886569,0.014861111111111113,125.16613515594366,323.1862514662428,302.26167664605356,1.6375481586779437,22.737499999999997,after
Austrian Grand Prix,2026-06-28,STR,Aston Martin,18,0.0,,0.6320937560491091,0.2825520833333333,40.463344687792535,221.5468683401225,471.4131060894581,1.3606559010233155,26.25,0.6262387657404768,0.014583333333333334,99.30488782523015,318.488455834397,456.8968590029424,2.4378706840267874,28.875,after
Austrian Grand Prix,2026-06-28,STR,Aston Martin,20,0.0,,0.4731828601384566,0.365798611111111,55.83719054428926,174.74039089019067,432.4872958717348,0.7598172401731893,12.25,0.5235118179212478,0.07656249999999999,80.68693698306325,263.9160732555,445.9798009369426,1.6969728849814407,49.0,after
Austrian Grand Prix,2026-06-28,STR,Aston Martin,22,0.0,,0.46194649354545003,0.35208333333333325,73.50717672637502,188.89348184766104,321.9313991109661,1.201340818399476,26.0,0.5637714944795398,0.014444444444444446,115.26799636740674,312.58801943524566,319.9656545848359,1.757154656068066,35.099999999999994,after
Austrian Grand Prix,2026-06-28,STR,Aston Martin,23,0.0,,0.5700178435420404,0.5725694444444444,95.2391131563932,190.40665521700217,825.7322296007868,1.8044879844951789,72.75000000000006,0.5645990985165797,0.37890624999999994,47.40769841801067,133.8795725773676,894.8515662979112,2.0252004059446893,96.99999999999997,after
Austrian Grand Prix,2026-06-28,STR,Aston Martin,26,0.0,,0.5967981550028761,0.5364583333333333,0.0009869811936765185,116.27335430305355,889.0057524296321,1.5744054850450608,83.6875,0.5876660835151374,0.3844618055555555,47.40769841801067,149.07227467573867,925.5563129046808,1.71468934637643,77.25000000000003,after
Austrian Grand Prix,2026-06-28,STR,Aston Martin,27,0.0,,0.6130049679593488,0.34878472222222223,11.537229363997291,168.60386646156323,670.3059239966648,0.9732388321590875,30.75,0.7017761725338113,0.02847222222222222,47.40769841801067,238.56926746508051,719.2062718672329,1.6492273345849218,53.3,after
Austrian Grand Prix,2026-06-28,STR,Aston Martin,28,0.0,,0.522660376914306,0.31154513888888885,38.100046371357365,175.39854434429955,424.9625410263971,1.1232894349949545,30.3125,0.5903971127849109,0.016840277777777784,80.98494740366479,287.62393687838363,422.9691660600112,1.6982960316807123,38.79999999999999,after
Austrian Grand Prix,2026-06-28,STR,Aston Martin,29,0.0,,0.5500138194134055,0.23420138888888886,0.00022137501063423105,168.117270146764,449.5719692007959,1.4285272437491683,39.9375,0.5826494786160167,0.018489583333333334,47.40769841801067,215.29037133737847,475.22000732562,1.6007036906499656,28.4,after
Austrian Grand Prix,2026-06-28,STR,Aston Martin,30,0.0,,0.7036290070954796,0.2526041666666667,35.747734415347196,247.22478035112323,489.6509047801394,1.5790584820998153,30.3125,0.6364229017883221,0.013472222222222224,71.60005855326253,294.3480741791752,497.89375011505433,3.316803802894323,26.674999999999997,after
Austrian Grand Prix,2026-06-28,STR,Aston Martin,31,0.0,,0.4888935565420848,0.30104166666666665,62.39146304861991,196.64570050018887,289.44742149219337,0.9137550491380011,12.75,0.5359717352179495,0.014166666666666668,118.0333907469192,305.6234980732015,271.79702161201874,1.727770222120253,21.674999999999997,after
Austrian Grand Prix,2026-06-28,STR,Aston Martin,33,0.0,,0.6418826607608639,0.2610243055555555,43.44211004112777,225.94479773238604,429.4790988820838,1.7815822711371774,36.375,0.5864695411786394,0.025260416666666667,84.07640473112858,289.3407441436524,431.9470721996209,2.9375969605696057,32.73749999999999,after
Austrian Grand Prix,2026-06-28,STR,Aston Martin,35,0.0,150.82149052919564,0.5197799008133281,0.3222222222222222,77.01107812040134,211.90831467312634,254.89570922577823,1.2905932448222848,21.75,0.5550306666458231,0.01611111111111111,154.45081821101573,348.71155153705377,211.2755391436793,2.038846767374691,24.65,after
Austrian Grand Prix,2026-06-28,STR,Aston Martin,36,0.0,216.22316779201478,0.5432824057218684,0.32499999999999996,58.02689638420811,195.1422470190807,395.10789011266644,1.5154136399415092,39.0,0.5929269212663107,0.014444444444444446,102.16263947132609,309.6870619145348,391.2399318036654,2.1056024574808387,22.1,after
Austrian Grand Prix,2026-06-28,STR,Aston Martin,37,0.0,,0.6814799577479178,0.5833333333333333,73.53239715860634,177.91972426997953,915.3951181804291,1.79327289651301,52.5,0.6764545997286523,0.34635416666666663,47.40769841801067,172.427653703566,985.0434096828733,2.108636641545351,183.74999999999994,after
Austrian Grand Prix,2026-06-28,STR,Aston Martin,39,0.0,,0.5921844822797868,0.30624999999999997,31.930861933540434,188.42989449384586,498.9830351463961,0.8145982695811492,18.375,0.6398089484400383,0.013611111111111112,71.46194284228734,295.3950747963008,504.93273659735405,1.8817358534652993,14.7,after
Austrian Grand Prix,2026-06-28,STR,Aston Martin,40,0.0,,0.5336888823357061,0.34531249999999997,43.15423474336219,174.88765936743184,471.96186454281843,0.7674072232031128,19.12499999999997,0.6235426683846275,0.014166666666666668,84.50343211530063,302.74336604992027,472.96100750009333,1.5952130553592805,34.42499999999999,after
Austrian Grand Prix,2026-06-28,STR,Aston Martin,41,0.0,,0.5025965999186338,0.30902777777777773,67.58868981872118,203.35795892765654,348.5688299190257,1.2801329026895691,33.375,0.5625412462708184,0.012361111111111111,74.43479646738247,271.3242326621689,377.8121065895595,2.349969387641912,35.6,after
Austrian Grand Prix,2026-06-28,STR,Aston Martin,42,0.0,,0.5912803972198123,0.34531249999999997,60.156299543803904,195.9951652436281,465.70337658778107,0.8321178933789015,6.375,0.6288869537269446,0.014166666666666668,80.21327523526939,300.32370903969996,487.5719095596864,2.4951241833983246,34.42499999999999,after
Austrian Grand Prix,2026-06-28,STR,Aston Martin,43,0.0,,0.5389359084269445,0.32838541666666665,53.37146616390236,186.04822521397796,413.5897445677191,0.648922211772581,6.0625,0.5916748160119292,0.016840277777777784,78.49794828867796,285.5841338928532,428.53788480427494,2.110159625415177,38.79999999999999,after
Austrian Grand Prix,2026-06-28,STR,Aston Martin,44,0.0,,0.5476165297119406,0.27986111111111106,62.8512303391995,211.21350930909674,285.2196070067586,1.1249710405804652,26.0,0.5354688682351784,0.014444444444444446,123.64153938935291,311.0556432716653,260.6298529468927,2.2919783250891768,28.6,after
Austrian Grand Prix,2026-06-28,SAI,Williams,2,0.0,,0.821781580392284,0.5416666666666666,151.7200306591527,267.65378740887587,983.0377474890698,0.886122754272775,30.0,0.8867172845780078,0.041666666666666664,47.40769841801067,267.49941622969374,1122.5498905161674,2.1593865635602256,62.4,after
Austrian Grand Prix,2026-06-28,SAI,Williams,3,0.0,,0.7650826337606873,0.4774305555555556,13.828299803594895,152.33546825474986,952.5520290276517,1.0623859506631488,31.25,0.8005330601960494,0.06944444444444443,47.40769841801067,265.67693926638026,1016.1236490889005,1.80251996716723,50.0,after
Austrian Grand Prix,2026-06-28,SAI,Williams,4,0.0,,0.8294506007351806,0.4083333333333333,2.742317839771094,168.15606240848714,954.640912030137,1.0746386771172296,24.5,0.8791372657160641,0.013611111111111112,47.40769841801067,288.5764953370978,1029.567464908467,2.3399645970675316,33.07499999999999,after
Austrian Grand Prix,2026-06-28,SAI,Williams,5,0.0,,0.7016325215098782,0.43836805555555547,2.373964740282024,153.21797128783348,909.9758923030129,0.7126722895381223,18.9375,0.8225211224624025,0.026302083333333334,47.40769841801067,294.13555937559914,949.8803229263451,1.333844476324096,40.39999999999999,after
Austrian Grand Prix,2026-06-28,SAI,Williams,6,0.0,,0.7621283963382111,0.4546874999999999,26.38439302506136,176.22656108015894,929.3695724563381,1.1103611670685476,30.312500000000057,0.8677670165227487,0.013472222222222224,47.40769841801067,286.9324231391612,1004.5784343847605,1.7134706834968232,26.674999999999997,after
Austrian Grand Prix,2026-06-28,SAI,Williams,7,0.0,,0.72563323359378,0.4678819444444444,0.0009941824005668478,145.0996321600401,954.8039082538714,1.0126722592241102,18.375,0.7538826745457521,0.10208333333333333,47.40769841801067,245.849268853547,1005.746361558711,1.530748334877342,49.00000000000001,after
Austrian Grand Prix,2026-06-28,SAI,Williams,10,0.0,,0.6757024094131177,0.4828124999999999,22.21009624558703,150.6813873041969,876.6013069254883,0.8591622845313319,32.18750000000006,0.6883206779212058,0.1251736111111111,47.40769841801067,247.97144778395412,927.2160905208924,1.6127857275569828,51.50000000000001,after
Austrian Grand Prix,2026-06-28,SAI,Williams,11,0.0,,0.7162455757343911,0.4166666666666667,6.337185475518438,159.0525741922227,866.1326342530085,0.7744982247874507,18.75,0.8273943656268937,0.013888888888888888,47.40769841801067,296.9534591231532,916.4852650397663,1.4982110544837346,27.5,after
Austrian Grand Prix,2026-06-28,SAI,Williams,12,0.0,,0.7357679323943711,0.42109375,0.9762898531060475,157.1337316438957,924.3206007696007,1.2876322709819916,24.75,0.853725570198183,0.01375,47.40769841801067,295.3858939896078,976.1328265848617,1.8549351681380772,39.599999999999994,after
Austrian Grand Prix,2026-06-28,SAI,Williams,13,0.0,,0.6147074764039014,0.4166666666666667,34.71686385541743,170.03315730171545,701.0275478850465,0.6099958937848989,6.25,0.7293537257509256,0.026041666666666668,47.40769841801067,292.4560667364386,740.4281239591418,1.752513565542661,65.0,after
Austrian Grand Prix,2026-06-28,SAI,Williams,16,0.0,,0.6987666867889584,0.35329861111111105,49.852644263746306,217.36152744490943,632.1736556413646,1.664157049592614,34.37499999999997,0.7170579991427535,0.015277777777777777,76.52425959385988,327.4945592938236,655.4801048483332,3.07785375502439,30.25,after
Austrian Grand Prix,2026-06-28,SAI,Williams,17,0.0,,0.5786885364153557,0.4079861111111111,55.79278428350591,182.20113205341627,598.4155334693731,0.9086128938530241,0.0,0.7032850081861716,0.013888888888888888,52.410674768987455,298.5604276341475,638.6624795814762,1.6543167292013887,33.74999999999999,after
Austrian Grand Prix,2026-06-28,SAI,Williams,18,0.0,,0.5922682245096644,0.36458333333333326,34.418828095902875,179.92316748410602,582.5829346840976,1.0977887251885472,13.125,0.6799344398808871,0.014583333333333334,72.79821131053957,310.77526526885003,590.1475499865745,1.5866367723866475,28.875,after
Austrian Grand Prix,2026-06-28,SAI,Williams,20,0.0,,0.670398487882683,0.3901041666666666,25.801868332666682,175.97246227971755,721.2839709291496,1.3341190345973148,33.4375,0.7479492708409324,0.014861111111111113,51.47113314668258,313.25337794100886,744.5209172456846,1.9597252195074386,22.737499999999997,after
Austrian Grand Prix,2026-06-28,SAI,Williams,22,0.0,,0.5315415804530421,0.39192708333333326,65.46760759080087,188.6992560060482,473.83328814786927,0.8069188671776528,19.6875,0.592321332954012,0.0546875,87.94536445266536,295.25783098656956,493.8615118353849,1.8140413447987425,32.81249999999999,after
Austrian Grand Prix,2026-06-28,SAI,Williams,23,0.0,264.3803369769725,0.6351897337014984,0.3622395833333333,58.274076187025386,208.51027095270157,552.7587842091388,1.5233812871942884,20.06249999999997,0.6784609641563447,0.014861111111111113,81.45685478241035,318.918192237131,576.9689399314163,2.624444653625407,29.424999999999997,after
Austrian Grand Prix,2026-06-28,PER,Cadillac,2,0.0,,0.7770474453632727,0.5055555555555555,42.687440322324235,174.12497121798225,953.8894015152725,0.8724174511194415,26.0,0.8693535227969978,0.014444444444444446,47.40769841801067,300.28843234906634,1031.8806375458473,1.9545493557807614,67.6,after
Austrian Grand Prix,2026-06-28,PER,Cadillac,3,0.0,,0.8993586909709949,0.5852777777777778,4.9483433994598384e-05,76.39140449205044,1199.708211782632,2.3642393113028075,34.400000000000034,0.8609628128598873,0.49270833333333325,47.40769841801067,63.29949637313528,1236.419390008268,1.833167485186504,322.5,after
Belgian Grand Prix,2026-07-19,ANT,Mercedes,7,10.0,49.69537431900487,0.5586556371358852,0.1534059945504087,8.742051916889649e-05,173.718132331718,876.8097463942102,7.66441065111622,158.375,0.5786109056240581,0.06709809264305178,9.257714788776267e-05,202.51390954556823,872.2069932598788,7.752288223239819,144.8,after
Belgian Grand Prix,2026-07-19,ANT,Mercedes,8,10.0,45.10772223788677,0.5471208338451624,0.15299727520435968,0.944344105798507,170.24454614969758,835.9080879636442,7.297466498218895,157.9375,0.5677637448721611,0.06692779291553133,0.6225738228983736,199.33988452815476,833.981989287163,7.394701119055873,144.4,after
Belgian Grand Prix,2026-07-19,ANT,Mercedes,10,10.0,55.0437743958061,0.5528317891103698,0.15258855585831063,0.00014444579602486364,170.4265457890296,861.213243691629,7.740129057544416,157.5,0.5728482390601048,0.0667574931880109,9.331221415039021e-06,200.49689300225808,857.1478955478092,7.831389578487269,144.0,after
Belgian Grand Prix,2026-07-19,ANT,Mercedes,12,10.0,51.97235371366301,0.5603016096632625,0.1644073569482289,0.0001546502574173875,174.41156415835113,922.2977893834257,7.549629992368925,134.625,0.5738308717134624,0.07881471389645776,0.0001529758891395427,200.84095807560098,919.6527708667129,7.641590965006184,143.6,after
Belgian Grand Prix,2026-07-19,ANT,Mercedes,13,20.0,52.07411099290279,0.5523829059570533,0.16985694822888284,0.0001371601303060604,171.9466040329772,897.788181457073,7.859464890262415,157.0625,0.594001201662262,0.07203678474114442,4.919255342728765e-13,207.9004205817922,892.0927162139469,7.936301535281136,143.6,after
Belgian Grand Prix,2026-07-19,ANT,Mercedes,14,15.0,58.01688954254751,0.5521968863086334,0.16713215258855585,0.00013111846328844602,171.8886942173108,908.3059765441662,7.961810402156681,134.625,0.5692621521814515,0.08153950953678474,7.563051152611359e-05,199.24182889401956,907.8985567551646,8.02913718539265,143.6,after
Belgian Grand Prix,2026-07-19,ANT,Mercedes,23,15.0,73.4344140361984,0.6040091922407202,0.21893732970027244,5.093741463097999e-05,146.7740701130272,1184.856235984645,9.855402061450413,227.49999999999994,0.6497513870031077,0.0949591280653951,7.387609520268506e-06,227.41299283869722,1185.1675683092988,9.973554163090299,327.59999999999997,after
Belgian Grand Prix,2026-07-19,ANT,Mercedes,26,10.0,98.91289941251054,0.472678316220556,0.8589918256130789,0.0016067647618906453,67.21963158387176,2169.5864494961265,10.259806531270215,358.0000000000002,0.47291511275330267,0.8224114441416892,0.0006605085750265041,75.89355873079863,2168.43595457456,10.259459344950333,447.5,after
Belgian Grand Prix,2026-07-19,ANT,Mercedes,27,15.0,,0.5844867567417575,0.17840599455040868,6.715336905026872e-05,177.49915909244848,987.7848951295103,9.047285639346967,156.1875,0.6072016657603756,0.08113079019073569,8.017946100989444e-05,212.52066319559248,986.2807191697956,9.16211237305602,178.5,after
Belgian Grand Prix,2026-07-19,ANT,Mercedes,28,20.0,39.83750376661922,0.6440391085314314,0.17029972752043596,3.7026539010154694e-05,199.99985771734526,1024.4399566492898,8.679479928694962,135.0,0.693803506231241,0.05994550408719346,7.88685439674875e-05,242.8313060494783,1029.391877731296,8.762229509528431,144.0,after
Belgian Grand Prix,2026-07-19,ANT,Mercedes,29,10.0,,0.5955096905096845,0.20163487738419617,5.784478360611989e-05,155.02625167224392,1124.9072764925072,9.277477919322376,180.0,0.6568459242236596,0.07901907356948228,2.583559412133923e-05,229.896099313875,1123.1757404646903,9.364908445253436,157.49999999999994,after
Belgian Grand Prix,2026-07-19,ANT,Mercedes,31,20.0,,0.3462808555016471,0.8545980926430516,0.0010649802340272371,53.916279301279005,1715.306163527121,10.045772222588061,448.75,0.34580222753079964,0.830143051771117,7.852706975413357e-06,62.0092228834259,1718.7918667322465,10.046443105002734,538.5000000000002,after
Belgian Grand Prix,2026-07-19,ANT,Mercedes,33,0.0,,0.4132133059272806,0.9426158038147139,24.308043149235782,68.00905084674146,2085.723722327473,10.41738460207122,317.7000000000003,0.412939649889229,0.9137602179836513,47.40769841801067,49.78424834778231,2100.472759464128,10.417540019742411,405.9500000000003,after
Belgian Grand Prix,2026-07-19,ANT,Mercedes,34,20.0,191.98971754670197,0.46827454720767925,0.8739782016348773,16.75276702665859,80.18982684899744,2090.2241735142256,10.765819232560418,362.0000000000002,0.46771945455196745,0.8369891008174386,36.57847110197417,111.9374200284892,2079.7948145164123,10.766118506520781,452.5,after
Belgian Grand Prix,2026-07-19,ANT,Mercedes,37,25.0,50.1447526147462,0.5966261632419702,0.17213896457765668,0.0001258066349747725,184.87075285506467,944.3020920312367,8.007993147726486,134.25,0.6176547300642742,0.07459128065395096,0.00010211978818142895,216.17925764228414,938.5869609419179,8.132999464849666,143.2,after
Belgian Grand Prix,2026-07-19,ANT,Mercedes,38,20.0,55.014273050905636,0.580519821541634,0.18256130790190736,0.00011544304833677078,168.48234842163689,977.4616630673338,8.19058040327015,135.0,0.6302958642520889,0.07220708446866485,0.0001707976230039944,220.60372328585413,969.2736189927898,8.31333489568615,144.0,after
Belgian Grand Prix,2026-07-19,ANT,Mercedes,39,15.0,58.137845929388945,0.5988554039075984,0.17983651226158037,0.00011114788795425144,172.19418127520754,1009.11283941582,8.000855115801615,135.0,0.6427692340968368,0.06948228882833787,0.00013597271261341204,224.9693679066055,1002.1050285955308,8.104914101186418,144.0,after
Belgian Grand Prix,2026-07-19,ANT,Mercedes,40,5.0,54.796833250021514,0.5742786355517588,0.18920299727520432,0.00010450217324769501,160.76961187975763,1049.3438815996542,7.806470138480166,159.6875,0.5955556558610834,0.08974795640326974,9.894183540209476e-05,208.44457849321458,1049.6843933224575,7.911611910915561,182.5,after
Belgian Grand Prix,2026-07-19,ANT,Mercedes,43,20.0,55.05298313448191,0.6015675458778253,0.2070844686648501,5.952999346993744e-05,145.67773215571626,1073.7385470401307,9.308607646775394,180.0,0.6474333622444675,0.08446866485013622,5.526842777826076e-06,226.60168231240638,1064.4566379193295,9.418351836489254,180.0,after
Belgian Grand Prix,2026-07-19,ANT,Mercedes,44,20.0,51.722654670898876,0.6413076799380395,0.2065395095367847,1.1193972987293089e-06,153.5261127323046,1159.3867879162465,9.792533575330028,179.5,0.6770860773585726,0.08426430517711171,3.6723720128941545e-05,236.98016379922055,1156.541090533089,9.884005588679152,233.35,after
Belgian Grand Prix,2026-07-19,LEC,Ferrari,7,10.0,131.23108968540018,0.32895542408511136,0.8589918256130789,0.0016738255267475053,53.58546109063844,1716.5901901021507,10.516437953515043,447.5,0.329881379252876,0.8224114441416892,1.0930323273157288e-06,60.74814991770309,1708.3597475959518,10.516283948882165,447.5,after
Belgian Grand Prix,2026-07-19,LEC,Ferrari,8,5.0,169.5222946882405,0.3113676576927229,0.8265326975476838,14.628144173582461,64.97533106441429,1560.4742695221362,10.392376535573682,451.25,0.3116157684272873,0.7896457765667574,11.88679385448538,70.61531894010486,1562.6191036604175,10.392519656870506,541.5000000000002,after
Belgian Grand Prix,2026-07-19,LEC,Ferrari,12,20.0,173.38130486818662,0.30992992516597495,0.9561852861035421,0.011621885906890072,41.92392128496727,1732.6416581447768,13.781412380271837,318.60000000000014,0.30962622649509336,0.9561852861035421,47.40769841801067,22.468749397661792,1752.4851872884883,13.779931188290098,318.60000000000014,after
Belgian Grand Prix,2026-07-19,LEC,Ferrari,13,0.0,149.06112400406866,0.23967536908454046,0.9247275204359673,7.176301197994997,48.48686497171708,1402.214596516447,12.513187856959178,416.3000000000002,0.2396957141121015,0.9000681198910081,47.22479888162806,90.5065612045626,1391.1238459530991,12.513095891992446,362.0000000000002,after
Belgian Grand Prix,2026-07-19,LEC,Ferrari,19,0.0,96.7440872885262,0.5409720190809042,0.17309264305177108,0.00013700879676223774,164.300961407938,980.2806457961161,7.6606960634760854,136.125,0.5282448103637026,0.0989100817438692,7.15861270851559e-06,184.88569078590862,978.593955758612,7.735128957513228,181.5,after
Belgian Grand Prix,2026-07-19,LEC,Ferrari,26,20.0,64.69218024585928,0.5672082315335764,0.19584468664850133,5.881209455694725e-05,156.7122003147728,1017.9031817718154,9.779704643951852,181.0,0.5869145374717075,0.09720708446866483,6.137530321537949e-06,205.42009425262796,1014.3748189522727,9.860397433617617,181.0,after
Belgian Grand Prix,2026-07-19,LEC,Ferrari,27,10.0,65.96908703413943,0.5406135242612586,0.17901907356948227,7.013643812871933e-05,164.67333424155456,955.619910448006,8.959423077514856,159.25,0.5573812551831623,0.09223433242506811,7.174489420311544e-05,195.083511059001,959.986117722453,9.011726598265192,182.0,after
Belgian Grand Prix,2026-07-19,LEC,Ferrari,28,10.0,67.96865377869176,0.5658639605702156,0.1780653950953678,6.092089903617594e-05,175.04871153454476,991.9464259264553,9.32764379539959,181.0,0.571665576835664,0.0917574931880109,7.399428091516451e-05,200.08302588676332,995.1095877158056,9.365031113546705,235.3,after
Belgian Grand Prix,2026-07-19,LEC,Ferrari,29,25.0,64.41721915872321,0.5427186572094775,0.1852861035422343,8.55259077907655e-05,162.5316725841292,918.664986069327,7.995964257562873,112.5,0.580102586942181,0.0871934604904632,8.367318443074786e-05,203.03598910294775,914.5576774716425,8.061218150367148,180.0,after
Belgian Grand Prix,2026-07-19,LEC,Ferrari,32,5.0,64.6726141844867,0.5172641447646801,0.18818119891008173,9.758176882601677e-05,152.2767808701905,964.3159488126665,7.392340355396382,158.8125,0.531414311057459,0.10163487738419617,9.742620454312637e-06,185.99501861273112,969.0372929921293,7.438202604372195,181.5,after
Belgian Grand Prix,2026-07-19,LEC,Ferrari,33,0.0,51.86188454869445,0.5462385788478384,0.197275204359673,8.314732117294274e-05,149.86002464738493,1056.136871402189,7.603237362874227,181.0,0.5671120327135661,0.0986376021798365,3.546018257849761e-06,198.48921499576642,1060.4638259596309,7.66316118219857,181.0,after
Belgian Grand Prix,2026-07-19,LEC,Ferrari,34,15.0,71.05642910588219,0.49758418392950404,0.1978201634877384,7.525106610620955e-05,138.4849509651734,922.5416460190693,8.620532337411195,152.25,0.5280884021619671,0.10299727520435965,1.0853810274261232e-07,184.83094086522658,916.1757097182615,8.67591537115795,174.0,after
Belgian Grand Prix,2026-07-19,LEC,Ferrari,36,25.0,160.87946366210056,0.4055725746684761,0.9487738419618529,102.67827516749234,133.98805682862667,1990.470909730733,11.028595827036652,316.8000000000002,0.4053004475481723,0.900817438692098,47.40769841801067,74.97867701758153,2019.426450910788,11.029209002360187,352.0000000000002,after
Belgian Grand Prix,2026-07-19,LEC,Ferrari,37,30.0,116.79549648349916,0.346773696980353,0.9035422343324251,2.607830128768067e-06,53.45969094630086,1736.3630676720718,11.066678957461031,404.8000000000002,0.34665458472324706,0.8795640326975476,47.40769841801067,100.12454804990024,1726.5799864541311,11.067315642621317,440.0,after
Belgian Grand Prix,2026-07-19,LEC,Ferrari,38,15.0,118.92056950416662,0.35227128308259714,0.9104904632152588,6.775579212290514e-05,54.81449318994575,1823.6744008072042,11.118776980331553,411.7000000000003,0.3520197369890498,0.8861035422343323,47.40769841801067,100.35398030968601,1815.6277394935862,11.119427801518743,358.0000000000002,after
Belgian Grand Prix,2026-07-19,LEC,Ferrari,39,20.0,121.5542269973622,0.5643490461324454,0.2065395095367847,5.553340860556543e-05,145.6762807089548,1053.8113270207532,9.63654255632405,179.5,0.577010127699874,0.1087193460490463,6.892453547566627e-05,201.95361361949136,1053.463045966658,9.706252921348343,269.24999999999994,after
Belgian Grand Prix,2026-07-19,LEC,Ferrari,40,15.0,173.85162335604235,0.6539965701915113,0.19107629427792913,2.212021001844633e-05,173.7301572544409,1156.663924091979,7.654622590302206,156.625,0.7433185504071399,0.05694822888283379,8.406867004581749e-05,260.161576711169,1165.1326510794463,7.76597392722541,143.2,after
Belgian Grand Prix,2026-07-19,LEC,Ferrari,43,5.0,48.38830881738021,0.5588992962142535,0.21175068119891005,6.271993057207572e-05,137.42654393617917,1119.5799507188908,8.922998043003641,157.9375,0.5655164273914711,0.11338555858310626,1.5349614275677172e-10,197.9307495871684,1117.6168770224808,8.995463488615753,270.74999999999994,after
Belgian Grand Prix,2026-07-19,VER,Red Bull Racing,7,15.0,150.36420703084988,0.5948084146924723,0.1764986376021798,5.33668735791995e-05,181.29304219419595,1007.1881901286207,11.750513558163389,176.5,0.614281334404323,0.08031335149863761,4.692793063766899e-05,214.99851396944368,1007.9606775091936,11.818639719131658,229.45,after
Belgian Grand Prix,2026-07-19,VER,Red Bull Racing,8,10.0,165.39662528041313,0.625767415588137,0.1621934604904632,4.337608987786419e-06,190.05440579399655,1016.5304327576774,12.095945333768881,265.5,0.6410887546571674,0.06573569482288828,1.6117214487780074e-05,224.38108024722308,1015.7757615858382,12.1642990935807,230.1,after
Belgian Grand Prix,2026-07-19,VER,Red Bull Racing,10,15.0,173.38763629798865,0.5409494399162038,0.16358991825613078,8.262215773251808e-05,166.94911126150578,868.5525158728292,11.271473860133339,175.50000000000003,0.5498994033357611,0.07990463215258856,0.00010540942573197834,192.46489657694215,857.8803350275101,11.350254511178909,228.15,after
Belgian Grand Prix,2026-07-19,VER,Red Bull Racing,12,10.0,146.86222168065578,0.5603384932915771,0.15013623978201635,7.760988121586e-05,173.2505449938136,854.7494750818412,10.77737124138771,177.00000000000003,0.5731779124544834,0.06573569482288828,1.364631526800617e-05,200.61228300538443,853.4986801748973,10.841058709006367,230.1,after
Belgian Grand Prix,2026-07-19,VER,Red Bull Racing,13,5.0,74.97274436067423,0.5518437417069204,0.14822888283378746,8.505748813427101e-05,172.07384606948744,853.738902116253,10.936471245076302,178.00000000000003,0.5707509501091972,0.06335149863760219,8.748758119355458e-05,199.7629200258002,854.0780017998269,10.987842914963146,231.4,after
Belgian Grand Prix,2026-07-19,VER,Red Bull Racing,14,15.0,74.79648120505516,0.5485461584524051,0.16447547683923705,8.634859275370804e-05,170.87002295806667,881.9156532547332,10.712109865769525,176.50000000000003,0.5857469129100698,0.06829019073569483,2.112208319008339e-05,205.0114406406076,874.8673106316525,10.780305645609813,229.45,after
Belgian Grand Prix,2026-07-19,VER,Red Bull Racing,19,0.0,170.0620969367094,0.5502374086619597,0.15940054495912803,7.400513521478447e-05,172.03635456172805,927.9884277417137,10.8378658304512,247.49999999999997,0.570663388452943,0.07356948228882834,7.664757299668821e-05,199.73226260610303,928.5483695682923,10.891404525637876,234.0,after
Belgian Grand Prix,2026-07-19,VER,Red Bull Racing,23,15.0,71.29500172695933,0.5702609685124334,0.1653610354223433,8.161848236449694e-05,174.11305176681475,904.6951015135,10.911410044325905,221.87499999999997,0.6365613817038434,0.05653950953678474,7.367718775638714e-05,222.79655727353293,893.9022844820342,10.989229012921822,230.75,after
Belgian Grand Prix,2026-07-19,VER,Red Bull Racing,25,5.0,79.47685682823943,0.5567062249249931,0.16256811989100814,6.893750045106523e-05,169.83855852118444,913.9783200751606,10.437385140201037,248.18749999999997,0.56578598510356,0.07649863760217984,7.424608820393989e-05,198.02516903233425,912.8694668371638,10.492442853923745,144.4,after
Belgian Grand Prix,2026-07-19,VER,Red Bull Racing,26,10.0,66.48959753564537,0.553778042896595,0.18886239782016345,6.161428420502323e-05,160.43457780244287,1000.7394662363993,11.376636100726868,179.5,0.608094118849107,0.07881471389645775,6.363367975809647e-05,212.83300523086723,994.2822144790692,11.434720976216655,179.5,after
Belgian Grand Prix,2026-07-19,VER,Red Bull Racing,27,10.0,131.28878127200718,0.5962832358082335,0.16396457765667574,5.1551969371140265e-05,184.76442758806564,988.6837382555173,12.347586905528837,268.5,0.628402234192939,0.06641689373297002,8.726135113163303e-12,219.94078196753736,994.6178464380308,12.394263271068704,232.7,after
Belgian Grand Prix,2026-07-19,VER,Red Bull Racing,28,15.0,166.95739946387758,0.37214047979877235,0.9481198910081744,6.294013860404575e-06,47.25108911108004,1946.531392809883,13.51886043225599,316.8000000000002,0.3718781289033312,0.9313351498637602,47.40769841801067,38.398502538802845,1958.922816176491,13.518613969062553,404.8000000000002,after
Belgian Grand Prix,2026-07-19,VER,Red Bull Racing,30,10.0,68.9599620065223,0.629224243269232,0.15095367847411445,7.2028581223356e-05,196.20232164876228,964.724317611182,10.459172179560353,178.00000000000003,0.6970559297972586,0.041825613079019074,7.804361966707714e-05,243.96965347266016,973.5915156247844,10.526727361936151,142.4,after
Belgian Grand Prix,2026-07-19,VER,Red Bull Racing,31,15.0,68.81635117345152,0.5679407125997704,0.1666893732970027,8.50601455189844e-05,175.98224023130797,918.858092774436,10.410564522848778,223.74999999999997,0.6413755019847238,0.05694822888283379,6.531677460195938e-05,224.48149101142792,913.9902176736598,10.475762171337887,232.7,after
Belgian Grand Prix,2026-07-19,VER,Red Bull Racing,33,20.0,69.44627322361087,0.5766752092226256,0.16675749318801086,8.682138691052216e-05,178.81648685421817,890.226198312064,9.98166480836796,219.99999999999997,0.6055564488810943,0.07084468664850137,8.459457469279042e-05,211.9448417029577,884.2811249718086,10.060343220189786,228.8,after
Belgian Grand Prix,2026-07-19,VER,Red Bull Racing,34,15.0,51.51097148336964,0.6428546936415059,0.16624659400544958,3.2741523480456455e-05,196.31140000507594,1016.5058952797674,8.143593977825647,156.1875,0.7238411473968083,0.04465258855585831,2.707541769669118e-06,253.34440429642467,1018.199711249239,8.241887290820651,142.8,after
Belgian Grand Prix,2026-07-19,VER,Red Bull Racing,35,5.0,61.152348487492084,0.5918238608931118,0.18460490463215257,0.00010034527835010813,166.8121359185185,1080.5599271078352,8.55811241974314,155.75,0.6319572501000588,0.07547683923705721,0.0001153529219766771,221.18515288794254,1073.8474895808351,8.72895718295717,178.0,after
Belgian Grand Prix,2026-07-19,VER,Red Bull Racing,36,0.0,60.71396333712671,0.5820066409616009,0.1726158038147139,2.025131273845989,179.40858307585688,991.5203508490116,8.377931390866706,135.75,0.5989156092107917,0.07397820163487738,1.2625860916913243,210.88304931546844,988.7370064439925,8.519570928498645,144.8,after
Belgian Grand Prix,2026-07-19,VER,Red Bull Racing,37,10.0,53.45639495081507,0.5915824917476026,0.16485013623978198,2.7078566899545593,187.38212536870444,920.6029256381944,8.79243081032106,90.0,0.6568733015670436,0.05449591280653951,2.0006126147409606,231.90626816320622,926.7247964987646,8.907804974484097,144.0,after
Belgian Grand Prix,2026-07-19,VER,Red Bull Racing,39,10.0,67.84091264600778,0.5991728526877358,0.18835149863760214,0.0001878305714150151,163.83337462027436,1061.0929327504846,8.474167352609463,156.625,0.6338598147341965,0.07861035422343324,1.635432119291515e-09,221.85093515860422,1054.5228748952202,8.616097330467978,232.7,after
Belgian Grand Prix,2026-07-19,VER,Red Bull Racing,40,0.0,77.97315462243944,0.6189495588887342,0.21886920980926428,9.43383479233865e-05,141.2197175713163,1246.2243037110477,8.550635844216757,133.875,0.6396683634720999,0.097275204359673,6.89613297862555e-05,223.88399617656475,1237.4005103109228,8.716721804393293,267.74999999999994,after
Belgian Grand Prix,2026-07-19,VER,Red Bull Racing,41,10.0,66.63002913679615,0.6753980191428868,0.20054495912806536,0.00019177896309541001,158.57318913814927,1220.074240617543,7.7447459026837056,156.625,0.7290542506735226,0.06641689373297002,0.00010740055452672769,255.1690951362874,1222.4620247278374,7.891795381403739,143.2,after
Belgian Grand Prix,2026-07-19,VER,Red Bull Racing,42,15.0,80.99982698378444,0.6549277856778014,0.20435967302452313,5.7905047076949026e-06,157.66094190788917,1191.593527416105,8.857717993920847,157.5,0.6898988750002597,0.08174386920980926,8.580262651721254e-05,241.4646920527174,1195.3814087682056,9.003726250269033,234.0,after
Belgian Grand Prix,2026-07-19,VER,Red Bull Racing,44,10.0,70.20006696485565,0.6458055676756934,0.19999999999999996,4.230848950785555e-07,160.1996321202055,1170.1432439968721,8.839907700904774,156.1875,0.647282940064688,0.09056539509536783,0.00011514361590059717,226.5491441662567,1170.2841766185404,8.992926936439638,178.5,after
Belgian Grand Prix,2026-07-19,HAM,Ferrari,8,5.0,,0.5590846139727625,0.9346594005449591,1.7589790130338644e-06,60.902733167773825,2627.2633751119542,12.621008799127802,139.60000000000014,0.5587800197630713,0.9346594005449591,47.40769841801067,18.75009997195244,2660.189072752416,12.59642575486934,226.85000000000014,after
Belgian Grand Prix,2026-07-19,HAM,Ferrari,10,10.0,,0.35414961790641836,0.9080108991825613,1.8579811243779118e-06,45.85290250223136,1859.047933965431,14.907775124340239,219.70000000000027,0.3540580750733268,0.9080108991825613,47.40769841801067,19.658343808347404,1882.661139972967,14.88962913691701,219.70000000000027,after
Belgian Grand Prix,2026-07-19,HAM,Ferrari,13,5.0,160.95875551447918,0.40165000091588204,0.9453405994550409,9.647637713968962e-06,49.89466043674068,2078.5065353864165,14.10786993297199,229.45000000000027,0.40148146583828753,0.9453405994550409,47.40769841801067,22.407075652059625,2103.832825274375,14.091208727455836,229.45000000000027,after
Belgian Grand Prix,2026-07-19,HAM,Ferrari,14,10.0,,0.3477113824965281,0.9347138964577657,0.002017846076127953,45.11344359264589,1869.374970431319,9.956389719440383,226.20000000000027,0.34739986412564194,0.9347138964577657,47.40769841801067,19.253243553341292,1892.406717079308,9.950333840227422,313.2000000000003,after
Belgian Grand Prix,2026-07-19,HAM,Ferrari,23,10.0,68.42511213039646,0.29440046993525965,0.7757833787465939,5.9114880989014225,54.28915169025995,1416.5739511875145,10.36550529829256,1436.0,0.2940096619663061,0.7513283378746592,7.2162398557802945,63.693208858335176,1415.8487489307577,10.365171268499724,1615.5,after
Belgian Grand Prix,2026-07-19,HAM,Ferrari,31,10.0,64.16113510654083,0.30045408288000586,0.7450953678474114,0.00032469306440826006,51.12812344736641,1418.3359284162837,9.72781433743364,1424.0,0.3000909660969174,0.7208446866485012,0.0006572686745947996,57.55501009590258,1419.541835781907,9.72761508089744,1602.0,after
Belgian Grand Prix,2026-07-19,HAM,Ferrari,33,10.0,48.378770761684784,0.6007744699993695,0.22615803814713895,5.3912572929006654e-05,137.6866186956992,1227.2746598066785,8.930323644633319,180.0,0.6616198420446554,0.09128065395095367,3.901005972469053e-05,231.5669837256891,1231.1850052061518,8.91705197664724,269.99999999999994,after
Belgian Grand Prix,2026-07-19,HAM,Ferrari,34,15.0,51.11798142149486,0.5434913996068929,0.22949591280653947,5.6925586312915707e-05,128.64229771096888,1103.7749611431789,9.302623237490076,1331.1874999999998,0.5665626952078587,0.1188351498637602,5.9742537950614215e-05,198.2970030652885,1097.533151558729,9.349975816358604,1443.9999999999998,after
Belgian Grand Prix,2026-07-19,HAM,Ferrari,35,15.0,41.44592912720419,0.5491527558280278,0.21546321525885556,5.861844280607083e-05,135.73741187221083,1057.7180877377255,9.545429859342264,179.0,0.5796748051057357,0.10572207084468663,6.585311125078465e-05,202.88624764011874,1052.3013436684735,9.587207992161332,268.49999999999994,after
Belgian Grand Prix,2026-07-19,HAM,Ferrari,36,15.0,45.65469698129438,0.3405029888645976,0.741825613079019,0.0005128208851581849,55.3705698437788,1544.6895870148617,9.654551497328605,1436.0,0.6106254260775182,0.10599455040871933,3.345100789726222e-05,213.71893257813926,1141.1880495644298,9.646304989764719,1615.5,after
Belgian Grand Prix,2026-07-19,HAM,Ferrari,37,20.0,46.105366151364656,0.6464874342973149,0.20544959128065393,1.6254851654138681e-06,160.57607235793418,1166.102070451464,10.618434477077699,1428.0,0.6824003777492985,0.08385558583106267,3.250276876806783e-05,238.84016471502323,1169.728617568947,10.664045783592657,1660.05,after
Belgian Grand Prix,2026-07-19,HAM,Ferrari,39,20.0,,0.41912778074309104,0.9401634877384196,0.009791413601711148,50.4877964972286,2053.390009576134,13.428478066973142,226.20000000000027,0.4189165203651318,0.9401634877384196,47.40769841801067,19.278196256452038,2080.0615468207893,13.41020923980276,226.20000000000027,after
Belgian Grand Prix,2026-07-19,HAM,Ferrari,40,5.0,126.38515965652164,0.45885626791696676,0.964032697547684,1.8347452277669168e-06,53.474285259131065,2273.642046781787,14.575275306413698,234.00000000000023,0.4586158429120333,0.964032697547684,47.40769841801067,21.84556601421519,2301.5786831487803,14.558874168029712,234.00000000000023,after
Belgian Grand Prix,2026-07-19,HAM,Ferrari,41,10.0,65.89860433607772,0.5274431628611533,0.22431880108991822,6.266913395626547e-05,130.47242174924148,1096.982666970331,8.660152546770853,156.1875,0.5583065060979703,0.11488419618528609,4.572465162812997e-06,195.40728170675476,1098.433032827537,8.667604253664368,267.74999999999994,after
Belgian Grand Prix,2026-07-19,HAM,Ferrari,42,10.0,73.62806036901131,0.579714605422719,0.19891008174386918,7.72988401261218e-05,150.42569537660836,1069.2489275890657,8.283915689420928,177.5,0.6414076745648094,0.07799727520435966,1.7672486054579773e-05,224.49270377016936,1073.5717817143109,8.269789547319759,177.5,after
Belgian Grand Prix,2026-07-19,HAM,Ferrari,44,10.0,55.506782132514395,0.38031501010836216,0.7693460490463214,0.0003624052537909855,59.05762907522583,1712.0858351616066,9.609640893528006,445.0,0.37908556848865665,0.7450953678474114,0.0009339852884134122,66.4413270475007,1717.814115138721,9.609756834413421,534.0000000000002,after
Belgian Grand Prix,2026-07-19,PIA,McLaren,7,0.0,,0.40645730891517234,0.9212534059945504,0.0005304409128926393,50.191351471116306,2087.6473927551297,9.571031040170412,224.25000000000023,0.406078063166588,0.9212534059945504,47.40769841801067,19.281310801040572,2113.3178624520106,9.56335037342207,310.5000000000002,after
Belgian Grand Prix,2026-07-19,PIA,McLaren,8,0.0,73.10802193431597,0.46715916837067983,0.7538828337874658,0.39106588368603795,67.61542920200644,2009.543989428961,9.507102738107562,446.2500000000002,0.46678312240984826,0.7174046321525885,0.03607026498122049,77.5467537544174,2011.4069606559176,9.50750978798065,446.25,after
Belgian Grand Prix,2026-07-19,PIA,McLaren,10,10.0,,0.3481410545437186,0.8444482288828337,0.000997475525998683,55.404591931785234,1744.163581175256,9.87023503773955,446.25,0.34903078002904087,0.8079700272479563,8.107262388052595e-06,63.111027219638615,1737.6406926899629,9.870643085853258,535.5000000000002,after
Belgian Grand Prix,2026-07-19,PIA,McLaren,12,5.0,,0.34878009678419775,0.8179836512261579,0.0010966653348939313,55.777209191052606,1693.7561483112504,9.390450067840906,440.0,0.34807161726395,0.7940054495912805,4.0450314486473506e-07,63.0183312345797,1698.5615638096992,9.39100694615517,440.0,after
Belgian Grand Prix,2026-07-19,PIA,McLaren,13,10.0,53.252668987834,0.3132233529875226,0.7705722070844685,0.000479945154513705,51.81041564183566,1513.153996488013,9.318255025727831,526.5000000000002,0.31443206515703925,0.7347070844686647,0.0005797557564042075,59.932350729122255,1506.5332464883425,9.317912156190907,526.5000000000002,after
Belgian Grand Prix,2026-07-19,PIA,McLaren,14,35.0,154.43544523850275,0.29030136906391013,0.764509536784741,7.315128690439937,55.31383105905076,1349.7533082451616,8.719050070614763,529.5000000000002,0.29075446624488815,0.7284400544959126,4.900949055563512,61.98230446898157,1352.16609990808,8.718442261125604,617.75,after
Belgian Grand Prix,2026-07-19,PIA,McLaren,15,25.0,62.17490954943144,0.5231854424464204,0.2275885558583106,5.869608382948676e-05,127.17473524217307,1035.45372653639,9.006029597464389,1308.75,0.5544755820256202,0.12060626702997274,2.8841958386899572e-06,194.0664565931629,1039.2865110710518,9.033807189922651,1483.2499999999998,after
Belgian Grand Prix,2026-07-19,PIA,McLaren,23,0.0,56.40598352654978,0.3419541818680291,0.7716621253405993,0.0006141197752995912,55.22436080753451,1592.9345988027135,9.978265547822687,531.0000000000002,0.34326912174804153,0.7354904632152587,0.0006828762463245056,63.05460689333271,1586.582594972306,9.978890489819648,442.5000000000002,after
Belgian Grand Prix,2026-07-19,PIA,McLaren,25,20.0,126.60045036830982,0.3738565568546579,0.8278610354223432,0.0008484891993070754,57.456234720796594,1763.0329425492519,9.042543276404153,447.5,0.3746956190402544,0.7912806539509536,2.6262737220135938e-05,65.86341906413337,1757.9399623676143,9.04253867244375,447.5,after
Belgian Grand Prix,2026-07-19,PIA,McLaren,26,15.0,124.90050427709144,0.36129242891578217,0.8205722070844685,0.0007772133240563457,56.63856770850707,1707.4511595614968,9.289710395303578,445.0,0.3623755362548076,0.7841961852861035,6.00916389503663e-05,64.42652204724386,1701.15651502721,9.290148357158397,534.0000000000002,after
Belgian Grand Prix,2026-07-19,PIA,McLaren,28,15.0,115.99977185752485,0.37202992065214663,0.8424727520435966,0.0007786339110590887,57.95544404083876,1795.3671889874427,9.708074075147989,355.0000000000002,0.3711464336444384,0.8182901907356946,1.6011715410075168e-05,65.06428362016378,1801.8746584801975,9.708147240616722,443.75,after
Belgian Grand Prix,2026-07-19,PIA,McLaren,29,25.0,114.07274431859118,0.4152192861263487,0.8672683923705721,0.00016028669768197623,61.8703662563348,1941.6717696107569,8.613475611349596,264.7500000000002,0.4142032921537881,0.8432220708446865,6.495273381046008e-06,70.0079895658,1951.143762158432,8.613372154221745,353.0000000000002,after
Belgian Grand Prix,2026-07-19,PIA,McLaren,31,20.0,64.26829760371211,0.3536845963365972,0.7567779291553133,0.0003422058069897697,55.86763201536248,1600.9676586380554,9.393559444940115,538.5000000000002,0.35475419371123695,0.7200953678474113,0.00043849745822420054,64.48796110481672,1596.228436013998,9.39324411351196,628.25,after
Belgian Grand Prix,2026-07-19,PIA,McLaren,33,20.0,63.45646942279304,0.36569027983674474,0.7283038147138964,1.2940336053962096,59.692113108483866,1567.9978849091617,8.971759245736395,535.5000000000002,0.3664956652662532,0.691825613079019,0.00040228035027675815,66.39244553517132,1567.3405755219185,8.970874374489638,446.2499999999998,after
Belgian Grand Prix,2026-07-19,PIA,McLaren,34,10.0,48.69870672339622,0.6016299881688173,0.19999999999999996,5.405294899085319e-05,157.51253326595915,1115.77445943291,8.939066643015034,178.5,0.6600396425252305,0.0784059945504087,1.1426959327951264e-05,231.01388631078999,1123.662524048631,8.988608587490376,178.5,after
Belgian Grand Prix,2026-07-19,PIA,McLaren,35,20.0,53.25694853312155,0.5873902571642999,0.20435967302452313,6.356907487836095e-05,149.78773541670563,1063.1064309260807,8.729490758703816,177.5,0.60633516930843,0.09553814713896457,7.199780000734974e-05,212.21738125575052,1053.5944274537896,8.804541483021325,177.5,after
Belgian Grand Prix,2026-07-19,PIA,McLaren,36,15.0,59.28639377706566,0.535519115677231,0.2137261580381471,6.890837039375046e-05,137.93910830559636,1037.368066842301,8.116515621449786,177.5,0.5714282669537397,0.10490463215258854,5.769436718756684e-05,199.9999511281761,1036.7695293227803,8.11495088302398,266.24999999999994,after
Belgian Grand Prix,2026-07-19,PIA,McLaren,37,20.0,55.43626968270668,0.5769430428305342,0.19226839237057217,7.833155742502943e-05,155.9285940763555,1009.1701016784052,8.006132402930794,177.5,0.6194077772441042,0.08344686648501362,7.840465782230374e-05,216.7928004400943,1010.0898630551493,7.9785730858055315,142.0,after
Belgian Grand Prix,2026-07-19,PIA,McLaren,39,20.0,62.70763722355849,0.6142317519786347,0.20326975476839235,6.327686282792332e-05,153.9750602023792,1120.545887383618,8.461609221049576,176.5,0.769568355292139,0.04696866485013624,1.4296744452916383e-07,269.3489244952161,1133.1179862402412,8.398051387175807,141.2,after
Belgian Grand Prix,2026-07-19,PIA,McLaren,44,5.0,64.66204613107762,0.38674775165672887,0.7481607629427792,1.742404468632118,60.00228478172056,1690.46640343725,9.69898467220847,529.5000000000002,0.3869914895701559,0.7120912806539508,0.36809008131848797,68.09300941945718,1691.872374274438,9.698847907443307,529.5000000000002,after
Belgian Grand Prix,2026-07-19,HAD,Red Bull Racing,5,5.0,,0.5109009186408018,0.9266485013623977,0.010525737648923592,57.89717858676263,2448.5847481923847,13.527413416797316,138.4000000000001,0.5106395708545856,0.9266485013623977,47.40769841801067,18.759944712386897,2479.591831922846,13.505763555619714,224.9000000000001,after
Belgian Grand Prix,2026-07-19,HAD,Red Bull Racing,10,5.0,152.61154842083624,0.7111484859258382,0.24572207084468664,2.4196882331689347e-05,83.93113257592204,1490.2037942430186,2.796150739479283,25.024999999999977,0.7082367150911353,0.24448228882833786,47.40769841801067,25.386206133489992,1531.165564902205,2.695690280427257,195.65,after
Belgian Grand Prix,2026-07-19,HAD,Red Bull Racing,12,15.0,301.34329973240625,0.7286932468879203,0.27826975476839233,229.7566952230928,324.59473301025804,1294.797649318653,4.4167610496496135,91.50000000000006,0.7319468301084945,0.10790190735694823,47.40769841801067,251.4136202296818,1502.164892955555,5.516228381643019,121.99999999999999,after
Belgian Grand Prix,2026-07-19,HAD,Red Bull Racing,13,10.0,221.6285986268946,0.4662284171104688,0.9534059945504088,87.64054117655085,118.89045208503173,2290.2357233095527,13.94539037095419,319.5000000000002,0.4663861180669192,0.9002043596730245,47.40769841801067,74.76890871399694,2304.0061771999212,13.945716334226809,408.2500000000002,after
Belgian Grand Prix,2026-07-19,HAD,Red Bull Racing,14,15.0,117.13863268578059,0.5919813051788038,0.20108991825613076,4.798299103886323e-05,159.91596489975015,1120.9590533445328,11.780786033162206,1416.0,0.6546446056340435,0.0805177111716621,1.2744405840206646e-05,229.12562471632103,1122.8652800524019,11.827523291582475,1593.0,after
Belgian Grand Prix,2026-07-19,HAD,Red Bull Racing,15,25.0,265.8193437087015,0.5275607514006653,0.9341621253405995,69.69464317658162,126.3274517620351,2384.526289518845,12.876446187163147,315.9000000000001,0.5270150763769282,0.886341961852861,47.40769841801067,85.16465531141412,2419.0516795034487,12.87747383452196,351.0000000000002,after
Belgian Grand Prix,2026-07-19,HAD,Red Bull Racing,16,10.0,196.72704208531704,0.29506757728061933,0.8373978201634876,25.829285765355536,72.93742689538963,1482.091543528144,11.940445434200745,442.5,0.2947801152871233,0.801226158038147,28.865598598430815,85.01393275270733,1480.9825967409968,11.940590666415742,531.0000000000002,after
Belgian Grand Prix,2026-07-19,HAD,Red Bull Racing,19,20.0,139.8274671932024,0.5885236050638758,0.1680858310626703,5.951479702675939e-05,179.6890095523465,947.456560884804,10.997400694161838,177.50000000000003,0.6572137713574276,0.05926430517711172,4.518539672140482e-05,230.02486516049638,950.8356922785882,11.042902720972705,230.75,after
Belgian Grand Prix,2026-07-19,HAD,Red Bull Racing,23,15.0,75.55918713956919,0.5934079441590993,0.17888283378746592,7.194358273411957e-05,178.577657639271,1032.703477114031,10.262325520735967,179.0,0.64838667359242,0.069141689373297,5.464759282278099e-05,226.93539040493982,1037.221771118518,10.301356397623342,232.7,after
Belgian Grand Prix,2026-07-19,HAD,Red Bull Racing,30,5.0,129.0632811345446,0.29121574295888786,0.8757152588555857,0.0013630810399978374,48.69076574282699,1567.252894439116,12.50639382374326,1444.0,0.2910935916917346,0.8511239782016348,4.12435145280881e-05,54.9282679118188,1567.7151088718454,12.506195060033845,1624.5,after
Belgian Grand Prix,2026-07-19,HAD,Red Bull Racing,31,15.0,140.6637769370964,0.6329847784879855,0.167574931880109,5.0884570226038814e-05,197.9079852350563,1023.358428276504,11.70022559855779,270.0,0.6921385763144093,0.05722070844686648,3.1245541340185226e-05,242.2485329555846,1035.7393864736107,11.720920420694506,234.0,after
Belgian Grand Prix,2026-07-19,HAD,Red Bull Racing,33,10.0,58.88828318826979,0.6668115008037553,0.20217983651226154,6.33436810004628e-05,165.16577381162344,1242.0121933999499,8.332406546930054,157.9375,0.6706837839940211,0.09151907356948227,8.524242735213784e-05,234.7394096403347,1249.6866174852555,8.452283073079656,180.5,after
Belgian Grand Prix,2026-07-19,HAD,Red Bull Racing,34,30.0,59.87212038138571,0.6256543604702308,0.21089918256130788,1.8050293497774805e-05,154.3162537579686,1108.207499686263,8.634253426970377,178.5,0.663100878750597,0.08930517711171661,2.5978802794080047e-05,232.08533354151174,1103.366905379921,8.770318911401207,178.5,after
Belgian Grand Prix,2026-07-19,HAD,Red Bull Racing,35,5.0,68.66780876978902,0.5914778092661904,0.21232970027247952,0.00010242147139932347,144.04691429121507,1179.6897923384415,8.340974215424064,158.375,0.6098350606458539,0.10136239782016347,2.0813262447197593e-05,213.44229203931133,1177.2895052562492,8.483262836044698,271.49999999999994,after
Belgian Grand Prix,2026-07-19,HAD,Red Bull Racing,36,25.0,64.83958307499374,0.6529633304869454,0.2081743869209809,3.92148390086613e-06,165.06262607383115,1202.4696851573383,8.087470323953552,178.5,0.71882028257248,0.07442098092643051,8.915751672861245e-05,251.58718805788473,1205.3676600831632,8.190281765841778,142.8,after
Belgian Grand Prix,2026-07-19,HAD,Red Bull Racing,37,25.0,138.38485213305466,0.6190953914676697,0.2081743869209809,0.00010296369325915165,154.99834105805843,1111.1545309311578,7.953264363450001,178.5,0.6609304551639503,0.08658038147138963,6.093249367780485e-05,231.3257202398763,1106.2763160675663,8.077074689211514,178.5,after
Belgian Grand Prix,2026-07-19,HAD,Red Bull Racing,42,20.0,142.93256698866543,0.2924161052997075,0.9481743869209809,1.701550798524846e-05,39.75619782248787,1609.3751119676492,13.24421875289597,315.9000000000001,0.29244110542471413,0.9194822888283378,47.40769841801067,50.29510800970747,1606.9259728162203,13.244016035693985,403.6500000000001,after
Belgian Grand Prix,2026-07-19,HAD,Red Bull Racing,44,10.0,140.88338768897202,0.6636356282573962,0.21679155313351495,5.447898441108557e-05,144.38464494453467,1272.943848885821,8.969922789557796,136.875,0.6522434866496338,0.10490463215258854,0.00010134289017356213,228.28532167026202,1276.0893614556583,9.088805957970417,273.74999999999994,after
Belgian Grand Prix,2026-07-19,NOR,McLaren,10,5.0,,0.45484855430822446,0.13423024523160762,0.0001071887992009642,141.29012449296565,655.3166563766295,7.779695185319647,175.50000000000003,0.45008375524355815,0.07445504087193461,2.495379293458621e-07,157.52931458478326,655.8313958557833,7.804300658793674,228.15,after
Belgian Grand Prix,2026-07-19,NOR,McLaren,12,40.0,132.46014908091337,0.38399674125871486,0.8657697547683922,28.695044155697605,83.4530069329381,1758.0893982177633,9.909073412475404,436.25,0.3843018146545251,0.8182220708446866,24.34105721842097,91.45055828572075,1761.0224665577664,9.909661778942997,436.25,after
Belgian Grand Prix,2026-07-19,NOR,McLaren,13,20.0,46.35360666306589,0.5709655726506185,0.15435967302452316,0.0001711117773070434,174.1189052211353,845.6709853856274,6.713444003578803,153.5625,0.5820744627767557,0.07067438692098092,0.00013205614595953935,203.72619402801044,843.3531270554332,6.803997433728527,140.4,after
Belgian Grand Prix,2026-07-19,NOR,McLaren,14,15.0,61.190266845094506,0.5921462801171219,0.17602179836512258,8.35710659476782e-05,179.53061587039193,1004.6560140873498,7.70061461468089,132.0,0.650595751517971,0.0681198910081744,2.7128658365683454e-05,227.70854015994823,1012.1864765002191,7.751690478358714,140.8,after
Belgian Grand Prix,2026-07-19,NOR,McLaren,15,15.0,42.15191122648807,0.5455147659942209,0.17792915531335146,0.00010160390943715907,169.63189497937512,931.6868368848776,6.4924291289206,89.0,0.5821099707990428,0.08092643051771117,4.236195942479509e-05,203.73853214162443,928.6002151567228,6.555039033035407,142.4,after
Belgian Grand Prix,2026-07-19,NOR,McLaren,16,5.0,37.31241785616752,0.5174577718252769,0.18409400544959126,0.00012684316016160562,151.95193637844613,936.0221864324757,7.538127812330476,133.125,0.5254365615434083,0.09945504087193459,1.4149204535379528e-05,183.90281068939746,927.8659293385683,7.641274208052708,177.5,after
Belgian Grand Prix,2026-07-19,NOR,McLaren,26,5.0,67.227264332062,0.6043961099108692,0.19182561307901905,7.027601361663653e-05,168.66394599017812,1132.707470248036,8.198584749167356,173.5,0.6591134235062105,0.0736376021798365,4.43053851724593e-05,230.68974253255885,1142.5509276809505,8.254318262178442,173.5,after
Belgian Grand Prix,2026-07-19,NOR,McLaren,27,5.0,187.06612189506072,0.5991247117597288,0.19836512261580377,5.029011618471585e-05,156.30829427207686,1139.364030808883,9.767946216980585,179.5,0.6636127225109744,0.07608991825613079,2.026295377582413e-05,232.26447314179478,1147.4370441042213,9.865600611906721,323.09999999999997,after
Belgian Grand Prix,2026-07-19,NOR,McLaren,28,0.0,60.36224906545395,0.5150553353720916,0.197275204359673,6.939790330719392e-05,146.20532237359578,1009.1116371948232,9.151538270169038,181.0,0.5223395226776079,0.11096730245231606,1.8321946688750548e-09,182.81883293899494,1004.1248479021704,9.223819649328195,271.49999999999994,after
Belgian Grand Prix,2026-07-19,NOR,McLaren,29,10.0,54.20077570348256,0.5670147138373083,0.21389645776566754,5.979233428992246e-05,143.39233723273895,1113.0977813643415,8.595555299031664,157.5,0.5706332740823012,0.11580381471389645,5.606612037971268e-05,199.72170199492584,1114.083129107009,8.678495464417034,269.99999999999994,after
Belgian Grand Prix,2026-07-19,NOR,McLaren,32,25.0,116.85417611893718,0.4261921382661259,0.7168937329700271,39.58395371277094,99.20994319606123,1532.2704758679438,8.160095567031268,267.0,0.4250957824406665,0.6683923705722069,43.37267616287105,117.03731781744499,1526.8896020248778,8.164582405637129,267.0,after
Belgian Grand Prix,2026-07-19,NOR,McLaren,33,10.0,60.15901951092537,0.5992198010477,0.18937329700272476,0.00014935545242095755,169.14859869744885,1082.2510745727968,6.769413567648587,135.0,0.6695977916093064,0.0667574931880109,3.875255432177281e-08,234.3592271020098,1082.1816493442675,6.850828222674252,144.0,after
Belgian Grand Prix,2026-07-19,NOR,McLaren,36,5.0,391.643408518807,0.5778247859036687,0.18511580381471388,0.00016896270519066716,162.49095970996655,1041.9401735491224,5.957413546761687,133.875,0.5926082422879945,0.08784059945504086,5.886670059098375e-05,207.41294366749864,1043.0822126832688,6.080275049398165,156.18749999999994,after
Belgian Grand Prix,2026-07-19,NOR,McLaren,38,0.0,387.6999825116202,0.5725851843835145,0.18494550408719343,0.0001736065298991476,160.39532840563888,1055.4158835292626,6.000010196236594,135.75,0.5933380224767519,0.08630790190735693,0.00010835451785681285,207.66841622138105,1054.4557768458803,6.109806580357643,158.37499999999994,after
Belgian Grand Prix,2026-07-19,NOR,McLaren,42,10.0,390.86409747673565,0.6336263348856318,0.2622275204359673,6.13288445228379e-05,116.65580176451056,1339.6021168483228,7.537991428452287,201.93750000000006,0.6340710272077105,0.127724795640327,5.5824983057560146e-05,221.9249153476817,1335.363545071614,7.631923427718401,358.99999999999994,after
Belgian Grand Prix,2026-07-19,NOR,McLaren,44,0.0,149.7372312578731,0.6862330178978449,0.23232288828337871,3.716074738663183e-05,136.28834262566684,1376.0890640330754,9.516517966549314,179.50000000000006,0.6660429571257861,0.1100476839237057,9.62672619120329e-06,233.11504462075132,1379.97520509942,9.655782345928626,1256.4999999999998,after
Belgian Grand Prix,2026-07-19,BOR,Audi,7,0.0,,0.4806746877914861,0.17830381471389642,7.777290283962179e-05,150.03491790094023,903.2230651353672,6.915044590579726,130.875,0.506117497883885,0.09509536784741143,1.1519495382073874e-06,177.1411254113093,899.7997566314918,6.959041635625651,174.5,after
Belgian Grand Prix,2026-07-19,BOR,Audi,10,0.0,,0.5450444517128606,0.20613079019073566,7.457409945555358e-05,144.79037542559516,1113.6420869762962,8.093628539604394,155.75,0.5584838523077935,0.10912806539509536,6.926581664077311e-05,195.46941757354438,1110.7768586742882,8.192175103274886,178.0,after
Belgian Grand Prix,2026-07-19,BOR,Audi,11,0.0,,0.5370884387521182,0.2182561307901907,6.765781067962066e-05,137.05136360230642,1135.7546178147606,8.34644839998501,155.75,0.5288658550862511,0.13337874659400545,3.4286547977155016e-05,185.10308356673585,1134.367252307982,8.464628775017362,178.00000000000003,after
Belgian Grand Prix,2026-07-19,BOR,Audi,12,0.0,,0.5546387557893743,0.21948228882833784,6.437075861789354e-05,135.77193415344718,1175.788266541047,8.649021781541112,134.25,0.5585186707293491,0.12193460490463214,5.2727156886744845e-05,195.48158748242912,1166.9086420159479,8.78070009299744,268.49999999999994,after
Belgian Grand Prix,2026-07-19,BOR,Audi,13,10.0,,0.5519071034320113,0.2230926430517711,6.15122961466063e-05,136.29135131692175,1142.801730491299,8.778207944866061,133.125,0.5523926383398992,0.12636239782016348,1.4877476306067942e-06,193.33742490671233,1134.0455837625996,8.891703344585073,266.24999999999994,after
Belgian Grand Prix,2026-07-19,BOR,Audi,14,10.0,,0.5458877571531897,0.22370572207084466,5.723981068392677e-05,135.70274021134074,1129.2452369940504,9.18486625456205,155.75,0.5499766920424198,0.12670299727520434,7.38320963818584e-05,192.49191604694335,1124.14880770759,9.292634043769466,266.99999999999994,after
Belgian Grand Prix,2026-07-19,BOR,Audi,15,0.0,124.55392242161479,0.2619272939934672,0.9372752043596729,0.0016521650494941186,36.95410982428686,1540.9946848478196,12.807180341421505,315.9000000000001,0.26174200585021956,0.9372752043596729,47.40769841801067,22.294983140126032,1558.1769504429699,12.801922815598894,315.9000000000001,after
Belgian Grand Prix,2026-07-19,BOR,Audi,16,0.0,,0.4769950157097639,0.20439373297002722,0.00010679634387585918,135.46230801968053,978.3296642077175,6.902132477282639,154.4375,0.4873349921499129,0.12023160762942779,8.92076224115151e-05,170.5673364600919,972.48416803957,6.988540427340809,154.43750000000003,after
Belgian Grand Prix,2026-07-19,BOR,Audi,19,0.0,56.14295567359107,0.5890648698902367,0.1956403269754768,0.00010222973217162473,161.82606577819394,1169.5907941420724,6.926511848447258,157.0625,0.6033751494194184,0.0978201634877384,9.702689505188043e-05,211.1813993236915,1172.76318354806,7.015688255108568,179.5,after
Belgian Grand Prix,2026-07-19,BOR,Audi,23,0.0,50.43914990843166,0.5077828087408485,0.18443460490463212,8.525491327155008e-05,151.50901812247042,954.0275443283689,6.7071370073964856,135.375,0.5206959917453559,0.0983651226158038,1.1614942562478799e-06,182.2435982723688,948.5105709527362,6.78208251895651,180.5,after
Belgian Grand Prix,2026-07-19,BOR,Audi,24,15.0,50.50231666990059,0.515527927254071,0.17745231607629425,9.183815177427408e-05,159.51150967393224,887.6509381966882,6.509576923517256,110.9375,0.5291628276486482,0.09281335149863759,8.918793562353902e-05,185.2070788649625,883.9446742686558,6.582375068538774,155.31249999999994,after
Belgian Grand Prix,2026-07-19,BOR,Audi,32,0.0,,0.5036961598387436,0.17523841961852857,0.00010360988060368835,156.68262904096534,915.9715077750494,7.212670682661944,128.625,0.5398647018573647,0.08177792915531333,1.086637254707454e-05,188.9526565164502,916.0026142230658,7.260105279772895,171.5,after
Belgian Grand Prix,2026-07-19,BOR,Audi,33,15.0,52.13915358225042,0.5247068937591802,0.20217983651226154,0.00012634595101542357,144.91152428456002,989.6708064236557,6.903731097250297,155.75,0.5481429322885643,0.10517711171662124,5.032111457726986e-05,191.85007662211208,983.9650906199338,6.996887013367183,178.0,after
Belgian Grand Prix,2026-07-19,BOR,Audi,38,10.0,50.23002303015595,0.5136507850917857,0.17663487738419614,0.00011201795260575525,157.50817847944992,887.151025035788,6.727437989316949,134.625,0.506756781844434,0.10326975476839236,8.52286921025937e-05,177.36495887424397,883.1454037256525,6.834921690672815,179.5,after
Belgian Grand Prix,2026-07-19,BOR,Audi,40,10.0,125.15206717957835,0.558173825041425,0.19039509536784738,5.472353424604891,160.12313455974285,930.0206608031573,6.127014642945213,113.125,0.5477190929335496,0.10408719346049045,5.797359870231532,197.49904239697392,921.3983071111692,6.302830912733865,158.37499999999994,after
Belgian Grand Prix,2026-07-19,BOR,Audi,41,0.0,67.11859454345448,0.5384927536229887,0.18443460490463212,4.26048314458406,154.1026739097234,911.9437674707672,6.555559055906347,112.8125,0.5631817011158372,0.08606948228882833,3.8418144083302215,200.95540979887323,912.0581054310128,6.624884426539418,157.93749999999994,after
Belgian Grand Prix,2026-07-19,BOR,Audi,43,5.0,59.77217695324419,0.549306624811755,0.17534059945504088,8.25004452466081,173.06555998342802,814.7299111004426,6.638859050071377,113.125,0.5727603409871286,0.07670299727520435,7.958591575303621,208.42471092079862,812.3018613528067,6.756771105312894,144.8,after
Belgian Grand Prix,2026-07-19,LIN,Racing Bulls,8,0.0,485.0850435043817,0.7537268739481291,0.3188010899182561,6.94517177350262e-05,104.91425519953597,1766.904010443668,7.789684293890562,224.9999999999999,0.7428129371241847,0.22070844686648497,1.0449830228696083e-09,190.23632646681847,1787.3377812981896,7.748764333179709,450.0,after
Belgian Grand Prix,2026-07-19,LIN,Racing Bulls,10,5.0,423.93687321289815,0.6142168706180703,0.21730245231607626,5.4420459691311605,148.8148261739334,1143.7272368815106,5.5152040011706855,109.375,0.6079304678496131,0.11001362397820162,5.174391549859373,217.95005529722397,1136.5272062504444,5.813935203180429,175.0,after
Belgian Grand Prix,2026-07-19,LIN,Racing Bulls,14,0.0,361.82612096129174,0.6771623514782974,0.20381471389645772,0.00017050608525263393,161.24432809087307,1295.1496802573624,5.633535562826845,110.0,0.6610354215298675,0.09591280653950952,9.528496950580777e-05,231.36249282042314,1291.809929474326,5.929697783681001,153.99999999999994,after
Belgian Grand Prix,2026-07-19,LIN,Racing Bulls,15,5.0,430.31527345762726,0.6102617003076012,0.2185286103542234,0.6265268160903043,145.62504495721126,1212.8780022227375,5.3100331043968385,88.0,0.6139766448550295,0.11062670299727519,0.8192812252459728,215.71110692450628,1210.541924212358,5.535514510175913,154.0,after
Belgian Grand Prix,2026-07-19,LIN,Racing Bulls,19,5.0,357.98278882347756,0.6460913461729305,0.21607629427792913,0.6346438128360855,150.41997300094212,1250.0873861395344,5.125032518801055,87.0,0.6557529156165313,0.0975476839237057,0.12945469950249694,229.64297516528842,1247.1611565272092,5.433406852146428,152.24999999999994,after
Belgian Grand Prix,2026-07-19,LIN,Racing Bulls,23,15.0,352.32134508591054,0.6910728979787069,0.20967302452316072,0.00012167550442579703,158.48398295942766,1257.0821639590324,5.483942441314543,108.75,0.6904562022749668,0.09114441416893732,4.504659825108583e-06,241.65967530089824,1257.566637331685,5.762004821601674,130.5,after
Belgian Grand Prix,2026-07-19,LIN,Racing Bulls,28,10.0,351.2231848371131,0.6829960809515253,0.20694822888283376,0.00018672607240914475,160.3079531421064,1272.9777557426933,5.473223035284449,108.75,0.7550499821448915,0.06471389645776567,0.00014104229817265353,264.2676347930102,1276.942107204628,5.683773817620749,139.2,after
Belgian Grand Prix,2026-07-19,LIN,Racing Bulls,29,0.0,420.21586586044106,0.6027069908205447,0.22714577656675747,0.00010517949166750761,133.43642705171226,1221.4898118283083,5.151788374280571,109.6875,0.5978404646477083,0.11955040871934604,6.394241438122254e-05,209.2442265691123,1224.050170537817,5.348366485619024,219.37499999999997,after
Belgian Grand Prix,2026-07-19,LIN,Racing Bulls,32,0.0,429.433745537453,0.6387332419622421,0.2503405994550409,7.982289887119218e-06,120.83804638498161,1348.5364447612392,7.2810068946523945,87.5,0.6425548248255858,0.11920980926430517,9.722907852815196e-05,224.89428591803357,1351.7273850653037,7.412647174942263,262.5,after
Belgian Grand Prix,2026-07-19,LIN,Racing Bulls,33,0.0,399.6731410495344,0.6678685040958362,0.2363760217983651,1.9486833230006135e-06,131.7286763726724,1372.1038208164089,6.290705935629318,130.125,0.6669737455110613,0.10636920980926429,8.335881457365737e-05,233.440894287686,1369.9367330709376,6.511410149164638,260.24999999999994,after
Belgian Grand Prix,2026-07-19,LIN,Racing Bulls,36,5.0,430.01333897238555,0.6769873903894151,0.22857629427792914,1.6359195354465024e-05,138.4900373268384,1338.9528934599157,6.814056656051508,65.4375,0.6908646516800078,0.0978201634877384,3.532084627670257e-18,241.80262808800273,1345.5481941110024,6.990442809234735,261.74999999999994,after
Belgian Grand Prix,2026-07-19,LIN,Racing Bulls,38,0.0,397.50676734735936,0.6807488469807081,0.22714577656675747,0.0001277288526219575,141.71913494659145,1365.4256756341958,6.597526269712766,153.5625,0.6890272698437397,0.09564032697547682,7.259700150791643e-05,241.15961704231043,1369.0941273833862,6.799420276024065,263.24999999999994,after
Belgian Grand Prix,2026-07-19,LIN,Racing Bulls,40,5.0,301.05985011317387,0.67976612476924,0.24318801089918254,0.00016605716952729772,128.26278088597672,1352.977024100873,4.475395599283748,110.31250000000006,0.6500156618599192,0.12295640326975477,0.00011012999372193188,227.50559178096546,1372.1133321285895,4.6106216946734495,176.50000000000003,after
Belgian Grand Prix,2026-07-19,LIN,Racing Bulls,41,5.0,272.3784555315991,0.6790802926563738,0.27847411444141684,6.100391747447068e-06,109.64580568648218,1441.5577434429931,5.199760321976179,66.0,0.6592667152894786,0.14659400544959128,4.401387557036371e-05,230.74339436519307,1452.6121999815537,5.216644273628909,264.0,after
Belgian Grand Prix,2026-07-19,LIN,Racing Bulls,42,0.0,202.38395102175943,0.7153326369157949,0.23773841961852857,1.7487094065813773e-05,135.4946627394735,1440.251615182213,7.839097026314464,152.6875,0.7256794425818194,0.09509536784741143,5.434698253018825e-05,253.98785925061932,1450.8622850521795,7.9572245803905135,348.99999999999994,after
Belgian Grand Prix,2026-07-19,LIN,Racing Bulls,43,0.0,331.6996420364057,0.6803819647054486,0.2517711171662125,0.0001453730531978162,125.02348064243374,1426.2446918992318,5.131920823732339,132.00000000000006,0.666247487324845,0.1198910081743869,7.731378334101044e-05,233.18669787747908,1429.6098174947103,5.283864344175378,241.99999999999994,after
Belgian Grand Prix,2026-07-19,COL,Alpine,12,5.0,,0.571903138754279,0.16561307901907354,108.06148742849193,142.40448746828844,914.6048388806057,1.9623288233108174,20.587499999999977,0.5663848168792369,0.1273841961852861,47.40769841801067,50.17424307329184,953.0898936750646,1.9940669260251114,91.50000000000003,after
Belgian Grand Prix,2026-07-19,COL,Alpine,29,20.0,,0.552753423400862,0.17111716621253406,646.5685669203283,379.09736296692455,706.1757311825896,2.6344882770449027,39.00000000000003,0.5433815335849207,0.10490463215258855,47.40769841801067,82.43185613298938,812.2630189733015,2.8759606837566083,89.99999999999997,after
Belgian Grand Prix,2026-07-19,COL,Alpine,32,5.0,46.97672832151829,0.5489192881818907,0.17540871934604904,763.1207837959232,468.61521925210354,749.5110060206097,1.2849495129622819,26.000000000000057,0.54550180091975,0.095708446866485,47.40769841801067,98.59627063599467,873.2060775066626,1.8257813289301346,48.75000000000003,after
Belgian Grand Prix,2026-07-19,COL,Alpine,35,20.0,354.1444149065457,0.5009045937824956,0.1811307901907357,17.309221041250378,171.959440354685,572.3416178823474,6.329348304769931,133.875,0.5650668838207235,0.07169618528610354,16.777752102438424,214.55116143969164,576.3782457249456,6.336536734556807,142.8,after
Belgian Grand Prix,2026-07-19,GAS,Alpine,10,5.0,,0.5180603285146153,0.17275204359673024,309.1988168570225,240.6568130245098,817.4651417047286,4.7072757825902105,57.60000000000005,0.5093476235413159,0.12697547683923704,47.40769841801067,59.98600184930473,887.307237646782,4.75980494150284,128.00000000000003,after
Belgian Grand Prix,2026-07-19,GAS,Alpine,16,0.0,,0.5137567764808332,0.16430517711171658,344.6750312659425,383.2399325729028,710.989327324028,1.7667550629473203,33.50000000000006,0.5151443399511872,0.08671662125340598,47.40769841801067,117.0284179187087,821.9816070341315,2.2410637186594884,50.25,after
Belgian Grand Prix,2026-07-19,GAS,Alpine,24,0.0,,0.6858253852679603,0.17084468664850136,462.3611164911355,394.40963174449575,1035.4821182777666,1.9911671950254333,42.900000000000034,0.6991389240162297,0.08092643051771116,47.40769841801067,118.03690255990173,1140.803734611664,2.2732830550903516,82.50000000000001,after
Belgian Grand Prix,2026-07-19,GAS,Alpine,32,5.0,,0.5737394426328039,0.17915531335149865,434.59180106938567,415.2268731546096,832.4636346137629,3.581302461019325,63.0,0.5633804208206123,0.10762942779291551,47.40769841801067,99.86237464706522,968.7681743969734,3.9099687288702687,87.5,after
Belgian Grand Prix,2026-07-19,GAS,Alpine,35,10.0,50.64637708095174,0.5748523495641451,0.1736784741144414,305.9703440979143,233.2478236562079,877.9436662362367,1.4001511161605158,25.19999999999999,0.5706002990790298,0.11702997275204358,47.40769841801067,71.91368853742051,939.297098489885,1.5530621049416478,63.0,after
Belgian Grand Prix,2026-07-19,GAS,Alpine,42,10.0,,0.5746398637155606,0.20636920980926426,4.9939897906199315e-05,142.6374235456589,1090.6334361730833,10.50851352082505,1388.0,0.6212142013286719,0.08818119891008173,3.221712096882017e-05,217.4250026821561,1091.719298920773,10.53336112935285,1561.5,after
Belgian Grand Prix,2026-07-19,LAW,Racing Bulls,7,0.0,126.76531151875784,0.5475792566816149,0.20323569482288825,5.634337468655538e-05,146.322579231617,1099.3899312070178,10.135161386658678,175.5,0.5850705550407885,0.09564032697547682,6.169180344535337e-05,204.77475595607945,1100.7024568521892,10.177199555298234,263.24999999999994,after
Belgian Grand Prix,2026-07-19,LAW,Racing Bulls,8,0.0,79.70013007987058,0.5360065986653159,0.18494550408719343,7.399319526897e-05,162.83246120329065,1023.1092051851869,9.25985493017233,181.0,0.5467978524261019,0.0986376021798365,7.83029982834801e-05,191.37932665213393,1026.3008577957437,9.290611573281012,181.0,after
Belgian Grand Prix,2026-07-19,LAW,Racing Bulls,10,10.0,568.9349153446923,0.8177937163404867,0.28316076294277925,3.1210315377293794e-05,74.60219708974651,1759.2091446148809,4.636396723885614,28.599999999999966,0.8101809338192147,0.14359673024523156,47.40769841801067,160.69134235484677,1830.8670442296807,3.9611136424370534,260.00000000000006,after
Belgian Grand Prix,2026-07-19,LAW,Racing Bulls,14,15.0,392.75843150789,0.6737476372501141,0.23467302452316074,4.347908817087512e-06,143.00437404323196,1345.14781822104,6.802370014236706,65.625,0.6638505163667638,0.11546321525885557,8.017918485592896e-05,232.3477609075522,1349.8506976040037,6.9923657106076735,262.49999999999994,after
Belgian Grand Prix,2026-07-19,LAW,Racing Bulls,17,0.0,386.5744892682929,0.5794841137682047,0.1839237057220708,23.2487866487253,192.8839658061743,709.0903686640369,7.9268808845609104,157.5,0.5770101852529669,0.08583106267029973,23.17705064151761,225.13061548005604,695.986769480566,8.15174371039641,144.0,after
Belgian Grand Prix,2026-07-19,LAW,Racing Bulls,19,0.0,52.86696237546645,0.640439119722457,0.2411444141689373,5.826040301068072e-05,132.77641348862502,1349.6280202553303,7.383467070919477,154.87500000000006,0.6361017789648041,0.12057220708446865,9.998007855185094e-05,222.63572261776,1358.9278977488032,7.46584934914632,353.99999999999994,after
Belgian Grand Prix,2026-07-19,LAW,Racing Bulls,24,5.0,248.23011018345343,0.635534579162649,0.23433242506811985,2.1847286588941763,137.33500952988473,1288.371873235083,3.6190136575470717,63.75,0.631807393835318,0.11852861035422343,3.3587243640447233,224.49131220640604,1282.4455707020836,3.864766537136106,106.25,after
Belgian Grand Prix,2026-07-19,LAW,Racing Bulls,42,20.0,405.9760356523241,0.6691025256212856,0.696151226158038,4.45941073725455e-06,84.17294239733987,2329.1197740596376,6.769519288490868,255.75,0.6729663942432064,0.6496934604904632,0.014348950368096174,95.63037546873467,2342.352595959894,6.713224322652511,341.0,after
Belgian Grand Prix,2026-07-19,LAW,Racing Bulls,44,0.0,,0.4507623863463188,0.8634196185286104,0.0004058361760352274,63.610322317420355,2134.474423240242,11.34010842907157,388.7000000000003,0.45140006970264146,0.8288828337874659,47.40769841801067,93.76941457640808,2133.767312446516,11.34003770094621,422.5,after
Belgian Grand Prix,2026-07-19,HUL,Audi,7,0.0,330.1147187286268,0.575401922270934,0.21519073569482286,0.00010188179706426986,143.17004705357905,1183.2237029846358,5.824319648296223,109.6875,0.5935623871470866,0.10759536784741143,2.2688213145606152e-05,207.74685818969348,1178.630324520186,5.967250019376811,175.5,after
Belgian Grand Prix,2026-07-19,HUL,Audi,11,0.0,,0.40728557758655487,0.9185831062670299,3.654559052184658e-05,50.154693373044545,2079.424217429015,9.941514873239118,309.60000000000014,0.40684703199337874,0.9185831062670299,47.40769841801067,19.391156112395628,2104.757494756976,9.940003048185446,395.60000000000014,after
Belgian Grand Prix,2026-07-19,HUL,Audi,12,0.0,,0.3937004360764194,0.9452861035422343,2.7537974297442685e-07,49.28889090687293,2083.7423877424085,13.088831733116017,141.60000000000014,0.39355550978885845,0.9452861035422343,47.40769841801067,22.42218293534669,2108.8357276668535,13.069563302657834,230.10000000000014,after
Belgian Grand Prix,2026-07-19,HUL,Audi,13,0.0,350.6105839400387,0.5513909534828725,0.2055517711171662,4.6750248312080975,154.56162519081107,1049.7163869929047,5.270961069968191,133.125,0.5619760654511599,0.10882152588555857,4.169682372780482,200.86130528068645,1049.0658630501412,5.443091467160655,177.5,after
Belgian Grand Prix,2026-07-19,HUL,Audi,14,0.0,,0.5292547784104585,0.17023160762942777,0.00010684141961258746,165.36537693432282,951.4667934586389,6.373220493026838,89.25,0.5451101753736939,0.08511580381471388,1.0071329063779964e-05,190.78857145212191,951.1050214255474,6.413792011705467,156.18749999999994,after
Belgian Grand Prix,2026-07-19,HUL,Audi,15,10.0,36.5843222761729,0.5657686057601659,0.17758855585831063,0.00011192605860234524,175.30921477766887,1003.1743476013361,6.048198746600693,112.8125,0.5981594837783516,0.07922343324250682,9.241062392984669e-05,209.35591173304698,1005.526835159162,6.095431885603782,135.375,after
Belgian Grand Prix,2026-07-19,HUL,Audi,16,10.0,26.16932700593769,0.535379354273634,0.18988419618528607,0.00011207004564916913,157.49742267913396,999.7193902157603,6.206857331235558,135.375,0.5692453715143088,0.09151907356948227,8.055085749962357e-06,199.23588808509382,994.9955681763564,6.319950459374261,157.93749999999994,after
Belgian Grand Prix,2026-07-19,HUL,Audi,19,0.0,172.65074529455802,0.5654396623958241,0.18698910081743866,0.00010703909502479241,163.68512562777698,1088.500618361072,6.388616620282446,137.25,0.5920337750669259,0.08726158038147137,8.22008949408202e-05,207.211903474319,1090.8817749623174,6.4789700086455975,160.12499999999994,after
Belgian Grand Prix,2026-07-19,HUL,Audi,24,0.0,150.5410779228843,0.3051813235829955,0.9452861035422343,1.2442888755682334e-05,41.237405825377046,1714.8197993867025,13.876239180250183,318.60000000000014,0.30485412057087574,0.9452861035422343,47.40769841801067,22.549412655992477,1734.0837142418764,13.869351778573598,318.60000000000014,after
Belgian Grand Prix,2026-07-19,HUL,Audi,29,10.0,,0.5143696303606395,0.19999999999999996,6.886044865268193e-05,144.7343807258132,976.1546364260363,7.885273025492632,178.5,0.5436849617439025,0.10272479564032697,3.8067231135094645e-05,190.289774677597,973.3977072000689,7.918243272205508,178.5,after
Belgian Grand Prix,2026-07-19,HUL,Audi,32,5.0,48.4861311830422,0.3843195248671777,0.7302452316076293,0.0005499219685260068,59.977145705294355,1686.3488353867417,8.834001940641242,534.0000000000002,0.3826243734210821,0.7059945504087194,0.0005038200497612567,67.83621955128882,1693.5233173049023,8.834834737421001,623.0,after
Belgian Grand Prix,2026-07-19,HUL,Audi,34,15.0,53.88504664653811,0.32347334990070964,0.7051430517711171,0.0004576162543083332,53.28696618455923,1446.9641511309371,7.167583295724746,448.75,0.32302867318612133,0.6806880108991825,0.00043575351642179594,61.63043044638429,1449.225663137913,7.166938308034563,448.7499999999998,after
Belgian Grand Prix,2026-07-19,HUL,Audi,35,5.0,34.05617400501948,0.44483227999238495,0.7558923705722069,0.0004427687325010319,65.81724526025533,1910.4132849354194,8.725355678314793,526.5000000000002,0.4450361950015273,0.7200272479564032,1.7709742816141733e-05,74.2269329151396,1910.806504773536,8.724430173835533,526.5000000000002,after
Belgian Grand Prix,2026-07-19,HUL,Audi,40,0.0,427.0489981204039,0.6110064979241803,0.24386920980926427,0.00010343309873894084,125.43693061598985,1303.931070111688,5.4089622663725345,111.875,0.6140015341026184,0.12193460490463214,0.0001339686097500679,214.9006709045262,1301.0170784455038,5.5666376512793665,223.74999999999997,after
Belgian Grand Prix,2026-07-19,HUL,Audi,42,15.0,43.66026756946795,0.5262438510162543,0.8303814713896457,0.0015913676067388833,70.5518806754671,2234.9060043391232,7.846401321900028,355.0000000000002,0.5259943956009219,0.7941076294277928,3.5756225286370316e-06,80.57348310165123,2237.8643062347433,7.845079723905736,443.75,after
Belgian Grand Prix,2026-07-19,HUL,Audi,44,10.0,406.42251127620824,0.6172614408517438,0.21389645776566754,7.695729239739372e-05,146.4540547345609,1181.6527561586176,7.157344703825557,90.0,0.6244884690654646,0.10354223433242506,7.203155787105152e-05,218.5710362044705,1178.968016058242,7.339083310920102,157.49999999999994,after
Belgian Grand Prix,2026-07-19,BEA,Haas F1 Team,7,20.0,110.09242892587983,0.27566273865674235,0.94283378746594,0.011362423148146446,38.584096841569,1574.2694218563672,12.379189099989311,314.10000000000014,0.2754660024501429,0.94283378746594,47.40769841801067,19.765475437573418,1593.5348508831144,12.372315316147631,314.10000000000014,after
Belgian Grand Prix,2026-07-19,BEA,Haas F1 Team,10,40.0,281.5721780828835,0.24657094251325876,0.8395776566757492,20.835725451911784,62.20866870793588,1247.311793568286,11.806669392746912,428.75,0.24808333076037808,0.7811648501362397,1.865012047770388,51.9188971516408,1257.6275805166924,11.808450164603666,428.75,after
Belgian Grand Prix,2026-07-19,BEA,Haas F1 Team,11,15.0,137.45822367133698,0.2531409856465379,0.9481198910081744,2.229460766006661e-06,36.32204497416629,1489.0952126762866,13.005858219658851,316.8000000000002,0.25293384120387624,0.9481198910081744,47.40769841801067,22.760429869312873,1505.578042674559,13.00260388126259,404.8000000000002,after
Belgian Grand Prix,2026-07-19,BEA,Haas F1 Team,12,10.0,,0.28736155418271225,0.9347138964577657,3.0772317554547598e-06,39.59426904245386,1661.343516377848,13.979797490935816,226.20000000000027,0.28721858609586987,0.9347138964577657,47.40769841801067,19.435974900347645,1681.5635928346428,13.969729560699152,313.2000000000003,after
Belgian Grand Prix,2026-07-19,BEA,Haas F1 Team,15,25.0,146.04712660380173,0.24054664960693972,0.9428882833787466,2.8071375363739295e-06,34.78189635466012,1409.5936855505015,12.954209537771117,313.2000000000003,0.2403609393381981,0.9428882833787466,47.40769841801067,19.82762666749001,1426.439641711565,12.949760309179851,313.2000000000003,after
Belgian Grand Prix,2026-07-19,BEA,Haas F1 Team,16,30.0,167.5945917191339,0.27658538284778517,0.9509536784741145,0.0001940059049668865,38.66922807528125,1556.62384423364,13.406660831726162,315.0000000000002,0.2763829115089865,0.9509536784741145,47.40769841801067,22.71017901099231,1574.5442409241734,13.401209046969901,315.0000000000002,after
Belgian Grand Prix,2026-07-19,BEA,Haas F1 Team,17,25.0,142.21221344449444,0.26789525008356907,0.9589100817438692,0.02188597653663739,37.64627475895239,1548.521839019074,13.69713957903233,318.60000000000014,0.2677159237558084,0.9589100817438692,47.40769841801067,22.469630470645477,1566.205076932374,13.691310174167896,318.60000000000014,after
Belgian Grand Prix,2026-07-19,BEA,Haas F1 Team,19,30.0,76.96196193875231,0.4481418647278524,0.12608991825613078,9.424039087241924,147.62252823068948,370.82811405603536,8.470261225931166,134.25000000000003,0.44596991525332336,0.06512261580381472,9.470530782188717,165.5600011208519,365.919831377728,8.519461722505469,143.2,after
Belgian Grand Prix,2026-07-19,BEA,Haas F1 Team,22,25.0,161.54585549779853,0.5510593613838984,0.11144414168937328,7.416639299086146e-05,169.3689876686014,607.5674059501538,9.694407710661098,179.5,0.5765659777569667,0.03807901907356948,2.8193788669487513e-07,201.79809249687622,613.8515997096057,9.710557507785655,134.625,after
Belgian Grand Prix,2026-07-19,BEA,Haas F1 Team,23,25.0,178.6942099775552,0.5167103216781975,0.12275204359673023,0.00011058606595174141,159.52724889174087,641.9205104960258,10.20278173803741,178.0,0.5980071867029851,0.033024523160762945,8.600832118082195e-06,209.3025239468769,642.8615594367823,10.242682632451883,142.4,after
Belgian Grand Prix,2026-07-19,BEA,Haas F1 Team,24,25.0,158.0879390158946,0.48872852286852103,0.13521798365122614,8.472850946092114e-05,148.92007471531448,645.3436761050517,10.105333862755609,245.43749999999994,0.5120696753728553,0.06226158038147139,0.00010476352430856374,179.22449114402366,644.8455324865047,10.133444400134879,232.05,after
Belgian Grand Prix,2026-07-19,BEA,Haas F1 Team,28,20.0,177.3063403691642,0.43329829383384494,0.12033378746594003,9.50803041145161e-05,134.21375964225,541.4350356030217,10.361265028958766,178.5,0.4488903393556151,0.05953678474114441,2.755688634268572e-05,157.11164633135164,540.2029489161494,10.387326505031455,232.05,after
Belgian Grand Prix,2026-07-19,BEA,Haas F1 Team,29,15.0,211.5286982073906,0.45009637081373205,0.1188351498637602,0.00016150322729919497,137.09305055208108,567.6848933970125,8.901964120994156,180.5,0.45367156040934814,0.057356948228882834,9.106394523744687e-07,158.78504705391128,563.3631288289715,8.940594770836125,144.4,after
Belgian Grand Prix,2026-07-19,BEA,Haas F1 Team,32,25.0,186.17285781512962,0.5524649648805506,0.11089918256130789,0.00015708730943411926,168.74682411119662,602.5457730205578,8.633424867296629,178.5,0.5837459318573074,0.033079019073569485,6.149712012342885e-05,204.3111376471777,605.9604112592822,8.654345275151769,142.8,after
Belgian Grand Prix,2026-07-19,BEA,Haas F1 Team,33,15.0,162.0378900014625,0.5335490509118115,0.10599455040871933,0.00014804141429493724,163.98723231362004,595.6344155263346,8.82744389122887,179.5,0.5153101460128012,0.04485694822888284,8.708590673799937e-05,180.35863819038715,595.8929692981951,8.852807772528601,112.1875,after
Belgian Grand Prix,2026-07-19,BEA,Haas F1 Team,34,30.0,164.7799985716739,0.5191123123503268,0.1362397820163488,7.44702300425418e-05,160.03147834433938,669.7494192741477,9.902632234162217,176.00000000000003,0.5291958881191708,0.06430517711171663,7.610273894170199e-05,185.21863694444872,674.4475585146309,9.926017406923453,228.8,after
Belgian Grand Prix,2026-07-19,BEA,Haas F1 Team,35,20.0,212.83028962645488,0.5095245163951669,0.108991825613079,0.00018593180216862267,157.0758605878229,570.0491874577232,9.273340661673632,180.0,0.504842922362589,0.047683923705722074,9.407722262745297e-05,176.69511690412878,576.10805424076,9.277249124434125,144.0,after
Belgian Grand Prix,2026-07-19,BEA,Haas F1 Team,36,30.0,167.85083124086503,0.4678932922348356,0.12608991825613078,4.171299540085399,149.09655450631254,495.5630793378699,8.986839758748179,179.0,0.5547436795974404,0.035858310626703006,3.551447271504067,197.7117351306082,498.51106086275394,9.017200736103874,143.2,after
Belgian Grand Prix,2026-07-19,BEA,Haas F1 Team,38,25.0,229.77515592004642,0.404625593032843,0.12305858310626701,0.00015145572410761306,125.33247162997966,497.89334254057235,10.128614696904918,178.5,0.4244644184843162,0.06226158038147139,1.814060511632559e-05,148.5625646101158,491.0277377158068,10.157263221837466,232.05,after
Belgian Grand Prix,2026-07-19,BEA,Haas F1 Team,40,20.0,78.56593125192565,0.5290898125320602,0.12033378746594003,17.108465924283948,179.0259334890683,343.8458947877991,7.3848456185623075,156.1875,0.5872256315254449,0.030354223433242507,17.621465359981705,223.15043639388742,339.61587052047395,7.415791118583867,120.4875,after
Belgian Grand Prix,2026-07-19,BEA,Haas F1 Team,42,25.0,189.56918092120273,0.3972494033157123,0.1215258855585831,0.0001356568794768311,120.94747933481264,484.33168901223235,9.469792786947435,176.0,0.41864640581624457,0.061580381471389646,7.344460978051674e-08,146.52624210913024,481.9690531562517,9.490407419613154,228.8,after
Belgian Grand Prix,2026-07-19,ALB,Williams,10,10.0,,0.5272613079849718,0.164850136239782,148.76377523902795,286.88797043321483,738.0808194216836,1.2456731128430707,31.500000000000057,0.5395208467396184,0.08147138964577656,47.40769841801067,145.66227853551266,829.5472248283872,1.7690283795362882,31.500000000000014,after
Belgian Grand Prix,2026-07-19,ALB,Williams,11,15.0,107.25432943609239,0.48133123360105623,0.1861716621253406,607.1536805224923,381.799897149764,702.0105805591705,1.7337249301670261,25.125000000000057,0.47906527311534314,0.11314713896457766,47.40769841801067,92.57001284207585,797.6658837034092,1.990275213541566,67.0,after
Belgian Grand Prix,2026-07-19,ALB,Williams,12,10.0,,0.5109121337237685,0.1722070844686648,321.8574470288177,366.23616641536006,725.2121287450892,1.3167901695467112,34.00000000000006,0.5163034086969612,0.09114441416893732,47.40769841801067,120.13418635415248,826.6772113302198,1.786169409668347,34.0,after
Belgian Grand Prix,2026-07-19,ALB,Williams,15,5.0,106.35739317058065,0.44693303039008586,0.15946866485013625,7.532301874489051e-05,135.73993887131962,741.3430875679979,9.416036226974462,177.00000000000003,0.46786113499441595,0.08712534059945502,2.4191435199879524e-05,163.75142143948077,741.4919923075906,9.434601038364844,177.0,after
Belgian Grand Prix,2026-07-19,ALB,Williams,17,20.0,94.34505073369539,0.4855366706036234,0.1420299727520436,0.00010797569753821075,150.23181679438375,670.8294339800206,8.004549879428737,175.00000000000003,0.5008110950881399,0.07050408719346049,3.136963658822804e-07,175.28388359454533,671.9230880224518,8.040948298896087,227.5,after
Belgian Grand Prix,2026-07-19,ALB,Williams,29,15.0,130.73699451481485,0.2235531276544995,0.8211171662125339,0.6336812355148554,40.915447548718795,1177.8114989612088,10.196458136751918,1404.0,0.22369571482013514,0.7972070844686647,0.002402786568136956,45.50289103274329,1176.5769103020398,10.196135137245463,1579.5,after
Belgian Grand Prix,2026-07-19,ALB,Williams,32,15.0,160.08773679922163,0.5366465761389511,0.167574931880109,156.8126186019802,296.8947452146511,725.3551430864229,0.6019047739357306,13.5,0.5498188959570679,0.07929155313351499,47.40769841801067,147.12770365265695,822.256684353193,1.5325567545733227,31.500000000000014,after
Belgian Grand Prix,2026-07-19,ALB,Williams,35,5.0,169.28845702239585,0.2538650142465432,0.7952997275204359,25.70012711953301,66.42776408352158,1206.1335845779647,9.780148378897676,537.0000000000002,0.2538649331576614,0.7587193460490462,24.401625544662448,74.82064097555526,1207.7220982659528,9.7799508845519,537.0000000000002,after
Belgian Grand Prix,2026-07-19,ALB,Williams,40,20.0,42.65717880430904,0.5155621092508031,0.13147138964577657,0.29515470687004053,160.35503769762002,656.4110419577445,6.799472790224457,154.87500000000003,0.5278541234298494,0.05912806539509537,0.8990710028387161,185.648014203286,653.6639228334753,6.840383228492327,141.6,after
Belgian Grand Prix,2026-07-19,ALB,Williams,43,15.0,127.41181486612642,0.5212784815950205,0.16553133514986373,279.26885951969246,351.6443107035058,676.5106826056887,2.499164394607594,66.00000000000003,0.5281028507216251,0.08235694822888283,47.40769841801067,126.05832681097768,781.2102393011064,2.836957871420886,49.499999999999986,after
Belgian Grand Prix,2026-07-19,SAI,Williams,23,15.0,,0.6478154183544006,0.15122615803814715,4.1572168228904664e-05,202.54489944786562,1001.4932815466349,10.216953467121078,175.00000000000003,0.7974522526530278,0.027247956403269755,2.9913892634406927e-07,279.10828872769866,1045.5216067304646,10.129387302942137,140.0,after
Belgian Grand Prix,2026-07-19,SAI,Williams,25,10.0,124.66912190947224,0.4879320405827957,0.1270435967302452,0.00012023352191198089,148.67741027008051,650.1283063580015,6.993815445787186,111.56250000000003,0.5096412326489873,0.054087193460490464,0.00014867965194221197,178.37458010679748,644.7172770000593,7.066880825381569,142.8,after
Belgian Grand Prix,2026-07-19,SAI,Williams,28,15.0,81.57580664808147,0.5403683397864076,0.14482288828337875,0.00040003141892197227,165.26056458694453,787.633992441706,2.212951966825417,67.99999999999997,0.5367575005119515,0.08923705722070843,47.40769841801067,126.11708942681653,838.7526667310315,2.3670119743418523,34.0,after
Belgian Grand Prix,2026-07-19,SAI,Williams,32,10.0,,0.5379316169272793,0.1505449591280654,0.0001025059624659956,167.0394815190044,823.154110348305,7.196949168070305,155.3125,0.5624200613065732,0.06590599455040871,0.00010058020093715337,196.84712203750155,830.6527495768825,7.229325436137481,142.0,after
Belgian Grand Prix,2026-07-19,SAI,Williams,33,5.0,127.30567402603197,0.5675778958359226,0.1758174386920981,415.49738464008783,320.80577274383415,879.4897310049,1.6923566722276915,42.900000000000034,0.5710457806889246,0.09938692098092641,47.40769841801067,98.67503843685874,957.2588544301279,1.8496576073745687,49.5,after
Belgian Grand Prix,2026-07-19,SAI,Williams,36,15.0,,0.5357064428708719,0.14080381471389647,0.00013236872438161343,163.49753009147835,748.8659745323815,7.5800483369346825,154.87500000000003,0.566631691683623,0.05640326975476839,0.00012822665512341038,198.3212203159232,748.8206804679604,7.632212227152416,141.6,after
Belgian Grand Prix,2026-07-19,SAI,Williams,38,5.0,83.47808388201491,0.5241776191708873,0.16702997275204357,120.62711821939902,255.34440219524788,802.9725903087624,4.5608377573037355,90.00000000000003,0.5183012118310761,0.10326975476839236,47.40769841801067,113.7774668899103,890.4529415752595,4.747058206196625,125.99999999999999,after
Belgian Grand Prix,2026-07-19,SAI,Williams,43,25.0,,0.5539333670558434,0.16992506811989097,5.429617018926468e-05,172.54808848012874,868.3663506986794,10.60593005474663,1389.9375,0.5360499784500893,0.09778610354223433,6.283214571816404e-05,187.61755528967697,870.458646355964,10.648725625672418,1641.45,after
Belgian Grand Prix,2026-07-19,SAI,Williams,44,0.0,,0.4785758572804623,0.18188010899182558,6.43784158762479e-05,145.4204493477997,895.4464880218173,10.040381080908366,178.0,0.5020022435557796,0.09700272479564032,4.360984655760585e-05,175.7008288543694,893.8034638016369,10.103938956899867,266.99999999999994,after
Belgian Grand Prix,2026-07-19,OCO,Haas F1 Team,5,30.0,,0.2974739416723022,0.9322615803814714,0.00048048913008614396,40.64685895531475,1623.8583409738255,11.015527368761274,308.7000000000003,0.29718685244528376,0.9322615803814714,47.40769841801067,19.341247852018963,1643.9423302148987,11.011921714194932,308.7000000000003,after
Belgian Grand Prix,2026-07-19,OCO,Haas F1 Team,6,0.0,186.5216654814211,0.3154412954883775,0.9506267029972751,0.0002375426711242255,42.65237651842851,1784.0812659364349,12.07410008774066,320.4000000000001,0.31515200317318204,0.9506267029972751,47.40769841801067,22.659551521839706,1804.4498752778672,12.071690175234282,409.4000000000001,after
Belgian Grand Prix,2026-07-19,OCO,Haas F1 Team,7,5.0,392.54240001657257,0.40657833258794274,0.18133514986376018,1.341873293201435e-06,114.69608596825735,745.7376262029712,2.2275816685825305,57.00000000000006,0.40699196051606323,0.1321525885558583,47.40769841801067,91.02222855067265,760.8278786050937,2.1607517231518925,75.99999999999997,after
Belgian Grand Prix,2026-07-19,OCO,Haas F1 Team,10,20.0,184.96221990020948,0.52451797034359,0.09529972752043595,0.00011937071302530025,161.57721366918997,509.5963143451876,9.887912470319614,177.0,0.5263501482277283,0.030190735694822887,9.485263293859024e-05,184.22264673233784,506.09602678662833,9.925908318140278,141.6,after
Belgian Grand Prix,2026-07-19,OCO,Haas F1 Team,11,15.0,158.55576978266936,0.4406935513228429,0.1326294277929155,0.0005488501055077433,132.49785438195536,598.9629300533749,1.942570059421571,31.5,0.4721343562817431,0.06396457765667575,47.40769841801067,146.71692709446546,610.5580550215717,1.6199461473184569,27.5625,after
Belgian Grand Prix,2026-07-19,OCO,Haas F1 Team,12,15.0,191.83658544493716,0.42543135767290413,0.15771117166212534,266.35049543657584,185.68274183695257,592.7835779300918,2.054614298653478,36.400000000000006,0.43429041055359197,0.08828337874659399,47.40769841801067,91.07128114906008,618.6465757636497,2.1046716587655223,125.99999999999999,after
Belgian Grand Prix,2026-07-19,OCO,Haas F1 Team,14,20.0,164.42064785148042,0.5084712165731914,0.11437329700272479,0.0003791519283997269,156.1969535748653,590.9515915527759,1.6554879698901002,23.25,0.5264290724801441,0.051021798365122606,47.40769841801067,167.05649136348703,625.088882455447,1.5771497511045294,31.000000000000014,after
Belgian Grand Prix,2026-07-19,OCO,Haas F1 Team,23,15.0,175.67097469431747,0.5006606307674202,0.10517711171662124,0.0001335750032307792,152.43227016939258,546.9523198685232,8.888800560444425,178.0,0.5393235122908773,0.032425068119891015,8.906032914980795e-05,188.7633183621362,546.134985956404,8.92266533509212,142.4,after
Belgian Grand Prix,2026-07-19,OCO,Haas F1 Team,24,15.0,171.6031538027458,0.5513046960851377,0.10408719346049045,4.74010464188666,175.14896336002778,533.3489402158071,8.776637838091451,176.0,0.5770857781357948,0.027356948228882835,4.946749146041768,206.92677149356996,528.5330085550552,8.820574656859277,140.8,after
Belgian Grand Prix,2026-07-19,OCO,Haas F1 Team,25,20.0,178.9296127622455,0.16524459868596883,0.8693801089918255,0.0019415584168439566,31.3982044277785,960.6853382316904,10.982002337169815,443.75,0.16506370342729795,0.8572888283378746,0.9084056452238384,36.49674135423762,960.6618324099732,10.981977447691404,532.5000000000002,after
Belgian Grand Prix,2026-07-19,OCO,Haas F1 Team,28,15.0,175.42017478260973,0.18818329523422583,0.9566076294277929,48.77031771285018,68.98401262740757,1136.581836072158,12.422830169328607,410.5500000000002,0.18819490065453798,0.9201294277929155,47.40769841801067,65.18787522979694,1140.1084219013694,12.422723125683378,410.5500000000002,after
Belgian Grand Prix,2026-07-19,OCO,Haas F1 Team,29,20.0,151.57270923405144,0.48377738473493886,0.14352861035422343,6.773637633092793e-05,147.6487437714326,677.1640618819464,10.420458145713534,177.00000000000003,0.5294468404512866,0.05912806539509537,5.103782490058124e-05,185.3064451957752,671.9433777339792,10.453489728711553,230.1,after
Belgian Grand Prix,2026-07-19,OCO,Haas F1 Team,32,20.0,167.96874587054248,0.25746726809478343,0.8861035422343323,18.748515970823906,60.93466306236452,1387.0582374189005,11.748754633964014,352.0000000000002,0.2568719703781145,0.8621253405994549,31.258275171790164,81.21464952714155,1387.1132302569056,11.749236952236922,440.0,after
Belgian Grand Prix,2026-07-19,OCO,Haas F1 Team,33,15.0,163.27138493109308,0.22153348839131326,0.9150204359673024,35.484218548885636,69.66412473954341,1229.382373569607,11.3505961754207,408.2500000000002,0.22149489956022725,0.8787465940054495,31.569411607895667,76.08054438454892,1232.1539893868285,11.35054063413557,443.75,after
Belgian Grand Prix,2026-07-19,OCO,Haas F1 Team,36,20.0,136.32371820865885,0.4661802876221034,0.13181198910081743,0.00017340762560427454,145.2633208244608,609.9589888580543,8.386527106713006,155.31250000000003,0.4566281617613452,0.07135558583106268,5.491420870491702e-07,159.8198571656129,606.2067281860246,8.43706811626217,142.0,after
Belgian Grand Prix,2026-07-19,OCO,Haas F1 Team,38,50.0,203.573921922666,0.6380749577972697,0.12316076294277928,0.000132464157729237,197.8554636552263,654.2908434912982,9.44417259424215,176.0,0.6160136737017613,0.04643051771117166,1.8805940142059314e-06,215.60478767621046,652.3591603654053,9.502514999389044,140.8,after
Belgian Grand Prix,2026-07-19,OCO,Haas F1 Team,42,25.0,89.447520360313,0.45621982894246216,0.13487738419618528,0.00015299605488579022,142.64104922079753,604.1768267630717,8.873556098589175,155.75000000000003,0.4541168195389328,0.07425068119891008,3.799619129137758e-07,158.9408872185884,605.8642736038207,8.899802054586592,231.4,after
Belgian Grand Prix,2026-07-19,OCO,Haas F1 Team,44,15.0,215.6272729000496,0.4614859783409827,0.12908719346049044,0.0001408848659702423,143.80053111262117,612.5328920191208,9.387478416976553,266.24999999999994,0.4913666694335086,0.05653950953678474,0.00010425022673190765,171.97843855195472,610.4745742023814,9.409127659976027,199.6875,after
Belgian Grand Prix,2026-07-19,BOT,Cadillac,7,10.0,144.19409595885276,0.3027289306662482,0.9400544959128065,1.597022173720092e-06,41.14552966106071,1686.3080897798195,14.056693417259634,227.50000000000023,0.30258942419222123,0.9400544959128065,47.40769841801067,22.278944239846037,1706.2992859598444,14.046194300651777,315.0000000000002,after
Belgian Grand Prix,2026-07-19,BOT,Cadillac,10,25.0,155.93996576314612,0.49212357040691884,0.13521798365122614,7.308614454606594e-05,149.95456626906937,655.2349535870189,10.581359107456644,178.5,0.5489090921204857,0.05010217983651226,9.445481562057263e-05,192.1182766969856,653.8632634645197,10.610846330847204,232.05,after
Belgian Grand Prix,2026-07-19,BOT,Cadillac,14,5.0,163.58171113510093,0.45012183742108214,0.10054495912806538,0.00013478567126080153,138.3457412798356,524.7644234156119,10.359065524203142,179.5,0.43449707883895095,0.051634877384196184,0.00010048850354223801,152.07407808213637,523.7617493632692,10.375310798135905,233.35,after
Belgian Grand Prix,2026-07-19,BOT,Cadillac,24,5.0,163.83121653049025,0.39259959957571416,0.11185286103542233,0.0001164107163984019,121.20978848365304,498.8244669384607,10.434244578715562,266.99999999999994,0.3867861504007026,0.06335149863760219,3.025703101522675e-06,135.37515566594902,498.2527556691196,10.44138276431159,231.4,after
Belgian Grand Prix,2026-07-19,BOT,Cadillac,25,5.0,165.32498097307155,0.39628227107137876,0.11154632152588555,0.00012415372069280595,121.9367063211504,502.9161502215874,10.362165246699824,266.24999999999994,0.42102668801897003,0.05108991825613079,5.961711903348395e-05,147.35940042375856,498.15979364257936,10.383345853044936,230.75,after
Belgian Grand Prix,2026-07-19,BOT,Cadillac,26,0.0,164.94226169510137,0.3938294444131953,0.10882152588555857,0.00023323014266199185,121.18206409560307,497.015031461626,10.542302080869943,177.5,0.41857678874335796,0.048365122615803814,5.059957767330737e-08,146.50187611077484,491.6573803054529,10.558885209172772,230.75,after
Belgian Grand Prix,2026-07-19,BOT,Cadillac,27,40.0,196.76466039232852,0.4190089653921781,0.11498637602179836,0.00013103266658805033,129.92711437714544,432.8293751678742,10.531844564756474,256.49999999999994,0.4733063995364901,0.045095367847411444,2.276333679449692e-08,165.65723986053487,431.37223493008133,10.540767184181862,222.3,after
Belgian Grand Prix,2026-07-19,BOT,Cadillac,31,10.0,206.37085773667096,0.5612886009440965,0.09008855585831062,0.00014566544090567816,173.35397444795808,555.9548761632667,9.809959178635603,177.5,0.547351942567184,0.024795640326975475,5.157205667161731e-05,191.57323147057107,548.0163599618606,9.857590838518743,142.0,after
Belgian Grand Prix,2026-07-19,BOT,Cadillac,35,0.0,192.10046269363056,0.424875416644655,0.12329700272479564,7.960229159915253e-05,131.93306811513148,588.7350245486656,10.603125883532744,158.37500000000003,0.4371457960920003,0.06164850136239782,7.46033527743192e-05,153.0011032355529,587.0953619422277,10.628975858783422,235.3,after
Belgian Grand Prix,2026-07-19,BOT,Cadillac,37,15.0,187.61715156139948,0.4718697300882071,0.09281335149863759,0.00015888634448863313,145.7369899139056,465.19010376209457,10.122624936379795,155.31249999999994,0.49878686809184775,0.027520435967302453,0.0001743728718096422,174.57557820501853,464.8594487741496,10.138270269663465,142.0,after
Belgian Grand Prix,2026-07-19,BOT,Cadillac,39,5.0,147.73338572977372,0.5055078541030443,0.1353542234332425,7.125901415189911e-05,154.28087831824686,722.9937508031082,10.358476243721373,177.00000000000003,0.510545110055467,0.0630108991825613,7.954748747491746e-05,178.69086806690092,722.2201312230508,10.398023026707406,154.875,after
Belgian Grand Prix,2026-07-19,BOT,Cadillac,40,15.0,165.18814983897605,0.445177090658432,0.14005449591280653,0.00014565918690274512,138.81351958770267,627.5002336376053,8.931219152461727,176.00000000000003,0.4716029015271368,0.0681198910081744,5.282684387318533e-07,165.06101606276633,622.2598519537445,8.96799568905476,220.0,after
Belgian Grand Prix,2026-07-19,BOT,Cadillac,41,0.0,196.82842131072937,0.4512856344783144,0.12057220708446867,8.42722188546029e-05,140.13401556239458,620.6314045945614,9.956783369290745,154.87500000000003,0.45199250158917437,0.060286103542234334,4.9934424818815434e-05,158.19742549063582,622.6618684591164,9.974689521170557,230.1,after
Belgian Grand Prix,2026-07-19,BOT,Cadillac,42,5.0,184.51532424867793,0.4970163770952834,0.0989100817438692,0.00014645637599097625,154.55100623178353,563.7901851513161,10.794516723201156,176.5,0.48731631308535667,0.03879427792915531,3.281320854740235e-05,170.5607423930834,556.7929061454944,10.824249874398422,110.3125,after
Belgian Grand Prix,2026-07-19,BOT,Cadillac,43,15.0,195.35206957115707,0.4924999937924149,0.10435967302452315,0.00018040640764482876,153.14663398765467,534.0346326835664,10.131995976906348,176.5,0.5399410322540459,0.027411444141689376,0.00013945744462066958,188.97950074636069,529.86932263565,10.164343923714975,141.2,after
Belgian Grand Prix,2026-07-19,ALO,Aston Martin,15,0.0,52.68501222831033,0.3706109130432622,0.1616144414168937,51.22029803344451,160.8067880585418,-213.70071168544436,6.214157089839065,68.4375,0.3826965761498279,0.08702316076294277,51.680529309685085,185.62433096212484,-219.86895882660403,6.245527299645112,159.68749999999994,after
Belgian Grand Prix,2026-07-19,ALO,Aston Martin,25,10.0,62.19935168317661,0.40299123891636857,0.14032697547683923,39.030743798759445,156.1337858648164,-82.20382284524483,7.201773561308787,180.00000000000003,0.3905595031149053,0.07901907356948229,38.83027999425415,175.526106084471,-75.45534906508858,7.2334013771258565,144.0,after
Belgian Grand Prix,2026-07-19,ALO,Aston Martin,27,5.0,71.16332767216618,0.38684995496884467,0.1579019073569482,189.33769780060877,266.31331966484015,506.8303182910776,1.5474404577768128,34.0,0.3832840461545193,0.09073569482288826,47.40769841801067,119.15380840504325,591.3054948205163,2.0544866839205227,34.0,after
Belgian Grand Prix,2026-07-19,ALO,Aston Martin,28,10.0,49.26414037701992,0.4033390765394156,0.13920299727520435,9.458143836292768e-05,124.66257734163337,589.442391907946,7.625815605923382,178.50000000000003,0.389646146096033,0.09056539509536783,3.955853528664477e-08,136.3761511731701,590.0475097033675,7.647612813921497,178.5,after
Belgian Grand Prix,2026-07-19,ALO,Aston Martin,29,180.0,,0.1836414009861868,0.8091280653950953,3.6175081775640884e-05,35.336234256461914,945.0753677068524,7.930762326596279,383.75,0.18375547705825312,0.7882152588555857,1.1563015820690515e-06,40.47785227165089,943.3773767742498,7.931037953236702,460.5000000000001,after
Belgian Grand Prix,2026-07-19,ALO,Aston Martin,33,20.0,76.61518067415768,0.36970303894303824,0.14165531335149864,0.000115344717835068,113.929270267841,524.8558032219804,8.176235383484464,174.50000000000003,0.36447411851328515,0.0941076294277929,6.073533502889091e-06,127.5659475531833,524.6421602950985,8.19556905824213,174.5,after
Belgian Grand Prix,2026-07-19,ALO,Aston Martin,34,5.0,70.72616218815699,0.4134932398195374,0.17534059945504088,9.108370090699982e-05,128.75724617844907,736.0536690639381,9.437330953427523,248.87499999999994,0.41729112035111104,0.11369209809264304,1.0446176041009518e-06,146.0518931675065,738.6636673093878,9.434349724795107,271.49999999999994,after
Belgian Grand Prix,2026-07-19,PER,Cadillac,9,0.0,152.53695787186567,0.41500439569265357,0.10943460490463214,0.00010300280902123922,128.54725159085976,515.889523435115,10.552068990787694,267.74999999999994,0.43795503127132734,0.04863760217983651,0.00010020428511378588,153.2843611492497,517.0861907432953,10.556268633699483,232.05,after
Belgian Grand Prix,2026-07-19,PER,Cadillac,10,5.0,150.65214785190122,0.43072344344453817,0.11185286103542233,6.756626701553564e-05,132.9799538792258,542.2904272914964,11.436966552844481,266.99999999999994,0.4110016138532864,0.06335149863760219,3.143631666407061e-05,143.85059628496688,539.0772850538159,11.46068226558455,231.4,after
