event,date,driver,team,lap,swing_kw,swing_level_kw,cap_kw,frac,band_mid_kmh,period
Australian Grand Prix,2026-03-08,RUS,Mercedes,2,280.56615568669883,282.8038322902963,149.87179487179475,1.8720410730164694,327.1666666666667,before
Australian Grand Prix,2026-03-08,RUS,Mercedes,3,79.68750266293425,79.82136349141273,317.6923076923077,0.2508323328373233,296.0,before
Australian Grand Prix,2026-03-08,RUS,Mercedes,5,142.50377867908944,143.2480682871455,202.2596153846154,0.7045587346149419,317.4375,before
Australian Grand Prix,2026-03-08,RUS,Mercedes,45,131.54914675131573,131.97750071328792,183.91826923076925,0.715258724984281,320.84375,before
Australian Grand Prix,2026-03-08,RUS,Mercedes,50,150.5282775961613,151.20442958360843,213.44430485762157,0.705234453065269,315.36034338358456,before
Australian Grand Prix,2026-03-08,RUS,Mercedes,54,194.0851578881097,195.31196455746985,195.95947063688993,0.9904352020206603,318.60752688172045,before
Australian Grand Prix,2026-03-08,ANT,Mercedes,5,156.7788337442183,157.08202969444747,220.76923076923075,0.7101480274128356,314.0,before
Australian Grand Prix,2026-03-08,ANT,Mercedes,11,150.33428870444226,151.7187842974703,204.6153846153846,0.7347164485555449,317.0,before
Australian Grand Prix,2026-03-08,ANT,Mercedes,25,147.93466523267296,148.48720183049497,221.66666666666646,0.6673744296210817,313.83333333333337,before
Australian Grand Prix,2026-03-08,LEC,Ferrari,36,229.68407853044977,230.73226256284846,271.92307692307696,0.8446656353312155,304.5,before
Australian Grand Prix,2026-03-08,HAM,Ferrari,5,216.00904298220885,217.1720141826913,254.89423076923066,0.8474457908691286,307.6625,before
Australian Grand Prix,2026-03-08,HAM,Ferrari,11,255.48232853810657,257.0379799182434,229.4379006410256,1.113514061209223,312.3901041666667,before
Australian Grand Prix,2026-03-08,HAM,Ferrari,14,261.4605824771711,262.1070569494109,272.25961538461536,0.9603355316131307,304.4375,before
Australian Grand Prix,2026-03-08,HAM,Ferrari,35,217.83998173567164,218.74772540743768,223.84615384615375,0.9731683032865059,313.42857142857144,before
Australian Grand Prix,2026-03-08,HAM,Ferrari,37,237.7626287962921,238.70163200080634,230.865384615384,1.0298756099464574,312.1250000000001,before
Australian Grand Prix,2026-03-08,HAM,Ferrari,41,243.19187730929076,244.30491919053918,231.62259615384616,1.0499488450071606,311.984375,before
Australian Grand Prix,2026-03-08,HAM,Ferrari,44,221.9083522189197,222.49431635330615,247.24358974358952,0.8975292441314883,309.08333333333337,before
Australian Grand Prix,2026-03-08,HAM,Ferrari,45,223.99654139668942,225.1054067458537,232.02204699066607,0.9654105905103945,311.910191273162,before
Australian Grand Prix,2026-03-08,HAM,Ferrari,51,231.1575138858974,231.39968950064383,232.77243589743694,0.9930622283290833,311.77083333333314,before
Australian Grand Prix,2026-03-08,NOR,McLaren,3,,,,,,before
Australian Grand Prix,2026-03-08,NOR,McLaren,5,209.12379990238853,212.07578133636866,174.46153846153834,1.1986813927385593,322.6,before
Australian Grand Prix,2026-03-08,NOR,McLaren,6,181.53226601092814,184.6258005560207,189.3589743589748,0.9586673492791038,319.83333333333326,before
Australian Grand Prix,2026-03-08,VER,Red Bull Racing,3,,,,,,before
Australian Grand Prix,2026-03-08,VER,Red Bull Racing,4,149.63690767797002,147.59305293729142,127.6476990049751,1.172264826114397,331.2939987562189,before
Australian Grand Prix,2026-03-08,VER,Red Bull Racing,7,,,,,,before
Australian Grand Prix,2026-03-08,VER,Red Bull Racing,29,174.44504258938412,175.82690037772727,244.31973720229925,0.7140030706767739,309.626334519573,before
Australian Grand Prix,2026-03-08,VER,Red Bull Racing,32,138.70347878409123,139.843178923452,234.23076923076923,0.5921659192752663,311.5,before
Australian Grand Prix,2026-03-08,VER,Red Bull Racing,40,186.8049753484386,187.96391695538287,229.51923076923077,0.8138968343626986,312.375,before
Australian Grand Prix,2026-03-08,VER,Red Bull Racing,47,220.64518826417847,222.11862829802908,205.84935897435847,1.0718769752965955,316.7708333333334,before
Australian Grand Prix,2026-03-08,VER,Red Bull Racing,49,145.36017295591336,146.54353461754826,205.11861969805884,0.7086639582983162,316.9065420560748,before
Australian Grand Prix,2026-03-08,VER,Red Bull Racing,50,196.76564150919071,197.90719696760883,228.30769230769218,0.8618441171224667,312.6,before
Australian Grand Prix,2026-03-08,VER,Red Bull Racing,52,234.68748497498373,235.66026512926692,219.9278846153843,1.0671110913716622,314.15625000000006,before
Australian Grand Prix,2026-03-08,VER,Red Bull Racing,58,230.8907731058707,230.48942841862564,253.07692307692307,0.9123343618165104,308.0,before
Australian Grand Prix,2026-03-08,BEA,Haas F1 Team,3,220.4757438734069,221.90492399971643,153.46153846153848,1.4366840452903706,326.5,before
Australian Grand Prix,2026-03-08,BEA,Haas F1 Team,6,178.73588538388742,180.02794193056613,193.84615384615384,0.922050202377197,319.0,before
Australian Grand Prix,2026-03-08,BEA,Haas F1 Team,22,208.89179190642844,209.88155790210678,212.69230769230768,0.9821313905184701,315.5,before
Australian Grand Prix,2026-03-08,BEA,Haas F1 Team,25,188.5639747554905,188.96670018404066,210.1495726495726,0.8972845977180436,315.97222222222223,before
Australian Grand Prix,2026-03-08,BEA,Haas F1 Team,28,205.29674570694468,206.60740034397546,168.75000000000003,1.2165733078930052,323.6607142857143,before
Australian Grand Prix,2026-03-08,BEA,Haas F1 Team,29,1278.425546030892,1282.8713811165064,206.5384615384608,6.189769869050896,316.6428571428573,before
Australian Grand Prix,2026-03-08,BEA,Haas F1 Team,32,250.60989179681462,251.73724566868364,199.51682692307702,1.256083988812815,317.946875,before
Australian Grand Prix,2026-03-08,BEA,Haas F1 Team,33,221.57536282688594,222.7171128808746,243.93990384615395,0.9083194644801832,309.696875,before
Australian Grand Prix,2026-03-08,BEA,Haas F1 Team,35,228.32616605600663,228.45864244428213,261.5651709401711,0.8729226648766347,306.4236111111111,before
Australian Grand Prix,2026-03-08,BEA,Haas F1 Team,37,197.87528391012012,198.86230958568115,227.7804487179483,0.8687105720611754,312.69791666666674,before
Australian Grand Prix,2026-03-08,BEA,Haas F1 Team,38,175.951270951655,176.70114976590614,192.9430913913671,0.9119335120154898,319.1677115987461,before
Australian Grand Prix,2026-03-08,BEA,Haas F1 Team,39,155.7026037821944,156.05678006607374,153.46153846153814,1.0146034331671834,326.50000000000006,before
Australian Grand Prix,2026-03-08,BEA,Haas F1 Team,42,230.76034191413774,230.47800274386506,263.9882478632479,0.8741311167521252,305.9736111111111,before
Australian Grand Prix,2026-03-08,LIN,Racing Bulls,3,151.98432238620072,153.3095640030591,178.30555555555551,0.852381306418948,321.8861111111111,before
Australian Grand Prix,2026-03-08,LIN,Racing Bulls,17,161.8535308497057,162.8547094998008,211.79487179487202,0.7641994797988517,315.66666666666663,before
Australian Grand Prix,2026-03-08,LIN,Racing Bulls,20,151.89967981762467,152.6048566683365,269.2307692307692,0.5641988107511774,305.0,before
Australian Grand Prix,2026-03-08,LIN,Racing Bulls,22,178.97959355844256,179.67344743967556,197.43589743589723,0.9065200193219827,318.33333333333337,before
Australian Grand Prix,2026-03-08,LIN,Racing Bulls,25,167.90462058811372,168.66000025564736,220.76923076923075,0.7605435775768218,314.0,before
Australian Grand Prix,2026-03-08,LIN,Racing Bulls,28,171.3361235414901,172.04317167050965,229.23076923076945,0.7474394651138824,312.4285714285714,before
Australian Grand Prix,2026-03-08,LIN,Racing Bulls,29,160.19007181485563,160.7894109504277,236.25000000000003,0.6780532140311348,311.125,before
Australian Grand Prix,2026-03-08,LIN,Racing Bulls,32,173.83068928607787,174.33721093022527,207.30769230769232,0.8385153843113218,316.5,before
Australian Grand Prix,2026-03-08,LIN,Racing Bulls,35,185.8059968887094,186.6350075037735,233.89423076923075,0.7944017955365171,311.5625,before
Australian Grand Prix,2026-03-08,LIN,Racing Bulls,37,169.4234978658185,170.46666599363738,234.23076923076923,0.7233187101003746,311.5,before
Australian Grand Prix,2026-03-08,LIN,Racing Bulls,38,188.23363367455767,188.84912696357694,235.57692307692335,0.7990325674348561,311.24999999999994,before
Australian Grand Prix,2026-03-08,LIN,Racing Bulls,39,152.9522941613962,154.04030350289827,191.15384615384613,0.8001528467195778,319.5,before
Australian Grand Prix,2026-03-08,LIN,Racing Bulls,41,157.8067734068781,158.102405804075,212.22115384615395,0.7435958694356991,315.5875,before
Australian Grand Prix,2026-03-08,LIN,Racing Bulls,43,169.72047477166188,170.4634287744114,207.30769230769232,0.8186887465794451,316.5,before
Australian Grand Prix,2026-03-08,LIN,Racing Bulls,50,189.42203743440334,190.1210523373949,225.88461538461533,0.8385787456656715,313.05,before
Australian Grand Prix,2026-03-08,LIN,Racing Bulls,53,424.7005816969933,424.91423466639816,350.0,1.213430233419981,281.30535714285713,before
Australian Grand Prix,2026-03-08,LIN,Racing Bulls,54,,,,,,before
Australian Grand Prix,2026-03-08,LIN,Racing Bulls,55,150.29816374805839,150.9423974201041,182.0317283773442,0.8256701460115597,321.19410758706465,before
Australian Grand Prix,2026-03-08,LIN,Racing Bulls,56,166.47408898324616,167.53539832093475,207.30769230769232,0.8030290006612987,316.5,before
Australian Grand Prix,2026-03-08,BOR,Audi,3,334.89162026760783,336.49181403330385,222.87499999999997,1.5025984083796204,313.6089285714286,before
Australian Grand Prix,2026-03-08,BOR,Audi,6,237.00149427816592,238.17902932131054,228.44230769230745,1.0374676069083795,312.57500000000005,before
Australian Grand Prix,2026-03-08,BOR,Audi,7,215.20235738548263,216.1130659098663,238.5384615384613,0.9021704759791284,310.70000000000005,before
Australian Grand Prix,2026-03-08,BOR,Audi,10,272.25657297024446,273.487390309846,214.98863636363592,1.266376574944847,315.07353896103905,before
Australian Grand Prix,2026-03-08,BOR,Audi,26,200.52928143415792,200.51703986751266,302.88461538461536,0.662064929179442,298.75,before
Australian Grand Prix,2026-03-08,BOR,Audi,29,233.78231032222456,233.9441186539363,282.6923076923077,0.8269850433167127,302.5,before
Australian Grand Prix,2026-03-08,BOR,Audi,49,208.73285844548988,208.68280503459744,264.3602628527253,0.7895772843960842,305.9045226130653,before
Australian Grand Prix,2026-03-08,BOR,Audi,54,225.044653908904,225.9259082055451,230.04927884615407,0.9782454221880134,312.27656249999995,before
Australian Grand Prix,2026-03-08,BOR,Audi,55,224.19187607915254,224.52935349717305,284.34134615384664,0.7884603456785021,302.1937499999999,before
Australian Grand Prix,2026-03-08,GAS,Alpine,14,175.06956543001482,175.96731759137413,208.0548076923078,0.8414588798588358,316.36125,before
Australian Grand Prix,2026-03-08,GAS,Alpine,31,145.12863897051366,146.2345636046024,218.0769230769231,0.6654928771134664,314.5,before
Australian Grand Prix,2026-03-08,GAS,Alpine,34,115.79411591448283,116.78392998972184,253.07692307692307,0.4575451388718167,308.0,before
Australian Grand Prix,2026-03-08,GAS,Alpine,40,135.1343810059476,136.10521355032964,186.6666666666665,0.7239341839604343,320.33333333333337,before
Australian Grand Prix,2026-03-08,GAS,Alpine,41,154.41335459119438,154.89154290833906,205.95422240802702,0.7497460007655379,316.75135869565213,before
Australian Grand Prix,2026-03-08,GAS,Alpine,44,161.05011560699216,161.93173836734235,222.7272727272728,0.7230821517048626,313.6363636363636,before
Australian Grand Prix,2026-03-08,GAS,Alpine,49,130.3177716851082,131.0486535111257,234.23076923076923,0.5563648709052238,311.5,before
Australian Grand Prix,2026-03-08,GAS,Alpine,50,144.69403842061067,145.3894846525478,233.46153846153865,0.6197767708296333,311.6428571428571,before
Australian Grand Prix,2026-03-08,OCO,Haas F1 Team,5,130.7517296992059,131.76149730532296,218.94350961538487,0.5971939059938142,314.33906249999995,before
Australian Grand Prix,2026-03-08,OCO,Haas F1 Team,6,1068.466147134902,1067.25263287023,350.0,3.052760420385434,278.72266355140147,before
Australian Grand Prix,2026-03-08,OCO,Haas F1 Team,14,226.59908829180944,227.44341372942665,246.76495726495727,0.9182790409276173,309.1722222222222,before
Australian Grand Prix,2026-03-08,OCO,Haas F1 Team,15,200.39736914766343,201.43762824291235,247.6923076923077,0.8090577015278335,309.0,before
Australian Grand Prix,2026-03-08,OCO,Haas F1 Team,22,233.13601613965142,234.50045193120982,176.34615384615384,1.3220362965389176,322.25,before
Australian Grand Prix,2026-03-08,OCO,Haas F1 Team,25,233.80648997724148,235.28417792763432,233.98846153846117,0.9992223054076119,311.5450000000001,before
Australian Grand Prix,2026-03-08,OCO,Haas F1 Team,29,216.38155499592872,217.33609754888522,222.21730769230757,0.9737385320838317,313.73107142857145,before
Australian Grand Prix,2026-03-08,OCO,Haas F1 Team,31,221.07344761261572,222.54555811318764,159.05480769230766,1.3899199327585459,325.46125,before
Australian Grand Prix,2026-03-08,OCO,Haas F1 Team,34,266.50088423430606,267.2333098437672,234.23076923076923,1.1377706059264299,311.5,before
Australian Grand Prix,2026-03-08,OCO,Haas F1 Team,40,253.34963506519532,254.7121947748747,226.7307692307694,1.1174029706013695,312.8928571428571,before
Australian Grand Prix,2026-03-08,OCO,Haas F1 Team,44,255.2011733270041,257.2231688421512,185.09615384615384,1.3787491961562819,320.625,before
Australian Grand Prix,2026-03-08,OCO,Haas F1 Team,46,,,,,,before
Australian Grand Prix,2026-03-08,OCO,Haas F1 Team,47,234.3922333724738,235.54414656769885,257.30769230769226,0.9109414151994499,307.2142857142857,before
Australian Grand Prix,2026-03-08,OCO,Haas F1 Team,49,205.64373984845932,206.51175579594937,260.8173076923077,0.7884589472530791,306.5625,before
Australian Grand Prix,2026-03-08,OCO,Haas F1 Team,50,,,,,,before
Australian Grand Prix,2026-03-08,OCO,Haas F1 Team,52,257.62439441835636,258.5856892482718,224.47115384615387,1.147694881966548,313.3125,before
Australian Grand Prix,2026-03-08,OCO,Haas F1 Team,54,183.06006708323454,184.74321111910828,156.15384615384616,1.1723058483162803,326.0,before
Australian Grand Prix,2026-03-08,ALB,Williams,3,164.92525127903104,166.8802054890449,201.9230769230769,0.8167726730009157,317.5,before
Australian Grand Prix,2026-03-08,ALB,Williams,5,,,,,,before
Australian Grand Prix,2026-03-08,ALB,Williams,10,86.73007393097808,88.44626040512556,268.70726495726495,0.32276787880957214,305.09722222222223,before
Australian Grand Prix,2026-03-08,ALB,Williams,14,116.93242830177863,117.72585098707842,253.07692307692307,0.4620430297638669,308.0,before
Australian Grand Prix,2026-03-08,ALB,Williams,24,119.35057843335345,119.95089215428001,251.0502136752138,0.47540520554090626,308.37638888888887,before
Australian Grand Prix,2026-03-08,ALB,Williams,25,114.43067527967345,115.23850772990848,250.3846153846154,0.4570195940509232,308.5,before
Australian Grand Prix,2026-03-08,ALB,Williams,29,,,,,,before
Australian Grand Prix,2026-03-08,ALB,Williams,30,136.57174107825833,137.35850949005453,266.05769230769226,0.5133162657079461,305.5892857142857,before
Australian Grand Prix,2026-03-08,ALB,Williams,31,107.2232093188298,107.38529426008373,277.3076923076923,0.3866578976823266,303.5,before
Australian Grand Prix,2026-03-08,ALB,Williams,35,126.7679067021551,127.3669231574735,251.88034188034214,0.5032862261334283,308.2222222222222,before
Australian Grand Prix,2026-03-08,ALB,Williams,37,130.77650288333285,131.41371166772774,258.46153846153845,0.505980517108133,307.0,before
Australian Grand Prix,2026-03-08,ALB,Williams,38,123.84993281306065,124.63219343804523,260.02176816239313,0.47630601733202516,306.71024305555557,before
Australian Grand Prix,2026-03-08,ALB,Williams,39,155.11392616367047,155.6212717741921,226.15384615384616,0.6858779048053456,313.0,before
Australian Grand Prix,2026-03-08,ALB,Williams,40,143.6899678624407,144.1914711693004,245.81730769230774,0.5845396697709302,309.3482142857143,before
Australian Grand Prix,2026-03-08,ALB,Williams,42,143.98286489355004,144.62258809416073,255.76923076923075,0.5629405243958349,307.5,before
Australian Grand Prix,2026-03-08,ALB,Williams,43,123.79052454459813,124.16154934932788,256.8162393162394,0.48201984763184885,307.30555555555554,before
Australian Grand Prix,2026-03-08,ALB,Williams,44,133.64899234138355,134.45914655017816,258.46153846153845,0.5170943156065434,307.0,before
Australian Grand Prix,2026-03-08,ALB,Williams,47,140.42702338925957,140.70814709956744,263.8461538461538,0.5322307008922376,306.0,before
Australian Grand Prix,2026-03-08,ALB,Williams,48,133.96794784941338,134.8191474791058,263.3862179487179,0.5086368941122703,306.0854166666667,before
Australian Grand Prix,2026-03-08,ALB,Williams,50,146.25092700315778,146.70260496387758,250.04807692307693,0.5848912289301446,308.5625,before
Australian Grand Prix,2026-03-08,ALB,Williams,51,137.09367744215984,138.0336684369064,253.07692307692307,0.5417075400450085,308.0,before
Australian Grand Prix,2026-03-08,ALB,Williams,57,161.88549022958665,161.63092706554724,215.38461538461542,0.7516112046373665,315.0,before
Australian Grand Prix,2026-03-08,LAW,Racing Bulls,4,199.54329370653332,201.5444620061079,181.98653846153854,1.0964728237231967,321.2025,before
Australian Grand Prix,2026-03-08,LAW,Racing Bulls,5,181.03021419401398,183.18594321905704,174.11826923076927,1.0396968393597106,322.66375,before
Australian Grand Prix,2026-03-08,LAW,Racing Bulls,6,200.44023558417248,204.55360900000255,182.29166666666674,1.0995578637760315,321.1458333333333,before
Australian Grand Prix,2026-03-08,LAW,Racing Bulls,7,,,,,,before
Australian Grand Prix,2026-03-08,LAW,Racing Bulls,8,192.77944711165733,193.65224829955093,235.7570207570207,0.8177039499932537,311.21655328798187,before
Australian Grand Prix,2026-03-08,LAW,Racing Bulls,9,168.70022539310384,169.31761061287534,225.3612441828631,0.7485769170506387,313.14719750889685,before
Australian Grand Prix,2026-03-08,LAW,Racing Bulls,15,146.12103402187546,148.65210872686168,185.2083333333335,0.7889549643475833,320.60416666666663,before
Australian Grand Prix,2026-03-08,LAW,Racing Bulls,16,154.16742493290255,156.1666400941774,204.6153846153846,0.7534498211006516,317.0,before
Australian Grand Prix,2026-03-08,LAW,Racing Bulls,17,179.52495538843976,179.90477357714025,267.4038461538461,0.6713626522976534,305.3392857142857,before
Australian Grand Prix,2026-03-08,LAW,Racing Bulls,20,185.4883778436097,185.19779613722875,317.8269230769229,0.5836144277768324,295.975,before
Australian Grand Prix,2026-03-08,LAW,Racing Bulls,21,230.8629745380451,231.5643390306209,245.8076923076922,0.9392015862915312,309.35,before
Australian Grand Prix,2026-03-08,LAW,Racing Bulls,22,183.47950018482751,184.38140798700476,253.07692307692307,0.7249949855327531,308.0,before
Australian Grand Prix,2026-03-08,LAW,Racing Bulls,23,225.5003969113976,225.43040521500578,275.1538461538457,0.8195429577434089,303.9000000000001,before
Australian Grand Prix,2026-03-08,LAW,Racing Bulls,26,194.5315291554915,195.0777192680273,266.3461538461536,0.7303710841939038,305.53571428571433,before
Australian Grand Prix,2026-03-08,LAW,Racing Bulls,27,212.00043465380816,211.99979653501666,277.3076923076923,0.764495326074759,303.5,before
Australian Grand Prix,2026-03-08,LAW,Racing Bulls,29,237.1776737773129,237.4356678774004,273.6057692307692,0.8668591837230905,304.1875,before
Australian Grand Prix,2026-03-08,LAW,Racing Bulls,30,238.03424255240725,237.7897041540099,290.86538461538447,0.8183656603454668,300.9821428571429,before
Australian Grand Prix,2026-03-08,LAW,Racing Bulls,31,231.38390188204468,231.65582961163054,273.9423076923077,0.844644640074856,304.125,before
Australian Grand Prix,2026-03-08,LAW,Racing Bulls,32,276.9580079372246,277.60377610977883,255.0831265508685,1.08575589331266,307.6274193548387,before
Australian Grand Prix,2026-03-08,LAW,Racing Bulls,35,253.3154157868116,253.40173243307953,241.63461538461507,1.0483407577329262,310.12500000000006,before
Australian Grand Prix,2026-03-08,LAW,Racing Bulls,40,210.71303780182598,209.91548556704768,277.8760683760681,0.7582986150381762,303.3944444444445,before
Australian Grand Prix,2026-03-08,LAW,Racing Bulls,41,222.97044224423385,222.60058495815872,275.6923076923076,0.8087655550153574,303.8,before
Australian Grand Prix,2026-03-08,LAW,Racing Bulls,43,222.02441303110925,221.90065642661872,262.5,0.8458072877375591,306.25,before
Australian Grand Prix,2026-03-08,LAW,Racing Bulls,44,255.1928725945188,255.31535404680835,255.46634615384627,0.9989295123860942,307.55625,before
Australian Grand Prix,2026-03-08,LAW,Racing Bulls,49,211.2082398903632,211.5088687098231,252.01923076923055,0.8380639812513464,308.1964285714286,before
Australian Grand Prix,2026-03-08,LAW,Racing Bulls,51,196.37935723704894,196.8812055318185,211.34615384615384,0.9291834919314418,315.75,before
Australian Grand Prix,2026-03-08,LAW,Racing Bulls,53,148.43395624365422,148.60673864499688,177.69230769230768,0.8353426108950237,322.0,before
Australian Grand Prix,2026-03-08,LAW,Racing Bulls,54,169.24269775160644,170.0691509024513,185.9615384615384,0.9100951688814413,320.4642857142857,before
Australian Grand Prix,2026-03-08,LAW,Racing Bulls,56,195.8554489343881,196.56488424534126,177.69230769230768,1.1022168121848681,322.0,before
Australian Grand Prix,2026-03-08,LAW,Racing Bulls,57,163.3892498222193,163.66385380463552,200.0721153846157,0.8166517833238391,317.84374999999994,before
Australian Grand Prix,2026-03-08,COL,Alpine,3,131.50565772998837,132.08713584240903,209.64663461538456,0.6272729250877183,316.065625,before
Australian Grand Prix,2026-03-08,COL,Alpine,5,178.8607944014031,179.286599543043,162.71634615384616,1.0992183553107355,324.78125,before
Australian Grand Prix,2026-03-08,COL,Alpine,6,146.69884545417392,146.96307538852702,176.34615384615384,0.8318800396528947,322.25,before
Australian Grand Prix,2026-03-08,COL,Alpine,7,151.57586300014427,152.57180644236132,207.30769230769232,0.7311637176259279,316.5,before
Australian Grand Prix,2026-03-08,COL,Alpine,24,161.3863733954294,162.64408362630834,245.96153846153823,0.6561447550087831,309.3214285714286,before
Australian Grand Prix,2026-03-08,COL,Alpine,25,152.16673111275458,153.52246800564342,256.80128205128204,0.5925466177476777,307.30833333333334,before
Australian Grand Prix,2026-03-08,COL,Alpine,32,154.88541616686,156.16734859683413,224.6394230769231,0.6894845706304308,313.28125,before
Australian Grand Prix,2026-03-08,COL,Alpine,35,148.57316934144268,149.19147110723202,228.84615384615384,0.649227294601262,312.5,before
Australian Grand Prix,2026-03-08,COL,Alpine,36,138.11986224071453,138.4387978657867,219.17628205128196,0.6301770472062201,314.29583333333335,before
Australian Grand Prix,2026-03-08,COL,Alpine,37,,,,,,before
Australian Grand Prix,2026-03-08,COL,Alpine,42,146.02557485504775,146.99241337543376,258.46153846153845,0.5649799027129824,307.0,before
Australian Grand Prix,2026-03-08,COL,Alpine,43,143.56321936810284,144.68036402646587,242.30769230769232,0.5924831275509006,310.0,before
Australian Grand Prix,2026-03-08,COL,Alpine,45,163.41312524313665,164.2519283389967,236.92307692307693,0.6897307234288236,311.0,before
Australian Grand Prix,2026-03-08,COL,Alpine,48,286.1776987936167,287.14767436654876,138.4855769230769,2.066480171812959,329.28125,before
Australian Grand Prix,2026-03-08,SAI,Williams,3,,,,,,before
Australian Grand Prix,2026-03-08,SAI,Williams,4,146.25732398254914,148.72990662269427,206.60576923076906,0.7079053238788627,316.6303571428572,before
Australian Grand Prix,2026-03-08,SAI,Williams,6,,,,,,before
Australian Grand Prix,2026-03-08,SAI,Williams,7,,,,,,before
Australian Grand Prix,2026-03-08,SAI,Williams,10,100.68692993829389,102.68368687782865,250.3846153846154,0.40212905966138884,308.5,before
Australian Grand Prix,2026-03-08,SAI,Williams,14,129.29748745736669,131.1288949017911,221.02500000000006,0.584990328955397,313.9525,before
Australian Grand Prix,2026-03-08,SAI,Williams,15,125.46736867204935,126.23391001939557,220.76923076923075,0.5683190915458681,314.0,before
Australian Grand Prix,2026-03-08,SAI,Williams,23,118.45292214047981,119.37921619455535,245.29914529914527,0.4828917034995171,309.44444444444446,before
Australian Grand Prix,2026-03-08,SAI,Williams,25,126.81933296286698,127.07072094428428,253.9818376068376,0.49932441688677975,307.83194444444445,before
Australian Grand Prix,2026-03-08,SAI,Williams,29,118.65236699208427,119.5282762762195,263.8461538461538,0.4497028486580454,306.0,before
Australian Grand Prix,2026-03-08,SAI,Williams,30,169.17784245111704,169.72065461298484,210.0,0.8056087735767478,316.0,before
Australian Grand Prix,2026-03-08,SAI,Williams,31,141.24485152775733,141.8974301726435,222.70619658119654,0.6342205726469798,313.6402777777778,before
Australian Grand Prix,2026-03-08,SAI,Williams,35,124.30012708613248,125.02623893644441,231.53846153846152,0.5368444026975822,312.0,before
Australian Grand Prix,2026-03-08,SAI,Williams,40,,,,,,before
Australian Grand Prix,2026-03-08,SAI,Williams,43,152.14616777509485,152.73872590079026,189.26923076923066,0.8038610774542712,319.85,before
Australian Grand Prix,2026-03-08,SAI,Williams,44,142.18028771978476,142.38605639599834,204.334935897436,0.6958197681435682,317.0520833333333,before
Australian Grand Prix,2026-03-08,SAI,Williams,48,112.44547841811273,112.90124154030924,255.76923076923075,0.43963645697307235,307.5,before
Australian Grand Prix,2026-03-08,SAI,Williams,51,126.62806114254786,127.30746761443055,242.30769230769232,0.5225919983660706,310.0,before
Australian Grand Prix,2026-03-08,PER,Cadillac,3,280.93747306269296,280.7956436079212,162.7805944055942,1.7258658754046061,324.7693181818182,before
Australian Grand Prix,2026-03-08,PER,Cadillac,4,209.02673035535054,210.34439859233805,213.33173076923063,0.9798201589685831,315.38125,before
Australian Grand Prix,2026-03-08,PER,Cadillac,5,190.61220338832678,192.01447573985834,243.06254493170383,0.7842105143837992,309.85981308411215,before
Australian Grand Prix,2026-03-08,PER,Cadillac,7,214.55798611694954,216.18345066106127,262.76923076923083,0.8165262937705924,306.2,before
Australian Grand Prix,2026-03-08,PER,Cadillac,9,235.35658413037368,236.31549447294108,257.31379553079313,0.9146675701738977,307.213152258567,before
Australian Grand Prix,2026-03-08,PER,Cadillac,15,197.1999531561032,199.05756352977443,263.6442307692303,0.7479775020327061,306.0375000000001,before
Australian Grand Prix,2026-03-08,PER,Cadillac,16,106.2507171459261,107.64020092977762,326.30769230769243,0.3256151161944929,294.4,before
Australian Grand Prix,2026-03-08,PER,Cadillac,23,232.10350266880317,233.36492384116823,245.76002722876882,0.9444314654667039,309.3588520860858,before
Australian Grand Prix,2026-03-08,PER,Cadillac,24,,,,,,before
Australian Grand Prix,2026-03-08,PER,Cadillac,25,229.98183228827327,230.89104566174453,257.11538461538464,0.8944693551974726,307.25,before
Australian Grand Prix,2026-03-08,PER,Cadillac,26,232.45716209772033,233.41013550943217,233.36632525083584,0.9961041373379887,311.66053959627334,before
Australian Grand Prix,2026-03-08,PER,Cadillac,28,225.48493983742932,226.76024146955947,244.5961538461539,0.9218662529716426,309.575,before
Australian Grand Prix,2026-03-08,PER,Cadillac,29,220.12920606227158,221.4036986607192,240.9166666666667,0.9137151410402139,310.2583333333333,before
Australian Grand Prix,2026-03-08,PER,Cadillac,31,185.33836447691021,185.95958401289911,261.6923076923075,0.7082300817753775,306.40000000000003,before
Australian Grand Prix,2026-03-08,PER,Cadillac,33,250.24581050425093,251.27188370961392,267.13905325443767,0.9367623619819573,305.38846153846157,before
Australian Grand Prix,2026-03-08,PER,Cadillac,35,189.15802015233407,190.21720322147942,252.5552884615384,0.7489766747891359,308.096875,before
Australian Grand Prix,2026-03-08,PER,Cadillac,37,247.90466461652716,248.9107218920033,260.6028876327648,0.9512736672583164,306.6023208682008,before
Australian Grand Prix,2026-03-08,PER,Cadillac,39,194.0895726055483,194.49189359731525,323.82418320926365,0.5993671339861685,294.8612231182796,before
Australian Grand Prix,2026-03-08,PER,Cadillac,40,207.96714141488394,208.968246945203,242.84615384615398,0.8563740381354101,309.9,before
Australian Grand Prix,2026-03-08,PER,Cadillac,41,186.6940209491247,188.0850224542076,253.51190476190482,0.7364309819077939,307.9192176870748,before
Australian Grand Prix,2026-03-08,PER,Cadillac,42,229.91900087019803,230.5968476042325,253.56153846153833,0.9067581868496727,307.91,before
Australian Grand Prix,2026-03-08,PER,Cadillac,45,240.9716118457379,241.23606694281358,264.1452991452991,0.9122691663469129,305.94444444444446,before
Australian Grand Prix,2026-03-08,PER,Cadillac,46,221.1438295233389,221.85981288272617,271.78846153846104,0.8136615817741204,304.5250000000001,before
Australian Grand Prix,2026-03-08,PER,Cadillac,47,251.86274097524065,252.26666696862296,267.5144230769233,0.9414921934987333,305.31874999999997,before
Australian Grand Prix,2026-03-08,PER,Cadillac,48,263.239946543572,263.7245092097951,270.857371794872,0.9718766183071846,304.69791666666663,before
Australian Grand Prix,2026-03-08,PER,Cadillac,50,228.66689957831824,229.37193687756616,259.24679487179475,0.882043304301605,306.8541666666667,before
Australian Grand Prix,2026-03-08,PER,Cadillac,53,244.15635959681916,244.75494461710156,267.6346153846153,0.9122749657997126,305.2964285714286,before
Australian Grand Prix,2026-03-08,PER,Cadillac,54,213.32988023072403,213.40762097334215,278.2403846153845,0.7667107006253346,303.32678571428573,before
Australian Grand Prix,2026-03-08,STR,Aston Martin,4,146.17675582005228,146.55965246218693,237.4590667952738,0.6155871737931116,310.90045902373487,before
Australian Grand Prix,2026-03-08,STR,Aston Martin,5,211.3788007133323,212.6669446218504,287.9086538461535,0.734187034288606,301.53125000000006,before
Australian Grand Prix,2026-03-08,STR,Aston Martin,6,224.50376214359838,225.41874345915224,314.66346153846155,0.7134726130766762,296.5625,before
Australian Grand Prix,2026-03-08,STR,Aston Martin,7,140.70032827710563,142.03118953632242,290.76923076923083,0.4838900178842257,301.0,before
Australian Grand Prix,2026-03-08,STR,Aston Martin,14,242.91447603279957,242.93665972690312,350.0,0.6940413600937131,283.05555555555566,before
Australian Grand Prix,2026-03-08,ALO,Aston Martin,5,148.4879968026766,149.22091948815591,289.5324519230768,0.5128544168932296,301.2296875,before
Australian Grand Prix,2026-03-08,ALO,Aston Martin,6,195.7203652191477,196.31923236830391,304.2307692307692,0.6433286340958079,298.5,before
Australian Grand Prix,2026-03-08,ALO,Aston Martin,7,203.05379846479448,203.18311134206442,232.21153846153845,0.8744345772396946,311.875,before
Australian Grand Prix,2026-03-08,ALO,Aston Martin,8,215.98430527109576,216.3285493585203,285.9096153846152,0.7554286167694866,301.90250000000003,before
Australian Grand Prix,2026-03-08,ALO,Aston Martin,9,104.03328374447496,104.7671678309744,302.20192307692326,0.344250899151274,298.8767857142857,before
Australian Grand Prix,2026-03-08,BOT,Cadillac,4,108.0267147085967,109.83528857964976,301.79423076923086,0.3579482431895794,298.9525,before
Australian Grand Prix,2026-03-08,BOT,Cadillac,5,154.264839085682,155.74553686249112,247.76709401709414,0.6226203673157616,308.9861111111111,before
Australian Grand Prix,2026-03-08,BOT,Cadillac,6,183.89715649063595,185.1065136559333,269.455128205128,0.6824778497095094,304.95833333333337,before
Australian Grand Prix,2026-03-08,BOT,Cadillac,7,194.69386620592311,195.23587354581804,237.31346153846147,0.8204080162320206,310.9275,before
Australian Grand Prix,2026-03-08,BOT,Cadillac,9,208.21580912067216,209.69121499489546,233.89423076923075,0.8902135312867382,311.5625,before
Australian Grand Prix,2026-03-08,BOT,Cadillac,14,,,,,,before
Chinese Grand Prix,2026-03-15,ANT,Mercedes,6,176.86194959115133,177.6159971614225,226.15384615384616,0.7820426342465875,313.0,before
Chinese Grand Prix,2026-03-15,ANT,Mercedes,7,179.9737045996139,180.5398482488642,226.15384615384616,0.7958020951683608,313.0,before
Chinese Grand Prix,2026-03-15,ANT,Mercedes,8,189.82447448996214,189.20685786748462,223.46153846153845,0.8494726913492282,313.5,before
Chinese Grand Prix,2026-03-15,ANT,Mercedes,9,169.7294868209031,170.07587610271648,214.44230769230734,0.7914925401028586,315.17500000000007,before
Chinese Grand Prix,2026-03-15,ANT,Mercedes,14,153.97609933782383,154.51165221872276,204.6153846153846,0.7525147711998909,317.0,before
Chinese Grand Prix,2026-03-15,ANT,Mercedes,18,175.552062776098,176.0767209755395,212.69230769230768,0.8253804036489237,315.5,before
Chinese Grand Prix,2026-03-15,ANT,Mercedes,21,202.3643134090726,202.99168452479128,221.17307692307716,0.9149590728868587,313.92499999999995,before
Chinese Grand Prix,2026-03-15,ANT,Mercedes,22,151.46226296576987,152.10296876621624,207.30769230769232,0.7306157397235652,316.5,before
Chinese Grand Prix,2026-03-15,ANT,Mercedes,23,177.39952626488005,178.39902703137852,221.32339743589768,0.8015398657354365,313.8970833333333,before
Chinese Grand Prix,2026-03-15,ANT,Mercedes,27,159.38616259567075,159.84081850037302,207.30769230769232,0.7688386321869091,316.5,before
Chinese Grand Prix,2026-03-15,ANT,Mercedes,31,156.08712800634908,156.4192914282659,213.87019230769232,0.7298217966802429,315.28125,before
Chinese Grand Prix,2026-03-15,ANT,Mercedes,32,163.83033506220983,164.22744043925312,201.9230769230769,0.8113502307842774,317.5,before
Chinese Grand Prix,2026-03-15,ANT,Mercedes,36,160.8451822216208,160.9125966485278,204.6153846153846,0.7860854770229588,317.0,before
Chinese Grand Prix,2026-03-15,ANT,Mercedes,49,204.67125884365134,205.04420078707122,210.0,0.9746250421126254,316.0,before
Chinese Grand Prix,2026-03-15,ANT,Mercedes,50,128.36414022830584,128.39916563169749,181.00160256410277,0.7091878657971824,321.38541666666663,before
Chinese Grand Prix,2026-03-15,ANT,Mercedes,52,176.47708584172125,177.467156044311,231.53846153846152,0.7621933940007894,312.0,before
Chinese Grand Prix,2026-03-15,ANT,Mercedes,55,169.39131794676476,169.47229612909788,213.87019230769232,0.7920286418551662,315.28125,before
Chinese Grand Prix,2026-03-15,ANT,Mercedes,56,180.1910136920762,181.10394461888794,218.0769230769231,0.8262727259248643,314.5,before
Chinese Grand Prix,2026-03-15,RUS,Mercedes,8,152.01492017374588,152.17705248519263,185.76923076923077,0.8182997773327935,320.5,before
Chinese Grand Prix,2026-03-15,RUS,Mercedes,16,,,,,,before
Chinese Grand Prix,2026-03-15,RUS,Mercedes,18,114.09796569227771,114.55370773782772,158.84615384615384,0.7182922779659129,325.5,before
Chinese Grand Prix,2026-03-15,RUS,Mercedes,20,,,,,,before
Chinese Grand Prix,2026-03-15,RUS,Mercedes,21,209.04006925708555,208.36416602172883,110.38461538461537,1.8937427876948518,334.5,before
Chinese Grand Prix,2026-03-15,RUS,Mercedes,22,211.92483460710994,211.2501053809925,105.00841346153835,2.018170045819539,335.4984375,before
Chinese Grand Prix,2026-03-15,RUS,Mercedes,28,249.71619572212944,250.15344214453967,101.97115384615385,2.448890556822391,336.0625,before
Chinese Grand Prix,2026-03-15,RUS,Mercedes,29,252.50938326219435,252.303246758256,121.15384615384616,2.084204433275255,332.5,before
Chinese Grand Prix,2026-03-15,RUS,Mercedes,30,173.51064004691233,173.77157141065337,207.30769230769232,0.8369715475361262,316.5,before
Chinese Grand Prix,2026-03-15,RUS,Mercedes,40,151.27950004630804,151.53936630340309,193.84615384615384,0.7804101192865097,319.0,before
Chinese Grand Prix,2026-03-15,RUS,Mercedes,46,178.538222374749,179.15101197379082,207.30769230769232,0.8612233361305147,316.5,before
Chinese Grand Prix,2026-03-15,RUS,Mercedes,55,158.13539528599546,158.10109198884388,202.68028846153848,0.78022089116971,317.359375,before
Chinese Grand Prix,2026-03-15,RUS,Mercedes,56,103.662101389353,103.51180512883454,167.2019230769227,0.6199815138589188,323.94821428571436,before
Chinese Grand Prix,2026-03-15,HAM,Ferrari,7,218.41137508506054,218.17261267852084,222.78286810142785,0.980377786435638,313.6260387811634,before
Chinese Grand Prix,2026-03-15,HAM,Ferrari,8,236.67818136573456,236.81533881843757,242.30769230769232,0.9767670976998568,310.0,before
Chinese Grand Prix,2026-03-15,HAM,Ferrari,9,194.9983039117137,195.6697138652273,240.15758547008556,0.8119597951904084,310.39930555555554,before
Chinese Grand Prix,2026-03-15,HAM,Ferrari,14,299.235245137737,300.27869784348366,217.11778846153743,1.378216162102935,314.6781250000002,before
Chinese Grand Prix,2026-03-15,HAM,Ferrari,15,268.6106604859402,268.7636416300815,157.5000000000003,1.705464511021839,325.74999999999994,before
Chinese Grand Prix,2026-03-15,HAM,Ferrari,17,160.30032030992348,160.433184356643,204.6153846153846,0.7834226180560169,317.0,before
Chinese Grand Prix,2026-03-15,HAM,Ferrari,19,124.77530953214762,125.55871383511689,225.27510683760678,0.5538797041703055,313.16319444444446,before
Chinese Grand Prix,2026-03-15,HAM,Ferrari,20,172.4442505227329,172.90856806600547,223.62980769230768,0.771114782515929,313.46875,before
Chinese Grand Prix,2026-03-15,HAM,Ferrari,21,153.60997475702945,154.54781805963384,239.6153846153846,0.641068915518903,310.5,before
Chinese Grand Prix,2026-03-15,HAM,Ferrari,22,195.8578222396107,196.26994164982892,228.24038461538453,0.8581208035101116,312.6125,before
Chinese Grand Prix,2026-03-15,HAM,Ferrari,23,212.71011299978483,213.69689234830918,235.96236028928328,0.9014578119112224,311.1784188034188,before
Chinese Grand Prix,2026-03-15,HAM,Ferrari,25,164.00603119992113,163.7694511992585,175.26923076923052,0.9357377246429571,322.45000000000005,before
Chinese Grand Prix,2026-03-15,HAM,Ferrari,26,219.80146799525997,219.59232281492618,125.86538461538461,1.7463218236445408,331.625,before
Chinese Grand Prix,2026-03-15,HAM,Ferrari,27,,,,,,before
Chinese Grand Prix,2026-03-15,HAM,Ferrari,28,291.9001544543038,292.39721427500086,178.12980769230774,1.6386934799734196,321.91875,before
Chinese Grand Prix,2026-03-15,HAM,Ferrari,29,231.52546111869555,231.77778354257495,174.66346153846152,1.3255517729889534,322.5625,before
Chinese Grand Prix,2026-03-15,HAM,Ferrari,30,223.93840858378604,223.98862004721906,142.69230769230768,1.5693796827974225,328.5,before
Chinese Grand Prix,2026-03-15,HAM,Ferrari,31,197.2568038958998,197.1790960590061,172.30769230769232,1.1447939511815612,323.0,before
Chinese Grand Prix,2026-03-15,HAM,Ferrari,32,202.8061740113308,202.62201599251185,130.16634615384606,1.5580538288416756,330.82625,before
Chinese Grand Prix,2026-03-15,HAM,Ferrari,33,273.19380491969713,273.4165899133571,162.57692307692267,1.680397191367907,324.80714285714294,before
Chinese Grand Prix,2026-03-15,HAM,Ferrari,37,211.32481377546384,213.11026913817605,253.07692307692307,0.8350220605109514,308.0,before
Chinese Grand Prix,2026-03-15,HAM,Ferrari,38,174.22402288859246,175.3711950528925,250.81293706293698,0.6946373059092804,308.42045454545456,before
Chinese Grand Prix,2026-03-15,HAM,Ferrari,39,160.05489010187037,160.448457198599,237.07264957264954,0.6751301358059968,310.97222222222223,before
Chinese Grand Prix,2026-03-15,HAM,Ferrari,41,185.13312842088155,186.01540551794199,242.03846153846115,0.7648913616626296,310.05000000000007,before
Chinese Grand Prix,2026-03-15,HAM,Ferrari,43,204.43106111204835,206.1292517378038,247.596153846154,0.8256633147826413,309.0178571428571,before
Chinese Grand Prix,2026-03-15,HAM,Ferrari,44,177.08760017547039,178.05562192325257,232.30769230769215,0.7622976166493763,311.8571428571429,before
Chinese Grand Prix,2026-03-15,HAM,Ferrari,46,141.6062835525793,141.90754027140483,203.93269230769246,0.6943775514860784,317.1267857142857,before
Chinese Grand Prix,2026-03-15,HAM,Ferrari,47,202.66530248903362,204.0945316561816,250.3846153846154,0.8094159546413017,308.5,before
Chinese Grand Prix,2026-03-15,HAM,Ferrari,49,195.06387968266563,196.26282083406937,253.07692307692307,0.7707691294451834,308.0,before
Chinese Grand Prix,2026-03-15,HAM,Ferrari,50,203.1951407961344,204.67322653891898,248.07692307692298,0.8190811877053484,308.92857142857144,before
Chinese Grand Prix,2026-03-15,HAM,Ferrari,52,187.55780004208856,188.3863723207313,243.65384615384616,0.7697715550267249,309.75,before
Chinese Grand Prix,2026-03-15,HAM,Ferrari,53,181.78255233135653,183.3099202133373,252.15144230769232,0.7209260857986016,308.171875,before
Chinese Grand Prix,2026-03-15,HAM,Ferrari,54,177.9438273310228,178.6808598506902,225.59294871794862,0.7887827538151473,313.1041666666667,before
Chinese Grand Prix,2026-03-15,HAM,Ferrari,56,172.92319315588682,173.7048046395496,226.56350439254328,0.7632438137798248,312.9239206128134,before
Chinese Grand Prix,2026-03-15,LEC,Ferrari,7,,,,,,before
Chinese Grand Prix,2026-03-15,LEC,Ferrari,9,158.34778492026643,158.45076742164989,201.79114045158792,0.7847112839835302,317.52450248756224,before
Chinese Grand Prix,2026-03-15,LEC,Ferrari,15,287.9777740793594,288.23686969139897,107.9370629370627,2.66801565878513,334.9545454545455,before
Chinese Grand Prix,2026-03-15,LEC,Ferrari,16,208.68489856669376,209.69640862924265,200.86686390532552,1.0389214751968903,317.69615384615383,before
Chinese Grand Prix,2026-03-15,LEC,Ferrari,17,171.16609031191084,172.00512121569938,228.9423076923075,0.7476385297118329,312.4821428571429,before
Chinese Grand Prix,2026-03-15,LEC,Ferrari,18,179.92194332726476,180.81937302617146,225.53011504624402,0.7977734738013701,313.1158357771261,before
Chinese Grand Prix,2026-03-15,LEC,Ferrari,19,159.65695161839926,159.98123166352684,226.15384615384616,0.7059661125983641,313.0,before
Chinese Grand Prix,2026-03-15,LEC,Ferrari,20,155.75866765617047,156.34978931026836,223.46153846153845,0.6970267399415546,313.5,before
Chinese Grand Prix,2026-03-15,LEC,Ferrari,21,136.29393110673442,136.934705134058,231.53846153846152,0.5886448851785872,312.0,before
Chinese Grand Prix,2026-03-15,LEC,Ferrari,22,155.2522685827809,155.75444703007395,210.18356643356628,0.738650843246835,315.9659090909091,before
Chinese Grand Prix,2026-03-15,LEC,Ferrari,25,204.18470434035177,206.15202776425727,260.17414529914544,0.7848001349464697,306.6819444444444,before
Chinese Grand Prix,2026-03-15,LEC,Ferrari,27,264.19009177518626,264.88554810139385,231.4038461538463,1.1416840997514897,312.025,before
Chinese Grand Prix,2026-03-15,LEC,Ferrari,28,186.61844102421907,187.47947859241492,243.65384615384585,0.7659162536116341,309.75000000000006,before
Chinese Grand Prix,2026-03-15,LEC,Ferrari,29,229.2908629770805,230.7418547518946,256.69471153846155,0.8932434236874608,307.328125,before
Chinese Grand Prix,2026-03-15,LEC,Ferrari,30,238.54915931563312,238.87127284600578,164.74230769230783,1.4480139477053804,324.405,before
Chinese Grand Prix,2026-03-15,LEC,Ferrari,31,225.86871920273825,226.3498084781847,156.69230769230782,1.4414793076267034,325.9,before
Chinese Grand Prix,2026-03-15,LEC,Ferrari,32,310.27828199953063,310.717519914397,183.88461538461556,1.687353133651493,320.84999999999997,before
Chinese Grand Prix,2026-03-15,LEC,Ferrari,33,144.38119726042203,145.2391972653524,228.69658119658092,0.6313220622057142,312.5277777777778,before
Chinese Grand Prix,2026-03-15,LEC,Ferrari,37,338.05552889997955,339.7957255969776,204.25961538461536,1.6550287156050407,317.06607142857143,before
Chinese Grand Prix,2026-03-15,LEC,Ferrari,38,218.56900693776072,219.20974645820664,170.28846153846152,1.2835221186633041,323.375,before
Chinese Grand Prix,2026-03-15,LEC,Ferrari,39,201.81590102125926,202.62988242401022,136.70940170940185,1.4762401012495974,329.6111111111111,before
Chinese Grand Prix,2026-03-15,LEC,Ferrari,41,272.9196133445173,273.9629001251369,217.26923076923086,1.2561355898313766,314.65,before
Chinese Grand Prix,2026-03-15,LEC,Ferrari,43,242.5497162352988,244.05680678227444,238.80769230769243,1.0156696121948408,310.65,before
Chinese Grand Prix,2026-03-15,LEC,Ferrari,45,187.94035786821732,188.4714278190797,234.23076923076923,0.8023726280088096,311.5,before
Chinese Grand Prix,2026-03-15,LEC,Ferrari,46,169.88499010276524,170.7131211226949,234.23076923076923,0.7252889561037597,311.5,before
Chinese Grand Prix,2026-03-15,LEC,Ferrari,47,197.20682782838514,197.51199001999558,180.3846153846154,1.0932574677053335,321.5,before
Chinese Grand Prix,2026-03-15,LEC,Ferrari,49,167.13621718703905,167.85858848358902,242.30769230769232,0.6897685153750818,310.0,before
Chinese Grand Prix,2026-03-15,LEC,Ferrari,51,155.39749939324395,156.32620397747638,238.6476868327402,0.6511586240605659,310.6797153024911,before
Chinese Grand Prix,2026-03-15,LEC,Ferrari,52,179.2441744489374,180.22943386713922,240.06410256410277,0.7466513007752794,310.41666666666663,before
Chinese Grand Prix,2026-03-15,LEC,Ferrari,53,205.0197618502481,206.25237385027594,240.96153846153848,0.8508401928342298,310.25,before
Chinese Grand Prix,2026-03-15,LEC,Ferrari,54,193.24267334333553,193.8856418773616,231.53846153846152,0.8346029081273627,312.0,before
Chinese Grand Prix,2026-03-15,LEC,Ferrari,56,198.62045639516182,199.62877455333918,239.6153846153846,0.8289136221948968,310.5,before
Chinese Grand Prix,2026-03-15,BEA,Haas F1 Team,27,191.43716735547068,192.12995376847655,244.58059528411275,0.7827160905103329,309.5778894472362,before
Chinese Grand Prix,2026-03-15,BEA,Haas F1 Team,28,195.8382629338886,196.6065789459752,244.99999999999997,0.7993398487097494,309.5,before
Chinese Grand Prix,2026-03-15,BEA,Haas F1 Team,29,192.67306603148882,193.50159799852207,247.6923076923077,0.7778726268352032,309.0,before
Chinese Grand Prix,2026-03-15,BEA,Haas F1 Team,30,196.12726624682804,196.8726522760833,248.50000000000017,0.789244532180394,308.84999999999997,before
Chinese Grand Prix,2026-03-15,BEA,Haas F1 Team,32,198.90953468325716,199.56493843838837,240.45673076923077,0.82721549963246,310.34375,before
Chinese Grand Prix,2026-03-15,BEA,Haas F1 Team,33,199.49109172821383,200.33606195254677,250.51923076923063,0.7963104912771263,308.475,before
Chinese Grand Prix,2026-03-15,BEA,Haas F1 Team,34,201.99197049684554,202.65515419381632,242.30769230769232,0.8336176560187276,310.0,before
Chinese Grand Prix,2026-03-15,BEA,Haas F1 Team,35,199.4086027127962,200.8777174745355,262.6682692307692,0.7591651755149924,306.21875,before
Chinese Grand Prix,2026-03-15,BEA,Haas F1 Team,36,180.73627117962752,181.78152812171982,248.81410256410214,0.7263907845941502,308.79166666666674,before
Chinese Grand Prix,2026-03-15,BEA,Haas F1 Team,37,189.21542819919728,190.63499794980137,251.79807692307685,0.7514570028150045,308.2375,before
Chinese Grand Prix,2026-03-15,BEA,Haas F1 Team,38,189.66838803612103,190.77641350526392,244.45082280903182,0.7758958871833803,309.60199004975124,before
Chinese Grand Prix,2026-03-15,BEA,Haas F1 Team,42,214.14792488476635,215.79832770020258,259.37728937728946,0.8256232663965709,306.8299319727891,before
Chinese Grand Prix,2026-03-15,BEA,Haas F1 Team,43,205.77926066314805,206.46089230293586,250.3846153846154,0.8218526539542012,308.5,before
Chinese Grand Prix,2026-03-15,BEA,Haas F1 Team,45,204.1506061880056,205.0046484679576,247.6923076923077,0.8242105218770412,309.0,before
Chinese Grand Prix,2026-03-15,BEA,Haas F1 Team,47,181.08400755071753,181.8577053478405,242.30769230769232,0.747330824812485,310.0,before
Chinese Grand Prix,2026-03-15,BEA,Haas F1 Team,48,178.04170750307904,178.5199871654383,230.49145299145292,0.7724438593811163,312.19444444444446,before
Chinese Grand Prix,2026-03-15,BEA,Haas F1 Team,50,203.26491055476603,204.56414414781707,253.07692307692307,0.8031744186054586,308.0,before
Chinese Grand Prix,2026-03-15,BEA,Haas F1 Team,51,188.19929592384148,189.08062035217534,250.18269230769218,0.7522474643944627,308.5375,before
Chinese Grand Prix,2026-03-15,BEA,Haas F1 Team,53,192.2874641159448,193.11743738319498,239.6153846153846,0.8024837988787423,310.5,before
Chinese Grand Prix,2026-03-15,BEA,Haas F1 Team,54,176.0061489981071,176.8411310773954,239.6153846153846,0.7345360953372047,310.5,before
Chinese Grand Prix,2026-03-15,BEA,Haas F1 Team,55,180.8891680518609,181.66090445587523,225.2524038461535,0.8030509995152261,313.1674107142858,before
Chinese Grand Prix,2026-03-15,GAS,Alpine,53,106.04161679661128,105.80229013656458,179.50641025641082,0.5907400000096886,321.66309523809514,before
Chinese Grand Prix,2026-03-15,LAW,Racing Bulls,21,186.23673329594615,186.1936277863856,96.92307692307692,1.9214901054343652,337.0,before
Chinese Grand Prix,2026-03-15,LAW,Racing Bulls,29,162.97658443362846,162.60682158845748,180.21634615384588,0.9043385237346878,321.53125000000006,before
Chinese Grand Prix,2026-03-15,LAW,Racing Bulls,40,142.60869755785933,142.66116211187673,204.6153846153846,0.6969598000948012,317.0,before
Chinese Grand Prix,2026-03-15,LAW,Racing Bulls,42,193.4837431396253,194.322811859015,228.54700854700863,0.8465818230118232,312.55555555555554,before
Chinese Grand Prix,2026-03-15,LAW,Racing Bulls,44,184.59569502573302,184.55937346475633,212.75961538461502,0.8676256285387205,315.48750000000007,before
Chinese Grand Prix,2026-03-15,LAW,Racing Bulls,46,165.95916944032564,166.01278350137707,218.41346153846152,0.7598394726741742,314.4375,before
Chinese Grand Prix,2026-03-15,LAW,Racing Bulls,53,178.89463629618925,179.33687555038787,212.69230769230768,0.8410959391864232,315.5,before
Chinese Grand Prix,2026-03-15,LAW,Racing Bulls,55,165.39714983716667,165.39823776052097,210.0,0.7876054754150793,316.0,before
Chinese Grand Prix,2026-03-15,HAD,Red Bull Racing,38,239.42142354650804,239.969449794016,143.14102564102555,1.6726261564377645,328.4166666666667,before
Chinese Grand Prix,2026-03-15,HAD,Red Bull Racing,40,281.5401677090836,281.1632243147665,111.88034188034185,2.51644000167783,334.22222222222223,before
Chinese Grand Prix,2026-03-15,HAD,Red Bull Racing,42,219.57286719021394,219.51659129347237,149.0350396934027,1.4732969350155694,327.3220640569395,before
Chinese Grand Prix,2026-03-15,HAD,Red Bull Racing,43,269.8184011210107,269.7923192438583,148.07692307692307,1.822150241336696,327.5,before
Chinese Grand Prix,2026-03-15,HAD,Red Bull Racing,45,243.78203873947263,243.93740817682996,142.69230769230768,1.7084455545084336,328.5,before
Chinese Grand Prix,2026-03-15,HAD,Red Bull Racing,48,135.02092451747615,135.14471180401347,191.15384615384613,0.706346888823819,319.5,before
Chinese Grand Prix,2026-03-15,HAD,Red Bull Racing,53,129.97289386629552,129.9512040420577,177.42307692307685,0.7325591243277011,322.05,before
Chinese Grand Prix,2026-03-15,HAD,Red Bull Racing,54,,,,,,before
Chinese Grand Prix,2026-03-15,HAD,Red Bull Racing,55,118.80180633815198,118.30495276770192,167.8788461538462,0.7076639437304719,323.8225,before
Chinese Grand Prix,2026-03-15,SAI,Williams,3,,,,,,before
Chinese Grand Prix,2026-03-15,SAI,Williams,21,,,,,,before
Chinese Grand Prix,2026-03-15,SAI,Williams,28,150.89465134499622,150.8708118087633,188.46153846153845,0.800665496932633,320.0,before
Chinese Grand Prix,2026-03-15,SAI,Williams,30,132.42724037758305,132.37536247570665,173.5192307692303,0.7631848054565374,322.7750000000001,before
Chinese Grand Prix,2026-03-15,SAI,Williams,31,169.13048407358568,168.87594018500906,175.0,0.9664599089919182,322.5,before
Chinese Grand Prix,2026-03-15,SAI,Williams,34,146.7042258389626,146.4162558205107,180.2500000000001,0.8138930698416782,321.525,before
Chinese Grand Prix,2026-03-15,SAI,Williams,35,148.5381800381246,148.31457491395855,191.15384615384613,0.7770609016078954,319.5,before
Chinese Grand Prix,2026-03-15,SAI,Williams,37,144.16151755703743,144.32462691998086,199.23076923076923,0.7235906286646667,318.0,before
Chinese Grand Prix,2026-03-15,SAI,Williams,39,152.4371110319806,152.34447409050898,193.84615384615384,0.7863819219903762,319.0,before
Chinese Grand Prix,2026-03-15,SAI,Williams,42,167.43049084742432,167.55671139657176,207.30769230769232,0.8076424419356275,316.5,before
Chinese Grand Prix,2026-03-15,SAI,Williams,43,173.26368522415618,173.20032542319555,201.9230769230769,0.8580677744434402,317.5,before
Chinese Grand Prix,2026-03-15,SAI,Williams,44,165.80145233269485,165.95304257011756,193.84615384615384,0.8553249525099337,319.0,before
Chinese Grand Prix,2026-03-15,SAI,Williams,49,142.99475528806227,143.1761263133956,195.3749999999998,0.731898939414267,318.71607142857147,before
Chinese Grand Prix,2026-03-15,COL,Alpine,14,137.99971325894853,137.44074676922995,172.30769230769232,0.8008911930206833,323.0,before
Chinese Grand Prix,2026-03-15,COL,Alpine,19,198.5524828860814,199.10165598267795,211.75000000000023,0.9376740632164401,315.67499999999995,before
Chinese Grand Prix,2026-03-15,COL,Alpine,21,189.6014421429694,190.4868968009023,218.0769230769231,0.86942460241926,314.5,before
Chinese Grand Prix,2026-03-15,COL,Alpine,22,174.45686524809292,173.75239568837307,131.9230769230769,1.3224135558164478,330.5,before
Chinese Grand Prix,2026-03-15,COL,Alpine,23,186.95580073295318,186.54083949281633,137.30769230769232,1.3615828624808914,329.5,before
Chinese Grand Prix,2026-03-15,COL,Alpine,24,110.94312423998414,110.62802835653589,156.15384615384616,0.7104732094186177,326.0,before
Chinese Grand Prix,2026-03-15,COL,Alpine,26,152.3009815658389,152.48765736546088,186.44230769230768,0.816879942385108,320.375,before
Chinese Grand Prix,2026-03-15,COL,Alpine,28,145.41845530932403,145.59981020112093,197.0937499999999,0.7378136308702032,318.396875,before
Chinese Grand Prix,2026-03-15,COL,Alpine,29,202.76596505877617,203.24911776240472,152.7908568300028,1.3270817983852028,326.62455516014234,before
Chinese Grand Prix,2026-03-15,COL,Alpine,35,170.41620871471318,170.43353542045526,209.54253267623716,0.8132774121711231,316.08495821727024,before
Chinese Grand Prix,2026-03-15,COL,Alpine,36,165.22096620420746,165.17656366435241,201.69871794871818,0.819147329663319,317.54166666666663,before
Chinese Grand Prix,2026-03-15,COL,Alpine,37,136.2870184887467,136.23180522059448,191.15384615384613,0.7129703180497816,319.5,before
Chinese Grand Prix,2026-03-15,COL,Alpine,38,151.38085723465886,151.55541061973835,193.84615384615384,0.7809329936708591,319.0,before
Chinese Grand Prix,2026-03-15,COL,Alpine,40,154.50264044348825,154.44003186077464,175.0,0.8828722311056472,322.5,before
Chinese Grand Prix,2026-03-15,COL,Alpine,41,185.39355360379352,185.051274528492,128.65384615384627,1.4410261266662563,331.10714285714283,before
Chinese Grand Prix,2026-03-15,COL,Alpine,43,172.37963341243062,172.90993149248558,210.0,0.8208553972020506,316.0,before
Chinese Grand Prix,2026-03-15,COL,Alpine,44,173.97525730203802,174.0557904299383,201.02564102564122,0.8654381421912597,317.66666666666663,before
Chinese Grand Prix,2026-03-15,COL,Alpine,53,,,,,,before
Chinese Grand Prix,2026-03-15,COL,Alpine,54,160.96290641070166,161.85972245226483,142.69230769230768,1.128041931719203,328.5,before
Chinese Grand Prix,2026-03-15,HUL,Audi,26,,,,,,before
Chinese Grand Prix,2026-03-15,HUL,Audi,28,,,,,,before
Chinese Grand Prix,2026-03-15,HUL,Audi,29,,,,,,before
Chinese Grand Prix,2026-03-15,HUL,Audi,32,,,,,,before
Chinese Grand Prix,2026-03-15,HUL,Audi,37,105.6067607190293,105.0828552912095,196.00000000000048,0.5388100036685154,318.5999999999999,before
Chinese Grand Prix,2026-03-15,HUL,Audi,45,,,,,,before
Chinese Grand Prix,2026-03-15,HUL,Audi,54,141.1068906144005,142.53838983760582,263.8461538461538,0.5348074571391274,306.0,before
Chinese Grand Prix,2026-03-15,LIN,Racing Bulls,33,177.68326122044402,177.55590051349517,215.38461538461542,0.82495799852349,315.0,before
Chinese Grand Prix,2026-03-15,LIN,Racing Bulls,34,180.52363640417266,181.0616785175431,217.9807692307694,0.8281631312763098,314.5178571428571,before
Chinese Grand Prix,2026-03-15,LIN,Racing Bulls,36,158.83596786573383,158.9912684230828,212.69230769230768,0.7467875523524556,315.5,before
Chinese Grand Prix,2026-03-15,LIN,Racing Bulls,37,170.1297659559849,170.40835037314767,215.88942307692278,0.7880412274545131,314.90625000000006,before
Chinese Grand Prix,2026-03-15,LIN,Racing Bulls,39,174.10960519124112,174.23955989573642,212.69230769230768,0.8185985054199402,315.5,before
Chinese Grand Prix,2026-03-15,LIN,Racing Bulls,45,152.0354788482593,152.69825392697865,226.15384615384616,0.6722657227984254,313.0,before
Chinese Grand Prix,2026-03-15,LIN,Racing Bulls,48,165.98568992913295,166.94651410931468,228.84615384615384,0.725315619858396,312.5,before
Chinese Grand Prix,2026-03-15,BOT,Cadillac,25,179.04697071725306,179.3385309105929,222.88461538461704,0.8033168660308101,313.60714285714255,before
Chinese Grand Prix,2026-03-15,BOT,Cadillac,31,130.77086245196875,130.62678391593437,199.23076923076923,0.656378846284013,318.0,before
Chinese Grand Prix,2026-03-15,BOT,Cadillac,32,146.7879573362311,147.31008243407393,224.9497863247861,0.6525365493092593,313.22361111111115,before
Chinese Grand Prix,2026-03-15,BOT,Cadillac,38,149.98435320243388,150.0409863929371,214.09735576923174,0.7005427631908584,315.2390624999998,before
Chinese Grand Prix,2026-03-15,BOT,Cadillac,48,162.00900678578205,162.459533169266,223.46153846153845,0.7249972764940333,313.5,before
Chinese Grand Prix,2026-03-15,BOT,Cadillac,50,206.37649943438905,207.25029554001242,247.6923076923077,0.8331970474059185,309.0,before
Chinese Grand Prix,2026-03-15,BOT,Cadillac,52,179.34546029809653,179.6015965533768,222.1057692307694,0.8074777207239285,313.7517857142857,before
Chinese Grand Prix,2026-03-15,BOT,Cadillac,53,159.1518076767569,159.6265555356435,224.32692307692332,0.709463694744222,313.33928571428567,before
Chinese Grand Prix,2026-03-15,BOT,Cadillac,54,168.28915147076512,168.48111805785464,219.39615384615388,0.7670560696737361,314.255,before
Chinese Grand Prix,2026-03-15,OCO,Haas F1 Team,32,187.93805766829487,188.67199750250296,244.99999999999997,0.767094112931816,309.5,before
Chinese Grand Prix,2026-03-15,OCO,Haas F1 Team,36,219.05620166262727,220.59037029967305,258.46153846153845,0.8475388754804032,307.0,before
Chinese Grand Prix,2026-03-15,OCO,Haas F1 Team,37,190.80547994233186,191.4373714136397,231.53846153846152,0.8240768236712007,312.0,before
Chinese Grand Prix,2026-03-15,OCO,Haas F1 Team,38,199.03688069034834,200.2460032499734,263.8461538461538,0.75436718628995,306.0,before
Chinese Grand Prix,2026-03-15,OCO,Haas F1 Team,40,190.1032740445279,191.1481193231833,247.86057692307693,0.7669766463245428,308.96875,before
Chinese Grand Prix,2026-03-15,OCO,Haas F1 Team,43,,,,,,before
Chinese Grand Prix,2026-03-15,OCO,Haas F1 Team,45,159.0518493755642,159.12940863194433,207.30769230769232,0.7672259895667289,316.5,before
Chinese Grand Prix,2026-03-15,OCO,Haas F1 Team,48,319.6628185918032,321.1958355343185,302.99679487179475,1.055003960444731,298.7291666666667,before
Chinese Grand Prix,2026-03-15,OCO,Haas F1 Team,49,301.2616957449175,302.8702158625536,310.9278846153845,0.9689117980446688,297.25625,before
Chinese Grand Prix,2026-03-15,OCO,Haas F1 Team,50,313.49747819679624,315.5564922074663,300.3269230769229,1.043854060718026,299.225,before
Chinese Grand Prix,2026-03-15,OCO,Haas F1 Team,53,203.76764146703792,205.5493995530076,250.3846153846154,0.8138185373491531,308.5,before
Chinese Grand Prix,2026-03-15,OCO,Haas F1 Team,55,190.98898083668422,192.04535680022653,242.64423076923075,0.7871152766798162,309.9375,before
Chinese Grand Prix,2026-03-15,PER,Cadillac,2,183.40500090486654,186.07091513792315,223.50743006992988,0.8205767515088143,313.4914772727273,before
Chinese Grand Prix,2026-03-15,PER,Cadillac,3,127.61304253644079,130.86686031900072,248.10096153846138,0.5143593226931441,308.92410714285717,before
Chinese Grand Prix,2026-03-15,PER,Cadillac,5,478.2535930459381,481.60233972757953,350.0,1.3664388372741088,273.5,before
Chinese Grand Prix,2026-03-15,PER,Cadillac,7,157.53168017154505,157.97227645813285,217.42067307692284,0.7245478451619491,314.62187500000005,before
Chinese Grand Prix,2026-03-15,PER,Cadillac,8,145.1375765340369,145.90209756986334,223.46153846153845,0.6494969001523166,313.5,before
Chinese Grand Prix,2026-03-15,PER,Cadillac,9,185.4301030045024,186.19560882808253,231.53846153846152,0.800860909986223,312.0,before
Chinese Grand Prix,2026-03-15,PER,Cadillac,14,,,,,,before
Chinese Grand Prix,2026-03-15,PER,Cadillac,15,309.7572654298284,309.7957981317129,80.76923076923077,3.8350899529407325,340.0,before
Chinese Grand Prix,2026-03-15,PER,Cadillac,16,214.6931244196538,215.11002473961332,155.8307692307689,1.3777325587202611,326.06000000000006,before
Chinese Grand Prix,2026-03-15,PER,Cadillac,17,,,,,,before
Chinese Grand Prix,2026-03-15,PER,Cadillac,20,167.29298652026475,167.21626032003513,192.82980769230784,0.8675680825612223,319.18874999999997,before
Chinese Grand Prix,2026-03-15,PER,Cadillac,21,175.182241787969,175.08597374052272,193.99423076923063,0.9030281008529589,318.9725,before
Chinese Grand Prix,2026-03-15,PER,Cadillac,24,229.58300881926792,229.69768322646607,197.96875000000003,1.159693177934739,318.234375,before
Chinese Grand Prix,2026-03-15,PER,Cadillac,25,327.124851150627,327.90382378621916,199.52617521367486,1.6395084544687195,317.94513888888895,before
Chinese Grand Prix,2026-03-15,PER,Cadillac,26,183.02653069489656,183.05422066733908,207.02499999999998,0.8840793657524288,316.5525,before
Chinese Grand Prix,2026-03-15,PER,Cadillac,30,171.56401330794753,170.8288602074068,174.90745192307674,0.9808845273407811,322.51718750000003,before
Chinese Grand Prix,2026-03-15,PER,Cadillac,31,188.95510584975,188.69699082705245,199.78146853146865,0.9458089743693453,317.89772727272725,before
Chinese Grand Prix,2026-03-15,PER,Cadillac,32,148.794141116691,149.2270530608256,223.42948717948704,0.6659557026023185,313.5059523809524,before
Chinese Grand Prix,2026-03-15,PER,Cadillac,35,261.8023755758457,262.2872581004708,181.60737179487177,1.4415845182295541,321.2729166666667,before
Chinese Grand Prix,2026-03-15,PER,Cadillac,36,173.28576514534333,174.1707514029765,209.32692307692307,0.8278235909561648,316.125,before
Chinese Grand Prix,2026-03-15,PER,Cadillac,37,168.047154802223,169.0699188066296,226.14423076923092,0.74309724475663,313.0017857142857,before
Chinese Grand Prix,2026-03-15,PER,Cadillac,38,220.69763698475592,220.8938026840509,212.08041958041983,1.0406318387212945,315.6136363636363,before
Chinese Grand Prix,2026-03-15,PER,Cadillac,39,173.39144681589886,174.09598638542815,210.0,0.825673556266185,316.0,before
Chinese Grand Prix,2026-03-15,PER,Cadillac,42,179.93635899924806,180.32707695728558,221.86578525641022,0.8110144553893052,313.7963541666667,before
Chinese Grand Prix,2026-03-15,PER,Cadillac,43,310.0439122027489,313.56832337326887,350.0,0.8858397491507113,279.871875,before
Chinese Grand Prix,2026-03-15,PER,Cadillac,44,164.5265538632309,164.50003084564187,167.92147435897422,0.9797826900418594,323.81458333333336,before
Chinese Grand Prix,2026-03-15,PER,Cadillac,49,,,,,,before
Chinese Grand Prix,2026-03-15,PER,Cadillac,50,232.68705266096532,232.90764075124355,171.6610576923079,1.3555028483981661,323.12008928571424,before
Chinese Grand Prix,2026-03-15,PER,Cadillac,51,177.88446095545027,178.12683487802082,228.8619627703257,0.7772565558828406,312.4970640569395,before
Chinese Grand Prix,2026-03-15,PER,Cadillac,53,238.4628781663242,238.79949455772632,188.44230769230768,1.2654423578578282,320.00357142857143,before
Chinese Grand Prix,2026-03-15,PER,Cadillac,55,178.44965544026363,178.8863472014027,221.87980769230742,0.8042627100512422,313.79375000000005,before
Chinese Grand Prix,2026-03-15,VER,Red Bull Racing,8,223.687355961817,224.10638433159022,145.38461538461542,1.5385902791024448,328.0,before
Chinese Grand Prix,2026-03-15,VER,Red Bull Racing,17,159.55694647665675,159.91657063617163,118.46153846153847,1.3469092884393101,333.0,before
Chinese Grand Prix,2026-03-15,VER,Red Bull Racing,21,160.22422742602362,159.9503728391594,141.13750000000036,1.135234983091122,328.78874999999994,before
Chinese Grand Prix,2026-03-15,VER,Red Bull Racing,23,292.2538306852215,292.99299966644384,199.23076923076923,1.4669111192694515,318.0,before
Chinese Grand Prix,2026-03-15,VER,Red Bull Racing,24,224.73260231280844,225.13593052201088,207.30769230769232,1.0840533692269052,316.5,before
Chinese Grand Prix,2026-03-15,VER,Red Bull Racing,28,174.04965681196117,173.86374740870286,195.93269230769255,0.8883135058371664,318.61249999999995,before
Chinese Grand Prix,2026-03-15,VER,Red Bull Racing,29,179.77134559857055,179.7988245564326,195.33773705518885,0.920310372735503,318.72299168975064,before
Chinese Grand Prix,2026-03-15,VER,Red Bull Racing,30,150.55022746839182,150.45071235503167,196.53846153846152,0.7660089851620719,318.5,before
Chinese Grand Prix,2026-03-15,VER,Red Bull Racing,32,158.628583135171,159.0895833732791,201.4743589743591,0.7873388154338741,317.5833333333333,before
Chinese Grand Prix,2026-03-15,VER,Red Bull Racing,33,172.91811080176032,172.67165329772178,200.841346153846,0.860968690527018,317.7008928571429,before
Chinese Grand Prix,2026-03-15,VER,Red Bull Racing,34,181.73494931212446,181.824663220025,190.14423076923075,0.9557741961295042,319.6875,before
Chinese Grand Prix,2026-03-15,VER,Red Bull Racing,35,149.25753350804504,149.20818193305405,210.0,0.7107501595621193,316.0,before
Chinese Grand Prix,2026-03-15,VER,Red Bull Racing,36,141.61788951999097,141.60986072954347,193.84615384615384,0.7305684776824931,319.0,before
Chinese Grand Prix,2026-03-15,VER,Red Bull Racing,37,155.36303574145748,154.928825983785,185.76923076923077,0.8363227596848642,320.5,before
Chinese Grand Prix,2026-03-15,VER,Red Bull Racing,38,153.5707176165,153.43927782008322,189.73076923076943,0.8094138775651725,319.7642857142857,before
Chinese Grand Prix,2026-03-15,VER,Red Bull Racing,40,168.52871600231066,168.18600645708,191.15384615384613,0.8816391581609814,319.5,before
Chinese Grand Prix,2026-03-15,VER,Red Bull Racing,42,180.62018516510744,180.45330265855083,202.84855769230708,0.8904188781025648,317.3281250000001,before
Chinese Grand Prix,2026-03-15,VER,Red Bull Racing,43,163.70913346107034,163.71415062081877,194.2668269230769,0.842702462659225,318.921875,before
Chinese Grand Prix,2026-03-15,ALO,Aston Martin,30,165.0579301816894,165.27080240319967,215.19230769230808,0.7670252340882782,315.0357142857142,before
Chinese Grand Prix,2026-03-15,STR,Aston Martin,5,,,,,,before
Chinese Grand Prix,2026-03-15,STR,Aston Martin,8,131.04847173654346,131.15177790679684,250.3846153846154,0.5233886736021705,308.5,before
Japanese Grand Prix,2026-03-29,ANT,Mercedes,38,,,,,,before
Japanese Grand Prix,2026-03-29,PIA,McLaren,30,,,,,,before
Japanese Grand Prix,2026-03-29,PIA,McLaren,31,,,,,,before
Japanese Grand Prix,2026-03-29,PIA,McLaren,32,,,,,,before
Japanese Grand Prix,2026-03-29,PIA,McLaren,33,,,,,,before
Japanese Grand Prix,2026-03-29,RUS,Mercedes,5,,,,,,before
Japanese Grand Prix,2026-03-29,RUS,Mercedes,6,,,,,,before
Japanese Grand Prix,2026-03-29,RUS,Mercedes,28,,,,,,before
Japanese Grand Prix,2026-03-29,NOR,McLaren,28,172.48392601946836,150.2575100471288,350.0,0.492811217198481,272.5,before
Japanese Grand Prix,2026-03-29,HAM,Ferrari,6,197.3178711741395,211.72768828271768,350.0,0.5637653462118272,264.0,before
Japanese Grand Prix,2026-03-29,VER,Red Bull Racing,28,,,,,,before
Japanese Grand Prix,2026-03-29,VER,Red Bull Racing,29,,,,,,before
Japanese Grand Prix,2026-03-29,VER,Red Bull Racing,51,189.56090245867347,177.13421868023974,350.0,0.5416025784533527,280.58125,before
Japanese Grand Prix,2026-03-29,OCO,Haas F1 Team,6,,,,,,before
Japanese Grand Prix,2026-03-29,OCO,Haas F1 Team,28,263.8482092328546,295.23204693771225,350.0,0.7538520263795846,279.5107142857142,before
Japanese Grand Prix,2026-03-29,HUL,Audi,28,,,,,,before
Japanese Grand Prix,2026-03-29,HUL,Audi,45,,,,,,before
Japanese Grand Prix,2026-03-29,HAD,Red Bull Racing,8,,,,,,before
Japanese Grand Prix,2026-03-29,HAD,Red Bull Racing,12,,,,,,before
Japanese Grand Prix,2026-03-29,HAD,Red Bull Racing,45,,,,,,before
Japanese Grand Prix,2026-03-29,BOR,Audi,28,,,,,,before
Japanese Grand Prix,2026-03-29,BOR,Audi,29,,,,,,before
Japanese Grand Prix,2026-03-29,LIN,Racing Bulls,17,,,,,,before
Japanese Grand Prix,2026-03-29,LIN,Racing Bulls,36,,,,,,before
Japanese Grand Prix,2026-03-29,LIN,Racing Bulls,39,,,,,,before
Japanese Grand Prix,2026-03-29,LIN,Racing Bulls,46,201.57917263002759,219.10477452588722,350.0,0.5759404932286503,283.9556818181818,before
Japanese Grand Prix,2026-03-29,LIN,Racing Bulls,49,,,,,,before
Japanese Grand Prix,2026-03-29,PER,Cadillac,20,138.28773071398035,175.06204655269738,350.0,0.3951078020399439,274.65625,before
Japanese Grand Prix,2026-03-29,PER,Cadillac,28,159.4226407782224,209.3365747640196,350.0,0.45549325936634966,285.890625,before
Japanese Grand Prix,2026-03-29,PER,Cadillac,29,185.16900291285882,207.63316859882173,350.0,0.5290542940367395,281.93263888888885,before
Japanese Grand Prix,2026-03-29,PER,Cadillac,30,122.49453252462432,164.48121980577733,350.0,0.3499843786417838,279.91539528432736,before
Japanese Grand Prix,2026-03-29,PER,Cadillac,31,164.0280824823188,195.10693258128583,350.0,0.46865166423519655,280.375,before
Japanese Grand Prix,2026-03-29,ALO,Aston Martin,10,,,,,,before
Japanese Grand Prix,2026-03-29,ALO,Aston Martin,14,,,,,,before
Japanese Grand Prix,2026-03-29,BOT,Cadillac,5,,,,,,before
Japanese Grand Prix,2026-03-29,BOT,Cadillac,7,,,,,,before
Japanese Grand Prix,2026-03-29,BOT,Cadillac,8,,,,,,before
Japanese Grand Prix,2026-03-29,BOT,Cadillac,13,283.333333821712,321.93899669637426,350.0,0.8095238109191771,280.2216066481995,before
Japanese Grand Prix,2026-03-29,BOT,Cadillac,15,321.53630363247066,350.27953247373864,350.0,0.9186751532356304,268.69374999999997,before
Japanese Grand Prix,2026-03-29,BOT,Cadillac,27,317.71614283844536,355.4082863363899,350.0,0.9077604081098439,281.3353846153846,before
Japanese Grand Prix,2026-03-29,BOT,Cadillac,29,132.17665934496966,177.07493537019306,350.0,0.37764759812848475,280.5,before
Japanese Grand Prix,2026-03-29,BOT,Cadillac,30,170.26993690272465,215.49504041022826,350.0,0.4864855340077847,281.0,before
Japanese Grand Prix,2026-03-29,BOT,Cadillac,34,141.08287720978544,183.49728338231122,350.0,0.4030939348851012,278.5,before
Japanese Grand Prix,2026-03-29,BOT,Cadillac,36,158.8301448695838,197.81912918889265,350.0,0.45380041391309656,278.81250000000006,before
Japanese Grand Prix,2026-03-29,BOT,Cadillac,37,177.8552740604417,214.85420808930212,350.0,0.5081579258869763,280.13068181818187,before
Japanese Grand Prix,2026-03-29,BOT,Cadillac,39,188.06077658803196,231.27731356109265,350.0,0.5373165045372342,282.34999999999997,before
Japanese Grand Prix,2026-03-29,BOT,Cadillac,41,209.30318834577227,248.34055433657508,350.0,0.5980091095593494,281.55833333333334,before
Japanese Grand Prix,2026-03-29,BOT,Cadillac,42,155.6349732930252,196.7873740669161,350.0,0.44467135226578636,281.3181818181818,before
Japanese Grand Prix,2026-03-29,BOT,Cadillac,48,259.5698404142221,296.4588892050594,350.0,0.741628115469206,283.8612979817966,before
Japanese Grand Prix,2026-03-29,BOT,Cadillac,52,196.2414181626031,234.5288817379237,333.84615384615387,0.5878199161552627,293.0,before
Miami Grand Prix,2026-05-03,ANT,Mercedes,3,166.90898984158122,167.06016814759136,130.76923076923103,1.276362863494442,330.71428571428567,after
Miami Grand Prix,2026-05-03,ANT,Mercedes,5,161.62761814921512,161.10149951242883,231.53846153846152,0.6980594803786699,312.0,after
Miami Grand Prix,2026-05-03,ANT,Mercedes,12,,,,,,after
Miami Grand Prix,2026-05-03,ANT,Mercedes,13,229.25418007354253,228.09220086125833,83.0950854700853,2.758937893578259,339.5680555555556,after
Miami Grand Prix,2026-05-03,ANT,Mercedes,18,143.75132823438912,141.78207128960082,168.9557692307689,0.8508222530006999,323.62250000000006,after
Miami Grand Prix,2026-05-03,ANT,Mercedes,19,123.67310314841112,121.29830261401553,164.23076923076923,0.7530446561729951,324.5,after
Miami Grand Prix,2026-05-03,ANT,Mercedes,20,140.54585779109854,138.2388530285173,172.22355769230768,0.8160663945997207,323.015625,after
Miami Grand Prix,2026-05-03,ANT,Mercedes,21,122.17485336031736,119.63993021810423,169.57051282051287,0.7204958652783995,323.5083333333333,after
Miami Grand Prix,2026-05-03,ANT,Mercedes,22,133.0053919535664,130.58667895780934,169.6153846153846,0.7841587734223869,323.5,after
Miami Grand Prix,2026-05-03,ANT,Mercedes,23,125.32699551807538,122.46529447278736,161.53846153846155,0.7758337817785618,325.0,after
Miami Grand Prix,2026-05-03,ANT,Mercedes,24,124.72991096753097,121.72571747893218,156.53846153846143,0.7968004140431959,325.92857142857144,after
Miami Grand Prix,2026-05-03,ANT,Mercedes,25,109.89497884403315,106.13671365204256,150.76923076923077,0.7288952678430769,327.0,after
Miami Grand Prix,2026-05-03,ANT,Mercedes,29,301.4708659822624,301.07609182034645,131.53044871794893,2.292023397781681,330.57291666666663,after
Miami Grand Prix,2026-05-03,ANT,Mercedes,30,140.649397859628,139.86397119063523,196.53846153846152,0.7156329440998687,318.5,after
Miami Grand Prix,2026-05-03,ANT,Mercedes,31,221.47646055804805,220.77616665035927,225.61538461538447,0.9816549564454914,313.1,after
Miami Grand Prix,2026-05-03,ANT,Mercedes,33,171.36719458598137,170.9524086968212,207.44230769230785,0.8260956816975085,316.47499999999997,after
Miami Grand Prix,2026-05-03,ANT,Mercedes,34,145.9078666160918,145.25837731330517,193.17307692307693,0.755321957594502,319.125,after
Miami Grand Prix,2026-05-03,ANT,Mercedes,40,127.02342333694355,127.22306450189096,172.98076923076925,0.7343210687627643,322.875,after
Miami Grand Prix,2026-05-03,ANT,Mercedes,41,241.66218832174619,241.3323769739659,199.5673076923083,1.2109307436984595,317.9374999999999,after
Miami Grand Prix,2026-05-03,ANT,Mercedes,42,165.6538507067773,164.79022028219097,199.0625,0.832170050646291,318.03125,after
Miami Grand Prix,2026-05-03,ANT,Mercedes,43,142.83761089934964,142.4777784260174,188.31196581196585,0.758515850458364,320.02777777777777,after
Miami Grand Prix,2026-05-03,ANT,Mercedes,44,128.31637449561876,128.34416340047088,169.6153846153846,0.7565137725365279,323.5,after
Miami Grand Prix,2026-05-03,ANT,Mercedes,47,162.5518825487637,162.40541771835703,161.41506410256406,1.0070428274617373,325.0229166666667,after
Miami Grand Prix,2026-05-03,ANT,Mercedes,51,128.65673222412477,127.69777963134055,143.85576923076945,0.8943453078877719,328.28392857142853,after
Miami Grand Prix,2026-05-03,ANT,Mercedes,52,166.96306358691706,165.4338358747143,154.05982905982924,1.083754698455993,326.38888888888886,after
Miami Grand Prix,2026-05-03,ANT,Mercedes,54,141.95444899910603,140.69224355897774,175.0,0.8111682799948916,322.5,after
Miami Grand Prix,2026-05-03,ANT,Mercedes,57,139.64095014241678,139.47242775512495,180.30982905982893,0.7744500167879493,321.5138888888889,after
Miami Grand Prix,2026-05-03,NOR,McLaren,3,261.404107060341,261.2870578231008,110.39358974358973,2.367928316014563,334.49833333333333,after
Miami Grand Prix,2026-05-03,NOR,McLaren,12,151.68509301314333,152.99264849868442,170.838141025641,0.8878877521289407,323.2729166666667,after
Miami Grand Prix,2026-05-03,NOR,McLaren,13,298.56781665427417,297.88704874428623,172.1528846153843,1.7343178263978558,323.02875000000006,after
Miami Grand Prix,2026-05-03,NOR,McLaren,17,176.46879806754183,175.86305811939303,260.89209401709417,0.6764053112931021,306.5486111111111,after
Miami Grand Prix,2026-05-03,NOR,McLaren,18,176.91812513879947,176.34428849133582,258.46153846153845,0.6845046508346407,307.0,after
Miami Grand Prix,2026-05-03,NOR,McLaren,20,184.88585932908555,184.6497309283203,257.8052884615382,0.7171530903512421,307.12187500000005,after
Miami Grand Prix,2026-05-03,NOR,McLaren,21,187.86979469759956,187.3022567471102,253.97435897435878,0.73971953490221,307.83333333333337,after
Miami Grand Prix,2026-05-03,NOR,McLaren,22,187.73542427001672,187.4930996339423,244.99999999999997,0.766267037836803,309.5,after
Miami Grand Prix,2026-05-03,NOR,McLaren,23,177.88230980886212,177.61402866366566,244.99999999999997,0.7260502441178046,309.5,after
Miami Grand Prix,2026-05-03,NOR,McLaren,24,198.25252704321687,197.84593028426985,250.3846153846154,0.7917919666856588,308.5,after
Miami Grand Prix,2026-05-03,NOR,McLaren,25,169.46063085779394,169.10588983727175,245.14807692307707,0.6912582508691982,309.47249999999997,after
Miami Grand Prix,2026-05-03,NOR,McLaren,26,176.54492613984797,176.30629784769968,236.8173076923074,0.7454899638046293,311.0196428571429,after
Miami Grand Prix,2026-05-03,NOR,McLaren,29,278.6492102401564,280.33623226028845,82.11538461538461,3.3933861668590475,339.75,after
Miami Grand Prix,2026-05-03,NOR,McLaren,30,158.87393327886514,157.45914301740714,190.78587699316637,0.8327342452321864,319.56833712984053,after
Miami Grand Prix,2026-05-03,NOR,McLaren,31,169.99103011673628,168.64220063731543,196.53846153846152,0.864925006464803,318.5,after
Miami Grand Prix,2026-05-03,NOR,McLaren,33,163.5446167353039,162.41081254224002,196.53846153846152,0.832125251490783,318.5,after
Miami Grand Prix,2026-05-03,NOR,McLaren,34,166.34641931307536,165.76668601293056,204.00961538461533,0.8153851915237708,317.1125,after
Miami Grand Prix,2026-05-03,NOR,McLaren,40,136.32189289296957,136.79103166327863,156.27351097178703,0.8723288550007721,325.977776533811,after
Miami Grand Prix,2026-05-03,NOR,McLaren,42,153.46327126516542,152.1447717884236,180.3846153846154,0.8507558748175482,321.5,after
Miami Grand Prix,2026-05-03,NOR,McLaren,43,150.72927982553622,149.10096400233826,185.76923076923077,0.811379146058787,320.5,after
Miami Grand Prix,2026-05-03,NOR,McLaren,44,165.4757350582241,164.52277440647694,197.9248349892363,0.8360534193054809,318.2425306448561,after
Miami Grand Prix,2026-05-03,NOR,McLaren,45,163.24649044053646,162.3708391194418,193.84615384615384,0.8421445935424501,319.0,after
Miami Grand Prix,2026-05-03,NOR,McLaren,47,161.5690248649002,160.10494566370306,185.76923076923077,0.8697297404735828,320.5,after
Miami Grand Prix,2026-05-03,NOR,McLaren,51,158.47548403353534,157.2301319046378,185.76923076923077,0.853077139725035,320.5,after
Miami Grand Prix,2026-05-03,NOR,McLaren,52,240.5814823096008,239.89572762903865,169.6153846153846,1.4183942267686214,323.5,after
Miami Grand Prix,2026-05-03,NOR,McLaren,53,255.33979568189824,254.76394551358453,177.01923076923075,1.4424409967907343,322.125,after
Miami Grand Prix,2026-05-03,NOR,McLaren,54,147.73663001809246,147.4406751732897,191.15384615384613,0.7728676821872041,319.5,after
Miami Grand Prix,2026-05-03,NOR,McLaren,57,155.72962026182086,155.45788900698662,195.576923076923,0.7962576453898415,318.67857142857144,after
Miami Grand Prix,2026-05-03,PIA,McLaren,3,142.13480294097693,145.89527871803742,165.10576923076934,0.8608712076094339,324.3375,after
Miami Grand Prix,2026-05-03,PIA,McLaren,12,166.35643264864535,165.35346004271102,201.9230769230769,0.8238604283551961,317.5,after
Miami Grand Prix,2026-05-03,PIA,McLaren,13,184.4276759037776,185.3152606320425,212.69230769230768,0.8671102302890087,315.5,after
Miami Grand Prix,2026-05-03,PIA,McLaren,18,165.97205218702118,167.20027472730186,156.15384615384616,1.0628752110498894,326.0,after
Miami Grand Prix,2026-05-03,PIA,McLaren,20,165.0529309674456,165.46864635140062,185.76923076923077,0.888483686367202,320.5,after
Miami Grand Prix,2026-05-03,PIA,McLaren,21,196.10405736658961,196.6996408289134,166.22756410256412,1.1797324855557132,324.12916666666666,after
Miami Grand Prix,2026-05-03,PIA,McLaren,22,206.14088235993398,205.9760963923995,233.9755608974359,0.8810359576413053,311.5473958333333,after
Miami Grand Prix,2026-05-03,PIA,McLaren,23,151.4450246959397,151.1465203216145,251.87286324786302,0.6012756703643207,308.22361111111115,after
Miami Grand Prix,2026-05-03,PIA,McLaren,25,186.5420829281526,186.4703874405851,237.82051282051262,0.784381804226195,310.83333333333337,after
Miami Grand Prix,2026-05-03,PIA,McLaren,30,169.3422227417078,169.09239596062147,217.4786324786326,0.7786614289950796,314.6111111111111,after
Miami Grand Prix,2026-05-03,PIA,McLaren,33,183.96873506906192,182.88729967183022,126.80769230769236,1.450769521321082,331.45,after
Miami Grand Prix,2026-05-03,PIA,McLaren,34,159.93135134357954,158.24402480673172,150.76923076923077,1.060769167074762,327.0,after
Miami Grand Prix,2026-05-03,PIA,McLaren,35,203.6851019086378,205.7032076350405,261.15384615384613,0.7799429528165807,306.5,after
Miami Grand Prix,2026-05-03,PIA,McLaren,36,222.70939758201112,223.182104340373,247.6923076923077,0.8991373194304796,309.0,after
Miami Grand Prix,2026-05-03,PIA,McLaren,37,194.5961685153225,194.05072170549352,236.92307692307693,0.8213474645127248,311.0,after
Miami Grand Prix,2026-05-03,PIA,McLaren,40,170.9366862376714,171.08065446349045,234.23076923076923,0.7297789560228993,311.5,after
Miami Grand Prix,2026-05-03,PIA,McLaren,41,180.97935506316728,181.21406612241202,215.16025641025632,0.8411374762357845,315.0416666666667,after
Miami Grand Prix,2026-05-03,PIA,McLaren,46,182.2567236910469,181.88517554703412,213.1646853146852,0.8550043053425556,315.41227272727275,after
Miami Grand Prix,2026-05-03,PIA,McLaren,51,170.8239374668498,170.65298011133532,215.38461538461542,0.7931111382389454,315.0,after
Miami Grand Prix,2026-05-03,PIA,McLaren,52,175.04022442138518,174.99477922848882,199.23076923076923,0.8785802770185357,318.0,after
Miami Grand Prix,2026-05-03,PIA,McLaren,55,190.2294459091771,189.31240295142752,153.89529914529896,1.2360965342389931,326.4194444444445,after
Miami Grand Prix,2026-05-03,PIA,McLaren,56,189.20083854698356,190.5268506012682,150.76923076923077,1.2549035209748909,327.0,after
Miami Grand Prix,2026-05-03,RUS,Mercedes,13,191.0107682227803,190.82201974845316,109.636752136752,1.742214763754849,334.6388888888889,after
Miami Grand Prix,2026-05-03,RUS,Mercedes,22,198.3184742375991,197.79717988702276,116.62740384615391,1.7004449014333365,333.340625,after
Miami Grand Prix,2026-05-03,RUS,Mercedes,23,157.66115084731962,158.6206567784585,142.49287749287734,1.1064493441449414,328.53703703703707,after
Miami Grand Prix,2026-05-03,RUS,Mercedes,24,289.9505469613789,289.83272462711693,156.15384615384616,1.8568261628068599,326.0,after
Miami Grand Prix,2026-05-03,RUS,Mercedes,27,138.7524140292678,135.9928652263089,169.6153846153846,0.8180414432564542,323.5,after
Miami Grand Prix,2026-05-03,RUS,Mercedes,28,135.98733902638466,133.66046863179855,169.6153846153846,0.801739413760998,323.5,after
Miami Grand Prix,2026-05-03,RUS,Mercedes,29,123.47753694857212,120.76909869796023,162.0993589743591,0.7617398225991987,324.8958333333333,after
Miami Grand Prix,2026-05-03,RUS,Mercedes,30,136.89573972345283,134.03378885981496,156.6670673076922,0.8738003594245578,325.9046875,after
Miami Grand Prix,2026-05-03,RUS,Mercedes,33,,,,,,after
Miami Grand Prix,2026-05-03,RUS,Mercedes,34,132.62097029472275,132.67428568196328,175.30662393162376,0.7565086094319515,322.4430555555556,after
Miami Grand Prix,2026-05-03,RUS,Mercedes,35,197.97300164453395,198.38394852618606,103.65384615384616,1.9099436151235185,335.75,after
Miami Grand Prix,2026-05-03,RUS,Mercedes,36,,,,,,after
Miami Grand Prix,2026-05-03,RUS,Mercedes,37,208.54601571395375,208.3623869930747,110.5697115384613,1.886104366306606,334.46562500000005,after
Miami Grand Prix,2026-05-03,RUS,Mercedes,40,146.13435600190573,145.8246817129628,172.30769230769232,0.8481011732253456,323.0,after
Miami Grand Prix,2026-05-03,RUS,Mercedes,41,142.47821768188484,142.41518152385925,167.93269230769232,0.8484245427378199,323.8125,after
Miami Grand Prix,2026-05-03,RUS,Mercedes,43,131.52709888283735,131.15583844777646,177.69230769230768,0.7401957945787383,322.0,after
Miami Grand Prix,2026-05-03,RUS,Mercedes,50,125.57882595242278,125.13480999414507,177.69230769230768,0.7067206655331152,322.0,after
Miami Grand Prix,2026-05-03,RUS,Mercedes,51,129.98215108163134,129.78573997328948,175.0,0.7427551490378934,322.5,after
Miami Grand Prix,2026-05-03,RUS,Mercedes,56,214.3356580799393,209.77521757249912,78.07692307692308,2.7451857685115377,340.5,after
Miami Grand Prix,2026-05-03,VER,Red Bull Racing,3,144.46738956059446,143.82488404838367,223.46153846153845,0.6464977846085123,313.5,after
Miami Grand Prix,2026-05-03,VER,Red Bull Racing,5,179.346796219024,180.679117223576,146.18108974358978,1.2268809634242623,327.8520833333333,after
Miami Grand Prix,2026-05-03,VER,Red Bull Racing,12,,,,,,after
Miami Grand Prix,2026-05-03,VER,Red Bull Racing,14,180.99667622707324,182.15608891372997,158.84615384615384,1.1394463878701948,325.5,after
Miami Grand Prix,2026-05-03,VER,Red Bull Racing,16,,,,,,after
Miami Grand Prix,2026-05-03,VER,Red Bull Racing,17,161.49736427412492,161.17228886781572,172.30769230769232,0.9372614890909035,323.0,after
Miami Grand Prix,2026-05-03,VER,Red Bull Racing,20,201.22120861719492,199.7262032225865,141.34615384615384,1.4236058296726715,328.75,after
Miami Grand Prix,2026-05-03,VER,Red Bull Racing,21,172.0518202609938,172.21571292895638,235.58255551979423,0.7303249592541989,311.24895397489536,after
Miami Grand Prix,2026-05-03,VER,Red Bull Racing,22,168.4561923340853,166.57963923284564,193.84615384615384,0.869020039818694,319.0,after
Miami Grand Prix,2026-05-03,VER,Red Bull Racing,23,169.66783101637978,168.05808929143603,200.0608974358976,0.8480809253129727,317.8458333333333,after
Miami Grand Prix,2026-05-03,VER,Red Bull Racing,25,150.37167278776832,152.04643097788647,170.28846153846152,0.8830408791602432,323.375,after
Miami Grand Prix,2026-05-03,VER,Red Bull Racing,27,163.86749557450383,162.71077538061746,215.50699300699287,0.7603813374593676,314.97727272727275,after
Miami Grand Prix,2026-05-03,VER,Red Bull Racing,29,180.02121776443343,180.97216047628987,236.92307692307693,0.7598298152394918,311.0,after
Miami Grand Prix,2026-05-03,VER,Red Bull Racing,30,171.72059497288612,170.06680397292718,180.31730769230742,0.9523245281917657,321.51250000000005,after
Miami Grand Prix,2026-05-03,VER,Red Bull Racing,31,168.19812689745257,166.65151698573106,183.46730769230763,0.9167743780245419,320.9275,after
Miami Grand Prix,2026-05-03,VER,Red Bull Racing,32,175.870703406198,174.50690300594223,200.352564102564,0.8778061024273525,317.7916666666667,after
Miami Grand Prix,2026-05-03,VER,Red Bull Racing,34,173.74346799870986,173.4773677909994,218.0769230769231,0.7967072606642779,314.5,after
Miami Grand Prix,2026-05-03,VER,Red Bull Racing,36,192.83868626437555,192.65179894635938,220.76923076923075,0.87348533847975,314.0,after
Miami Grand Prix,2026-05-03,VER,Red Bull Racing,37,178.40746003285898,177.94476895936668,215.38461538461542,0.8283203501525594,315.0,after
Miami Grand Prix,2026-05-03,VER,Red Bull Racing,40,174.44410019875792,172.92542921767816,193.84615384615384,0.8999100407078782,319.0,after
Miami Grand Prix,2026-05-03,VER,Red Bull Racing,41,153.6555407296202,152.48647778785593,178.36538461538458,0.861465026193019,321.875,after
Miami Grand Prix,2026-05-03,VER,Red Bull Racing,42,180.30101764117165,179.24251393604456,204.5878052186402,0.881289172873654,317.0051218879668,after
Miami Grand Prix,2026-05-03,VER,Red Bull Racing,46,166.8965387127543,166.06334653129332,212.69230769230768,0.7846853538031847,315.5,after
Miami Grand Prix,2026-05-03,VER,Red Bull Racing,51,142.9941021495464,142.3994241434884,167.59615384615356,0.8532063467328084,323.87500000000006,after
Miami Grand Prix,2026-05-03,VER,Red Bull Racing,52,168.2555432573408,166.9392314225518,193.84615384615384,0.8679849453751709,319.0,after
Miami Grand Prix,2026-05-03,VER,Red Bull Racing,55,166.87155245771294,165.713110771076,200.861593603529,0.8307787938150717,317.69713261648747,after
Miami Grand Prix,2026-05-03,VER,Red Bull Racing,56,169.29376191831284,168.3691024436091,211.1538461538462,0.8017555209246144,315.7857142857143,after
Miami Grand Prix,2026-05-03,HAM,Ferrari,3,152.75510705998173,153.86745924256775,192.78846153846163,0.792345692480703,319.19642857142856,after
Miami Grand Prix,2026-05-03,HAM,Ferrari,12,108.45355305414016,107.62173766506969,178.5427938182988,0.6074373024794953,321.84205257660165,after
Miami Grand Prix,2026-05-03,HAM,Ferrari,14,238.26255215478875,240.7932502960198,124.33413461538424,1.9163084449160415,331.90937500000007,after
Miami Grand Prix,2026-05-03,HAM,Ferrari,18,347.48814050527704,347.39076104192947,192.76923076923055,1.8026120616794121,319.20000000000005,after
Miami Grand Prix,2026-05-03,HAM,Ferrari,20,165.7146761578167,166.85368984951626,189.43376068376088,0.8747895600006558,319.8194444444444,after
Miami Grand Prix,2026-05-03,HAM,Ferrari,21,204.18655365013808,203.83552680261846,228.230769230769,0.8946495441360963,312.61428571428576,after
Miami Grand Prix,2026-05-03,HAM,Ferrari,22,207.29320382297138,206.76458325398335,246.04700854700863,0.8424943064624453,309.30555555555554,after
Miami Grand Prix,2026-05-03,HAM,Ferrari,23,198.24643080620902,198.11884347722378,244.32692307692307,0.8113982213241141,309.625,after
Miami Grand Prix,2026-05-03,HAM,Ferrari,25,157.93833643767127,157.08355339663632,229.98563676986916,0.6867313048584391,312.2883817427386,after
Miami Grand Prix,2026-05-03,HAM,Ferrari,29,184.42592203538507,184.23156926069265,234.6153846153845,0.7860777004786909,311.42857142857144,after
Miami Grand Prix,2026-05-03,HAM,Ferrari,33,181.00150474967566,180.0106160507641,210.94230769230742,0.8580616507414666,315.82500000000005,after
Miami Grand Prix,2026-05-03,HAM,Ferrari,34,163.0694708614967,161.76388849208126,199.9599358974357,0.8155107178326912,317.86458333333337,after
Miami Grand Prix,2026-05-03,HAM,Ferrari,36,154.7210714377131,152.982635532121,201.46153846153845,0.76799309991992,317.5857142857143,after
Miami Grand Prix,2026-05-03,HAM,Ferrari,38,196.7552014430359,197.67933884600836,210.0,0.9369295306811234,316.0,after
Miami Grand Prix,2026-05-03,HAM,Ferrari,39,196.07808103239861,195.1630243915618,251.82564622098616,0.7786263391947498,308.23237998753115,after
Miami Grand Prix,2026-05-03,HAM,Ferrari,40,215.10138149320395,214.97792684692476,235.30769230769226,0.9141281331845871,311.3,after
Miami Grand Prix,2026-05-03,HAM,Ferrari,41,211.88027092674827,211.54808141341232,230.0427350427351,0.9210474344577203,312.27777777777777,after
Miami Grand Prix,2026-05-03,HAM,Ferrari,43,231.62084971896,230.9639426507722,241.62406558958298,0.9586000846140292,310.12695924764887,after
Miami Grand Prix,2026-05-03,HAM,Ferrari,44,174.1235846696797,172.7120380245699,186.38173076923067,0.9342309675473052,320.38625,after
Miami Grand Prix,2026-05-03,HAM,Ferrari,45,175.84474998806033,174.81155102700728,204.7499999999999,0.8588266177683049,316.975,after
Miami Grand Prix,2026-05-03,HAM,Ferrari,48,185.95950039349648,186.97152917312224,207.9059829059828,0.894440351327404,316.3888888888889,after
Miami Grand Prix,2026-05-03,HAM,Ferrari,49,177.64290608594135,176.8837922618155,210.92884615384622,0.842193513713971,315.8275,after
Miami Grand Prix,2026-05-03,HAM,Ferrari,50,157.67113935198205,156.69884791713335,210.0,0.7508149492951526,316.0,after
Miami Grand Prix,2026-05-03,HAM,Ferrari,51,171.58264796291698,173.00097965012654,215.38461538461542,0.7966337226849717,315.0,after
Miami Grand Prix,2026-05-03,HAM,Ferrari,52,186.20341881578508,187.18780682296034,207.84615384615398,0.8958713710604014,316.4,after
Miami Grand Prix,2026-05-03,HAM,Ferrari,54,175.6345516142284,175.5861293799101,222.72863247863273,0.7885584788075136,313.63611111111106,after
Miami Grand Prix,2026-05-03,HAM,Ferrari,56,183.20024749586804,182.91923621968343,237.6573426573426,0.7708587727500114,310.8636363636364,after
Miami Grand Prix,2026-05-03,COL,Alpine,3,131.76411165664393,131.57703768376737,148.47115384615392,0.8874728069613991,327.4267857142857,after
Miami Grand Prix,2026-05-03,COL,Alpine,5,181.94248755533516,182.68182432244765,183.0769230769231,0.9938035034535113,321.0,after
Miami Grand Prix,2026-05-03,COL,Alpine,12,217.59369095667824,221.4739178947468,129.28311965811952,1.6830789010358822,330.9902777777778,after
Miami Grand Prix,2026-05-03,COL,Alpine,14,164.59344431758598,166.77923774094916,164.13461538461527,1.0027954428253634,324.51785714285717,after
Miami Grand Prix,2026-05-03,COL,Alpine,16,158.30091280488162,157.7184646986126,171.2980769230769,0.9241254522429239,323.1875,after
Miami Grand Prix,2026-05-03,COL,Alpine,18,151.468593578153,150.56783505780763,182.0673076923077,0.8319373505216746,321.1875,after
Miami Grand Prix,2026-05-03,COL,Alpine,20,171.064298448341,169.57258031399758,197.21153846153848,0.8674152627317144,318.375,after
Miami Grand Prix,2026-05-03,COL,Alpine,21,136.87469743652028,139.5394664100749,151.44230769230768,0.9038075259300387,326.875,after
Miami Grand Prix,2026-05-03,COL,Alpine,22,146.03961811888382,144.63086203126642,170.70034443168763,0.855532064713128,323.2985074626866,after
Miami Grand Prix,2026-05-03,COL,Alpine,23,142.4828664072499,141.47132092552133,174.3269230769231,0.8173313903118582,322.625,after
Miami Grand Prix,2026-05-03,COL,Alpine,24,159.63776477083005,159.8483860775316,184.42307692307693,0.8656062323340107,320.75,after
Miami Grand Prix,2026-05-03,COL,Alpine,25,151.72989395255775,149.9704007207848,191.15384615384613,0.7937579965324955,319.5,after
Miami Grand Prix,2026-05-03,COL,Alpine,26,161.83954953644658,159.94161800667396,191.42307692307696,0.8454547494369319,319.45,after
Miami Grand Prix,2026-05-03,COL,Alpine,27,159.010654710075,158.94414620411223,177.69230769230768,0.8948651563770453,322.0,after
Miami Grand Prix,2026-05-03,COL,Alpine,29,173.07954529072646,171.73533443828117,198.55769230769232,0.8716839084859832,318.125,after
Miami Grand Prix,2026-05-03,COL,Alpine,30,167.9877639626693,166.5355457250248,203.00000000000026,0.8275259308505866,317.29999999999995,after
Miami Grand Prix,2026-05-03,COL,Alpine,35,173.33306438822189,172.41282965711318,202.5288461538459,0.8558438349890851,317.38750000000005,after
Miami Grand Prix,2026-05-03,COL,Alpine,36,175.8168411763841,175.67154803701322,199.4831730769231,0.8813617633232004,317.953125,after
Miami Grand Prix,2026-05-03,COL,Alpine,37,165.01194615348638,163.8629554463456,188.18910256410257,0.8768411342908584,320.05059523809524,after
Miami Grand Prix,2026-05-03,COL,Alpine,38,172.9137252440252,172.15035121833915,207.30769230769232,0.8340921811400102,316.5,after
Miami Grand Prix,2026-05-03,COL,Alpine,42,163.81856904862414,162.40571001703404,199.23076923076923,0.822255365881125,318.0,after
Miami Grand Prix,2026-05-03,COL,Alpine,43,170.05948877813404,169.28644812747797,196.56650641025632,0.8651498766692269,318.4947916666667,after
Miami Grand Prix,2026-05-03,COL,Alpine,50,145.23927984870244,144.40321609984474,173.10314685314677,0.8390331573343214,322.85227272727275,after
Miami Grand Prix,2026-05-03,COL,Alpine,51,215.96890324620088,215.89611919953518,204.6153846153846,1.0554871211280494,317.0,after
Miami Grand Prix,2026-05-03,COL,Alpine,52,165.1316732140527,164.42353002608655,216.383012820513,0.7631452721800642,314.8145833333333,after
Miami Grand Prix,2026-05-03,COL,Alpine,53,182.61261457034323,182.07503940004395,211.3377403846155,0.8640795261556448,315.7515625,after
Miami Grand Prix,2026-05-03,COL,Alpine,54,163.3007381791444,162.7895861172077,210.13461538461559,0.777124406087261,315.97499999999997,after
Miami Grand Prix,2026-05-03,COL,Alpine,55,159.86406425963446,158.92455280299427,203.30288461538473,0.7863344613239045,317.24375,after
Miami Grand Prix,2026-05-03,COL,Alpine,56,157.92294811460332,157.1673749192744,196.05769230769195,0.8054922316782136,318.5892857142858,after
Miami Grand Prix,2026-05-03,COL,Alpine,57,242.725455537674,242.15112571382582,191.8269230769231,1.2653357080660699,319.375,after
Miami Grand Prix,2026-05-03,LEC,Ferrari,3,199.99028668230562,199.97344409355713,260.4807692307692,0.7677737104082607,306.625,after
Miami Grand Prix,2026-05-03,LEC,Ferrari,12,159.90958584963911,159.20708224376273,253.13811188811184,0.631708851175756,307.9886363636364,after
Miami Grand Prix,2026-05-03,LEC,Ferrari,13,184.2554890194108,185.56465132608028,253.82478632478646,0.725916060788654,307.8611111111111,after
Miami Grand Prix,2026-05-03,LEC,Ferrari,18,182.72463691492078,181.95719001903007,228.37499999999983,0.8001078792114764,312.58750000000003,after
Miami Grand Prix,2026-05-03,LEC,Ferrari,20,199.51319903333444,199.27311694661717,231.53846153846152,0.8616849127685541,312.0,after
Miami Grand Prix,2026-05-03,LEC,Ferrari,24,152.50458644686174,153.36747692906124,157.19711538461553,0.9701487592423529,325.80625,after
Miami Grand Prix,2026-05-03,LEC,Ferrari,25,205.3136116262817,204.28081337187,126.03365384615384,1.6290380018411823,331.59375,after
Miami Grand Prix,2026-05-03,LEC,Ferrari,27,148.98903358606663,148.2785960853977,183.0769230769231,0.8138056456381789,321.0,after
Miami Grand Prix,2026-05-03,LEC,Ferrari,28,233.9849477491965,232.71932666221088,159.1645988420179,1.470081597613569,325.4408602150538,after
Miami Grand Prix,2026-05-03,LEC,Ferrari,30,191.53677626151952,190.95454491913995,133.83931015603588,1.4310950649567555,330.14412811387905,after
Miami Grand Prix,2026-05-03,LEC,Ferrari,33,187.3852737156168,186.80619734719298,207.75641025641045,0.9019470132562848,316.41666666666663,after
Miami Grand Prix,2026-05-03,LEC,Ferrari,34,205.9052848999256,205.91939300991444,234.21955128205147,0.8791122849175417,311.5020833333333,after
Miami Grand Prix,2026-05-03,LEC,Ferrari,35,195.57236724776226,195.13674455041686,236.8931623931622,0.825572022729717,311.0055555555556,after
Miami Grand Prix,2026-05-03,LEC,Ferrari,36,177.20620286338246,177.06114292303565,241.08119658119668,0.7350477987348923,310.22777777777776,after
Miami Grand Prix,2026-05-03,LEC,Ferrari,37,177.87372352339582,177.5706926509293,239.31836846427586,0.7432514464511228,310.55516014234877,after
Miami Grand Prix,2026-05-03,LEC,Ferrari,40,187.01181140827686,186.80133791983104,228.84615384615384,0.817194470019361,312.5,after
Miami Grand Prix,2026-05-03,LEC,Ferrari,41,196.4799739276547,196.48812576355903,226.15384615384616,0.868789000360378,313.0,after
Miami Grand Prix,2026-05-03,LEC,Ferrari,43,184.72148669264075,184.44461250656897,227.06250000000026,0.813527053972543,312.83124999999995,after
Miami Grand Prix,2026-05-03,LEC,Ferrari,46,223.98942960165547,222.25480343345853,132.13227146814398,1.695190940962954,330.46114958448754,after
Miami Grand Prix,2026-05-03,LEC,Ferrari,51,184.71931204750445,184.56100829978774,236.83894230769232,0.7799364000178822,311.015625,after
Miami Grand Prix,2026-05-03,LEC,Ferrari,52,172.06757417024076,171.51998502737015,224.47115384615387,0.7665464859158293,313.3125,after
Miami Grand Prix,2026-05-03,LEC,Ferrari,55,179.16555555295287,178.91798662586734,243.4936136624566,0.7358121342817697,309.77975746268663,after
Miami Grand Prix,2026-05-03,LEC,Ferrari,56,185.6523424004013,185.2910844501742,241.34615384615375,0.7692367971968822,310.17857142857144,after
Miami Grand Prix,2026-05-03,SAI,Williams,3,199.91852611324606,202.5358487579968,97.13621794871791,2.0581254894934355,336.9604166666667,after
Miami Grand Prix,2026-05-03,SAI,Williams,4,237.5467879021087,236.22035207115422,94.4074519230768,2.5161868376202103,337.4671875,after
Miami Grand Prix,2026-05-03,SAI,Williams,5,236.53378956244322,235.3103506133978,109.9639423076923,2.151012273646877,334.578125,after
Miami Grand Prix,2026-05-03,SAI,Williams,14,147.18020582857602,149.26015715631448,103.24999999999977,1.425474148460788,335.82500000000005,after
Miami Grand Prix,2026-05-03,SAI,Williams,16,167.1380538181448,168.0038364597114,185.97115384615398,0.8987310685635204,320.4625,after
Miami Grand Prix,2026-05-03,SAI,Williams,17,141.75990266162833,142.93791916726437,186.24999999999974,0.7611269941563947,320.41071428571433,after
Miami Grand Prix,2026-05-03,SAI,Williams,20,196.16869079744313,197.61313614068098,191.15384615384613,1.0262345997451754,319.5,after
Miami Grand Prix,2026-05-03,SAI,Williams,21,159.5680965007743,159.25423245275496,200.96153846153837,0.7940230639272983,317.67857142857144,after
Miami Grand Prix,2026-05-03,SAI,Williams,22,155.91080297407143,155.25049799060577,191.15384615384613,0.8156299551963497,319.5,after
Miami Grand Prix,2026-05-03,SAI,Williams,23,140.21386825300328,139.16215705958655,186.8601762820513,0.7503678474613074,320.2973958333333,after
Miami Grand Prix,2026-05-03,SAI,Williams,24,151.55858153183848,149.79137730123546,191.15384615384613,0.792861794733964,319.5,after
Miami Grand Prix,2026-05-03,SAI,Williams,25,159.17573298093404,158.21489874063454,199.8076923076925,0.7966446693944718,317.8928571428571,after
Miami Grand Prix,2026-05-03,SAI,Williams,27,212.84255890299693,213.50583201910476,142.69230769230768,1.4916190111800325,328.5,after
Miami Grand Prix,2026-05-03,SAI,Williams,35,157.689831052298,156.12749400190216,204.6153846153846,0.7706645878495766,317.0,after
Miami Grand Prix,2026-05-03,SAI,Williams,36,147.9116048026209,146.81670597268334,196.53846153846152,0.752583507801985,318.5,after
Miami Grand Prix,2026-05-03,SAI,Williams,39,138.41151320969252,137.60742358461098,180.3846153846154,0.7673132928469095,321.5,after
Miami Grand Prix,2026-05-03,SAI,Williams,40,260.2298080159844,258.6417603415902,169.6153846153846,1.534234695785849,323.5,after
Miami Grand Prix,2026-05-03,SAI,Williams,41,167.57013532131202,166.5418247596429,204.6153846153846,0.8189517891643069,317.0,after
Miami Grand Prix,2026-05-03,SAI,Williams,42,178.95189006288626,177.23559328359406,204.6153846153846,0.8745769063223764,317.0,after
Miami Grand Prix,2026-05-03,SAI,Williams,43,171.3076833301385,169.87476082762063,203.208041958042,0.8430162589997781,317.2613636363636,after
Miami Grand Prix,2026-05-03,SAI,Williams,44,142.7182098224335,142.14647625308467,191.3782051282049,0.745739096710757,319.45833333333337,after
Miami Grand Prix,2026-05-03,SAI,Williams,45,152.56615512995847,151.26418000107898,192.01923076923072,0.7945358103913713,319.3392857142857,after
Miami Grand Prix,2026-05-03,SAI,Williams,46,146.8567122156724,145.97828846886472,194.85576923076925,0.7536687920271368,318.8125,after
Miami Grand Prix,2026-05-03,SAI,Williams,47,144.36876724426935,142.90403535249183,193.84615384615384,0.7447595135617069,319.0,after
Miami Grand Prix,2026-05-03,SAI,Williams,51,149.56088478079113,148.57787894079462,188.46153846153845,0.7935883682246061,320.0,after
Miami Grand Prix,2026-05-03,SAI,Williams,52,152.4162177835034,151.08011478739317,180.3846153846154,0.8449513139383985,321.5,after
Miami Grand Prix,2026-05-03,SAI,Williams,56,145.9860658002036,145.55271574595545,161.65064102564122,0.9030961143980066,324.97916666666663,after
Miami Grand Prix,2026-05-03,SAI,Williams,57,137.85028327313015,137.27786400981225,185.76923076923077,0.7420512143067046,320.5,after
Miami Grand Prix,2026-05-03,ALB,Williams,3,220.8901858118212,222.93777610461305,113.07692307692308,1.9534506228256296,334.0,after
Miami Grand Prix,2026-05-03,ALB,Williams,4,221.92961500895257,223.53491127971978,105.0,2.1136153810376435,335.5,after
Miami Grand Prix,2026-05-03,ALB,Williams,5,156.58086101568367,156.62126201495758,227.56730769230762,0.6880639517315716,312.7375,after
Miami Grand Prix,2026-05-03,ALB,Williams,12,,,,,,after
Miami Grand Prix,2026-05-03,ALB,Williams,14,239.6608900571796,239.75372908277305,115.76923076923076,2.0701605121218174,333.5,after
Miami Grand Prix,2026-05-03,ALB,Williams,16,167.58168355661496,170.28585789678306,123.84615384615385,1.353144028718009,332.0,after
Miami Grand Prix,2026-05-03,ALB,Williams,19,158.8944978823954,158.9451400327433,183.0769230769231,0.8679111228870336,321.0,after
Miami Grand Prix,2026-05-03,ALB,Williams,20,172.41701702085322,171.01110719214034,191.4903846153846,0.9003951679723191,319.4375,after
Miami Grand Prix,2026-05-03,ALB,Williams,21,223.09828568156306,223.97159518870262,191.15384615384613,1.1671137681530463,319.5,after
Miami Grand Prix,2026-05-03,ALB,Williams,22,175.86743882503768,177.3308374705273,191.15384615384613,0.9200308670927526,319.5,after
Miami Grand Prix,2026-05-03,ALB,Williams,24,138.60437421852077,140.15310137594375,183.0769230769231,0.7570827163196512,321.0,after
Miami Grand Prix,2026-05-03,ALB,Williams,25,207.1905030651923,207.47847074453733,126.53846153846153,1.6373717567462007,331.5,after
Miami Grand Prix,2026-05-03,ALB,Williams,29,,,,,,after
Miami Grand Prix,2026-05-03,ALB,Williams,33,158.09954000079438,156.60275509289085,193.7788461538462,0.8158761554152043,319.0125,after
Miami Grand Prix,2026-05-03,ALB,Williams,35,179.19680294214703,177.99776283712387,204.6153846153846,0.8757738489653802,317.0,after
Miami Grand Prix,2026-05-03,ALB,Williams,36,156.62810821054725,155.85638130252977,207.30769230769232,0.7555344737428995,316.5,after
Miami Grand Prix,2026-05-03,ALB,Williams,37,184.82127176889514,185.5973987579112,208.50427350427384,0.8864147897913792,316.2777777777777,after
Miami Grand Prix,2026-05-03,ALB,Williams,38,147.8546676922672,146.66321781271824,191.15384615384613,0.7734851830983799,319.5,after
Miami Grand Prix,2026-05-03,ALB,Williams,39,159.07385762756545,158.311661511797,188.46153846153845,0.8440653670034086,320.0,after
Miami Grand Prix,2026-05-03,ALB,Williams,40,146.0422054249778,145.942727868484,175.196314102564,0.8335917691709044,322.4635416666667,after
Miami Grand Prix,2026-05-03,ALB,Williams,41,157.78156631568595,156.76830769521123,188.2051282051283,0.8383489218408379,320.04761904761904,after
Miami Grand Prix,2026-05-03,ALB,Williams,43,140.34503713881747,140.19803298762002,186.9471153846154,0.7507205278352588,320.28125,after
Miami Grand Prix,2026-05-03,ALB,Williams,46,125.1896971598955,124.29127774005325,180.20104895104913,0.6947223553282577,321.5340909090909,after
Miami Grand Prix,2026-05-03,ALB,Williams,47,134.7380023687819,131.63699852920826,166.67067307692307,0.8084085813141023,324.046875,after
Miami Grand Prix,2026-05-03,ALB,Williams,49,150.48843023907747,147.62896010517855,173.8221153846154,0.8657611254246471,322.71875,after
Miami Grand Prix,2026-05-03,ALB,Williams,50,147.08338840394921,144.4661946537968,175.0,0.840476505165424,322.5,after
Miami Grand Prix,2026-05-03,ALB,Williams,53,129.7567778270669,127.0935193602654,179.15064102564122,0.7242886605607806,321.72916666666663,after
Miami Grand Prix,2026-05-03,ALB,Williams,54,126.73106463900692,124.42939997595805,179.33760683760678,0.7066619593834773,321.69444444444446,after
Miami Grand Prix,2026-05-03,ALB,Williams,56,132.24160751970192,129.14615526188194,179.84615384615373,0.7353040623422267,321.6,after
Miami Grand Prix,2026-05-03,ALB,Williams,57,149.67973416418624,146.67874823013918,184.35897435897436,0.8118928556889099,320.76190476190476,after
Miami Grand Prix,2026-05-03,BEA,Haas F1 Team,3,150.82801352380096,150.57038066936855,193.84615384615384,0.7780810221465922,319.0,after
Miami Grand Prix,2026-05-03,BEA,Haas F1 Team,5,238.73899649825069,242.04995872327478,177.69230769230768,1.3435527941459997,322.0,after
Miami Grand Prix,2026-05-03,BEA,Haas F1 Team,12,78.95653667585768,79.6403702532022,144.3482905982904,0.5469862950825467,328.19246031746036,after
Miami Grand Prix,2026-05-03,BEA,Haas F1 Team,14,203.95297898833607,202.49996820402663,132.1474358974357,1.5433744711220216,330.45833333333337,after
Miami Grand Prix,2026-05-03,BEA,Haas F1 Team,15,176.55725046524756,177.57483432295965,183.6153846153847,0.9615602245698439,320.9,after
Miami Grand Prix,2026-05-03,BEA,Haas F1 Team,16,189.86543193831423,188.82178198744072,146.05769230769232,1.299934491216898,327.875,after
Miami Grand Prix,2026-05-03,BEA,Haas F1 Team,19,218.50918853590767,219.67317457649284,116.330128205128,1.8783542312495745,333.39583333333337,after
Miami Grand Prix,2026-05-03,BEA,Haas F1 Team,20,211.27045269993994,212.43110954011135,118.84615384615407,1.7776801845302357,332.9285714285714,after
Miami Grand Prix,2026-05-03,BEA,Haas F1 Team,21,224.56635933878493,223.05130150086498,137.90598290598277,1.6284018619546246,329.3888888888889,after
Miami Grand Prix,2026-05-03,BEA,Haas F1 Team,22,148.4596418372739,147.64037773620439,169.6153846153846,0.8752722648002542,323.5,after
Miami Grand Prix,2026-05-03,BEA,Haas F1 Team,24,211.91399796598273,210.17605747496748,172.0945512820513,1.2313812168211535,323.0395833333333,after
Miami Grand Prix,2026-05-03,BEA,Haas F1 Team,25,167.0770843451695,166.4212822106459,183.64423076923077,0.9097867308182432,320.89464285714286,after
Miami Grand Prix,2026-05-03,BEA,Haas F1 Team,29,153.11611293797705,153.8923274727222,180.3846153846154,0.8488313297201286,321.5,after
Miami Grand Prix,2026-05-03,BEA,Haas F1 Team,33,159.63794768029658,157.80287201881256,193.84615384615384,0.8235290951761332,319.0,after
Miami Grand Prix,2026-05-03,BEA,Haas F1 Team,34,172.5602773002976,171.04916931799173,196.2019230769231,0.879503496164222,318.5625,after
Miami Grand Prix,2026-05-03,BEA,Haas F1 Team,35,156.04782578080483,154.30049123556105,186.10576923076923,0.8384899964455542,320.4375,after
Miami Grand Prix,2026-05-03,BEA,Haas F1 Team,37,168.4266854652529,168.4349901132382,180.3846153846154,0.9337087040717645,321.5,after
Miami Grand Prix,2026-05-03,BEA,Haas F1 Team,38,181.17841845706707,179.15893028327486,150.26442307692307,1.2057306363484228,327.09375,after
Miami Grand Prix,2026-05-03,BEA,Haas F1 Team,39,243.42633185648674,242.3382266053214,126.370192307692,1.9262954927201585,331.53125000000006,after
Miami Grand Prix,2026-05-03,BEA,Haas F1 Team,40,216.58568781680864,215.17231629361902,134.32692307692298,1.6123773466677247,330.05357142857144,after
Miami Grand Prix,2026-05-03,BEA,Haas F1 Team,41,245.87507256270118,244.05460521428554,133.68990384615384,1.839144658564842,330.171875,after
Miami Grand Prix,2026-05-03,BEA,Haas F1 Team,45,162.13102482673693,160.52987088320035,191.15384615384613,0.8481703512062698,319.5,after
Miami Grand Prix,2026-05-03,BEA,Haas F1 Team,46,153.45648876406878,152.04328270730028,198.79734848484873,0.771924223002222,318.0804924242424,after
Miami Grand Prix,2026-05-03,BEA,Haas F1 Team,47,161.02042749255665,160.38386016330531,209.2403846153846,0.7695475602787506,316.1410714285714,after
Miami Grand Prix,2026-05-03,BEA,Haas F1 Team,48,175.19595545448422,174.55031943135586,223.12500000000028,0.7851919572189758,313.56249999999994,after
Miami Grand Prix,2026-05-03,BEA,Haas F1 Team,49,177.56424718012633,176.49632617365432,220.76923076923075,0.8042979837427325,314.0,after
Miami Grand Prix,2026-05-03,BEA,Haas F1 Team,50,182.83174014845895,182.71928117886276,225.68509615384596,0.8101188038745166,313.0870535714286,after
Miami Grand Prix,2026-05-03,BEA,Haas F1 Team,53,191.690397644304,191.24208932684178,231.269230769231,0.8288625209964907,312.04999999999995,after
Miami Grand Prix,2026-05-03,BEA,Haas F1 Team,54,211.14572025698524,211.64577460341894,211.8375398547811,0.9967341973558127,315.6587425983978,after
Miami Grand Prix,2026-05-03,BEA,Haas F1 Team,56,176.24055156486384,175.13666879432205,204.6322115384613,0.8612551769824314,316.99687500000005,after
Miami Grand Prix,2026-05-03,BOR,Audi,2,199.47451695327044,197.64876648338986,114.09775641025625,1.7482772950944694,333.8104166666667,after
Miami Grand Prix,2026-05-03,BOR,Audi,3,174.61869493921145,177.13070693257606,86.44230769230779,2.0200605421221325,338.94642857142856,after
Miami Grand Prix,2026-05-03,BOR,Audi,12,,,,,,after
Miami Grand Prix,2026-05-03,BOR,Audi,14,117.12800794486694,116.97765347998579,158.84615384615384,0.7373676044955304,325.5,after
Miami Grand Prix,2026-05-03,BOR,Audi,19,227.60755918491958,227.70503855982165,110.17067307692312,2.065954149395093,334.53973214285713,after
Miami Grand Prix,2026-05-03,BOR,Audi,20,203.06241307083755,203.84554579959155,246.06837606837584,0.8252275904580764,309.30158730158735,after
Miami Grand Prix,2026-05-03,BOR,Audi,21,175.88440499909638,174.05413415744158,215.97591660675772,0.8143704527914623,314.89018691588785,after
Miami Grand Prix,2026-05-03,BOR,Audi,22,183.9340452888794,183.48956424051477,228.84615384615384,0.8037454079850193,312.5,after
Miami Grand Prix,2026-05-03,BOR,Audi,24,165.59064558780452,165.24490283737293,221.78095611285258,0.7466405073280693,313.81210815047024,after
Miami Grand Prix,2026-05-03,BOR,Audi,25,171.7039495856433,172.73393786528035,236.92307692307693,0.7247244625368061,311.0,after
Miami Grand Prix,2026-05-03,BOR,Audi,27,160.2967456607381,159.39927987236197,225.84935897435912,0.709750722289793,313.0565476190476,after
Miami Grand Prix,2026-05-03,BOR,Audi,28,178.83812247881892,179.75606188638903,247.58012820512798,0.7223444134039945,309.02083333333337,after
Miami Grand Prix,2026-05-03,BOR,Audi,29,,,,,,after
Miami Grand Prix,2026-05-03,BOR,Audi,30,198.96918251947025,198.09530998871477,244.1249999999999,0.8150299335154956,309.6625,after
Miami Grand Prix,2026-05-03,BOR,Audi,35,126.99200590143019,129.72030900296073,274.61538461538464,0.4624358758315385,304.0,after
Miami Grand Prix,2026-05-03,BOR,Audi,37,131.2285943206708,133.21199253919616,268.4546947714208,0.48882957488378836,305.144128113879,after
Miami Grand Prix,2026-05-03,BOR,Audi,40,157.9510747022456,158.25865792673093,236.90073412065112,0.6667394902280156,311.00414937759336,after
Miami Grand Prix,2026-05-03,BOR,Audi,41,,,,,,after
Miami Grand Prix,2026-05-03,BOR,Audi,43,153.09791924859155,150.71525512926027,191.22863247863262,0.8006014437492687,319.4861111111111,after
Miami Grand Prix,2026-05-03,BOR,Audi,44,212.55244359408232,214.33953544762784,122.49999999999999,1.735121988523121,332.25,after
Miami Grand Prix,2026-05-03,BOR,Audi,45,170.11851844984864,169.15192557801558,171.6346153846154,0.9911667181391741,323.125,after
Miami Grand Prix,2026-05-03,BOR,Audi,46,159.57594838911137,158.621377308111,179.42307692307682,0.8893836351804713,321.67857142857144,after
Miami Grand Prix,2026-05-03,BOR,Audi,48,204.76626901212725,205.7358192606217,258.8279914529916,0.7911287641750947,306.9319444444444,after
Miami Grand Prix,2026-05-03,BOR,Audi,50,,,,,,after
Miami Grand Prix,2026-05-03,BOR,Audi,51,169.1116270264425,168.17439965600585,263.8461538461538,0.6409478575346218,306.0,after
Miami Grand Prix,2026-05-03,BOR,Audi,52,140.68146214442143,142.32543234134204,148.9463141025643,0.9445112018518854,327.33854166666663,after
Miami Grand Prix,2026-05-03,BOR,Audi,53,184.57491947927596,185.67010252502084,229.47435897435903,0.8043378802940679,312.3833333333333,after
Miami Grand Prix,2026-05-03,BOR,Audi,55,152.53172652511964,152.3116399510188,225.41958041958048,0.6766569534075416,313.1363636363636,after
Miami Grand Prix,2026-05-03,BOR,Audi,56,178.56520459793632,179.3574394111975,242.30769230769232,0.7369357650073561,310.0,after
Miami Grand Prix,2026-05-03,OCO,Haas F1 Team,3,199.62719158276488,198.66186413330584,131.72115384615373,1.5155287192209332,330.5375,after
Miami Grand Prix,2026-05-03,OCO,Haas F1 Team,5,208.36271098358964,208.7824555409795,156.8269230769231,1.3286156923539743,325.875,after
Miami Grand Prix,2026-05-03,OCO,Haas F1 Team,12,,,,,,after
Miami Grand Prix,2026-05-03,OCO,Haas F1 Team,14,218.64847339740578,218.59448799687596,129.23076923076923,1.691922710813259,331.0,after
Miami Grand Prix,2026-05-03,OCO,Haas F1 Team,19,173.49034888874453,173.3638281605636,202.70833333333323,0.8558619472414946,317.3541666666667,after
Miami Grand Prix,2026-05-03,OCO,Haas F1 Team,20,187.49626523031043,188.18779519470863,204.6153846153846,0.9163351308248254,317.0,after
Miami Grand Prix,2026-05-03,OCO,Haas F1 Team,21,168.30317126429608,168.31991061788537,199.23076923076923,0.8447649522918337,318.0,after
Miami Grand Prix,2026-05-03,OCO,Haas F1 Team,22,180.48599718178636,181.6376795528679,201.9230769230769,0.8938354146145612,317.5,after
Miami Grand Prix,2026-05-03,OCO,Haas F1 Team,24,172.41510197576366,172.73424200010464,191.15384615384613,0.9019703523883009,319.5,after
Miami Grand Prix,2026-05-03,OCO,Haas F1 Team,27,173.14261171373283,172.44883251579543,221.44230769230768,0.7818858713950593,313.875,after
Miami Grand Prix,2026-05-03,OCO,Haas F1 Team,28,174.06688139032465,175.0239881363759,210.0,0.8288899113824983,316.0,after
Miami Grand Prix,2026-05-03,OCO,Haas F1 Team,29,163.49773675367194,163.03668464243367,236.41826923076925,0.6915613471228015,311.09375,after
Miami Grand Prix,2026-05-03,OCO,Haas F1 Team,34,181.9882254182495,181.92293713205507,250.3846153846154,0.7268346944507661,308.5,after
Miami Grand Prix,2026-05-03,OCO,Haas F1 Team,35,216.52712642549548,216.0133109634811,249.87980769230768,0.8665251043098232,308.59375,after
Miami Grand Prix,2026-05-03,OCO,Haas F1 Team,37,196.08238093299497,196.08015987535106,240.625,0.8148878168643947,310.3125,after
Miami Grand Prix,2026-05-03,OCO,Haas F1 Team,41,200.34557625222618,200.4281708735882,242.30769230769232,0.8268230131044255,310.0,after
Miami Grand Prix,2026-05-03,OCO,Haas F1 Team,43,163.15136333626333,162.97602389944356,229.9448837766594,0.7095237809018999,312.29595015576325,after
Miami Grand Prix,2026-05-03,OCO,Haas F1 Team,45,192.03388112676055,191.92067665312237,243.65384615384616,0.788142211412119,309.75,after
Miami Grand Prix,2026-05-03,OCO,Haas F1 Team,46,183.8699668793349,184.0152592377876,238.65384615384608,0.77044627540092,310.67857142857144,after
Miami Grand Prix,2026-05-03,OCO,Haas F1 Team,48,219.49692736278578,217.58460727967022,161.53846153846155,1.358790502722007,325.0,after
Miami Grand Prix,2026-05-03,OCO,Haas F1 Team,50,168.04144522806575,167.61929612041646,204.6153846153846,0.821255183445434,317.0,after
Miami Grand Prix,2026-05-03,OCO,Haas F1 Team,51,149.06329498853913,147.85195220933045,187.97916666666634,0.7929777412667506,320.0895833333334,after
Miami Grand Prix,2026-05-03,OCO,Haas F1 Team,52,184.88964943062473,184.44928613963924,212.1859175307451,0.8713568345261876,315.59404388714734,after
Miami Grand Prix,2026-05-03,OCO,Haas F1 Team,53,193.56815747951856,192.96663026072116,215.38461538461542,0.8987093025834789,315.0,after
Miami Grand Prix,2026-05-03,OCO,Haas F1 Team,55,170.60998051659269,170.3666709320669,223.46153846153845,0.7634870040329449,313.5,after
Miami Grand Prix,2026-05-03,OCO,Haas F1 Team,56,179.59931745547783,179.50026051524634,231.53846153846152,0.7756781152562165,312.0,after
Miami Grand Prix,2026-05-03,LIN,Racing Bulls,3,,,,,,after
Miami Grand Prix,2026-05-03,LIN,Racing Bulls,5,181.18395933001943,181.99277608987478,187.38461538461576,0.9669094709730082,320.19999999999993,after
Miami Grand Prix,2026-05-03,LIN,Racing Bulls,14,,,,,,after
Miami Grand Prix,2026-05-03,LIN,Racing Bulls,19,188.44979016054884,187.27184288490108,221.82692307692298,0.8495352482313433,313.80357142857144,after
Miami Grand Prix,2026-05-03,LIN,Racing Bulls,20,218.85309664645402,218.73018347418127,148.30128205128216,1.4757330052667734,327.4583333333333,after
Miami Grand Prix,2026-05-03,LIN,Racing Bulls,21,258.2852451681774,258.04635144434286,138.45192307692295,1.8655229875331951,329.2875,after
Miami Grand Prix,2026-05-03,LIN,Racing Bulls,23,,,,,,after
Miami Grand Prix,2026-05-03,LIN,Racing Bulls,24,113.6696995556519,111.88893674902926,164.64650494733468,0.6903863497862364,324.42279193835213,after
Miami Grand Prix,2026-05-03,LIN,Racing Bulls,25,,,,,,after
Miami Grand Prix,2026-05-03,LIN,Racing Bulls,27,164.9772990137306,165.1411299274938,218.0769230769231,0.7565096603804224,314.5,after
Miami Grand Prix,2026-05-03,LIN,Racing Bulls,30,170.57961202551382,169.23491916635732,209.73076923076917,0.8133265931896866,316.05,after
Miami Grand Prix,2026-05-03,LIN,Racing Bulls,31,157.0014970133996,155.55577798429738,201.9230769230769,0.7775312233044551,317.5,after
Miami Grand Prix,2026-05-03,LIN,Racing Bulls,32,160.67203404920997,158.74694122974293,190.6153846153845,0.8429122044550972,319.6,after
Miami Grand Prix,2026-05-03,LIN,Racing Bulls,33,,,,,,after
Miami Grand Prix,2026-05-03,LIN,Racing Bulls,34,179.5346972541481,179.48365156028606,223.18376068376043,0.8044254505978115,313.55158730158735,after
Miami Grand Prix,2026-05-03,LIN,Racing Bulls,35,177.93606193027483,176.79013008627868,211.9374550682962,0.839568739149649,315.64018691588785,after
Miami Grand Prix,2026-05-03,LIN,Racing Bulls,36,177.6452279596671,177.0281677952418,219.86431623931594,0.8079766239388543,314.1680555555556,after
Miami Grand Prix,2026-05-03,LIN,Racing Bulls,37,185.68987991826705,185.8211495838456,213.6442307692307,0.8691546654439795,315.3232142857143,after
Miami Grand Prix,2026-05-03,LIN,Racing Bulls,38,174.0447112782664,173.21515163176537,221.44230769230768,0.7859596167147072,313.875,after
Miami Grand Prix,2026-05-03,LIN,Racing Bulls,39,172.72070587311802,172.1472456893418,215.83333333333323,0.8002503747017055,314.9166666666667,after
Miami Grand Prix,2026-05-03,LIN,Racing Bulls,40,170.6355362156709,169.706627339988,215.72115384615384,0.7910004798943514,314.9375,after
Miami Grand Prix,2026-05-03,LIN,Racing Bulls,42,181.87833819550428,181.24353321855077,212.2716346153846,0.8568188515863175,315.578125,after
Miami Grand Prix,2026-05-03,LIN,Racing Bulls,44,164.6642637119062,163.60524253826088,193.84615384615384,0.8494585032757065,319.0,after
Miami Grand Prix,2026-05-03,LIN,Racing Bulls,48,169.85101430378202,168.9740796215131,210.86538461538424,0.8054950062742071,315.8392857142858,after
Miami Grand Prix,2026-05-03,LIN,Racing Bulls,49,168.17767017473687,167.27184711829005,206.26748251748225,0.8153377746319416,316.69318181818187,after
Miami Grand Prix,2026-05-03,LIN,Racing Bulls,50,175.7590293345119,174.5992202952082,204.27884615384616,0.8603878112868552,317.0625,after
Miami Grand Prix,2026-05-03,LIN,Racing Bulls,51,174.0020531831738,173.05169267927528,209.43269230769195,0.8308256522221251,316.1053571428572,after
Miami Grand Prix,2026-05-03,LIN,Racing Bulls,52,176.99303094701312,176.07026916056643,210.0,0.8428239568905387,316.0,after
Miami Grand Prix,2026-05-03,LIN,Racing Bulls,54,112.4298299716336,108.87795719773243,179.18055555555532,0.6274666892456111,321.72361111111115,after
Miami Grand Prix,2026-05-03,LIN,Racing Bulls,55,170.32545911640483,169.4626883090692,212.69230769230768,0.8008068602217948,315.5,after
Miami Grand Prix,2026-05-03,ALO,Aston Martin,2,183.30221214193043,184.94378027813661,164.1133422623806,1.1169244962964138,324.5218078655579,after
Miami Grand Prix,2026-05-03,ALO,Aston Martin,3,181.83632594606817,182.45950716747686,223.0128205128203,0.8153626573034395,313.58333333333337,after
Miami Grand Prix,2026-05-03,ALO,Aston Martin,5,194.69564237964144,196.47845386863537,189.2403846153849,1.0288271331478422,319.8553571428571,after
Miami Grand Prix,2026-05-03,ALO,Aston Martin,18,214.7609470459517,215.0653520782794,210.0,1.0226711764092937,316.0,after
Miami Grand Prix,2026-05-03,ALO,Aston Martin,19,159.85963993685826,160.02277104820874,220.76923076923075,0.724102898668696,314.0,after
Miami Grand Prix,2026-05-03,ALO,Aston Martin,21,204.52704867407792,203.6640415491138,274.5265882293311,0.745017267701671,304.01649075740994,after
Miami Grand Prix,2026-05-03,ALO,Aston Martin,22,166.825327881601,166.50449324227483,274.61538461538464,0.6074871883643733,304.0,after
Miami Grand Prix,2026-05-03,ALO,Aston Martin,23,169.44806778218967,169.2643619740268,271.8482905982905,0.6233184965381395,304.5138888888889,after
Miami Grand Prix,2026-05-03,ALO,Aston Martin,25,174.3817681419499,174.56362524173161,271.92307692307696,0.6412908022193348,304.5,after
Miami Grand Prix,2026-05-03,ALO,Aston Martin,26,180.14533401725564,179.99970974353704,271.92307692307696,0.6624863768668524,304.5,after
Miami Grand Prix,2026-05-03,ALO,Aston Martin,27,197.52187833557363,197.17902745881167,269.2307692307692,0.733652690960702,305.0,after
Miami Grand Prix,2026-05-03,ALO,Aston Martin,30,229.83965474353712,229.5706102115216,271.1378205128206,0.8476857057743786,304.6458333333333,after
Miami Grand Prix,2026-05-03,ALO,Aston Martin,31,196.43940919537917,196.24902247078737,298.8461538461538,0.6573262083757863,299.5,after
Miami Grand Prix,2026-05-03,ALO,Aston Martin,32,188.1778548391263,187.64845501077235,288.07692307692304,0.6532208579195306,301.5,after
Miami Grand Prix,2026-05-03,ALO,Aston Martin,33,172.51345326652594,172.19572684534285,273.5608974358975,0.6306217550955007,304.1958333333333,after
Miami Grand Prix,2026-05-03,ALO,Aston Martin,34,219.31901548932422,218.81532073114818,222.90064102564122,0.9839317396314486,313.60416666666663,after
Miami Grand Prix,2026-05-03,ALO,Aston Martin,35,207.53231067942062,207.24027816690744,263.8461538461538,0.7865656089890578,306.0,after
Miami Grand Prix,2026-05-03,ALO,Aston Martin,39,188.54910821967258,187.6962532568617,288.07692307692304,0.6545095879454589,301.5,after
Miami Grand Prix,2026-05-03,ALO,Aston Martin,43,172.69757938625838,172.31737872394018,224.86378205128216,0.7680097604463185,313.2395833333333,after
Miami Grand Prix,2026-05-03,ALO,Aston Martin,44,191.8778591036722,190.55814358869569,185.76923076923077,1.032882885444198,320.5,after
Miami Grand Prix,2026-05-03,ALO,Aston Martin,49,345.6854436435924,345.5458450669579,190.48076923076923,1.8148049540097735,319.625,after
Miami Grand Prix,2026-05-03,ALO,Aston Martin,50,186.25626696703978,185.44209603677962,195.0801282051283,0.9547680159979691,318.7708333333333,after
Miami Grand Prix,2026-05-03,ALO,Aston Martin,51,235.53271958491317,235.05643284593788,187.1153846153846,1.2587565692102245,320.25,after
Miami Grand Prix,2026-05-03,ALO,Aston Martin,52,227.82002937898355,227.59929105540712,304.2644230769232,0.7487567132401372,298.49375,after
Miami Grand Prix,2026-05-03,ALO,Aston Martin,53,239.4799889730931,239.42626919302086,315.0,0.7602539332479146,296.5,after
Miami Grand Prix,2026-05-03,ALO,Aston Martin,54,210.14833902095864,210.6618553503254,313.6538461538462,0.6700008356278263,296.75,after
Miami Grand Prix,2026-05-03,ALO,Aston Martin,55,216.34827404214337,216.82090688446664,320.7211538461538,0.6745681457167715,295.4375,after
Miami Grand Prix,2026-05-03,PER,Cadillac,2,169.854501306059,168.91837879890053,121.15384615384616,1.4019736615738203,332.5,after
Miami Grand Prix,2026-05-03,PER,Cadillac,3,168.76062572374067,168.91371388750116,161.49679487179483,1.044978173453611,325.0077380952381,after
Miami Grand Prix,2026-05-03,PER,Cadillac,12,,,,,,after
Miami Grand Prix,2026-05-03,PER,Cadillac,14,211.93496031295484,211.68649690645955,175.96153846153854,1.2044391187184316,322.32142857142856,after
Miami Grand Prix,2026-05-03,PER,Cadillac,18,191.23954823174526,191.07255170018055,244.32692307692307,0.7827199140535815,309.625,after
Miami Grand Prix,2026-05-03,PER,Cadillac,19,186.1677428996595,186.5318090144982,247.55769230769243,0.7520176051256342,309.025,after
Miami Grand Prix,2026-05-03,PER,Cadillac,20,213.95677693536226,213.3337191972313,258.26923076923083,0.8284253462873296,307.0357142857143,after
Miami Grand Prix,2026-05-03,PER,Cadillac,21,190.8729947125612,190.66599245868787,252.55341880341908,0.7557727613306701,308.0972222222222,after
Miami Grand Prix,2026-05-03,PER,Cadillac,22,202.6718550766041,203.78963966348454,256.4423076923077,0.7903214446181787,307.375,after
Miami Grand Prix,2026-05-03,PER,Cadillac,23,173.93889226145973,173.70955851155367,244.99999999999997,0.7099546622916725,309.5,after
Miami Grand Prix,2026-05-03,PER,Cadillac,25,178.63567618176899,178.27021598419933,267.8771367521369,0.666856747640461,305.25138888888887,after
Miami Grand Prix,2026-05-03,PER,Cadillac,26,179.52881404315252,179.63943946896973,255.93749999999997,0.7014556836850893,307.46875,after
Miami Grand Prix,2026-05-03,PER,Cadillac,27,206.45444831044657,205.83724840527887,255.79914529914515,0.8070959270368465,307.49444444444447,after
Miami Grand Prix,2026-05-03,PER,Cadillac,31,173.25093867826567,172.79492756256525,272.8485576923077,0.6349710628620635,304.328125,after
Miami Grand Prix,2026-05-03,PER,Cadillac,32,220.78630126690788,219.81831159025265,273.46153846153845,0.8073760665175254,304.2142857142857,after
Miami Grand Prix,2026-05-03,PER,Cadillac,33,219.48553775686486,219.1295671514977,273.46153846153874,0.8026194067058341,304.21428571428567,after
Miami Grand Prix,2026-05-03,PER,Cadillac,34,227.48915724856317,226.7665539153537,276.62115384615385,0.8223852517623578,303.6275,after
Miami Grand Prix,2026-05-03,PER,Cadillac,38,227.71097741435725,228.39936978827495,260.68269230769243,0.873517821219916,306.5875,after
Miami Grand Prix,2026-05-03,PER,Cadillac,39,199.09751115719817,198.48493364616277,261.15384615384613,0.7623763313824966,306.5,after
Miami Grand Prix,2026-05-03,PER,Cadillac,40,214.18900839776774,213.66421605698287,259.47115384615387,0.8254829302711819,306.8125,after
Miami Grand Prix,2026-05-03,PER,Cadillac,42,215.43119074149087,215.03596586893656,231.9423076923076,0.9288136902874993,311.925,after
Miami Grand Prix,2026-05-03,PER,Cadillac,44,251.73023177483358,251.47154137599583,204.78671328671342,1.2292312705971136,316.9681818181818,after
Miami Grand Prix,2026-05-03,PER,Cadillac,49,197.9932378697385,197.50123550934146,262.43881118881126,0.7544358129533383,306.2613636363636,after
Miami Grand Prix,2026-05-03,PER,Cadillac,50,,,,,,after
Miami Grand Prix,2026-05-03,PER,Cadillac,51,116.05137568002309,112.22839926010623,217.1514423076923,0.5344259952719279,314.671875,after
Miami Grand Prix,2026-05-03,PER,Cadillac,52,256.6295567181944,256.1745079791941,214.39743589743588,1.19698053124554,315.18333333333334,after
Miami Grand Prix,2026-05-03,PER,Cadillac,54,179.3532561678347,178.90810437990092,236.25000000000003,0.7591672218744325,311.125,after
Miami Grand Prix,2026-05-03,PER,Cadillac,55,200.44870073849665,199.40362732353873,254.61538461538456,0.7872607581874492,307.7142857142857,after
Miami Grand Prix,2026-05-03,STR,Aston Martin,5,156.4472344876029,156.5048046768973,294.98070894622623,0.5303642907581547,300.217868338558,after
Miami Grand Prix,2026-05-03,STR,Aston Martin,12,,,,,,after
Miami Grand Prix,2026-05-03,STR,Aston Martin,14,233.4714232694516,232.86719118847643,208.74999999999986,1.1184259797339007,316.2321428571429,after
Miami Grand Prix,2026-05-03,STR,Aston Martin,17,177.13176418486336,177.8119988652026,282.4230769230769,0.627185873458593,302.55,after
Miami Grand Prix,2026-05-03,STR,Aston Martin,18,169.05291211715956,168.6499401638089,279.63286713286686,0.604553083657489,303.06818181818187,after
Miami Grand Prix,2026-05-03,STR,Aston Martin,19,164.15819734574848,163.3725560714807,265.36057692307696,0.6186231551393366,305.71875,after
Miami Grand Prix,2026-05-03,STR,Aston Martin,20,180.36261076406933,180.21180207359578,271.55594405594377,0.6641821499842128,304.56818181818187,after
Miami Grand Prix,2026-05-03,STR,Aston Martin,23,195.0135345974835,193.83474172777025,220.55769230769235,0.8841837822887034,314.0392857142857,after
Miami Grand Prix,2026-05-03,STR,Aston Martin,24,187.32084895218006,187.3727627443051,328.46153846153845,0.570297666599143,294.0,after
Miami Grand Prix,2026-05-03,STR,Aston Martin,28,203.61332702168488,202.5107364740004,306.92307692307696,0.6634018173638855,298.0,after
Miami Grand Prix,2026-05-03,STR,Aston Martin,30,173.65324002444711,173.22867622303093,263.8461538461538,0.658160968022686,306.0,after
Miami Grand Prix,2026-05-03,STR,Aston Martin,31,166.67995950706444,166.51281306658268,277.3076923076923,0.6010650412182629,303.5,after
Miami Grand Prix,2026-05-03,STR,Aston Martin,32,181.60237126058468,181.37427702189726,276.14510489510474,0.6576338600301004,303.7159090909091,after
Miami Grand Prix,2026-05-03,STR,Aston Martin,33,182.86564102271993,182.7574389557969,273.25664989216403,0.6692083837479698,304.2523364485981,after
Miami Grand Prix,2026-05-03,STR,Aston Martin,34,199.2134234541469,198.86008081800884,286.35683760683753,0.6956824398503211,301.81944444444446,after
Miami Grand Prix,2026-05-03,STR,Aston Martin,35,203.7695237579099,203.36966035725447,286.383012820513,0.7115279700113355,301.8145833333333,after
Miami Grand Prix,2026-05-03,STR,Aston Martin,36,196.06504299167818,195.43242178630348,280.0,0.7002322963988507,303.0,after
Miami Grand Prix,2026-05-03,STR,Aston Martin,39,179.2880086353275,179.0027393656852,265.41666666666646,0.6754964218599471,305.70833333333337,after
Miami Grand Prix,2026-05-03,STR,Aston Martin,41,189.8702917947861,189.62583427807746,272.3211875843455,0.697229229495696,304.42606516290726,after
Miami Grand Prix,2026-05-03,STR,Aston Martin,42,183.90429879670577,183.63466682167268,282.6923076923077,0.6505458188727008,302.5,after
Miami Grand Prix,2026-05-03,STR,Aston Martin,43,191.13497297234392,190.6705653569835,277.3076923076923,0.6892523297199642,303.5,after
Miami Grand Prix,2026-05-03,STR,Aston Martin,50,189.6405910128366,188.95153783391766,282.6923076923077,0.6708374648073132,302.5,after
Miami Grand Prix,2026-05-03,STR,Aston Martin,51,204.29361506232829,203.47169572881972,276.71875,0.7382716749852631,303.609375,after
Miami Grand Prix,2026-05-03,STR,Aston Martin,53,199.8887861220114,199.18618680256134,274.6826923076919,0.7277079762204367,303.98750000000007,after
Miami Grand Prix,2026-05-03,STR,Aston Martin,55,197.6591946511664,196.6199598670113,274.0585664335666,0.721229762030008,304.10340909090905,after
Miami Grand Prix,2026-05-03,STR,Aston Martin,56,202.57491602874723,201.56704394637669,183.0769230769231,1.1065016421738292,321.0,after
Miami Grand Prix,2026-05-03,BOT,Cadillac,2,225.6674652106327,225.92564870668159,146.73076923076923,1.537969618735636,327.75,after
Miami Grand Prix,2026-05-03,BOT,Cadillac,3,234.92810023172123,236.25760984187394,145.8445512820513,1.6108116358587143,327.9145833333333,after
Miami Grand Prix,2026-05-03,BOT,Cadillac,5,213.67475078584894,214.74452589155698,216.45833333333331,0.9871403308682146,314.80059523809524,after
Miami Grand Prix,2026-05-03,BOT,Cadillac,12,132.65000315058842,134.1336811361936,189.1907051282049,0.7011443985088922,319.86458333333337,after
Miami Grand Prix,2026-05-03,BOT,Cadillac,14,211.93458810777875,212.4888185578472,143.53365384615384,1.476549801588276,328.34375,after
Miami Grand Prix,2026-05-03,BOT,Cadillac,18,212.89509842047767,212.82467208221988,247.57211538461559,0.8599316530043561,309.0223214285714,after
Miami Grand Prix,2026-05-03,BOT,Cadillac,19,174.11620263628643,173.89828266469956,251.04495079660776,0.6935658418294672,308.37736628063,after
Miami Grand Prix,2026-05-03,BOT,Cadillac,20,208.9191735471382,208.90637903319333,263.8461538461538,0.7918219405576667,306.0,after
Miami Grand Prix,2026-05-03,BOT,Cadillac,23,187.04516686734365,186.12375536166695,292.5331564986735,0.6393981766240976,300.6724137931035,after
Miami Grand Prix,2026-05-03,BOT,Cadillac,24,177.5356345360597,176.63454092211055,202.03321678321666,0.8787447795109699,317.4795454545455,after
Miami Grand Prix,2026-05-03,BOT,Cadillac,25,243.13409776123783,243.24311124578773,200.38461538461513,1.213337148136697,317.78571428571433,after
Miami Grand Prix,2026-05-03,BOT,Cadillac,26,170.07777392396855,169.20473615270123,240.232371794872,0.7079719217408111,310.38541666666663,after
Miami Grand Prix,2026-05-03,BOT,Cadillac,28,184.33617983878582,184.01423006108047,253.99679487179498,0.7257421493520405,307.82916666666665,after
Miami Grand Prix,2026-05-03,BOT,Cadillac,32,195.90711279188338,195.17141161795908,279.89230769230716,0.6999374666889707,303.0200000000001,after
Miami Grand Prix,2026-05-03,BOT,Cadillac,33,265.1957945401782,263.8011666538383,201.9230769230769,1.3133506015323113,317.5,after
Miami Grand Prix,2026-05-03,BOT,Cadillac,35,193.31267612219085,193.26482086792075,263.97435897435923,0.7323161115847922,305.9761904761904,after
Miami Grand Prix,2026-05-03,BOT,Cadillac,36,212.61140446515756,213.73849741208986,258.10443376068343,0.8237417752470406,307.0663194444445,after
Miami Grand Prix,2026-05-03,BOT,Cadillac,37,207.83812366615336,207.58047907618501,262.07167832167806,0.7930583151798796,306.3295454545455,after
Miami Grand Prix,2026-05-03,BOT,Cadillac,39,218.41634152782498,219.03256385928674,240.9488787074997,0.9064841583802177,310.25235109717863,after
Miami Grand Prix,2026-05-03,BOT,Cadillac,40,204.19122788933683,203.8543091776261,231.53846153846152,0.8818890241067704,312.0,after
Miami Grand Prix,2026-05-03,BOT,Cadillac,42,183.04965476686252,184.10732965253243,265.9038461538462,0.688405442097118,305.61785714285713,after
Miami Grand Prix,2026-05-03,BOT,Cadillac,44,218.31122867291668,217.69975866093236,270.0262237762237,0.8084815823437791,304.85227272727275,after
Miami Grand Prix,2026-05-03,BOT,Cadillac,45,202.85092052250667,202.93912517332834,253.8846153846153,0.7989886280238109,307.85,after
Miami Grand Prix,2026-05-03,BOT,Cadillac,46,191.02580963756608,190.65263811854544,257.6931089743591,0.7412918816411714,307.1427083333333,after
Miami Grand Prix,2026-05-03,BOT,Cadillac,47,249.41093117277725,249.4066775385299,223.31346153846164,1.1168647400587661,313.5275,after
Miami Grand Prix,2026-05-03,BOT,Cadillac,49,187.99739798202364,187.03086401397246,216.6802884615386,0.8676257509016274,314.759375,after
Miami Grand Prix,2026-05-03,BOT,Cadillac,50,196.61933653810308,195.97322500156596,230.26709401709417,0.8538750939528806,312.2361111111111,after
Miami Grand Prix,2026-05-03,BOT,Cadillac,52,198.1268712062029,198.01186212314937,239.66093117408934,0.8266965760150695,310.4915413533834,after
Miami Grand Prix,2026-05-03,BOT,Cadillac,54,204.3804198957859,203.9720565519013,263.2329059829057,0.7764242815032341,306.11388888888894,after
Miami Grand Prix,2026-05-03,BOT,Cadillac,55,189.5578704651404,190.40946683867682,218.0769230769231,0.8692248028383863,314.5,after
Miami Grand Prix,2026-05-03,HUL,Audi,3,145.47870333130248,145.0839312105044,209.5991732566499,0.6940805207908276,316.07443925233645,after
Miami Grand Prix,2026-05-03,HUL,Audi,5,121.12130349158586,120.52096020554369,190.86538461538484,0.6345902046914315,319.5535714285714,after
Miami Grand Prix,2026-05-03,LAW,Racing Bulls,3,175.10621845868184,174.97723634378005,199.94871794871787,0.8757556450229025,317.8666666666667,after
Miami Grand Prix,2026-05-03,LAW,Racing Bulls,4,214.28623803049453,214.91465082116022,216.19230769230757,0.9911834529074651,314.85,after
Miami Grand Prix,2026-05-03,GAS,Alpine,3,199.06013370292766,203.82183318077392,55.192307692307686,3.6066644433979924,344.75,after
Miami Grand Prix,2026-05-03,HAD,Red Bull Racing,2,196.88246985071504,196.82764074556655,74.0288461538463,2.659537195021993,341.2517857142857,after
Miami Grand Prix,2026-05-03,HAD,Red Bull Racing,3,213.628812007996,211.7136559481306,123.65384615384589,1.7276358047302978,332.03571428571433,after
Canadian Grand Prix,2026-05-24,ANT,Mercedes,3,283.4142521592828,285.2828415038573,286.17884615384634,0.9903396284116774,301.85249999999996,after
Canadian Grand Prix,2026-05-24,ANT,Mercedes,4,248.49650902821338,250.82345801314872,288.1517094017095,0.8623808255178066,301.4861111111111,after
Canadian Grand Prix,2026-05-24,ANT,Mercedes,5,237.8105170906048,239.20016564146422,280.7692307692306,0.8469963622405109,302.8571428571429,after
Canadian Grand Prix,2026-05-24,ANT,Mercedes,6,192.64322028822835,192.85333927554234,272.7884615384618,0.7062000320752813,304.33928571428567,after
Canadian Grand Prix,2026-05-24,ANT,Mercedes,7,180.71715988113272,181.78911791784017,193.85288461538477,0.9322386934797793,318.99875,after
Canadian Grand Prix,2026-05-24,ANT,Mercedes,8,175.88375854432255,176.01694634401875,216.86538461538447,0.8110273516276295,314.725,after
Canadian Grand Prix,2026-05-24,ANT,Mercedes,10,213.16454491546745,213.88872659524725,229.48557692307708,0.9288799225361322,312.38124999999997,after
Canadian Grand Prix,2026-05-24,ANT,Mercedes,11,169.9957799921133,170.19491331205887,208.23878205128196,0.8163502413793858,316.32708333333335,after
Canadian Grand Prix,2026-05-24,ANT,Mercedes,12,158.77573822090733,158.13544732908377,247.43149038461553,0.6416957598004247,309.0484375,after
Canadian Grand Prix,2026-05-24,ANT,Mercedes,15,376.7812722871607,377.94461409773595,190.90985576923094,1.9736082810863802,319.54531249999997,after
Canadian Grand Prix,2026-05-24,ANT,Mercedes,16,282.5324487806378,283.6467406087175,156.09615384615407,1.8099898160149248,326.01071428571424,after
Canadian Grand Prix,2026-05-24,ANT,Mercedes,17,406.33417000063054,409.0912298762612,202.9506269592479,2.0021331103462012,317.3091692789968,after
Canadian Grand Prix,2026-05-24,ANT,Mercedes,18,149.2290398362116,151.10595329909805,130.57572115384616,1.1428544182450873,330.7502232142857,after
Canadian Grand Prix,2026-05-24,ANT,Mercedes,19,,,,,,after
Canadian Grand Prix,2026-05-24,ANT,Mercedes,21,342.19899576910643,344.7851529327449,103.3173076923083,3.3121168506269765,335.8124999999999,after
Canadian Grand Prix,2026-05-24,ANT,Mercedes,23,,,,,,after
Canadian Grand Prix,2026-05-24,ANT,Mercedes,26,298.4521992348033,300.6767274711088,95.0496794871795,3.139960080297368,337.34791666666666,after
Canadian Grand Prix,2026-05-24,ANT,Mercedes,27,304.64216266559754,306.8080733100145,112.982692307693,2.6963613314855874,334.01749999999987,after
Canadian Grand Prix,2026-05-24,ANT,Mercedes,28,,,,,,after
Canadian Grand Prix,2026-05-24,ANT,Mercedes,29,,,,,,after
Canadian Grand Prix,2026-05-24,ANT,Mercedes,30,231.03128472694044,233.4361163307239,142.3076923076924,1.6234630818649858,328.57142857142856,after
Canadian Grand Prix,2026-05-24,ANT,Mercedes,34,158.0126388647107,159.369373627976,178.44951923076925,0.88547528480797,321.859375,after
Canadian Grand Prix,2026-05-24,ANT,Mercedes,36,227.26024523591383,229.62742346529296,275.96153846153817,0.8235214461510476,303.75000000000006,after
Canadian Grand Prix,2026-05-24,ANT,Mercedes,37,217.59286103826665,219.23753294051542,267.21153846153845,0.8143093756020056,305.375,after
Canadian Grand Prix,2026-05-24,ANT,Mercedes,38,208.86225060538226,209.56245070536758,238.89182692307674,0.8742963428072238,310.63437500000003,after
Canadian Grand Prix,2026-05-24,ANT,Mercedes,39,237.946798861569,238.93511388359696,236.2920673076923,1.0070029077688925,311.1171875,after
Canadian Grand Prix,2026-05-24,ANT,Mercedes,41,183.8493669311839,184.30147483197595,252.85256410256397,0.7271010582143416,308.0416666666667,after
Canadian Grand Prix,2026-05-24,ANT,Mercedes,42,274.00235660252713,276.6571447594668,272.88461538461513,1.0040960213764216,304.3214285714286,after
Canadian Grand Prix,2026-05-24,ANT,Mercedes,43,237.71001988049088,239.82435445377556,257.75480769230757,0.9222331176233772,307.13125,after
Canadian Grand Prix,2026-05-24,ANT,Mercedes,45,233.88838717200164,235.12801268191265,247.01923076923077,0.9468428285670755,309.125,after
Canadian Grand Prix,2026-05-24,ANT,Mercedes,47,261.54125327965875,263.02926600309695,249.71153846153848,1.0473735210275128,308.625,after
Canadian Grand Prix,2026-05-24,ANT,Mercedes,49,214.68744305763542,216.53285109541204,269.9879807692308,0.7951740756976036,304.859375,after
Canadian Grand Prix,2026-05-24,ANT,Mercedes,50,263.65119318776146,266.5521622728879,285.85381423555646,0.9223287570705667,301.9128630705395,after
Canadian Grand Prix,2026-05-24,ANT,Mercedes,52,354.1508781378262,357.87708303976956,283.14659941261664,1.2507686084611538,302.4156315376569,after
Canadian Grand Prix,2026-05-24,ANT,Mercedes,56,204.23764789684685,205.04110583267232,215.38461538461476,0.9482462223782202,315.0000000000001,after
Canadian Grand Prix,2026-05-24,ANT,Mercedes,57,271.67636837553135,274.3420370177643,266.8076923076921,1.0182478849306358,305.45000000000005,after
Canadian Grand Prix,2026-05-24,ANT,Mercedes,58,251.43184342039808,254.19575043098934,270.57692307692184,0.9292434866994144,304.7500000000002,after
Canadian Grand Prix,2026-05-24,ANT,Mercedes,64,277.23621864854647,279.94439282262454,274.2307692307693,1.0109595630942787,304.07142857142856,after
Canadian Grand Prix,2026-05-24,ANT,Mercedes,66,328.5640835451879,331.44811139019083,221.4618576444287,1.4836147724937752,313.8713692946061,after
Canadian Grand Prix,2026-05-24,ANT,Mercedes,67,242.44582581069938,244.4759117613886,263.39743589743597,0.9204562868451956,306.0833333333333,after
Canadian Grand Prix,2026-05-24,ANT,Mercedes,68,408.1515801564133,411.9862766597724,172.30769230769232,2.3687368491220413,323.0,after
Canadian Grand Prix,2026-05-24,HAM,Ferrari,2,,,,,,after
Canadian Grand Prix,2026-05-24,HAM,Ferrari,3,233.8667183173488,234.91997387868116,180.6874999999999,1.2943159782350686,321.44375,after
Canadian Grand Prix,2026-05-24,HAM,Ferrari,4,240.99921412062616,243.3826072176116,100.34455128205168,2.4017169945104224,336.36458333333326,after
Canadian Grand Prix,2026-05-24,HAM,Ferrari,5,251.11820056876266,253.2295601860272,140.50480769230768,1.7872569963491065,328.90625,after
Canadian Grand Prix,2026-05-24,HAM,Ferrari,6,311.08904882037837,312.5181173950122,238.830128205128,1.3025536231894,310.64583333333337,after
Canadian Grand Prix,2026-05-24,HAM,Ferrari,7,,,,,,after
Canadian Grand Prix,2026-05-24,HAM,Ferrari,10,325.4347638038782,326.8162192967206,210.0,1.549689351447039,316.0,after
Canadian Grand Prix,2026-05-24,HAM,Ferrari,11,261.44336913591616,262.5499580861499,215.2724358974354,1.2144767538212764,315.0208333333334,after
Canadian Grand Prix,2026-05-24,HAM,Ferrari,13,158.46633361103642,160.2994828175961,166.31118881118877,0.9528302620152723,324.1136363636364,after
Canadian Grand Prix,2026-05-24,HAM,Ferrari,15,213.87857530879123,215.01738882615348,156.92115384615374,1.3629684084433815,325.8575,after
Canadian Grand Prix,2026-05-24,HAM,Ferrari,16,204.38397362005176,205.58354757676221,165.91346153846214,1.2318709508249959,324.1874999999999,after
Canadian Grand Prix,2026-05-24,HAM,Ferrari,17,224.8280167311619,225.98934439587367,170.207842296979,1.320902807397567,323.38997214484675,after
Canadian Grand Prix,2026-05-24,HAM,Ferrari,18,259.61089906790573,260.7233607673969,199.62339743589786,1.3005033598392233,317.92708333333326,after
Canadian Grand Prix,2026-05-24,HAM,Ferrari,19,231.709262198999,232.60307636158717,180.87259615384608,1.281063395595386,321.409375,after
Canadian Grand Prix,2026-05-24,HAM,Ferrari,21,,,,,,after
Canadian Grand Prix,2026-05-24,HAM,Ferrari,25,197.08254184075068,197.5238965430214,263.0202675077394,0.7493055334032444,306.15337889141983,after
Canadian Grand Prix,2026-05-24,HAM,Ferrari,27,253.27571137235438,255.78036489157302,285.60897435897414,0.8867918521846553,301.95833333333337,after
Canadian Grand Prix,2026-05-24,HAM,Ferrari,28,252.5113428663182,255.2676223142154,293.44230769230734,0.8605144392849179,300.5035714285715,after
Canadian Grand Prix,2026-05-24,HAM,Ferrari,29,232.20124986884613,234.3668106254557,282.2435897435889,0.8226980463216012,302.5833333333335,after
Canadian Grand Prix,2026-05-24,HAM,Ferrari,33,215.57259957811812,215.81030466461988,248.589743589744,0.8671821953116651,308.83333333333326,after
Canadian Grand Prix,2026-05-24,HAM,Ferrari,34,185.98434179133474,186.39908499460776,251.1923076923082,0.7404061991386761,308.3499999999999,after
Canadian Grand Prix,2026-05-24,HAM,Ferrari,35,222.1884895654078,224.1173342695225,266.54967948717996,0.8335725257403441,305.4979166666666,after
Canadian Grand Prix,2026-05-24,HAM,Ferrari,37,199.0876234067231,199.76647563161015,234.78269230769212,0.8479655014169903,311.39750000000004,after
Canadian Grand Prix,2026-05-24,HAM,Ferrari,38,316.3598389990033,318.8120057956032,250.1466588966583,1.2646974394716952,308.54419191919203,after
Canadian Grand Prix,2026-05-24,HAM,Ferrari,39,244.89623290652116,247.14025618999923,273.38141025641045,0.8958042636360226,304.22916666666663,after
Canadian Grand Prix,2026-05-24,HAM,Ferrari,40,226.4159778851739,227.62250635458105,250.49679487179475,0.9038677640608315,308.4791666666667,after
Canadian Grand Prix,2026-05-24,HAM,Ferrari,41,271.96580806663803,274.55299817999526,277.25874125874196,0.9809097698125792,303.5090909090908,after
Canadian Grand Prix,2026-05-24,HAM,Ferrari,42,260.88454316794144,264.0966420063852,299.22884615384584,0.8718562615912037,299.4289285714286,after
Canadian Grand Prix,2026-05-24,HAM,Ferrari,44,253.10213183870792,256.1590622809456,289.7602142075004,0.8734882134558983,301.18738879003564,after
Canadian Grand Prix,2026-05-24,HAM,Ferrari,45,231.77522945473453,234.16438586977412,284.375,0.8150337739067588,302.1875,after
Canadian Grand Prix,2026-05-24,HAM,Ferrari,49,296.5791736935886,299.099807659592,249.3076923076921,1.1896110021649662,308.70000000000005,after
Canadian Grand Prix,2026-05-24,HAM,Ferrari,50,187.687392930266,189.05967260412328,263.69807692307677,0.7117510871534197,306.02750000000003,after
Canadian Grand Prix,2026-05-24,HAM,Ferrari,57,178.3236103573519,178.77094438036158,167.69038461538483,1.0634098715102567,323.85749999999996,after
Canadian Grand Prix,2026-05-24,HAM,Ferrari,59,163.20611633199644,164.50807982944826,131.1378205128203,1.2445388804981785,330.64583333333337,after
Canadian Grand Prix,2026-05-24,HAM,Ferrari,61,318.97645337029667,320.1141895769175,173.07692307692227,1.8429750639172782,322.857142857143,after
Canadian Grand Prix,2026-05-24,HAM,Ferrari,62,344.3028766880753,348.5807006664462,298.84615384615444,1.1521074380810734,299.4999999999999,after
Canadian Grand Prix,2026-05-24,HAM,Ferrari,63,284.72270904082274,287.2811602746221,269.3653846153845,1.0570129842309408,304.975,after
Canadian Grand Prix,2026-05-24,HAM,Ferrari,64,271.6600582696489,274.29134307874216,264.27430555555543,1.0279472977842745,305.92048611111113,after
Canadian Grand Prix,2026-05-24,HAM,Ferrari,65,258.9240376034513,261.38294835080796,263.189903846153,0.9837916797705308,306.12187500000016,after
Canadian Grand Prix,2026-05-24,HAM,Ferrari,67,229.94559956006685,232.00584995503905,226.15384615384616,1.0167662565581188,313.0,after
Canadian Grand Prix,2026-05-24,HAM,Ferrari,68,205.05348664895126,206.84959725774823,215.9294871794875,0.9496317030499138,314.89880952380946,after
Canadian Grand Prix,2026-05-24,VER,Red Bull Racing,2,161.83370657983522,162.87848235863027,199.80929487179506,0.8099408322504398,317.8925595238095,after
Canadian Grand Prix,2026-05-24,VER,Red Bull Racing,3,154.45370683430698,154.148577806341,231.71233974358967,0.6665752329169167,311.96770833333335,after
Canadian Grand Prix,2026-05-24,VER,Red Bull Racing,4,200.13002823797405,201.59015114166345,188.6241987179488,1.0609986926291999,319.96979166666665,after
Canadian Grand Prix,2026-05-24,VER,Red Bull Racing,5,185.03537173945125,186.09707313795735,172.30769230769232,1.0738659967021724,323.0,after
Canadian Grand Prix,2026-05-24,VER,Red Bull Racing,6,182.77283095295624,183.53656616112073,187.78846153846152,0.9732910608861982,320.125,after
Canadian Grand Prix,2026-05-24,VER,Red Bull Racing,7,155.0736498603912,155.99184684680014,172.78846153846126,0.8974768828870735,322.91071428571433,after
Canadian Grand Prix,2026-05-24,VER,Red Bull Racing,10,161.81407219985,162.32125567244316,259.134615384616,0.624440204407583,306.8749999999999,after
Canadian Grand Prix,2026-05-24,VER,Red Bull Racing,11,225.4757236505757,226.77124189400726,282.67558528428106,0.7976483834775451,302.5031055900621,after
Canadian Grand Prix,2026-05-24,VER,Red Bull Racing,12,186.48272316609695,186.8389686033904,267.88461538461536,0.6961307684592277,305.25,after
Canadian Grand Prix,2026-05-24,VER,Red Bull Racing,13,194.0403247883863,193.7020541969873,261.37820512820497,0.742373774788186,306.45833333333337,after
Canadian Grand Prix,2026-05-24,VER,Red Bull Racing,15,166.71002635307974,167.1737050229152,215.49679487179446,0.7736079158497952,314.97916666666674,after
Canadian Grand Prix,2026-05-24,VER,Red Bull Racing,16,272.87515685240464,272.98013322916677,234.23076923076923,1.1649842492877702,311.5,after
Canadian Grand Prix,2026-05-24,VER,Red Bull Racing,17,203.07463856862216,203.37739192150784,256.3226495726495,0.7922617798590786,307.39722222222224,after
Canadian Grand Prix,2026-05-24,VER,Red Bull Racing,18,181.24292524527186,181.68323950513323,267.5480769230766,0.6774218948969737,305.31250000000006,after
Canadian Grand Prix,2026-05-24,VER,Red Bull Racing,19,197.12336590632046,197.8235248825566,267.4999999999995,0.7369097790890499,305.32142857142867,after
Canadian Grand Prix,2026-05-24,VER,Red Bull Racing,25,215.14520810411955,217.14509477127606,275.9615384615379,0.779620266300644,303.7500000000001,after
Canadian Grand Prix,2026-05-24,VER,Red Bull Racing,26,196.05022976019194,196.7825759061176,273.2636450686242,0.7174398545073867,304.25103734439836,after
Canadian Grand Prix,2026-05-24,VER,Red Bull Racing,27,211.67719445375462,212.27593953414427,260.25641025641045,0.8133409442065443,306.66666666666663,after
Canadian Grand Prix,2026-05-24,VER,Red Bull Racing,28,207.4811968238848,207.9926474660035,252.50000000000105,0.8217077101935997,308.10714285714266,after
Canadian Grand Prix,2026-05-24,VER,Red Bull Racing,29,216.7463926392216,217.41694543522004,262.15787583785504,0.8267781082162853,306.31353734439836,after
Canadian Grand Prix,2026-05-24,VER,Red Bull Racing,30,207.29251578158488,208.4417108386289,238.00000000000026,0.8709769570654818,310.79999999999995,after
Canadian Grand Prix,2026-05-24,VER,Red Bull Racing,33,198.00572443086241,198.8000003075336,231.80769230769204,0.8541809914057455,311.95000000000005,after
Canadian Grand Prix,2026-05-24,VER,Red Bull Racing,34,221.9497698164036,224.471151597363,281.6153846153844,0.7881308406482516,302.70000000000005,after
Canadian Grand Prix,2026-05-24,VER,Red Bull Racing,35,156.46854395153017,156.76702925855986,224.53846153846118,0.6968451768995872,313.30000000000007,after
Canadian Grand Prix,2026-05-24,VER,Red Bull Racing,37,182.96407351768855,183.88466939614835,246.8846153846155,0.741091433472488,309.15,after
Canadian Grand Prix,2026-05-24,VER,Red Bull Racing,38,151.75459707431355,151.59356240301236,242.30769230769232,0.6262888133225639,310.0,after
Canadian Grand Prix,2026-05-24,VER,Red Bull Racing,39,236.8381545884177,239.24799723016153,278.40909090909054,0.8506839838277872,303.2954545454546,after
Canadian Grand Prix,2026-05-24,VER,Red Bull Racing,40,218.265165781599,219.81006744864004,268.874038461538,0.8117747887839363,305.0662500000001,after
Canadian Grand Prix,2026-05-24,VER,Red Bull Racing,41,227.32055699829522,229.61370293384647,271.38461538461524,0.8376324379188886,304.6,after
Canadian Grand Prix,2026-05-24,VER,Red Bull Racing,42,197.30719859635076,197.22868664946773,215.69055944055947,0.9147697474943272,314.9431818181818,after
Canadian Grand Prix,2026-05-24,VER,Red Bull Racing,44,210.93487387404056,213.63308262725357,290.90384615384664,0.7251017016890388,300.9749999999999,after
Canadian Grand Prix,2026-05-24,VER,Red Bull Racing,45,184.7658554660523,186.2515559622734,272.7457264957268,0.6774289659454925,304.3472222222222,after
Canadian Grand Prix,2026-05-24,VER,Red Bull Racing,47,212.57056643048514,215.84996105972837,284.28525641025584,0.7477368651286007,302.20416666666677,after
Canadian Grand Prix,2026-05-24,VER,Red Bull Racing,49,198.3313800269403,198.87310637616673,245.72916666666646,0.8071137126997154,309.36458333333337,after
Canadian Grand Prix,2026-05-24,VER,Red Bull Racing,50,303.0488897128618,306.51094506702174,288.83439836026054,1.0492132911914172,301.35932601880876,after
Canadian Grand Prix,2026-05-24,VER,Red Bull Racing,57,278.1728304583968,281.11931886268553,269.27270548765927,1.0330524586761187,304.99221183800614,after
Canadian Grand Prix,2026-05-24,VER,Red Bull Racing,59,221.21811160761268,223.7170158603997,272.31009615384664,0.8123757243382977,304.4281249999999,after
Canadian Grand Prix,2026-05-24,VER,Red Bull Racing,61,200.30361407641288,200.74889097955213,226.24999999999983,0.8853198412217151,312.9821428571429,after
Canadian Grand Prix,2026-05-24,VER,Red Bull Racing,62,208.5676150970186,209.61741004996037,205.28846153846155,1.0159733943836033,316.875,after
Canadian Grand Prix,2026-05-24,VER,Red Bull Racing,63,156.06573532819442,156.59966554176893,182.96474358974336,0.852982559733673,321.02083333333337,after
Canadian Grand Prix,2026-05-24,VER,Red Bull Racing,64,225.53386776420967,226.0379481478798,201.49999999999974,1.1192747779861538,317.5785714285715,after
Canadian Grand Prix,2026-05-24,VER,Red Bull Racing,65,220.03334753982287,220.68735598313404,174.96634615384605,1.2575752559086413,322.50625,after
Canadian Grand Prix,2026-05-24,VER,Red Bull Racing,67,224.9178846599724,225.44576298940999,186.44230769230768,1.2063671998265668,320.375,after
Canadian Grand Prix,2026-05-24,VER,Red Bull Racing,68,224.70835394138467,226.1161410017162,123.84615384615385,1.81441528027205,332.0,after
Canadian Grand Prix,2026-05-24,LEC,Ferrari,2,333.4041992276508,335.0551446787986,169.70192307692304,1.9646459697249525,323.4839285714286,after
Canadian Grand Prix,2026-05-24,LEC,Ferrari,3,,,,,,after
Canadian Grand Prix,2026-05-24,LEC,Ferrari,4,158.50452888213798,159.9102715361326,180.3733974358976,0.8787577943053849,321.5020833333333,after
Canadian Grand Prix,2026-05-24,LEC,Ferrari,5,,,,,,after
Canadian Grand Prix,2026-05-24,LEC,Ferrari,6,172.80388207394694,172.803238150936,246.30303859841223,0.7015905408933956,309.2580071174377,after
Canadian Grand Prix,2026-05-24,LEC,Ferrari,7,224.08079624115857,224.0892259795653,244.99999999999997,0.9146154948618718,309.5,after
Canadian Grand Prix,2026-05-24,LEC,Ferrari,8,233.85645587328438,235.44340609872359,262.4192307692321,0.8911559384873533,306.26499999999976,after
Canadian Grand Prix,2026-05-24,LEC,Ferrari,10,145.28909668323024,145.3417556947339,214.2220279720278,0.6782173526160507,315.2159090909091,after
Canadian Grand Prix,2026-05-24,LEC,Ferrari,11,262.13065277615357,262.87831238992095,239.17307692307665,1.0959872914979498,310.5821428571429,after
Canadian Grand Prix,2026-05-24,LEC,Ferrari,13,132.2297177658152,132.08351050547188,234.45512820512798,0.5639873129587749,311.45833333333337,after
Canadian Grand Prix,2026-05-24,LEC,Ferrari,17,176.10979558375993,176.91068837254463,253.07692307692307,0.6958745722154648,308.0,after
Canadian Grand Prix,2026-05-24,LEC,Ferrari,19,183.86201212964414,184.63579300907176,254.19011370573887,0.7233247959536716,307.79326459750564,after
Canadian Grand Prix,2026-05-24,LEC,Ferrari,20,243.97301012173241,245.72065080875328,262.4038461538463,0.9297615629410099,306.2678571428571,after
Canadian Grand Prix,2026-05-24,LEC,Ferrari,24,,,,,,after
Canadian Grand Prix,2026-05-24,LEC,Ferrari,25,215.47961244183895,216.1561278667399,246.34615384615387,0.8747025641667154,309.25,after
Canadian Grand Prix,2026-05-24,LEC,Ferrari,27,186.46933238662464,187.11835340219434,251.48846153846148,0.7414627742597523,308.295,after
Canadian Grand Prix,2026-05-24,LEC,Ferrari,28,206.13506367267962,206.78096026973947,256.66666666666583,0.8031236246987543,307.3333333333335,after
Canadian Grand Prix,2026-05-24,LEC,Ferrari,29,257.5489975958262,260.37322889781876,266.813461538462,0.965277374352792,305.4489285714285,after
Canadian Grand Prix,2026-05-24,LEC,Ferrari,34,752.2542588888556,753.511822870502,179.84691870629385,4.182747551640594,321.5998579545454,after
Canadian Grand Prix,2026-05-24,LEC,Ferrari,36,297.182067134968,297.9116446686946,185.96153846153874,1.5980835047588742,320.46428571428567,after
Canadian Grand Prix,2026-05-24,LEC,Ferrari,38,253.50160993440537,254.78409088583726,134.13581730769377,1.8898875410204476,330.0890624999997,after
Canadian Grand Prix,2026-05-24,LEC,Ferrari,39,358.9584514390035,360.9193067953405,186.15384615384608,1.928289201945061,320.42857142857144,after
Canadian Grand Prix,2026-05-24,LEC,Ferrari,40,180.59458033466757,180.6677822076869,247.6923076923077,0.7291085541461734,309.0,after
Canadian Grand Prix,2026-05-24,LEC,Ferrari,42,225.31363185838376,228.16688175531738,286.71153846153817,0.785854776083974,301.7535714285715,after
Canadian Grand Prix,2026-05-24,LEC,Ferrari,43,242.6814737012706,245.55709734290264,283.23076923076906,0.856833014154405,302.40000000000003,after
Canadian Grand Prix,2026-05-24,LEC,Ferrari,44,334.6454231714886,336.7400289461982,275.8653846153854,1.2130750787673306,303.767857142857,after
Canadian Grand Prix,2026-05-24,LEC,Ferrari,48,251.65148919211026,254.4160891450282,280.67307692307753,0.8966000300095721,302.8749999999999,after
Canadian Grand Prix,2026-05-24,LEC,Ferrari,49,246.61377227688894,249.8739103631567,301.53846153846155,0.8178517958162133,299.0,after
Canadian Grand Prix,2026-05-24,LEC,Ferrari,50,257.132260295022,260.9597954234307,304.9038461538462,0.843322455713727,298.375,after
Canadian Grand Prix,2026-05-24,LEC,Ferrari,51,177.29180629174073,178.36451877451867,266.44230769230757,0.665404108781705,305.51785714285717,after
Canadian Grand Prix,2026-05-24,LEC,Ferrari,54,174.1226533311737,174.72386213515256,247.53145903010028,0.7034364602117101,309.02987189440995,after
Canadian Grand Prix,2026-05-24,LEC,Ferrari,55,267.3454363896534,269.4971331094854,251.3437500000001,1.0636645486098353,308.321875,after
Canadian Grand Prix,2026-05-24,LEC,Ferrari,57,251.39948275161524,254.35626975969137,283.8701923076926,0.8856142334208809,302.28124999999994,after
Canadian Grand Prix,2026-05-24,LEC,Ferrari,58,251.59546464487488,254.45208351937032,290.60096153846155,0.8657764355386545,301.03125,after
Canadian Grand Prix,2026-05-24,LEC,Ferrari,62,293.82600296313734,297.20542668778353,264.7435897435902,1.1098512460593064,305.83333333333326,after
Canadian Grand Prix,2026-05-24,LEC,Ferrari,63,227.56998213753454,230.01384834475377,273.4631410256419,0.8321778989446915,304.21398809523794,after
Canadian Grand Prix,2026-05-24,LEC,Ferrari,65,218.8855815966569,221.6568340331522,275.65559440559406,0.7940545595261639,303.80681818181824,after
Canadian Grand Prix,2026-05-24,LEC,Ferrari,67,222.59213338231115,224.71453531992915,260.81730769230705,0.8534408063321811,306.5625000000001,after
Canadian Grand Prix,2026-05-24,HAD,Red Bull Racing,2,208.80548291618612,209.28516922524452,189.73365384615408,1.1005189574090872,319.76374999999996,after
Canadian Grand Prix,2026-05-24,HAD,Red Bull Racing,3,155.64775025009433,156.97164986825254,195.39423076923086,0.7965831418734217,318.7125,after
Canadian Grand Prix,2026-05-24,HAD,Red Bull Racing,4,195.74566418755356,196.76678721324436,201.98717948717916,0.9690994482151193,317.4880952380953,after
Canadian Grand Prix,2026-05-24,HAD,Red Bull Racing,5,190.46415900559361,191.22591855585262,213.51682692307654,0.8920334839661698,315.34687500000007,after
Canadian Grand Prix,2026-05-24,HAD,Red Bull Racing,6,192.84936995965833,193.59952420934582,225.97027972027928,0.8534280268997314,313.034090909091,after
Canadian Grand Prix,2026-05-24,HAD,Red Bull Racing,7,173.60373709314555,173.7792144093589,226.45673076923129,0.7666088638807336,312.9437499999999,after
Canadian Grand Prix,2026-05-24,HAD,Red Bull Racing,8,141.57906898346417,142.35704949922135,215.0929487179487,0.6582227349959145,315.0541666666667,after
Canadian Grand Prix,2026-05-24,HAD,Red Bull Racing,10,198.72675557584677,198.96518933992394,223.42307692307685,0.889463874155968,313.50714285714287,after
Canadian Grand Prix,2026-05-24,HAD,Red Bull Racing,11,187.33530916804403,188.12405062678437,231.00000000000045,0.8109753643638253,312.0999999999999,after
Canadian Grand Prix,2026-05-24,HAD,Red Bull Racing,12,188.64933048945434,188.744109882954,235.40865384615387,0.8013695648280711,311.28125,after
Canadian Grand Prix,2026-05-24,HAD,Red Bull Racing,13,225.93119423516737,225.8514224979694,236.54192267794457,0.9551422922302706,311.0707857883817,after
Canadian Grand Prix,2026-05-24,HAD,Red Bull Racing,18,190.50202533551388,191.83311596199687,175.3567307692312,1.0863684815509809,322.4337499999999,after
Canadian Grand Prix,2026-05-24,HAD,Red Bull Racing,19,242.33412533062878,243.2622322759091,185.23076923076852,1.308282238080642,320.60000000000014,after
Canadian Grand Prix,2026-05-24,HAD,Red Bull Racing,20,269.43476841305704,270.22191657628326,181.82692307692352,1.481819984926381,321.2321428571428,after
Canadian Grand Prix,2026-05-24,HAD,Red Bull Racing,24,182.81848005375343,183.83319800873235,198.26923076923097,0.9220718683603462,318.1785714285714,after
Canadian Grand Prix,2026-05-24,HAD,Red Bull Racing,25,199.98940047617003,200.6543416748982,226.7521367521366,0.8819736093370489,312.8888888888889,after
Canadian Grand Prix,2026-05-24,HAD,Red Bull Racing,27,226.88245516081136,227.06175402632618,227.83653846153814,0.9958124218917246,312.68750000000006,after
Canadian Grand Prix,2026-05-24,HAD,Red Bull Racing,28,186.4911136546385,186.4158077496508,240.6923076923079,0.7748112743720991,310.29999999999995,after
Canadian Grand Prix,2026-05-24,HAD,Red Bull Racing,33,204.35460050670844,205.2006061648995,253.0432692307688,0.807587576337952,308.0062500000001,after
Canadian Grand Prix,2026-05-24,HAD,Red Bull Racing,34,194.45785387985143,195.0490886425553,251.40260237275197,0.7734918097288859,308.3109452736318,after
Canadian Grand Prix,2026-05-24,HAD,Red Bull Racing,36,208.13151532176545,208.84486791249165,254.87179487179512,0.8166125852664834,307.66666666666663,after
Canadian Grand Prix,2026-05-24,HAD,Red Bull Racing,38,283.5175542376587,284.69093064367786,234.23076923076863,1.2104197717863951,311.5000000000001,after
Canadian Grand Prix,2026-05-24,HAD,Red Bull Racing,39,145.2053692700187,144.08834910710078,250.3846153846154,0.579929278190551,308.5,after
Canadian Grand Prix,2026-05-24,HAD,Red Bull Racing,40,266.00094641263667,267.12178266447177,202.73076923076974,1.3120896616825148,317.3499999999999,after
Canadian Grand Prix,2026-05-24,HAD,Red Bull Racing,42,201.14884296224463,201.9285374064352,215.0786713286716,0.9352337994261637,315.05681818181813,after
Canadian Grand Prix,2026-05-24,HAD,Red Bull Racing,43,192.77778822332692,193.52401195461357,214.4591346153843,0.8989022014336616,315.17187500000006,after
Canadian Grand Prix,2026-05-24,HAD,Red Bull Racing,44,230.09084602514574,231.63806358365554,239.27884615384522,0.9616012853773458,310.56250000000017,after
Canadian Grand Prix,2026-05-24,HAD,Red Bull Racing,48,171.22465378946384,172.03518950296316,209.07451923076894,0.8189647137271291,316.17187500000006,after
Canadian Grand Prix,2026-05-24,HAD,Red Bull Racing,49,176.19816896646304,176.3665453136011,245.63942307692358,0.7173041149477274,309.3812499999999,after
Canadian Grand Prix,2026-05-24,HAD,Red Bull Racing,50,233.0393301248952,235.25889898350496,259.8957584471595,0.8966646147565945,306.73364485981324,after
Canadian Grand Prix,2026-05-24,HAD,Red Bull Racing,51,168.39083937950204,169.04528318676608,208.42200854700886,0.807932139956909,316.2930555555555,after
Canadian Grand Prix,2026-05-24,HAD,Red Bull Racing,56,163.96599102552562,165.04560366107955,204.16666666666617,0.8030987315535968,317.0833333333334,after
Canadian Grand Prix,2026-05-24,HAD,Red Bull Racing,57,223.00451166871656,224.88564169445732,235.7923076923072,0.9457666954925525,311.2100000000001,after
Canadian Grand Prix,2026-05-24,HAD,Red Bull Racing,58,184.8038655435528,185.29851897589236,213.33173076923063,0.8662746272070629,315.38125,after
Canadian Grand Prix,2026-05-24,HAD,Red Bull Racing,59,217.20504946921525,219.36736160682096,262.1153846153841,0.8286619642259146,306.32142857142867,after
Canadian Grand Prix,2026-05-24,HAD,Red Bull Racing,60,218.2683190538421,219.64070903350878,238.94230769230708,0.913477069682078,310.6250000000001,after
Canadian Grand Prix,2026-05-24,HAD,Red Bull Racing,65,194.75647789043555,195.5548295633958,227.46940559440532,0.8561875711659469,312.75568181818187,after
Canadian Grand Prix,2026-05-24,HAD,Red Bull Racing,66,228.10679263392188,229.70559116339334,256.27403846153817,0.8900893512401428,307.40625000000006,after
Canadian Grand Prix,2026-05-24,HAD,Red Bull Racing,67,174.99686223064745,175.96332414681967,222.11538461538458,0.7878646611249929,313.75,after
Canadian Grand Prix,2026-05-24,COL,Alpine,2,,,,,,after
Canadian Grand Prix,2026-05-24,COL,Alpine,6,187.9076257043824,187.16055514343344,242.03846153846146,0.7763544046264014,310.05,after
Canadian Grand Prix,2026-05-24,COL,Alpine,8,134.1294274609824,134.0893392735979,242.30769230769232,0.5535500180929432,310.0,after
Canadian Grand Prix,2026-05-24,COL,Alpine,9,166.79874041722746,167.17932701315388,250.64543269230757,0.6654768795328087,308.4515625,after
Canadian Grand Prix,2026-05-24,COL,Alpine,13,149.6264586656909,149.6719898784454,245.99423076923088,0.6082519016718594,309.3153571428571,after
Canadian Grand Prix,2026-05-24,COL,Alpine,14,183.46774801362756,184.21086321984225,261.15384615384613,0.702527459256895,306.5,after
Canadian Grand Prix,2026-05-24,COL,Alpine,15,182.95878086453075,183.22008077614694,256.2179487179486,0.7140748014727747,307.4166666666667,after
Canadian Grand Prix,2026-05-24,COL,Alpine,16,166.51804106721053,166.26214136451532,247.6923076923077,0.6722778055508498,309.0,after
Canadian Grand Prix,2026-05-24,COL,Alpine,18,205.01239513306197,205.48375133494991,193.67467948717953,1.0585399995286062,319.03184523809523,after
Canadian Grand Prix,2026-05-24,COL,Alpine,20,199.28439960923123,199.0458882470897,234.23076923076923,0.8508036764926128,311.5,after
Canadian Grand Prix,2026-05-24,COL,Alpine,21,,,,,,after
Canadian Grand Prix,2026-05-24,COL,Alpine,23,,,,,,after
Canadian Grand Prix,2026-05-24,COL,Alpine,26,198.13124614983036,198.66098818132028,241.53846153846175,0.8202885987094881,310.1428571428571,after
Canadian Grand Prix,2026-05-24,COL,Alpine,28,179.45125893115485,179.16857100914228,236.92307692307693,0.7574241448392899,311.0,after
Canadian Grand Prix,2026-05-24,COL,Alpine,29,122.38535651650544,122.22184417471375,199.39903846153845,0.6137710465445,317.96875,after
Canadian Grand Prix,2026-05-24,COL,Alpine,33,205.6651465000369,206.5472053190088,255.76923076923075,0.8041043321805955,307.5,after
Canadian Grand Prix,2026-05-24,COL,Alpine,35,228.91658601997185,230.344357124381,263.03846153846166,0.8702779991986057,306.15,after
Canadian Grand Prix,2026-05-24,COL,Alpine,43,180.30757956128042,181.71726243142976,269.9038461538462,0.6680437575480285,304.875,after
Canadian Grand Prix,2026-05-24,COL,Alpine,44,185.96790843051593,187.71794298181356,271.91346153846166,0.6839231400252359,304.5017857142857,after
Canadian Grand Prix,2026-05-24,COL,Alpine,49,191.54884396780403,194.08858465901284,266.5384615384615,0.7186536714520788,305.5,after
Canadian Grand Prix,2026-05-24,COL,Alpine,50,202.8917387309144,204.66413653983548,264.01442307692304,0.7684873287085532,305.96875,after
Canadian Grand Prix,2026-05-24,COL,Alpine,54,178.93044889229847,178.49322416158765,228.84615384615384,0.7818809531428169,312.5,after
Canadian Grand Prix,2026-05-24,COL,Alpine,55,193.45640675989463,193.76659629626377,240.625,0.803974677443718,310.3125,after
Canadian Grand Prix,2026-05-24,COL,Alpine,56,194.67663116896892,193.98329692629565,209.09883256037068,0.9310268679418007,316.16735966735973,after
Canadian Grand Prix,2026-05-24,COL,Alpine,62,172.56246209621057,172.93425186739728,196.432692307692,0.8784813773560098,318.5196428571429,after
Canadian Grand Prix,2026-05-24,COL,Alpine,63,213.66019558636566,213.875670414374,226.15384615384616,0.9447559668784875,313.0,after
Canadian Grand Prix,2026-05-24,COL,Alpine,64,157.56347372410124,158.57192048518428,243.13221153846146,0.648056761903702,309.846875,after
Canadian Grand Prix,2026-05-24,LAW,Racing Bulls,2,,,,,,after
Canadian Grand Prix,2026-05-24,LAW,Racing Bulls,4,160.91403449325443,160.61430047601698,226.16346153846138,0.7114943917052197,312.9982142857143,after
Canadian Grand Prix,2026-05-24,LAW,Racing Bulls,5,,,,,,after
Canadian Grand Prix,2026-05-24,LAW,Racing Bulls,8,168.58096345594583,169.25038672225503,217.33858938845052,0.775660520896453,314.6371191135735,after
Canadian Grand Prix,2026-05-24,LAW,Racing Bulls,9,184.71336208778504,184.23045642845392,245.22435897435878,0.7532423078210558,309.45833333333337,after
Canadian Grand Prix,2026-05-24,LAW,Racing Bulls,10,187.06677236157236,186.41762067117034,253.07692307692307,0.7391696172341765,308.0,after
Canadian Grand Prix,2026-05-24,LAW,Racing Bulls,11,167.5651027531277,167.01580063006807,255.76923076923075,0.6551417551250106,307.5,after
Canadian Grand Prix,2026-05-24,LAW,Racing Bulls,12,158.42422884408367,158.26353585474405,256.5384615384614,0.6175457196321107,307.3571428571429,after
Canadian Grand Prix,2026-05-24,LAW,Racing Bulls,13,198.27334512625148,197.9091980140099,253.64062500000034,0.781709732525108,307.89531249999993,after
Canadian Grand Prix,2026-05-24,LAW,Racing Bulls,15,167.4533658075366,167.50279554266112,261.65865384615387,0.6399687659709254,306.40625,after
Canadian Grand Prix,2026-05-24,LAW,Racing Bulls,17,188.57588136850268,188.87311942946823,265.05769230769243,0.7114522115041816,305.775,after
Canadian Grand Prix,2026-05-24,LAW,Racing Bulls,18,163.89918999284484,164.16170829851185,266.5384615384615,0.6149175959327512,305.5,after
Canadian Grand Prix,2026-05-24,LAW,Racing Bulls,21,222.90178195036174,223.16986642597584,237.57091346153854,0.9382536721459732,310.8796875,after
Canadian Grand Prix,2026-05-24,LAW,Racing Bulls,22,163.58854622615414,163.66246457641844,266.5384615384615,0.6137521214834066,305.5,after
Canadian Grand Prix,2026-05-24,LAW,Racing Bulls,23,197.5686097657626,197.4997685742036,258.2932692307692,0.7649003412057445,307.03125,after
Canadian Grand Prix,2026-05-24,LAW,Racing Bulls,25,176.43375283327128,175.8763426496289,250.3846153846154,0.7046509329746626,308.5,after
Canadian Grand Prix,2026-05-24,LAW,Racing Bulls,26,175.86808420463774,176.20460199887037,250.1821862348177,0.7029600582336037,308.5375939849624,after
Canadian Grand Prix,2026-05-24,LAW,Racing Bulls,29,177.38571192211506,176.9256168785782,247.35681763719137,0.7171248143331717,309.0623052959502,after
Canadian Grand Prix,2026-05-24,LAW,Racing Bulls,32,,,,,,after
Canadian Grand Prix,2026-05-24,LAW,Racing Bulls,33,228.7133869782162,228.6890938305634,237.19230769230774,0.9642529692611674,310.95,after
Canadian Grand Prix,2026-05-24,LAW,Racing Bulls,34,190.62459420499204,191.5662535107148,266.6057692307689,0.7150055107771918,305.48750000000007,after
Canadian Grand Prix,2026-05-24,LAW,Racing Bulls,36,204.39594241073624,204.87963004299752,280.0,0.7299855086097723,303.0,after
Canadian Grand Prix,2026-05-24,LAW,Racing Bulls,37,214.67701931589752,215.14685289743974,266.4375000000002,0.8057312477256292,305.51874999999995,after
Canadian Grand Prix,2026-05-24,LAW,Racing Bulls,38,211.17088120157464,211.6392534564778,269.2307692307692,0.7843489873201344,305.0,after
Canadian Grand Prix,2026-05-24,LAW,Racing Bulls,40,185.45535628221475,185.87618131023498,268.689601855431,0.6902215604978988,305.1005025125628,after
Canadian Grand Prix,2026-05-24,LAW,Racing Bulls,42,199.04625100990168,199.52061592398863,258.46153846153845,0.7701194235502149,307.0,after
Canadian Grand Prix,2026-05-24,LAW,Racing Bulls,44,179.28682581060423,178.89085170611636,244.82142857142847,0.7323167210352911,309.53316326530614,after
Canadian Grand Prix,2026-05-24,LAW,Racing Bulls,46,888.5135350246823,890.2304115431047,350.0,2.538610100070521,274.28839285714287,after
Canadian Grand Prix,2026-05-24,LAW,Racing Bulls,48,194.56238474931234,196.4080891479987,276.57175398633274,0.7034788692084838,303.63667425968106,after
Canadian Grand Prix,2026-05-24,LAW,Racing Bulls,49,140.0452613923919,141.00926164224722,184.32777090647923,0.7597621384107414,320.7676996887967,after
Canadian Grand Prix,2026-05-24,LAW,Racing Bulls,50,201.98505393419606,201.67927234377538,216.31850961538447,0.9337391159606574,314.8265625,after
Canadian Grand Prix,2026-05-24,LAW,Racing Bulls,53,161.50514375482135,163.90164644109458,196.9647435897435,0.8199698119132391,318.42083333333335,after
Canadian Grand Prix,2026-05-24,LAW,Racing Bulls,54,208.2741259422046,209.12098989322467,247.70347909352043,0.8408203498166076,308.99792531120335,after
Canadian Grand Prix,2026-05-24,LAW,Racing Bulls,55,192.2026222485316,192.88089309470652,248.31730769230776,0.774020240613641,308.88392857142856,after
Canadian Grand Prix,2026-05-24,LAW,Racing Bulls,58,180.09904864710694,179.34547351737035,221.6105769230769,0.8126825494868911,313.84375,after
Canadian Grand Prix,2026-05-24,LAW,Racing Bulls,59,254.62791502141727,255.10760807950925,204.48076923076934,1.245241378831345,317.025,after
Canadian Grand Prix,2026-05-24,LAW,Racing Bulls,60,194.33897891902308,194.9062181950483,246.10139860139884,0.7896703554854094,309.2954545454545,after
Canadian Grand Prix,2026-05-24,LAW,Racing Bulls,62,207.6262340624559,208.3885405507898,248.36032388663975,0.8359879340358071,308.87593984962405,after
Canadian Grand Prix,2026-05-24,LAW,Racing Bulls,63,162.4391535747796,163.74163371154654,218.73730043541357,0.7426221008096555,314.37735849056605,after
Canadian Grand Prix,2026-05-24,LAW,Racing Bulls,67,143.30748125794477,145.61990927664584,189.03846153846175,0.7580863708456888,319.8928571428571,after
Canadian Grand Prix,2026-05-24,GAS,Alpine,3,158.91741171874665,160.09766176513747,166.92307692307693,0.952039793706777,324.0,after
Canadian Grand Prix,2026-05-24,GAS,Alpine,5,436.1750811959091,440.29435913666134,233.00289668490498,1.871972784036923,311.72803347280336,after
Canadian Grand Prix,2026-05-24,GAS,Alpine,10,,,,,,after
Canadian Grand Prix,2026-05-24,GAS,Alpine,15,179.37971043776554,179.0228578749046,247.35576923076925,0.7251891111964087,309.0625,after
Canadian Grand Prix,2026-05-24,GAS,Alpine,16,165.02276685519388,165.18513093490157,250.3846153846154,0.6590771026474718,308.5,after
Canadian Grand Prix,2026-05-24,GAS,Alpine,26,195.91894189858112,197.08890351243005,266.5384615384615,0.7350494212645181,305.5,after
Canadian Grand Prix,2026-05-24,GAS,Alpine,34,,,,,,after
Canadian Grand Prix,2026-05-24,GAS,Alpine,36,166.83925456773704,166.17184093663982,242.30769230769232,0.6885429553589149,310.0,after
Canadian Grand Prix,2026-05-24,GAS,Alpine,40,262.87513570538147,267.04536441864826,280.8413461538462,0.9360271886796087,302.84375,after
Canadian Grand Prix,2026-05-24,GAS,Alpine,42,261.3588787894512,264.84131613966036,281.0769230769234,0.9298482277676142,302.79999999999995,after
Canadian Grand Prix,2026-05-24,GAS,Alpine,44,133.62428801931497,133.2545364516957,213.6634615384615,0.6253960647139534,315.31964285714287,after
Canadian Grand Prix,2026-05-24,GAS,Alpine,47,542.4089968919855,545.3622177741978,350.0,1.5497399911199583,266.7542410714285,after
Canadian Grand Prix,2026-05-24,GAS,Alpine,49,147.15542917821477,147.62242052955452,186.78482565270724,0.7878339616935682,320.3113895216401,after
Canadian Grand Prix,2026-05-24,GAS,Alpine,50,203.35769350203745,204.22831593789186,169.6153846153843,1.1989342474043045,323.50000000000006,after
Canadian Grand Prix,2026-05-24,GAS,Alpine,53,191.50445175207844,192.2973439108672,203.4230769230771,0.9414096701747088,317.22142857142853,after
Canadian Grand Prix,2026-05-24,GAS,Alpine,54,235.45637632578718,236.5795291028797,203.94230769230708,1.1545244289430427,317.1250000000001,after
Canadian Grand Prix,2026-05-24,GAS,Alpine,58,413.36325307231465,416.9588758345644,237.99999999999994,1.736820391060146,310.8,after
Canadian Grand Prix,2026-05-24,GAS,Alpine,60,387.35962804924253,389.8940862308164,218.5348193473191,1.7725304791526557,314.41496212121217,after
Canadian Grand Prix,2026-05-24,GAS,Alpine,61,355.3095201087828,357.8483356128672,212.7461538461538,1.6701101932292648,315.49,after
Canadian Grand Prix,2026-05-24,GAS,Alpine,63,372.92610922792295,375.32664938000823,209.4076923076916,1.780861558227607,316.1100000000001,after
Canadian Grand Prix,2026-05-24,SAI,Williams,4,176.07244215984358,175.70399177164776,256.8713942307694,0.6854497858241962,307.29531249999997,after
Canadian Grand Prix,2026-05-24,SAI,Williams,5,173.44828762966813,173.1640202618092,244.64663461538453,0.7089747541483691,309.565625,after
Canadian Grand Prix,2026-05-24,SAI,Williams,6,160.7584118800447,161.15221454978797,267.9458041958041,0.599966147492158,305.2386363636364,after
Canadian Grand Prix,2026-05-24,SAI,Williams,7,150.35040296588716,150.26577194489127,253.82478632478646,0.5923393264419156,307.8611111111111,after
Canadian Grand Prix,2026-05-24,SAI,Williams,8,205.20501477595815,206.9212384953433,280.0,0.7328750527712791,303.0,after
Canadian Grand Prix,2026-05-24,SAI,Williams,9,195.52207330460166,198.0935330813019,285.9230769230761,0.6838275364433222,301.90000000000015,after
Canadian Grand Prix,2026-05-24,SAI,Williams,11,192.91196443411158,195.27928096302827,275.89423076923083,0.6992243509269718,303.7625,after
Canadian Grand Prix,2026-05-24,SAI,Williams,12,138.71490297788023,138.38736563175422,262.56410256410226,0.5283087125134116,306.2380952380953,after
Canadian Grand Prix,2026-05-24,SAI,Williams,14,276.4166347757451,277.64712106540026,218.03205128205101,1.2677798202162787,314.5083333333334,after
Canadian Grand Prix,2026-05-24,SAI,Williams,15,227.23692657404604,232.0692099306864,334.38461538461485,0.6795675282867731,292.9000000000001,after
Canadian Grand Prix,2026-05-24,SAI,Williams,18,181.07342058008217,181.8632293107489,252.2271634615386,0.7178981759737926,308.1578125,after
Canadian Grand Prix,2026-05-24,SAI,Williams,20,216.78106735538657,219.90445495132818,301.2019230769231,0.7197200640051141,299.0625,after
Canadian Grand Prix,2026-05-24,SAI,Williams,21,207.10357542707416,209.63398677952824,288.1947115384614,0.7186237884848726,301.47812500000003,after
Canadian Grand Prix,2026-05-24,SAI,Williams,23,201.37687324757684,203.99430811760897,282.1454326923074,0.7137343012289254,302.60156250000006,after
Canadian Grand Prix,2026-05-24,SAI,Williams,24,184.10429686961993,185.29825590480144,276.8197115384619,0.6650693183893449,303.59062499999993,after
Canadian Grand Prix,2026-05-24,SAI,Williams,25,219.02789842365362,221.69341370935328,288.3012820512818,0.7597187805245135,301.45833333333337,after
Canadian Grand Prix,2026-05-24,SAI,Williams,26,199.88537984745957,201.85996899192293,274.1666666666668,0.7290652152490923,304.0833333333333,after
Canadian Grand Prix,2026-05-24,SAI,Williams,27,194.30077914608788,194.18323804132265,222.69230769230757,0.8725078165454728,313.64285714285717,after
Canadian Grand Prix,2026-05-24,SAI,Williams,28,210.4576927776139,213.50599432523583,290.40019170860234,0.7247160945017366,301.06853582554527,after
Canadian Grand Prix,2026-05-24,SAI,Williams,29,269.17429606334287,273.04644487964026,296.6586538461538,0.9073535950275557,299.90625,after
Canadian Grand Prix,2026-05-24,SAI,Williams,34,,,,,,after
Canadian Grand Prix,2026-05-24,SAI,Williams,36,257.81642368450144,262.0233948660858,304.6794871794868,0.846188977378125,298.41666666666674,after
Canadian Grand Prix,2026-05-24,SAI,Williams,37,,,,,,after
Canadian Grand Prix,2026-05-24,SAI,Williams,38,223.3796099080387,224.70425082367078,228.77884615384593,0.976399757510026,312.51250000000005,after
Canadian Grand Prix,2026-05-24,SAI,Williams,39,152.06805985948978,152.29020207645593,250.7968749999998,0.6063395321791386,308.42343750000003,after
Canadian Grand Prix,2026-05-24,SAI,Williams,40,236.36600996841398,237.95640326342723,247.6923076923077,0.9542727110526029,309.0,after
Canadian Grand Prix,2026-05-24,SAI,Williams,41,261.1743659011983,264.5334173323401,297.30769230769266,0.8784648788397345,299.7857142857142,after
Canadian Grand Prix,2026-05-24,SAI,Williams,43,265.8101669542299,269.0066975929422,298.84615384615415,0.8894548701171132,299.49999999999994,after
Canadian Grand Prix,2026-05-24,SAI,Williams,44,,,,,,after
Canadian Grand Prix,2026-05-24,SAI,Williams,47,156.5568934407488,156.31075195275267,248.20833333333317,0.6307479339563494,308.9041666666667,after
Canadian Grand Prix,2026-05-24,SAI,Williams,49,283.43957258243944,288.9244268855939,303.5576923076923,0.9337255479434179,298.625,after
Canadian Grand Prix,2026-05-24,SAI,Williams,54,211.70516969442662,214.43115322582094,277.51634615384614,0.7628565763007851,303.46125,after
Canadian Grand Prix,2026-05-24,SAI,Williams,55,216.7474446422407,219.55563606486535,262.66826923076985,0.8251755923050419,306.2187499999999,after
Canadian Grand Prix,2026-05-24,SAI,Williams,56,209.57059242781628,210.16647919506866,237.59615384615415,0.882045391035729,310.87499999999994,after
Canadian Grand Prix,2026-05-24,SAI,Williams,57,212.17650668813934,215.51449365657393,287.60265535176563,0.73774182101562,301.58807829181495,after
Canadian Grand Prix,2026-05-24,SAI,Williams,58,215.89917034391274,216.55398416206606,259.1346153846154,0.8331544978021121,306.875,after
Canadian Grand Prix,2026-05-24,SAI,Williams,59,190.80719610863395,193.40693702243914,280.2699055330632,0.6807980177027055,302.94987468671684,after
Canadian Grand Prix,2026-05-24,SAI,Williams,62,253.1889086248288,256.6274637759357,293.46153846153845,0.8627669232300851,300.5,after
Canadian Grand Prix,2026-05-24,SAI,Williams,63,260.4604626326815,265.0588159425207,310.5769230769232,0.8386343069287576,297.32142857142856,after
Canadian Grand Prix,2026-05-24,SAI,Williams,64,209.35242062220706,212.36306451177845,272.59615384615387,0.7679947705364913,304.375,after
Canadian Grand Prix,2026-05-24,SAI,Williams,65,230.1251978906478,233.34536318825346,285.3356643356641,0.8065069553308009,302.00909090909096,after
Canadian Grand Prix,2026-05-24,SAI,Williams,66,193.5949423744944,195.46211061455645,264.9679487179486,0.7306353214085191,305.7916666666667,after
Canadian Grand Prix,2026-05-24,SAI,Williams,67,192.37626535567003,193.61262529535117,216.64999999999944,0.8879587600077107,314.7650000000001,after
Canadian Grand Prix,2026-05-24,BEA,Haas F1 Team,5,177.62739365269763,177.99201893761222,250.3846153846154,0.7094181620537848,308.5,after
Canadian Grand Prix,2026-05-24,BEA,Haas F1 Team,8,212.28035687375524,212.02113450069777,256.4423076923077,0.8277899180678869,307.375,after
Canadian Grand Prix,2026-05-24,BEA,Haas F1 Team,9,203.60280080200062,203.36207682307753,255.76923076923075,0.7960410256920326,307.5,after
Canadian Grand Prix,2026-05-24,BEA,Haas F1 Team,10,209.96605281986402,210.85300401144048,271.58653846153845,0.7731092049306376,304.5625,after
Canadian Grand Prix,2026-05-24,BEA,Haas F1 Team,12,185.52601514627332,186.35836869561643,219.12393162393172,0.8466716244608082,314.30555555555554,after
Canadian Grand Prix,2026-05-24,BEA,Haas F1 Team,13,,,,,,after
Canadian Grand Prix,2026-05-24,BEA,Haas F1 Team,14,150.74174069680873,151.35315733351138,220.76923076923075,0.6828023097764856,314.0,after
Canadian Grand Prix,2026-05-24,BEA,Haas F1 Team,15,143.37424631034392,143.7336577266517,235.5769230769231,0.6086090455622761,311.25,after
Canadian Grand Prix,2026-05-24,BEA,Haas F1 Team,16,184.34148807628006,184.28453954105217,248.61778846153845,0.7414654004325115,308.828125,after
Canadian Grand Prix,2026-05-24,BEA,Haas F1 Team,19,217.59829291278794,218.19532929978917,248.58974358974336,0.8753309359049755,308.83333333333337,after
Canadian Grand Prix,2026-05-24,BEA,Haas F1 Team,21,178.82739824569043,178.49040855534219,236.41826923076925,0.7564026199309325,311.09375,after
Canadian Grand Prix,2026-05-24,BEA,Haas F1 Team,22,163.3216921340064,163.16921745870508,236.81089743589752,0.6896713533979831,311.0208333333333,after
Canadian Grand Prix,2026-05-24,BEA,Haas F1 Team,24,156.42647633883547,156.22063436739228,231.53846153846152,0.6755960772109173,312.0,after
Canadian Grand Prix,2026-05-24,BEA,Haas F1 Team,25,206.6975459658566,206.62874225615454,242.30769230769232,0.853037491287662,310.0,after
Canadian Grand Prix,2026-05-24,BEA,Haas F1 Team,26,203.884218417525,203.87662142380387,249.33760683760676,0.8177034383357763,308.69444444444446,after
Canadian Grand Prix,2026-05-24,BEA,Haas F1 Team,27,198.2361834462532,198.6041477881827,250.04620726495727,0.7927982016387696,308.5628472222222,after
Canadian Grand Prix,2026-05-24,BEA,Haas F1 Team,28,205.05089649572298,205.07609329414396,253.3461538461536,0.8093704734915443,307.95000000000005,after
Canadian Grand Prix,2026-05-24,BEA,Haas F1 Team,33,162.35146382113658,162.68307352810504,220.76923076923075,0.7353899058100263,314.0,after
Canadian Grand Prix,2026-05-24,BEA,Haas F1 Team,34,174.19268747365888,175.15116537202732,251.5929487179489,0.6923591792269963,308.2755952380952,after
Canadian Grand Prix,2026-05-24,BEA,Haas F1 Team,36,196.76067572649794,197.60081150304882,262.92307692307656,0.7483583336584191,306.17142857142863,after
Canadian Grand Prix,2026-05-24,BEA,Haas F1 Team,37,194.21831600927896,193.8169003958764,223.59615384615373,0.8686120609342488,313.475,after
Canadian Grand Prix,2026-05-24,BEA,Haas F1 Team,38,215.02310487633468,216.40410170143633,266.76311188811064,0.8060451212854444,305.45827922077945,after
Canadian Grand Prix,2026-05-24,BEA,Haas F1 Team,39,229.39626943432546,230.98127555907948,273.52495175075813,0.8386667028584518,304.2025089605735,after
Canadian Grand Prix,2026-05-24,BEA,Haas F1 Team,41,168.54889368975924,168.5236110389964,224.38701923076923,0.7511526035132021,313.328125,after
Canadian Grand Prix,2026-05-24,BEA,Haas F1 Team,42,204.4652787339801,205.3935501628531,253.41346153846152,0.8068445831278289,307.9375,after
Canadian Grand Prix,2026-05-24,BEA,Haas F1 Team,43,230.05112967634557,231.88894124202835,266.5384615384615,0.8631066914264048,305.5,after
Canadian Grand Prix,2026-05-24,BEA,Haas F1 Team,47,169.73692964643894,170.02603206861244,250.94551282051265,0.6763895785131744,308.39583333333337,after
Canadian Grand Prix,2026-05-24,BEA,Haas F1 Team,48,184.4764893604107,185.20102468579202,252.06730769230768,0.731854087105959,308.1875,after
Canadian Grand Prix,2026-05-24,BEA,Haas F1 Team,49,225.7100645058031,227.69665784142242,280.67307692307696,0.8041742620282125,302.875,after
Canadian Grand Prix,2026-05-24,BEA,Haas F1 Team,54,180.30792900096478,181.07378022320373,252.40384615384585,0.7143628425181089,308.12500000000006,after
Canadian Grand Prix,2026-05-24,BEA,Haas F1 Team,55,180.48985275134083,180.9472606047294,250.63701923076923,0.7201244784401073,308.453125,after
Canadian Grand Prix,2026-05-24,BEA,Haas F1 Team,56,259.2484550309094,262.3203056774612,277.3076923076923,0.93487653686597,303.5,after
Canadian Grand Prix,2026-05-24,BEA,Haas F1 Team,57,181.01606503040563,180.67115208434154,240.06410256410277,0.754032206802223,310.41666666666663,after
Canadian Grand Prix,2026-05-24,BEA,Haas F1 Team,58,,,,,,after
Canadian Grand Prix,2026-05-24,BEA,Haas F1 Team,59,217.23256901493772,217.85656616568352,208.92307692307668,1.0397729739301156,316.20000000000005,after
Canadian Grand Prix,2026-05-24,BEA,Haas F1 Team,60,193.2088810391577,193.5145762289345,249.58533653846155,0.774119520476652,308.6484375,after
Canadian Grand Prix,2026-05-24,BEA,Haas F1 Team,61,193.86547109713123,194.6616030371999,260.6413474856169,0.7438016760093269,306.5951783240997,after
Canadian Grand Prix,2026-05-24,BEA,Haas F1 Team,62,243.5607266904625,246.29843530120235,286.5625,0.8499392861608288,301.78125,after
Canadian Grand Prix,2026-05-24,BEA,Haas F1 Team,63,219.9665195322854,221.5610191395184,270.5500000000003,0.8130346314259292,304.75499999999994,after
Canadian Grand Prix,2026-05-24,BEA,Haas F1 Team,64,281.35172589885684,285.59451616801584,299.3023504273499,0.9400251133916495,299.4152777777779,after
Canadian Grand Prix,2026-05-24,BEA,Haas F1 Team,66,185.49512034520671,186.24674893722232,239.35670986622054,0.7749735549460146,310.5480395962733,after
Canadian Grand Prix,2026-05-24,BEA,Haas F1 Team,67,,,,,,after
Canadian Grand Prix,2026-05-24,PIA,McLaren,3,171.46621171701148,172.1190167299384,199.46940559440569,0.859611584072522,317.9556818181818,after
Canadian Grand Prix,2026-05-24,PIA,McLaren,4,189.53178030597536,189.29103688085488,235.80128205128216,0.8037775649784462,311.2083333333333,after
Canadian Grand Prix,2026-05-24,PIA,McLaren,5,185.0662687069433,185.53517488173446,260.1105769230768,0.7114907471128076,306.69375,after
Canadian Grand Prix,2026-05-24,PIA,McLaren,6,194.554840268063,195.01421629346288,248.94230769230785,0.781525816449538,308.7678571428571,after
Canadian Grand Prix,2026-05-24,PIA,McLaren,7,196.84933424700188,197.7240403363484,242.37051282051274,0.8121835117491313,309.98833333333334,after
Canadian Grand Prix,2026-05-24,PIA,McLaren,8,,,,,,after
Canadian Grand Prix,2026-05-24,PIA,McLaren,9,173.49820641419637,173.50988760125557,208.923076923077,0.8304406050753137,316.2,after
Canadian Grand Prix,2026-05-24,PIA,McLaren,10,169.6566636023309,169.5628388221489,220.76923076923075,0.7684796609164815,314.0,after
Canadian Grand Prix,2026-05-24,PIA,McLaren,14,169.0482792029979,169.66247013079112,212.65865384615404,0.7949278157534765,315.50624999999997,after
Canadian Grand Prix,2026-05-24,PIA,McLaren,15,532.0478035875144,535.1671474302475,350.0,1.5201365816786128,261.61250000000007,after
Canadian Grand Prix,2026-05-24,PIA,McLaren,16,201.38069667076118,201.92357658559092,207.53205128205138,0.9703594959270649,316.4583333333333,after
Canadian Grand Prix,2026-05-24,PIA,McLaren,17,145.35408718735874,145.07292001233387,247.6923076923077,0.5868332712533116,309.0,after
Canadian Grand Prix,2026-05-24,PIA,McLaren,18,262.3759265258886,264.36677623803956,261.49038461538464,1.0033865180618649,306.4375,after
Canadian Grand Prix,2026-05-24,PIA,McLaren,19,193.39651489877187,194.25192431745765,266.2860576923077,0.7262735292068526,305.546875,after
Canadian Grand Prix,2026-05-24,PIA,McLaren,23,,,,,,after
Canadian Grand Prix,2026-05-24,PIA,McLaren,24,157.93055539120152,157.85996188724573,236.25000000000028,0.6684891233490003,311.12499999999994,after
Canadian Grand Prix,2026-05-24,PIA,McLaren,25,200.12660529808247,200.81668000485385,191.15384615384613,1.0469399874748782,319.5,after
Canadian Grand Prix,2026-05-24,PIA,McLaren,26,211.4583822553844,212.2671715595599,214.99999999999977,0.9835273593273705,315.0714285714286,after
Canadian Grand Prix,2026-05-24,PIA,McLaren,27,242.47697270800245,245.49552953473696,284.2067307692308,0.8531711126324032,302.21875,after
Canadian Grand Prix,2026-05-24,PIA,McLaren,32,273.0453107431563,275.3316802431584,262.8365384615388,1.0388407652199825,306.18749999999994,after
Canadian Grand Prix,2026-05-24,PIA,McLaren,33,191.31133153178024,191.76607204968045,223.46153846153877,0.8561264405897211,313.49999999999994,after
Canadian Grand Prix,2026-05-24,PIA,McLaren,35,257.1442109791334,260.78828487708773,294.47115384615387,0.8732407491209754,300.3125,after
Canadian Grand Prix,2026-05-24,PIA,McLaren,37,182.66964120071947,182.72175785978547,219.4230769230769,0.8324996794423675,314.25,after
Canadian Grand Prix,2026-05-24,PIA,McLaren,38,321.85443216109786,325.02692684940706,297.2195512820517,1.0828844561967206,299.80208333333326,after
Canadian Grand Prix,2026-05-24,PIA,McLaren,39,191.19472449378551,192.47650541858096,260.4807692307692,0.7340070633943777,306.625,after
Canadian Grand Prix,2026-05-24,PIA,McLaren,41,231.86873613888014,234.41629094054116,283.12499999999983,0.8189624234485837,302.4196428571429,after
Canadian Grand Prix,2026-05-24,PIA,McLaren,43,232.8849037542485,235.87761726130935,287.6538461538462,0.809601216420706,301.5785714285714,after
Canadian Grand Prix,2026-05-24,PIA,McLaren,44,195.04916987124736,195.80745943196123,263.44230769230745,0.740386658391479,306.07500000000005,after
Canadian Grand Prix,2026-05-24,PIA,McLaren,46,182.90216193682002,185.57125075666158,282.73717948717945,0.646898162698527,302.4916666666667,after
Canadian Grand Prix,2026-05-24,PIA,McLaren,48,214.6466304361566,216.81299802560602,268.1089743589744,0.8005947244002491,305.2083333333333,after
Canadian Grand Prix,2026-05-24,PIA,McLaren,49,236.6413283781193,239.56713940770732,284.57692307692326,0.8315548773930393,302.15,after
Canadian Grand Prix,2026-05-24,PIA,McLaren,50,181.3715042428626,181.93392839217833,238.8189102564099,0.7594520218190912,310.64791666666673,after
Canadian Grand Prix,2026-05-24,PIA,McLaren,53,198.35368506404996,199.67668771115527,271.6239316239317,0.7302511375863386,304.55555555555554,after
Canadian Grand Prix,2026-05-24,PIA,McLaren,54,191.1697909580045,193.33238764640208,261.90384615384625,0.7299235722017938,306.36071428571427,after
Canadian Grand Prix,2026-05-24,PIA,McLaren,55,193.95317463281918,196.11056821829723,259.1346153846157,0.7484649410691344,306.87499999999994,after
Canadian Grand Prix,2026-05-24,PIA,McLaren,56,236.24510321092168,239.164740599115,282.31113868210576,0.8368252996101002,302.5707885304661,after
Canadian Grand Prix,2026-05-24,PIA,McLaren,58,186.67636028845268,190.48130625000024,254.87179487179387,0.7324323995221009,307.66666666666686,after
Canadian Grand Prix,2026-05-24,PIA,McLaren,60,215.41559374185235,215.6655467121486,220.76923076923075,0.9757500761826066,314.0,after
Canadian Grand Prix,2026-05-24,PIA,McLaren,61,163.8198734155055,164.51406114274974,207.94230769230762,0.7878140587816783,316.38214285714287,after
Canadian Grand Prix,2026-05-24,PIA,McLaren,62,180.01238734878228,179.9063822031188,190.64903846153845,0.9442082100251347,319.59375,after
Canadian Grand Prix,2026-05-24,PIA,McLaren,64,347.39124919264765,349.0886109847521,79.74615384615355,4.3562132145311425,340.19000000000005,after
Canadian Grand Prix,2026-05-24,PIA,McLaren,65,261.13185187599834,266.274151302609,272.0913461538462,0.9597212684902844,304.46875,after
Canadian Grand Prix,2026-05-24,PIA,McLaren,66,137.24077415971408,138.88965014533056,186.89102564102552,0.7343358178328044,320.2916666666667,after
Canadian Grand Prix,2026-05-24,HUL,Audi,4,169.87282186818794,169.63024296542764,258.7644230769229,0.6564767283240085,306.94375,after
Canadian Grand Prix,2026-05-24,HUL,Audi,5,193.8721690870903,193.52704903388286,258.46153846153845,0.7501006542060041,307.0,after
Canadian Grand Prix,2026-05-24,HUL,Audi,6,,,,,,after
Canadian Grand Prix,2026-05-24,HUL,Audi,7,146.90936977581086,147.4561081651734,223.20576923076914,0.6581790886593233,313.5475,after
Canadian Grand Prix,2026-05-24,HUL,Audi,8,,,,,,after
Canadian Grand Prix,2026-05-24,HUL,Audi,9,,,,,,after
Canadian Grand Prix,2026-05-24,HUL,Audi,10,,,,,,after
Canadian Grand Prix,2026-05-24,HUL,Audi,11,151.96219829952653,151.52916681054734,255.46260683760642,0.5948510436837691,307.5569444444445,after
Canadian Grand Prix,2026-05-24,HUL,Audi,12,,,,,,after
Canadian Grand Prix,2026-05-24,HUL,Audi,14,165.20528102037986,165.45223107090803,248.02884615384616,0.6660728523403568,308.9375,after
Canadian Grand Prix,2026-05-24,HUL,Audi,15,164.8218901674244,165.2378717819046,248.14102564102555,0.6642266821523695,308.9166666666667,after
Canadian Grand Prix,2026-05-24,HUL,Audi,17,196.45064578377873,196.48472578953783,241.65480769230783,0.8129391161706732,310.12125,after
Canadian Grand Prix,2026-05-24,HUL,Audi,18,159.11751512852476,159.2979622097647,262.9038461538458,0.6052308380281838,306.17500000000007,after
Canadian Grand Prix,2026-05-24,HUL,Audi,19,161.96096018630635,162.37558795206778,257.30769230769226,0.6294446883174837,307.2142857142857,after
Canadian Grand Prix,2026-05-24,HUL,Audi,22,167.72011797404335,168.27884751890707,270.40865384615324,0.620246858184747,304.7812500000001,after
Canadian Grand Prix,2026-05-24,HUL,Audi,24,177.9110251667163,178.33695598249733,258.12500000000006,0.6892436810332835,307.0625,after
Canadian Grand Prix,2026-05-24,HUL,Audi,26,193.6622963429802,194.06438270449,259.31818181818164,0.746813412716138,306.8409090909091,after
Canadian Grand Prix,2026-05-24,HUL,Audi,27,202.8151528580513,203.20653443098087,252.80633938925337,0.8022550120698153,308.0502512562815,after
Canadian Grand Prix,2026-05-24,HUL,Audi,28,185.82352217154016,186.7118703019967,252.0089743589741,0.7373686696841356,308.1983333333334,after
Canadian Grand Prix,2026-05-24,HUL,Audi,33,267.42461308651394,269.80067792020003,278.90625,0.9588333466407223,303.203125,after
Canadian Grand Prix,2026-05-24,HUL,Audi,34,203.05140948196703,204.2366900189515,266.5519568151139,0.7617704702232135,305.497493734336,after
Canadian Grand Prix,2026-05-24,HUL,Audi,35,167.01428474518053,167.54945976640303,256.5769230769236,0.6509326043133992,307.3499999999999,after
Canadian Grand Prix,2026-05-24,HUL,Audi,36,193.71233064931735,194.16299272426315,251.7307692307686,0.7695218635419807,308.2500000000001,after
Canadian Grand Prix,2026-05-24,HUL,Audi,37,181.9016237647207,182.9624996715381,250.4618141714919,0.7262648973714299,308.4856630824372,after
Canadian Grand Prix,2026-05-24,HUL,Audi,38,205.31247626363808,206.89271895377928,263.0519230769229,0.7805017118373228,306.14750000000004,after
Canadian Grand Prix,2026-05-24,HUL,Audi,40,192.9078972615598,193.45353364654807,225.81730769230802,0.8542653317096952,313.06249999999994,after
Canadian Grand Prix,2026-05-24,HUL,Audi,41,180.38537333826517,181.14137807433855,260.3478435790152,0.6928629438926713,306.6496861924686,after
Canadian Grand Prix,2026-05-24,HUL,Audi,42,177.59377947461667,178.05654618176314,262.2376890891535,0.677224467968217,306.2987148834429,after
Canadian Grand Prix,2026-05-24,HUL,Audi,44,,,,,,after
Canadian Grand Prix,2026-05-24,HUL,Audi,47,182.81205747413267,184.33853593868304,270.2029914529914,0.6765730330781236,304.81944444444446,after
Canadian Grand Prix,2026-05-24,HUL,Audi,48,220.12003862450015,222.90650585040618,284.7317307692306,0.773078708262772,302.12125000000003,after
Canadian Grand Prix,2026-05-24,HUL,Audi,50,219.17683620478138,221.56327164034775,278.7884615384608,0.7861761386941203,303.22500000000014,after
Canadian Grand Prix,2026-05-24,HUL,Audi,55,207.15145303521422,209.32122261536236,265.48076923076997,0.7802879795603846,305.69642857142844,after
Canadian Grand Prix,2026-05-24,HUL,Audi,56,258.0788216809018,260.93170119821616,276.93628684399704,0.9319068462352933,303.56897530040055,after
Canadian Grand Prix,2026-05-24,HUL,Audi,58,199.3427915331964,200.38406303082118,248.3653846153846,0.8026190599865437,308.875,after
Canadian Grand Prix,2026-05-24,HUL,Audi,62,166.824307980623,167.73695842933623,196.7396660279223,0.8479444503933763,318.4626334519573,after
Canadian Grand Prix,2026-05-24,HUL,Audi,64,,,,,,after
Canadian Grand Prix,2026-05-24,HUL,Audi,65,227.97586045705117,230.41725112808464,114.31089743589722,1.9943493190130408,333.77083333333337,after
Canadian Grand Prix,2026-05-24,HUL,Audi,66,,,,,,after
Canadian Grand Prix,2026-05-24,BOR,Audi,4,161.19030665026605,161.64612584515962,265.24278846153834,0.6077085359613444,305.740625,after
Canadian Grand Prix,2026-05-24,BOR,Audi,5,164.9993758871087,164.75665764545437,271.92307692307696,0.6067869551718283,304.5,after
Canadian Grand Prix,2026-05-24,BOR,Audi,7,145.47651631780417,145.0306664273033,266.8682692307691,0.54512481658884,305.43875,after
Canadian Grand Prix,2026-05-24,BOR,Audi,8,164.32672296848142,164.6499710772846,255.58846153846164,0.6429348256934247,307.5335714285714,after
Canadian Grand Prix,2026-05-24,BOR,Audi,9,163.27299667448273,163.36587149540838,262.23076923076883,0.6226309641444057,306.30000000000007,after
Canadian Grand Prix,2026-05-24,BOR,Audi,10,121.65670935936039,121.43174086664548,244.86538461538473,0.49683098144088095,309.525,after
Canadian Grand Prix,2026-05-24,BOR,Audi,11,235.53100179987908,236.66727208319392,179.37500000000028,1.3130648183965363,321.68749999999994,after
Canadian Grand Prix,2026-05-24,BOR,Audi,12,150.07051076901777,149.92242650626866,253.28124999999977,0.5925054095753945,307.9620535714286,after
Canadian Grand Prix,2026-05-24,BOR,Audi,13,144.3844683773833,144.49303101534355,266.2467948717948,0.5422956112839158,305.5541666666667,after
Canadian Grand Prix,2026-05-24,BOR,Audi,14,136.24954746498182,136.74497972268526,263.3653846153855,0.5173403773770742,306.08928571428555,after
Canadian Grand Prix,2026-05-24,BOR,Audi,16,158.0485440525114,158.0148523445127,252.67307692307668,0.6255060728160896,308.07500000000005,after
Canadian Grand Prix,2026-05-24,BOR,Audi,17,155.0681612955215,155.31342743418045,259.6776252792852,0.597156420884335,306.7741553052756,after
Canadian Grand Prix,2026-05-24,BOR,Audi,20,173.55190933023084,173.96526321955884,254.38942307692298,0.6822292657888993,307.75625,after
Canadian Grand Prix,2026-05-24,BOR,Audi,21,150.8276297507492,150.53307184632797,253.62150349650332,0.5946957480789031,307.89886363636367,after
Canadian Grand Prix,2026-05-24,BOR,Audi,22,198.22036804637028,199.23714644682707,273.9086538461537,0.7236732584495295,304.13125,after
Canadian Grand Prix,2026-05-24,BOR,Audi,27,308.6478998419625,310.88342507770665,81.86858974358967,3.7700405101472967,339.79583333333335,after
Canadian Grand Prix,2026-05-24,BOR,Audi,28,154.08308691976367,155.82134053727242,205.03269230769226,0.7515049682346824,316.9225,after
Canadian Grand Prix,2026-05-24,BOR,Audi,34,252.54928522772582,255.91935014217114,296.82692307692304,0.8508301154416419,299.875,after
Canadian Grand Prix,2026-05-24,BOR,Audi,37,228.8762547732819,231.64648686537112,285.8974358974361,0.8005537162473532,301.90476190476187,after
Canadian Grand Prix,2026-05-24,BOR,Audi,38,237.1993341612884,240.3481401976174,300.1249999999998,0.7903351408955888,299.26250000000005,after
Canadian Grand Prix,2026-05-24,BOR,Audi,40,239.73481005159212,242.0078145629662,274.0993589743591,0.8746274013505385,304.0958333333333,after
Canadian Grand Prix,2026-05-24,BOR,Audi,41,278.60322709039866,281.37898037959974,281.3260619977039,0.9903214267175592,302.75373134328356,after
Canadian Grand Prix,2026-05-24,BOR,Audi,42,168.4797925547401,168.9496177707547,248.9086538461536,0.6768739855018248,308.7741071428572,after
Canadian Grand Prix,2026-05-24,BOR,Audi,46,210.7089519562072,213.08770038774696,289.9056603773585,0.7268190337571742,301.16037735849056,after
Canadian Grand Prix,2026-05-24,BOR,Audi,47,237.60832013607555,240.051343321538,297.6682692307692,0.7982319403747672,299.71875,after
Canadian Grand Prix,2026-05-24,BOR,Audi,49,248.61718825886769,251.33634417365568,291.7788461538462,0.8520740675209173,300.8125,after
Canadian Grand Prix,2026-05-24,BOR,Audi,50,201.91493500014755,204.16431650770224,280.74038461538487,0.7192229763337099,302.86249999999995,after
Canadian Grand Prix,2026-05-24,BOR,Audi,53,280.97028570253474,283.9397054160392,291.442307692308,0.9640682848255882,300.87499999999994,after
Canadian Grand Prix,2026-05-24,BOR,Audi,56,265.1652232806362,268.3609511968599,295.430288461538,0.8975559840580056,300.1343750000001,after
Canadian Grand Prix,2026-05-24,BOR,Audi,58,254.09285395863594,256.76991649181207,281.0230769230766,0.9041707775058909,302.81000000000006,after
Canadian Grand Prix,2026-05-24,BOR,Audi,61,134.8628899735056,135.98778176567274,199.81971153846092,0.674922853882448,317.8906250000001,after
Canadian Grand Prix,2026-05-24,BOR,Audi,62,191.22507689781085,191.94813986517116,228.47814685314685,0.8369512775360516,312.56834415584416,after
Canadian Grand Prix,2026-05-24,BOR,Audi,65,319.1362363166069,321.6714292371559,236.38461538461527,1.3500719401613708,311.1,after
Canadian Grand Prix,2026-05-24,BOR,Audi,66,206.4989488576263,207.57792858439547,212.65865384615373,0.9710347786129426,315.50625,after
Canadian Grand Prix,2026-05-24,OCO,Haas F1 Team,3,340.1588839795543,342.4597961732993,154.80769230769232,2.1972996232219657,326.25,after
Canadian Grand Prix,2026-05-24,OCO,Haas F1 Team,5,187.85324937343765,189.96425115566458,214.90673076923076,0.874115243859703,315.08875,after
Canadian Grand Prix,2026-05-24,OCO,Haas F1 Team,7,263.2307268174945,265.8420634312289,140.0,1.8802194772678178,329.0,after
Canadian Grand Prix,2026-05-24,OCO,Haas F1 Team,9,180.17001262111577,180.44520497897247,270.04594017093996,0.6671828226970107,304.84861111111115,after
Canadian Grand Prix,2026-05-24,OCO,Haas F1 Team,11,181.44906052279777,181.275562093967,263.8461538461538,0.6877078095616244,306.0,after
Canadian Grand Prix,2026-05-24,OCO,Haas F1 Team,12,,,,,,after
Canadian Grand Prix,2026-05-24,OCO,Haas F1 Team,14,,,,,,after
Canadian Grand Prix,2026-05-24,OCO,Haas F1 Team,15,,,,,,after
Canadian Grand Prix,2026-05-24,OCO,Haas F1 Team,18,195.47456372475406,195.79723280193386,247.22527472527455,0.7906738659385546,309.0867346938776,after
Canadian Grand Prix,2026-05-24,OCO,Haas F1 Team,20,199.59149084241744,200.30836815879084,282.24358974358955,0.7071604036206481,302.58333333333337,after
Canadian Grand Prix,2026-05-24,OCO,Haas F1 Team,21,168.5254778052692,168.92201993660115,258.46153846153845,0.6520330986513391,307.0,after
Canadian Grand Prix,2026-05-24,OCO,Haas F1 Team,22,210.67477547954016,212.2670702027563,285.38461538461536,0.7382134989849116,302.0,after
Canadian Grand Prix,2026-05-24,OCO,Haas F1 Team,24,166.57436849531365,166.77380336730164,268.22115384615387,0.6210336735440982,305.1875,after
Canadian Grand Prix,2026-05-24,OCO,Haas F1 Team,27,222.95917897385652,224.48833449087917,230.3942307692306,0.9677290018480487,312.21250000000003,after
Canadian Grand Prix,2026-05-24,OCO,Haas F1 Team,28,445.3374744720059,447.40601629021205,171.92307692307702,2.590329829143657,323.07142857142856,after
Canadian Grand Prix,2026-05-24,OCO,Haas F1 Team,32,424.0040416433284,427.4761238981547,291.86858974358967,1.4527224118765962,300.79583333333335,after
Canadian Grand Prix,2026-05-24,OCO,Haas F1 Team,33,201.2960980846049,202.88956928052093,217.77777777777723,0.924318817735433,314.55555555555566,after
Canadian Grand Prix,2026-05-24,OCO,Haas F1 Team,35,480.65995005764023,482.67779332780725,212.64743589743472,2.260360902209396,315.50833333333355,after
Canadian Grand Prix,2026-05-24,OCO,Haas F1 Team,36,199.78927483837126,200.67208264675642,216.73076923076954,0.9218316141610728,314.74999999999994,after
Canadian Grand Prix,2026-05-24,OCO,Haas F1 Team,39,319.6581292942778,321.80574002967273,63.245192307692356,5.054267646766228,343.2544642857143,after
Canadian Grand Prix,2026-05-24,OCO,Haas F1 Team,40,372.69823769473436,374.6263045852772,212.0789921255629,1.7573557567365072,315.61390146239546,after
Canadian Grand Prix,2026-05-24,OCO,Haas F1 Team,42,158.20164617001998,158.72732061049342,187.57532051282055,0.8434033098677663,320.1645833333333,after
Canadian Grand Prix,2026-05-24,OCO,Haas F1 Team,43,446.6339196977442,448.5329636369058,201.38461538461527,2.2178154912416645,317.6,after
Canadian Grand Prix,2026-05-24,OCO,Haas F1 Team,46,159.5993211301389,161.04712774439483,197.21153846153848,0.8092798341069938,318.375,after
Canadian Grand Prix,2026-05-24,OCO,Haas F1 Team,47,334.4254621124277,337.1562978352605,280.0,1.1943766504015274,303.0,after
Canadian Grand Prix,2026-05-24,OCO,Haas F1 Team,54,190.79236766987864,192.09448566409557,221.71153846153854,0.860543249096512,313.825,after
Canadian Grand Prix,2026-05-24,OCO,Haas F1 Team,55,313.1599272641187,315.56879763341107,255.09615384615384,1.2276152444579098,307.625,after
Canadian Grand Prix,2026-05-24,OCO,Haas F1 Team,56,194.92022460800007,196.24540756876746,229.61538461538504,0.8488988006378547,312.3571428571428,after
Canadian Grand Prix,2026-05-24,OCO,Haas F1 Team,57,213.1671628752478,214.3331139697082,226.82692307692244,0.9397789291659955,312.8750000000001,after
Canadian Grand Prix,2026-05-24,OCO,Haas F1 Team,58,228.00243073282343,229.55018023594047,241.5909090909091,0.9437541817727404,310.1331168831169,after
Canadian Grand Prix,2026-05-24,OCO,Haas F1 Team,60,206.8889260186569,209.97788769144654,283.73665480427024,0.7291582617740202,302.3060498220641,after
Canadian Grand Prix,2026-05-24,OCO,Haas F1 Team,61,232.593767739494,234.88270241432122,284.91346153846166,0.8163663678211118,302.0875,after
Canadian Grand Prix,2026-05-24,OCO,Haas F1 Team,62,227.7985717842328,230.4743738575293,291.621692658139,0.78114412445742,300.84168564920276,after
Canadian Grand Prix,2026-05-24,OCO,Haas F1 Team,63,239.2911840522539,242.34618439237286,282.883515116724,0.845900065804531,302.46449004975125,after
Canadian Grand Prix,2026-05-24,OCO,Haas F1 Team,65,209.89868515271948,212.1196965876076,279.63286713286686,0.7506223689112576,303.06818181818187,after
Canadian Grand Prix,2026-05-24,STR,Aston Martin,2,,,,,,after
Canadian Grand Prix,2026-05-24,STR,Aston Martin,7,220.64737237874536,222.47032633557933,310.9038160115746,0.7096965717864682,297.2607198835647,after
Canadian Grand Prix,2026-05-24,STR,Aston Martin,8,259.73242171883606,261.1388399919738,272.25961538461536,0.9539880578760004,304.4375,after
Canadian Grand Prix,2026-05-24,STR,Aston Martin,10,239.72206164224107,240.7439869445342,234.8701923076922,1.0206576632261308,311.38125,after
Canadian Grand Prix,2026-05-24,STR,Aston Martin,11,165.80232370404653,166.01189016447836,291.63461538461536,0.5685275854012806,300.8392857142857,after
Canadian Grand Prix,2026-05-24,STR,Aston Martin,18,315.8206930525854,317.2157193582528,255.6290064102566,1.2354650103585183,307.52604166666663,after
Canadian Grand Prix,2026-05-24,STR,Aston Martin,24,227.733708347558,230.79397782740693,299.23878205128244,0.7610434275478699,299.42708333333326,after
Canadian Grand Prix,2026-05-24,STR,Aston Martin,31,464.6238689906932,468.95744809728853,350.0,1.3274967685448376,282.6607142857142,after
Canadian Grand Prix,2026-05-24,STR,Aston Martin,33,203.0122139831165,205.4589275066629,280.67307692307725,0.7233049076479648,302.87499999999994,after
Canadian Grand Prix,2026-05-24,STR,Aston Martin,36,143.250687426011,143.51067872505953,269.7980769230766,0.5309551834457807,304.8946428571429,after
Canadian Grand Prix,2026-05-24,STR,Aston Martin,39,253.05009271959517,257.2174979004668,325.5980094466937,0.7771856257647793,294.531798245614,after
Canadian Grand Prix,2026-05-24,STR,Aston Martin,40,196.2754419686377,199.08782829204952,287.00000000000006,0.6838865573820128,301.7,after
Canadian Grand Prix,2026-05-24,STR,Aston Martin,41,146.95052766125346,148.5893636600133,303.12467948717944,0.484785758486777,298.7054166666667,after
Canadian Grand Prix,2026-05-24,STR,Aston Martin,42,216.3660861926369,221.45901429818772,311.8477564102557,0.6938196018572391,297.0854166666668,after
Canadian Grand Prix,2026-05-24,STR,Aston Martin,53,275.8685100802641,279.46084741421527,310.9615384615391,0.8871467238202663,297.2499999999999,after
Canadian Grand Prix,2026-05-24,STR,Aston Martin,54,330.2073096540517,334.2485673975047,350.0,0.9434494561544333,289.875,after
Canadian Grand Prix,2026-05-24,STR,Aston Martin,56,303.1743534230839,306.40751577426755,303.490384615385,0.9989586780724484,298.63749999999993,after
Canadian Grand Prix,2026-05-24,STR,Aston Martin,57,242.26012162744394,246.40541966788365,306.1680331234605,0.7912652380980413,298.14022241992876,after
Canadian Grand Prix,2026-05-24,STR,Aston Martin,59,303.54539456789223,308.0470485614472,349.5961538461539,0.8682744109978763,290.075,after
Canadian Grand Prix,2026-05-24,STR,Aston Martin,60,314.7937948929477,319.3288923049305,350.0,0.8994108425512792,289.6069651741293,after
Canadian Grand Prix,2026-05-24,STR,Aston Martin,61,305.1637103719141,309.35122185418015,350.0,0.871896315348326,288.8005540166206,after
Canadian Grand Prix,2026-05-24,BOT,Cadillac,5,247.352419946264,248.5393067555671,294.13461538461536,0.8409497114877887,300.375,after
Canadian Grand Prix,2026-05-24,BOT,Cadillac,6,351.80423829130245,355.7986752332165,350.0,1.0051549665465784,283.5598214285714,after
Canadian Grand Prix,2026-05-24,BOT,Cadillac,7,348.0545893378939,351.5641636516752,350.0,0.9944416838225539,285.5,after
Canadian Grand Prix,2026-05-24,BOT,Cadillac,8,317.5688737266078,321.4068325556575,350.0,0.9073396392188795,289.25000000000006,after
Canadian Grand Prix,2026-05-24,BOT,Cadillac,11,238.0018049084203,240.51089396097566,304.0064102564098,0.7828841658558485,298.54166666666674,after
Canadian Grand Prix,2026-05-24,BOT,Cadillac,12,185.70188065567385,186.82976469710414,289.8717948717951,0.6406345285777333,301.16666666666663,after
Canadian Grand Prix,2026-05-24,BOT,Cadillac,13,240.611829951621,242.52997318315775,274.3760683760688,0.8769417514279362,304.04444444444437,after
Canadian Grand Prix,2026-05-24,BOT,Cadillac,15,313.30606826877687,317.4411001400178,332.33173076923015,0.9427509902337172,293.2812500000001,after
Canadian Grand Prix,2026-05-24,BOT,Cadillac,17,197.8553787892827,198.8782427957343,314.37150349650324,0.6293680457315478,296.6167207792208,after
Canadian Grand Prix,2026-05-24,BOT,Cadillac,18,337.75320221812143,341.37222241518805,339.14423076923083,0.9958984159985435,292.0160714285714,after
Canadian Grand Prix,2026-05-24,BOT,Cadillac,19,216.37311046425748,218.58208287431816,308.10096153846155,0.7022798935252486,297.78125,after
Canadian Grand Prix,2026-05-24,BOT,Cadillac,20,,,,,,after
Canadian Grand Prix,2026-05-24,BOT,Cadillac,23,175.65225662204432,176.35176415024642,250.3846153846154,0.701529749949793,308.5,after
Canadian Grand Prix,2026-05-24,BOT,Cadillac,24,369.04648782028323,371.28058874848193,228.798076923077,1.612978975974341,312.50892857142856,after
Canadian Grand Prix,2026-05-24,BOT,Cadillac,25,281.7028366827904,285.2380657445041,329.5085470085477,0.8549181477695716,293.80555555555543,after
Canadian Grand Prix,2026-05-24,BOT,Cadillac,26,314.17858713514516,318.95556944271294,350.0,0.8976531061004147,289.75373134328356,after
Canadian Grand Prix,2026-05-24,BOT,Cadillac,27,321.2424480984135,325.36007437525444,350.0,0.917835565995467,288.85749999999996,after
Canadian Grand Prix,2026-05-24,BOT,Cadillac,31,368.0780257694984,371.78817905443356,334.7435897435892,1.0995819996178062,292.8333333333334,after
Canadian Grand Prix,2026-05-24,BOT,Cadillac,37,219.81701018277187,223.26336664183734,303.8942307692308,0.7233339363710892,298.5625,after
Canadian Grand Prix,2026-05-24,BOT,Cadillac,39,358.85374185734264,362.7393329806122,350.0,1.0252964053066933,285.9821428571429,after
Canadian Grand Prix,2026-05-24,BOT,Cadillac,42,327.14178237605165,330.6706046870865,350.0,0.934690806788719,283.7499999999999,after
Canadian Grand Prix,2026-05-24,BOT,Cadillac,45,319.4548562497233,323.35576989352626,347.60576923076917,0.9190148280814148,290.44464285714287,after
Canadian Grand Prix,2026-05-24,BOT,Cadillac,46,223.03004254864314,223.34619772039966,254.14038461538456,0.8775859959690242,307.8025,after
Canadian Grand Prix,2026-05-24,BOT,Cadillac,47,335.137236101461,338.7737540053462,277.82180131426225,1.2063028693790863,303.4045226130656,after
Canadian Grand Prix,2026-05-24,BOT,Cadillac,48,271.28927601162906,275.3004523814357,328.46153846153845,0.8259392478105803,294.0,after
Canadian Grand Prix,2026-05-24,BOT,Cadillac,51,367.51006026957543,370.8152882995929,350.0,1.0500287436273583,285.8875000000001,after
Canadian Grand Prix,2026-05-24,BOT,Cadillac,52,353.7861735710238,357.87107287270413,323.75,1.092775825702004,294.875,after
Canadian Grand Prix,2026-05-24,BOT,Cadillac,55,340.6479025516737,344.1643414620471,350.0,0.9732797215762106,288.2815625000001,after
Canadian Grand Prix,2026-05-24,BOT,Cadillac,58,260.9533336968617,264.4642817888644,292.2499999999999,0.892911321460605,300.725,after
Canadian Grand Prix,2026-05-24,BOT,Cadillac,59,346.2386758243174,349.67789212304393,300.86538461538464,1.1508092772684246,299.125,after
Canadian Grand Prix,2026-05-24,BOT,Cadillac,61,320.5019045442282,324.10702978560937,350.0,0.9157197272692233,286.35,after
Canadian Grand Prix,2026-05-24,BOT,Cadillac,63,294.4320613490242,298.2820681979396,341.52534965034914,0.8621089522357896,291.57386363636374,after
Canadian Grand Prix,2026-05-24,BOT,Cadillac,64,315.0737637368666,318.8196862316482,345.5576923076918,0.9117833888539758,290.8250000000001,after
Canadian Grand Prix,2026-05-24,PER,Cadillac,4,198.04282758165908,198.50395881665125,237.59615384615384,0.8335270768309406,310.875,after
Canadian Grand Prix,2026-05-24,PER,Cadillac,5,,,,,,after
Canadian Grand Prix,2026-05-24,PER,Cadillac,7,177.68105273082895,177.64509102301884,247.12454212454227,0.7189939582823135,309.1054421768707,after
Canadian Grand Prix,2026-05-24,PER,Cadillac,8,181.64589696147485,181.33779687473228,251.0464743589745,0.723554861406805,308.3770833333333,after
Canadian Grand Prix,2026-05-24,PER,Cadillac,9,256.4753173674404,257.7112139948139,278.4201388888892,0.9211809116645601,303.2934027777777,after
Canadian Grand Prix,2026-05-24,PER,Cadillac,10,242.5530825496529,244.95790919993934,290.6923076923079,0.8343980082417267,301.0142857142857,after
Canadian Grand Prix,2026-05-24,PER,Cadillac,11,220.0680659649176,220.48902378904634,267.8875317715326,0.8214942461473057,305.2494583852868,after
Canadian Grand Prix,2026-05-24,PER,Cadillac,12,216.0589482909105,215.24206334008275,242.53205128205107,0.8908469917637655,309.95833333333337,after
Canadian Grand Prix,2026-05-24,PER,Cadillac,13,260.01104987088723,262.2977387191067,136.89102564102558,1.8994017223066464,329.57738095238096,after
Canadian Grand Prix,2026-05-24,PER,Cadillac,14,204.22589004607812,206.23603839765036,288.97235576923094,0.7067315816505643,301.33370535714283,after
Canadian Grand Prix,2026-05-24,PER,Cadillac,18,249.75350216530325,251.88999771638836,301.53846153846155,0.8282641653441178,299.0,after
Canadian Grand Prix,2026-05-24,PER,Cadillac,19,273.721663991819,276.87520425652366,319.1901816776192,0.8575503875250048,295.72182340272786,after
Canadian Grand Prix,2026-05-24,PER,Cadillac,20,259.1613141877455,263.16415305006893,328.7499999999995,0.7883233891642463,293.94642857142867,after
Canadian Grand Prix,2026-05-24,PER,Cadillac,22,191.99701851285135,194.16095361464457,289.2548076923077,0.6637643123190075,301.28125,after
Canadian Grand Prix,2026-05-24,PER,Cadillac,25,311.4834980784608,314.3385701062991,311.5235576923074,0.9998714074333789,297.14562500000005,after
Canadian Grand Prix,2026-05-24,PER,Cadillac,26,250.05859439384747,252.33004538887724,301.8231797742056,0.828493671628921,298.94712375621896,after
Canadian Grand Prix,2026-05-24,PER,Cadillac,27,238.82287898579636,241.0550381016768,305.87473401425666,0.7807865522317542,298.1946922544952,after
Canadian Grand Prix,2026-05-24,PER,Cadillac,28,246.94001210044007,250.25107560135254,321.43094405594405,0.7682521445647154,295.3056818181818,after
Canadian Grand Prix,2026-05-24,PER,Cadillac,31,315.3501686193421,317.1746138916835,247.77644230769232,1.2727205447067313,308.984375,after
Canadian Grand Prix,2026-05-24,PER,Cadillac,32,,,,,,after
Canadian Grand Prix,2026-05-24,PER,Cadillac,33,716.1953481252248,719.4797925761592,350.0,2.046272423214928,287.30357142857133,after
Canadian Grand Prix,2026-05-24,PER,Cadillac,35,232.5377671625435,234.55342654100133,195.38201683441198,1.1901697552831658,318.71476830218063,after
Canadian Grand Prix,2026-05-24,PER,Cadillac,36,126.16632480210754,125.6855408762621,257.18269230769226,0.4905708221265632,307.2375,after
Canadian Grand Prix,2026-05-24,PER,Cadillac,39,,,,,,after
Canadian Grand Prix,2026-05-24,NOR,McLaren,5,,,,,,after
Canadian Grand Prix,2026-05-24,NOR,McLaren,7,,,,,,after
Canadian Grand Prix,2026-05-24,NOR,McLaren,8,199.09159103806948,198.95787950211178,210.3846153846153,0.9463220049341515,315.92857142857144,after
Canadian Grand Prix,2026-05-24,NOR,McLaren,9,149.70882347684005,149.8270970518326,240.92788461538422,0.6213843769716996,310.2562500000001,after
Canadian Grand Prix,2026-05-24,NOR,McLaren,10,,,,,,after
Canadian Grand Prix,2026-05-24,NOR,McLaren,12,198.8860392922599,199.83862398125828,269.2307692307692,0.7387195745141082,305.0,after
Canadian Grand Prix,2026-05-24,NOR,McLaren,13,162.22368873094211,162.44149223247464,266.5384615384615,0.6086314440121927,305.5,after
Canadian Grand Prix,2026-05-24,NOR,McLaren,17,183.06859246666735,183.06284301735187,203.82953239706345,0.8981455744599687,317.1459439834025,after
Canadian Grand Prix,2026-05-24,NOR,McLaren,18,170.69812324129498,171.0694397763713,217.40384615384616,0.7851660688675223,314.625,after
Canadian Grand Prix,2026-05-24,NOR,McLaren,19,195.22122665834218,195.50939507679982,217.59546947714216,0.897175052069959,314.5894128113879,after
Canadian Grand Prix,2026-05-24,NOR,McLaren,20,190.78212973590834,191.29136501485857,233.78205128205107,0.816068336682252,311.58333333333337,after
Canadian Grand Prix,2026-05-24,NOR,McLaren,22,179.05317376027102,178.9980405481919,277.88461538461553,0.6443436010750233,303.3928571428571,after
Canadian Grand Prix,2026-05-24,NOR,McLaren,25,180.7424262106907,180.38667608706476,211.7595952265764,0.8535265002622513,315.6732180293501,after
Canadian Grand Prix,2026-05-24,NOR,McLaren,26,171.2855682504989,170.61694747271653,226.15384615384616,0.7573851657334986,313.0,after
Canadian Grand Prix,2026-05-24,NOR,McLaren,27,148.89364749975027,148.64094881696744,223.46153846153845,0.6663054793448379,313.5,after
Canadian Grand Prix,2026-05-24,NOR,McLaren,28,177.9046342595832,178.0944006997917,223.20576923076914,0.7970431717454858,313.5475,after
Canadian Grand Prix,2026-05-24,NOR,McLaren,29,156.87534854050767,156.39267931986686,226.2884615384614,0.6932538560471151,312.975,after
Canadian Grand Prix,2026-05-24,NOR,McLaren,32,234.6231942830573,235.72423169596033,249.71153846153967,0.939576904329528,308.6249999999998,after
Canadian Grand Prix,2026-05-24,NOR,McLaren,33,164.60860503049844,164.57606877482982,242.30769230769232,0.6793371001258666,310.0,after
Canadian Grand Prix,2026-05-24,NOR,McLaren,34,,,,,,after
Canadian Grand Prix,2026-05-24,NOR,McLaren,36,314.4049001863195,316.5185345490177,94.6794871794874,3.320728803592805,337.41666666666663,after
Canadian Grand Prix,2026-05-24,NOR,McLaren,37,173.57779318618762,176.6284073413298,284.7922992577595,0.6094890684845591,302.1100015664161,after
Canadian Grand Prix,2026-05-24,RUS,Mercedes,2,,,,,,after
Canadian Grand Prix,2026-05-24,RUS,Mercedes,3,,,,,,after
Canadian Grand Prix,2026-05-24,RUS,Mercedes,4,244.7875027413593,245.563814532229,219.54505118637613,1.114976181055224,314.22734763681586,after
Canadian Grand Prix,2026-05-24,RUS,Mercedes,5,236.46377153682673,237.21131975071015,200.53205128205164,1.1791819313922867,317.75833333333327,after
Canadian Grand Prix,2026-05-24,RUS,Mercedes,6,460.6689845212559,462.73604134767965,167.3076923076919,2.7534238155293522,323.9285714285715,after
Canadian Grand Prix,2026-05-24,RUS,Mercedes,7,276.2683023883385,278.5939505329554,262.41923076923143,1.0527746064132235,306.2649999999999,after
Canadian Grand Prix,2026-05-24,RUS,Mercedes,8,238.19181709182692,239.902329193047,252.39329635881344,0.9437327398474282,308.1269592476489,after
Canadian Grand Prix,2026-05-24,RUS,Mercedes,9,277.9951772618314,280.33234654985495,251.25000000000026,1.1064484667137555,308.33928571428567,after
Canadian Grand Prix,2026-05-24,RUS,Mercedes,10,224.17017405361503,225.44443003132466,243.8461538461535,0.9193098620495266,309.7142857142858,after
Canadian Grand Prix,2026-05-24,RUS,Mercedes,11,247.3800310273525,249.5903700769911,260.1730769230768,0.9508287096919458,306.6821428571429,after
Canadian Grand Prix,2026-05-24,RUS,Mercedes,12,360.1081092676231,361.5582036526167,206.29807692307693,1.745571818402834,316.6875,after
Canadian Grand Prix,2026-05-24,RUS,Mercedes,13,180.50854698286224,182.74146363464928,225.64903846153848,0.7999526530826748,313.09375,after
Canadian Grand Prix,2026-05-24,RUS,Mercedes,15,312.84613025993195,316.840400932132,300.02403846153845,1.0427368815650324,299.28125,after
Canadian Grand Prix,2026-05-24,RUS,Mercedes,16,271.36560223252025,273.02580811270707,232.21153846153783,1.1686137735893243,311.8750000000001,after
Canadian Grand Prix,2026-05-24,RUS,Mercedes,17,230.593308846561,232.0411618667818,229.27447552447512,1.0057522029832104,312.4204545454546,after
Canadian Grand Prix,2026-05-24,RUS,Mercedes,18,202.59972744206033,204.48502007179832,216.72836538461482,0.9348094656761645,314.75044642857154,after
Canadian Grand Prix,2026-05-24,RUS,Mercedes,19,169.34826630934157,171.51516966525242,183.75,0.9216232180100221,320.875,after
Canadian Grand Prix,2026-05-24,RUS,Mercedes,23,195.47632915069855,197.88206663469145,113.46955128205107,1.722720561966473,333.92708333333337,after
Canadian Grand Prix,2026-05-24,RUS,Mercedes,26,183.6531073781288,184.8717668604143,225.1923076923076,0.8155389909191034,313.17857142857144,after
Canadian Grand Prix,2026-05-24,RUS,Mercedes,27,247.095510628836,248.86575882800994,248.14102564102586,0.9957866096124615,308.91666666666663,after
Canadian Grand Prix,2026-05-24,RUS,Mercedes,28,203.05963286251838,204.9222495088143,230.82051282051222,0.8797295802752986,312.13333333333344,after
Canadian Grand Prix,2026-05-24,ALO,Aston Martin,5,183.51161355854276,184.58335939737495,214.03846153846155,0.8573768108754918,315.25,after
Canadian Grand Prix,2026-05-24,ALO,Aston Martin,10,181.30166429365815,181.70223799604992,277.3076923076923,0.6537924093807368,303.5,after
Canadian Grand Prix,2026-05-24,ALO,Aston Martin,14,183.69105700064765,183.97976069430425,293.46153846153845,0.6259459347335307,300.5,after
Canadian Grand Prix,2026-05-24,ALB,Williams,3,,,,,,after
Canadian Grand Prix,2026-05-24,ALB,Williams,5,,,,,,after
Canadian Grand Prix,2026-05-24,ALB,Williams,8,,,,,,after
Canadian Grand Prix,2026-05-24,ALB,Williams,9,254.67904138818062,256.0796128304873,239.3461538461541,1.0640615581058475,310.54999999999995,after
Canadian Grand Prix,2026-05-24,ALB,Williams,10,221.19747665741448,223.17774920868095,261.3549313756781,0.8463489687878119,306.4626556016598,after
Austrian Grand Prix,2026-06-28,RUS,Mercedes,6,350.64383021709745,372.3256441187547,311.4762443438909,1.1257482282660465,297.15441176470597,after
Austrian Grand Prix,2026-06-28,RUS,Mercedes,7,323.7525824992118,339.20720844752543,287.82089552238807,1.1248404390918478,301.54754797441365,after
Austrian Grand Prix,2026-06-28,RUS,Mercedes,9,248.1386116313176,259.0631191218758,269.8365384615382,0.9195886259365376,304.88750000000005,after
Austrian Grand Prix,2026-06-28,RUS,Mercedes,10,327.3575676771223,344.39379196778145,288.42307692307674,1.134990900067367,301.4357142857143,after
Austrian Grand Prix,2026-06-28,RUS,Mercedes,11,243.0828226298275,254.73320711101508,272.0997596153845,0.8933591965440443,304.4671875,after
Austrian Grand Prix,2026-06-28,RUS,Mercedes,12,223.7044373753966,237.7190351836301,301.875,0.7410498960675664,298.9375,after
Austrian Grand Prix,2026-06-28,RUS,Mercedes,13,257.54591499853234,270.4328457073759,289.08653846153845,0.8908955649375475,301.3125,after
Austrian Grand Prix,2026-06-28,RUS,Mercedes,14,255.1377002030398,268.9914198485207,283.0288461538462,0.9014547586586084,302.4375,after
Austrian Grand Prix,2026-06-28,RUS,Mercedes,15,235.05815717320226,245.76792312844955,267.6153846153846,0.878343214501762,305.3,after
Austrian Grand Prix,2026-06-28,RUS,Mercedes,16,252.52050233978395,264.4224269281566,274.81880341880367,0.9188618071193667,303.9622222222222,after
Austrian Grand Prix,2026-06-28,RUS,Mercedes,17,221.6409450720505,229.9577089596804,253.18910256410248,0.8753968588199226,307.9791666666667,after
Austrian Grand Prix,2026-06-28,RUS,Mercedes,21,344.86072926648757,360.0306611990519,252.47115384615407,1.3659411145109752,308.11249999999995,after
Austrian Grand Prix,2026-06-28,RUS,Mercedes,22,341.9839258998201,356.8848871110576,268.89423076923083,1.2718157802103087,305.0625,after
Austrian Grand Prix,2026-06-28,RUS,Mercedes,23,447.43449884631553,468.5041625472849,293.30168269230757,1.5255094847706798,300.5296875,after
Austrian Grand Prix,2026-06-28,RUS,Mercedes,24,389.6943548335894,407.876133893176,294.8076923076923,1.3218595206357893,300.25,after
Austrian Grand Prix,2026-06-28,RUS,Mercedes,27,418.0184130421132,437.9288903007788,292.66225961538464,1.4283304365635359,300.6484375,after
Austrian Grand Prix,2026-06-28,RUS,Mercedes,29,173.6767993321085,178.61608026893572,235.53125000000006,0.7373832531016944,311.25848214285713,after
Austrian Grand Prix,2026-06-28,RUS,Mercedes,30,295.68161324603375,311.75538490850874,262.1791713214171,1.1277845290141089,306.3095824688797,after
Austrian Grand Prix,2026-06-28,RUS,Mercedes,31,310.2480886713725,320.01664877484967,228.11188811188816,1.3600697939916082,312.6363636363636,after
Austrian Grand Prix,2026-06-28,RUS,Mercedes,32,346.3062226216125,354.69708561632996,229.18269230769232,1.5110487582398866,312.4375,after
Austrian Grand Prix,2026-06-28,RUS,Mercedes,33,409.75512214240325,426.45256414225054,264.5192307692308,1.5490560778920373,305.875,after
Austrian Grand Prix,2026-06-28,RUS,Mercedes,34,446.13125994565735,461.0974976315607,262.6750000000001,1.6984153800158261,306.2175,after
Austrian Grand Prix,2026-06-28,RUS,Mercedes,35,431.5781651184361,450.14743535160386,284.64423076923055,1.5162020461546937,302.13750000000005,after
Austrian Grand Prix,2026-06-28,RUS,Mercedes,36,377.39428882798006,391.4211163333467,254.69230769230742,1.4817655556519922,307.70000000000005,after
Austrian Grand Prix,2026-06-28,RUS,Mercedes,37,373.5317184301715,388.8586974128029,252.7584134615385,1.4778211071775489,308.0591517857143,after
Austrian Grand Prix,2026-06-28,RUS,Mercedes,38,383.74435113311876,394.80133438201955,213.3653846153846,1.7985314338821248,315.375,after
Austrian Grand Prix,2026-06-28,RUS,Mercedes,39,305.9070182255815,319.3490765902508,244.55128205128182,1.2508910837009373,309.58333333333337,after
Austrian Grand Prix,2026-06-28,RUS,Mercedes,40,213.02625588042196,222.64033416754287,243.50961538461564,0.8748166085513864,309.77678571428567,after
Austrian Grand Prix,2026-06-28,RUS,Mercedes,41,303.523425449201,313.07203031876236,235.74519230769232,1.287506321880979,311.21875,after
Austrian Grand Prix,2026-06-28,RUS,Mercedes,42,271.4520821636074,279.226950381471,230.04273504273476,1.180007193503329,312.2777777777778,after
Austrian Grand Prix,2026-06-28,RUS,Mercedes,45,305.43280037328566,317.1592592088848,228.77884615384593,1.3350570015896164,312.51250000000005,after
Austrian Grand Prix,2026-06-28,RUS,Mercedes,47,226.53015284216926,234.32644995574043,222.5961538461536,1.0176732568287528,313.66071428571433,after
Austrian Grand Prix,2026-06-28,RUS,Mercedes,49,391.1207683443838,400.46002968119166,221.57692307692326,1.7651692374507846,313.84999999999997,after
Austrian Grand Prix,2026-06-28,RUS,Mercedes,51,433.0901477351481,447.1185711828632,208.18269230769246,2.0803369527714826,316.3375,after
Austrian Grand Prix,2026-06-28,RUS,Mercedes,52,311.3315963324559,323.08107253966875,241.50000000000014,1.2891577487886363,310.15,after
Austrian Grand Prix,2026-06-28,RUS,Mercedes,54,345.5407127150233,361.70719894701006,244.8878205128203,1.4110163257258996,309.52083333333337,after
Austrian Grand Prix,2026-06-28,RUS,Mercedes,55,357.5179931876345,372.51953265821476,230.19230769230768,1.553127455785881,312.25,after
Austrian Grand Prix,2026-06-28,RUS,Mercedes,56,438.40733298691237,448.44579649649756,220.76084351785278,1.9858926338604004,314.0015576323988,after
Austrian Grand Prix,2026-06-28,RUS,Mercedes,59,306.838458904787,319.9228375657964,247.5480769230769,1.2395105739404872,309.0267857142857,after
Austrian Grand Prix,2026-06-28,RUS,Mercedes,60,303.2095351217194,319.8785706866637,265.9038461538462,1.1402976658949453,305.61785714285713,after
Austrian Grand Prix,2026-06-28,RUS,Mercedes,61,296.13620269361627,307.4018635369254,239.11057692307693,1.2384906034034822,310.59375,after
Austrian Grand Prix,2026-06-28,RUS,Mercedes,63,308.58560941895064,320.6407028721555,228.84615384615384,1.348441318469364,312.5,after
Austrian Grand Prix,2026-06-28,RUS,Mercedes,65,306.8490595182853,316.0714536302621,196.53846153846152,1.5612672304257176,318.5,after
Austrian Grand Prix,2026-06-28,RUS,Mercedes,68,255.94296622515012,264.48667448186717,234.3803418803419,1.0919984337074506,311.47222222222223,after
Austrian Grand Prix,2026-06-28,RUS,Mercedes,69,234.39883965658996,239.38822802958737,213.13461538461507,1.0997689851252093,315.4178571428572,after
Austrian Grand Prix,2026-06-28,RUS,Mercedes,70,477.40288547182274,480.99252494860724,163.207692307692,2.9251249050920047,324.69000000000005,after
Austrian Grand Prix,2026-06-28,RUS,Mercedes,71,208.48651874529384,217.19073761080554,232.30769230769215,0.8974585244002722,311.8571428571429,after
Austrian Grand Prix,2026-06-28,VER,Red Bull Racing,2,,,,,,after
Austrian Grand Prix,2026-06-28,VER,Red Bull Racing,6,444.74579594851645,459.14361737420717,245.57884615384626,1.8110102026861847,309.3925,after
Austrian Grand Prix,2026-06-28,VER,Red Bull Racing,7,437.13486511039605,451.2465956625649,222.5961538461536,1.9638024177745674,313.66071428571433,after
Austrian Grand Prix,2026-06-28,VER,Red Bull Racing,9,458.3921522340159,460.09416814660034,178.1572744803944,2.5729634311646388,321.9136490250696,after
Austrian Grand Prix,2026-06-28,VER,Red Bull Racing,10,374.9119618625098,382.0471867173744,184.9278846153846,2.0273414290238407,320.65625,after
Austrian Grand Prix,2026-06-28,VER,Red Bull Racing,11,,,,,,after
Austrian Grand Prix,2026-06-28,VER,Red Bull Racing,12,415.00069078938077,418.884373018322,240.5173076923078,1.725450425049196,310.3325,after
Austrian Grand Prix,2026-06-28,VER,Red Bull Racing,13,,,,,,after
Austrian Grand Prix,2026-06-28,VER,Red Bull Racing,14,278.36571057414704,291.0056916058124,272.4125874125875,1.0218533336440254,304.4090909090909,after
Austrian Grand Prix,2026-06-28,VER,Red Bull Racing,15,192.34759279582815,201.2822877874992,252.67307692307668,0.7612508429395748,308.07500000000005,after
Austrian Grand Prix,2026-06-28,VER,Red Bull Racing,17,230.22882461868954,235.8506294560358,240.6923076923073,0.9565275551431668,310.30000000000007,after
Austrian Grand Prix,2026-06-28,VER,Red Bull Racing,20,,,,,,after
Austrian Grand Prix,2026-06-28,VER,Red Bull Racing,21,,,,,,after
Austrian Grand Prix,2026-06-28,VER,Red Bull Racing,22,400.59871306213387,409.99470886668155,153.910256410256,2.602807131932239,326.41666666666674,after
Austrian Grand Prix,2026-06-28,VER,Red Bull Racing,23,,,,,,after
Austrian Grand Prix,2026-06-28,VER,Red Bull Racing,24,,,,,,after
Austrian Grand Prix,2026-06-28,VER,Red Bull Racing,27,357.75424338486175,369.4231065583851,252.16346153846138,1.4187394208589377,308.1696428571429,after
Austrian Grand Prix,2026-06-28,VER,Red Bull Racing,28,291.9356075223277,303.0948026673123,238.51153846153824,1.2239894531115294,310.70500000000004,after
Austrian Grand Prix,2026-06-28,VER,Red Bull Racing,29,263.2810596128201,270.46721120536836,231.61923076923068,1.136697754924914,311.985,after
Austrian Grand Prix,2026-06-28,VER,Red Bull Racing,30,186.92033585467328,194.90142656096373,223.59615384615373,0.8359729478320304,313.475,after
Austrian Grand Prix,2026-06-28,VER,Red Bull Racing,31,339.4235558071496,353.6755457560743,241.46815550041373,1.4056659152579978,310.1559139784946,after
Austrian Grand Prix,2026-06-28,VER,Red Bull Racing,32,261.1687373104781,268.04865911457154,226.15384615384616,1.154827750012318,313.0,after
Austrian Grand Prix,2026-06-28,VER,Red Bull Racing,33,,,,,,after
Austrian Grand Prix,2026-06-28,VER,Red Bull Racing,34,,,,,,after
Austrian Grand Prix,2026-06-28,VER,Red Bull Racing,35,229.05522312853708,235.3332506195921,219.18749999999977,1.0450195523400618,314.29375000000005,after
Austrian Grand Prix,2026-06-28,VER,Red Bull Racing,36,,,,,,after
Austrian Grand Prix,2026-06-28,VER,Red Bull Racing,37,,,,,,after
Austrian Grand Prix,2026-06-28,VER,Red Bull Racing,38,,,,,,after
Austrian Grand Prix,2026-06-28,VER,Red Bull Racing,39,,,,,,after
Austrian Grand Prix,2026-06-28,VER,Red Bull Racing,40,,,,,,after
Austrian Grand Prix,2026-06-28,VER,Red Bull Racing,41,,,,,,after
Austrian Grand Prix,2026-06-28,VER,Red Bull Racing,42,,,,,,after
Austrian Grand Prix,2026-06-28,VER,Red Bull Racing,43,255.80160633652721,267.1752270063251,205.86538461538447,1.2425673544604787,316.76785714285717,after
Austrian Grand Prix,2026-06-28,VER,Red Bull Racing,45,239.54249966490383,246.3092001487393,210.8974358974357,1.1358246184718854,315.83333333333337,after
Austrian Grand Prix,2026-06-28,VER,Red Bull Racing,47,,,,,,after
Austrian Grand Prix,2026-06-28,VER,Red Bull Racing,48,,,,,,after
Austrian Grand Prix,2026-06-28,VER,Red Bull Racing,51,202.9649158125312,211.14380705569377,193.17307692307693,1.050689459656707,319.125,after
Austrian Grand Prix,2026-06-28,VER,Red Bull Racing,54,,,,,,after
Austrian Grand Prix,2026-06-28,VER,Red Bull Racing,55,,,,,,after
Austrian Grand Prix,2026-06-28,VER,Red Bull Racing,56,,,,,,after
Austrian Grand Prix,2026-06-28,VER,Red Bull Racing,57,,,,,,after
Austrian Grand Prix,2026-06-28,VER,Red Bull Racing,58,250.8803117495734,261.82203036961033,224.0000000000001,1.1200013917391662,313.4,after
Austrian Grand Prix,2026-06-28,VER,Red Bull Racing,60,293.86838857567636,300.54858746772993,208.21153846153817,1.411393387451297,316.3321428571429,after
Austrian Grand Prix,2026-06-28,VER,Red Bull Racing,61,,,,,,after
Austrian Grand Prix,2026-06-28,VER,Red Bull Racing,62,328.31711292610026,341.73069594991574,208.38461538461564,1.5755343182131039,316.29999999999995,after
Austrian Grand Prix,2026-06-28,VER,Red Bull Racing,63,,,,,,after
Austrian Grand Prix,2026-06-28,VER,Red Bull Racing,65,,,,,,after
Austrian Grand Prix,2026-06-28,VER,Red Bull Racing,66,,,,,,after
Austrian Grand Prix,2026-06-28,VER,Red Bull Racing,67,232.29338045997002,242.30993651301088,222.61645299145275,1.0434690578278545,313.6569444444445,after
Austrian Grand Prix,2026-06-28,VER,Red Bull Racing,68,,,,,,after
Austrian Grand Prix,2026-06-28,VER,Red Bull Racing,69,,,,,,after
Austrian Grand Prix,2026-06-28,VER,Red Bull Racing,70,,,,,,after
Austrian Grand Prix,2026-06-28,VER,Red Bull Racing,71,,,,,,after
Austrian Grand Prix,2026-06-28,ANT,Mercedes,5,,,,,,after
Austrian Grand Prix,2026-06-28,ANT,Mercedes,6,,,,,,after
Austrian Grand Prix,2026-06-28,ANT,Mercedes,7,313.8890759427179,321.7262471161313,213.570673076923,1.4697199358905548,315.336875,after
Austrian Grand Prix,2026-06-28,ANT,Mercedes,8,284.79728599275944,295.7909807069141,188.90734265734253,1.5076030501860953,319.9172077922078,after
Austrian Grand Prix,2026-06-28,ANT,Mercedes,9,,,,,,after
Austrian Grand Prix,2026-06-28,ANT,Mercedes,10,333.7496133279945,345.22232044338284,271.07561188811184,1.2312048693843831,304.65738636363636,after
Austrian Grand Prix,2026-06-28,ANT,Mercedes,11,293.75345003030867,302.5335735229671,258.30285039693405,1.1372443222322082,307.0294706405694,after
Austrian Grand Prix,2026-06-28,ANT,Mercedes,12,,,,,,after
Austrian Grand Prix,2026-06-28,ANT,Mercedes,13,,,,,,after
Austrian Grand Prix,2026-06-28,ANT,Mercedes,14,,,,,,after
Austrian Grand Prix,2026-06-28,ANT,Mercedes,15,332.2550346154855,347.6913803390117,269.09615384615364,1.2347074823129607,305.02500000000003,after
Austrian Grand Prix,2026-06-28,ANT,Mercedes,17,372.69812631574473,387.23505946584487,263.20673076923094,1.4159901049130519,306.11875,after
Austrian Grand Prix,2026-06-28,ANT,Mercedes,18,,,,,,after
Austrian Grand Prix,2026-06-28,ANT,Mercedes,19,243.90312828250904,251.01899540422886,257.96470362555135,0.9454903126458208,307.0922693266833,after
Austrian Grand Prix,2026-06-28,ANT,Mercedes,20,275.51045168362174,285.1480442736242,261.33665372202745,1.0542357826953366,306.46605002305205,after
Austrian Grand Prix,2026-06-28,ANT,Mercedes,21,,,,,,after
Austrian Grand Prix,2026-06-28,ANT,Mercedes,22,205.5943272383034,213.10951801264903,244.34711538461553,0.8414027188931077,309.62125,after
Austrian Grand Prix,2026-06-28,ANT,Mercedes,27,451.2589221534881,460.57167389406845,163.81570512820505,2.7546743567738203,324.57708333333335,after
Austrian Grand Prix,2026-06-28,ANT,Mercedes,29,,,,,,after
Austrian Grand Prix,2026-06-28,ANT,Mercedes,30,,,,,,after
Austrian Grand Prix,2026-06-28,ANT,Mercedes,32,381.7134683739513,399.8507512508856,280.20192307692287,1.3622799736073217,302.96250000000003,after
Austrian Grand Prix,2026-06-28,ANT,Mercedes,33,291.45417195312916,302.3532535165273,253.07692307692307,1.1516426247388083,308.0,after
Austrian Grand Prix,2026-06-28,ANT,Mercedes,34,335.5337152998623,348.63128244794245,253.41346153846152,1.324056398830798,307.9375,after
Austrian Grand Prix,2026-06-28,ANT,Mercedes,35,260.0599133697513,273.43806509831666,254.23076923076897,1.022928554858327,307.78571428571433,after
Austrian Grand Prix,2026-06-28,ANT,Mercedes,36,,,,,,after
Austrian Grand Prix,2026-06-28,ANT,Mercedes,37,260.4858227726875,270.2819843138165,235.5769230769231,1.1057357374840613,311.25,after
Austrian Grand Prix,2026-06-28,ANT,Mercedes,38,291.10506244838894,298.8413695535753,225.6883012820513,1.2898544620821255,313.0864583333333,after
Austrian Grand Prix,2026-06-28,ANT,Mercedes,39,318.4253515751103,333.3155380704153,245.14957264957263,1.2989023318848745,309.47222222222223,after
Austrian Grand Prix,2026-06-28,ANT,Mercedes,40,281.084384964974,291.08795537839865,237.78685897435898,1.1820854448280673,310.83958333333334,after
Austrian Grand Prix,2026-06-28,ANT,Mercedes,42,,,,,,after
Austrian Grand Prix,2026-06-28,ANT,Mercedes,44,198.38867374865345,206.67179253739218,236.92307692307693,0.8373547917962645,311.0,after
Austrian Grand Prix,2026-06-28,ANT,Mercedes,45,352.3217328661859,369.62032157116823,247.6382086076764,1.4227276753740195,309.0100469728601,after
Austrian Grand Prix,2026-06-28,ANT,Mercedes,46,,,,,,after
Austrian Grand Prix,2026-06-28,ANT,Mercedes,47,364.77852555017955,380.05671213218136,249.92280982905982,1.459564758413519,308.5857638888889,after
Austrian Grand Prix,2026-06-28,ANT,Mercedes,48,270.3109702927557,283.9843138544452,237.660389403128,1.1373833518140233,310.8630705394191,after
Austrian Grand Prix,2026-06-28,ANT,Mercedes,49,249.47078418263874,258.8177129193154,220.09615384615384,1.1334627153776509,314.125,after
Austrian Grand Prix,2026-06-28,ANT,Mercedes,50,302.0307189134022,310.5852460772443,202.99999999999966,1.4878360537606048,317.30000000000007,after
Austrian Grand Prix,2026-06-28,ANT,Mercedes,53,,,,,,after
Austrian Grand Prix,2026-06-28,ANT,Mercedes,54,423.6563608836522,436.43963548564983,216.05769230769232,1.960848310275916,314.875,after
Austrian Grand Prix,2026-06-28,ANT,Mercedes,56,350.955378925638,367.3889986258089,252.44791951820446,1.3902090363645478,308.1168149466192,after
Austrian Grand Prix,2026-06-28,ANT,Mercedes,57,350.1717070743159,360.0264011587761,234.8290598290597,1.4911770601526837,311.3888888888889,after
Austrian Grand Prix,2026-06-28,ANT,Mercedes,58,315.9750519625938,330.9778082201679,229.85576923076923,1.374666613851067,312.3125,after
Austrian Grand Prix,2026-06-28,ANT,Mercedes,59,461.8437466475143,481.5145310169943,227.17692307692303,2.0329694600676147,312.81,after
Austrian Grand Prix,2026-06-28,ANT,Mercedes,60,383.0908240724654,398.7563592961168,255.5061188811188,1.4993410950393282,307.54886363636365,after
Austrian Grand Prix,2026-06-28,ANT,Mercedes,61,367.08608985090825,385.44899726381874,240.96153846153848,1.5234219211689728,310.25,after
Austrian Grand Prix,2026-06-28,ANT,Mercedes,62,365.12474500124796,378.71703914956527,240.09987734361303,1.5207202479271102,310.4100227790433,after
Austrian Grand Prix,2026-06-28,ANT,Mercedes,63,320.9101655827062,333.17951726271565,216.59615384615424,1.481606020625117,314.7749999999999,after
Austrian Grand Prix,2026-06-28,ANT,Mercedes,64,,,,,,after
Austrian Grand Prix,2026-06-28,ANT,Mercedes,65,300.1999383782075,312.4105676690602,231.53846153846152,1.2965445843577068,312.0,after
Austrian Grand Prix,2026-06-28,ANT,Mercedes,66,320.5098644369155,336.00622427900606,243.76602564102524,1.314825819529522,309.72916666666674,after
Austrian Grand Prix,2026-06-28,ANT,Mercedes,67,326.6014647118315,342.59235498323284,239.67147435897448,1.3627047840605981,310.4895833333333,after
Austrian Grand Prix,2026-06-28,ANT,Mercedes,69,343.13796464716285,353.77275510752213,219.62500000000014,1.5623811708465,314.2125,after
Austrian Grand Prix,2026-06-28,ANT,Mercedes,70,363.46046315930954,377.2484025521408,207.30769230769232,1.7532415662601202,316.5,after
Austrian Grand Prix,2026-06-28,ANT,Mercedes,71,487.7923363424401,500.92818580698275,118.49505266517701,4.11656288909175,332.99377593361,after
Austrian Grand Prix,2026-06-28,PIA,McLaren,2,,,,,,after
Austrian Grand Prix,2026-06-28,PIA,McLaren,5,,,,,,after
Austrian Grand Prix,2026-06-28,PIA,McLaren,6,,,,,,after
Austrian Grand Prix,2026-06-28,PIA,McLaren,7,,,,,,after
Austrian Grand Prix,2026-06-28,PIA,McLaren,8,,,,,,after
Austrian Grand Prix,2026-06-28,PIA,McLaren,10,,,,,,after
Austrian Grand Prix,2026-06-28,PIA,McLaren,11,,,,,,after
Austrian Grand Prix,2026-06-28,PIA,McLaren,12,,,,,,after
Austrian Grand Prix,2026-06-28,PIA,McLaren,13,,,,,,after
Austrian Grand Prix,2026-06-28,PIA,McLaren,14,,,,,,after
Austrian Grand Prix,2026-06-28,PIA,McLaren,15,,,,,,after
Austrian Grand Prix,2026-06-28,PIA,McLaren,16,,,,,,after
Austrian Grand Prix,2026-06-28,PIA,McLaren,17,,,,,,after
Austrian Grand Prix,2026-06-28,PIA,McLaren,18,,,,,,after
Austrian Grand Prix,2026-06-28,PIA,McLaren,23,,,,,,after
Austrian Grand Prix,2026-06-28,PIA,McLaren,24,,,,,,after
Austrian Grand Prix,2026-06-28,PIA,McLaren,27,,,,,,after
Austrian Grand Prix,2026-06-28,PIA,McLaren,28,,,,,,after
Austrian Grand Prix,2026-06-28,PIA,McLaren,29,,,,,,after
Austrian Grand Prix,2026-06-28,PIA,McLaren,30,287.8560980810547,296.8651119455868,222.92307692307682,1.2912799430827167,313.6,after
Austrian Grand Prix,2026-06-28,PIA,McLaren,32,,,,,,after
Austrian Grand Prix,2026-06-28,PIA,McLaren,35,,,,,,after
Austrian Grand Prix,2026-06-28,PIA,McLaren,36,,,,,,after
Austrian Grand Prix,2026-06-28,PIA,McLaren,37,,,,,,after
Austrian Grand Prix,2026-06-28,PIA,McLaren,38,,,,,,after
Austrian Grand Prix,2026-06-28,PIA,McLaren,39,,,,,,after
Austrian Grand Prix,2026-06-28,PIA,McLaren,40,,,,,,after
Austrian Grand Prix,2026-06-28,PIA,McLaren,41,,,,,,after
Austrian Grand Prix,2026-06-28,PIA,McLaren,44,200.97966074200977,206.30559041840496,202.43269230769226,0.992822149677909,317.40535714285716,after
Austrian Grand Prix,2026-06-28,PIA,McLaren,45,,,,,,after
Austrian Grand Prix,2026-06-28,PIA,McLaren,46,,,,,,after
Austrian Grand Prix,2026-06-28,PIA,McLaren,47,,,,,,after
Austrian Grand Prix,2026-06-28,PIA,McLaren,48,,,,,,after
Austrian Grand Prix,2026-06-28,PIA,McLaren,49,,,,,,after
Austrian Grand Prix,2026-06-28,PIA,McLaren,50,,,,,,after
Austrian Grand Prix,2026-06-28,PIA,McLaren,51,194.72765905043508,204.4635005520799,240.153846153846,0.8108454733041826,310.40000000000003,after
Austrian Grand Prix,2026-06-28,PIA,McLaren,53,,,,,,after
Austrian Grand Prix,2026-06-28,PIA,McLaren,54,,,,,,after
Austrian Grand Prix,2026-06-28,PIA,McLaren,55,,,,,,after
Austrian Grand Prix,2026-06-28,PIA,McLaren,56,216.37337004286772,225.08306639235096,226.8269230769231,0.9539139671241307,312.875,after
Austrian Grand Prix,2026-06-28,PIA,McLaren,57,,,,,,after
Austrian Grand Prix,2026-06-28,PIA,McLaren,58,,,,,,after
Austrian Grand Prix,2026-06-28,PIA,McLaren,59,,,,,,after
Austrian Grand Prix,2026-06-28,PIA,McLaren,60,,,,,,after
Austrian Grand Prix,2026-06-28,PIA,McLaren,62,,,,,,after
Austrian Grand Prix,2026-06-28,PIA,McLaren,64,,,,,,after
Austrian Grand Prix,2026-06-28,PIA,McLaren,65,,,,,,after
Austrian Grand Prix,2026-06-28,PIA,McLaren,66,,,,,,after
Austrian Grand Prix,2026-06-28,PIA,McLaren,67,,,,,,after
Austrian Grand Prix,2026-06-28,PIA,McLaren,68,,,,,,after
Austrian Grand Prix,2026-06-28,PIA,McLaren,69,,,,,,after
Austrian Grand Prix,2026-06-28,PIA,McLaren,70,,,,,,after
Austrian Grand Prix,2026-06-28,PIA,McLaren,71,,,,,,after
Austrian Grand Prix,2026-06-28,HAM,Ferrari,2,,,,,,after
Austrian Grand Prix,2026-06-28,HAM,Ferrari,6,,,,,,after
Austrian Grand Prix,2026-06-28,HAM,Ferrari,7,,,,,,after
Austrian Grand Prix,2026-06-28,HAM,Ferrari,9,,,,,,after
Austrian Grand Prix,2026-06-28,HAM,Ferrari,10,,,,,,after
Austrian Grand Prix,2026-06-28,HAM,Ferrari,11,226.81339512777902,237.82738425888127,255.09615384615384,0.8891290272630614,307.625,after
Austrian Grand Prix,2026-06-28,HAM,Ferrari,14,261.8254134637947,274.7101518116048,266.51442307692344,0.9824061693960354,305.5044642857142,after
Austrian Grand Prix,2026-06-28,HAM,Ferrari,15,201.67778524605737,206.8079388473609,239.1324786324786,0.8433726208977864,310.58968253968254,after
Austrian Grand Prix,2026-06-28,HAM,Ferrari,16,,,,,,after
Austrian Grand Prix,2026-06-28,HAM,Ferrari,17,179.92198641415354,188.07225356021848,246.85096153846155,0.728868890332923,309.15625,after
Austrian Grand Prix,2026-06-28,HAM,Ferrari,18,,,,,,after
Austrian Grand Prix,2026-06-28,HAM,Ferrari,19,,,,,,after
Austrian Grand Prix,2026-06-28,HAM,Ferrari,20,,,,,,after
Austrian Grand Prix,2026-06-28,HAM,Ferrari,21,,,,,,after
Austrian Grand Prix,2026-06-28,HAM,Ferrari,22,,,,,,after
Austrian Grand Prix,2026-06-28,HAM,Ferrari,23,,,,,,after
Austrian Grand Prix,2026-06-28,HAM,Ferrari,24,,,,,,after
Austrian Grand Prix,2026-06-28,HAM,Ferrari,27,,,,,,after
Austrian Grand Prix,2026-06-28,HAM,Ferrari,28,,,,,,after
Austrian Grand Prix,2026-06-28,HAM,Ferrari,29,,,,,,after
Austrian Grand Prix,2026-06-28,HAM,Ferrari,30,,,,,,after
Austrian Grand Prix,2026-06-28,HAM,Ferrari,31,,,,,,after
Austrian Grand Prix,2026-06-28,HAM,Ferrari,32,285.18177095596144,294.484749529323,250.3846153846154,1.1389748148778798,308.5,after
Austrian Grand Prix,2026-06-28,HAM,Ferrari,35,,,,,,after
Austrian Grand Prix,2026-06-28,HAM,Ferrari,36,487.40702316356004,496.0445565918687,191.04615384615394,2.5512527384145103,319.52,after
Austrian Grand Prix,2026-06-28,HAM,Ferrari,37,411.0374069482522,416.03923546064266,170.73638105666595,2.407438909061991,323.2918149466192,after
Austrian Grand Prix,2026-06-28,HAM,Ferrari,38,438.57165941922494,447.2288870059311,207.9134615384613,2.109395207861973,316.38750000000005,after
Austrian Grand Prix,2026-06-28,HAM,Ferrari,39,,,,,,after
Austrian Grand Prix,2026-06-28,HAM,Ferrari,40,338.5806629577974,344.6018792652347,202.14285714285708,1.674957343254122,317.4591836734694,after
Austrian Grand Prix,2026-06-28,HAM,Ferrari,41,250.47317832418776,256.5933095166984,221.56009615384596,1.1304976964365698,313.85312500000003,after
Austrian Grand Prix,2026-06-28,HAM,Ferrari,44,,,,,,after
Austrian Grand Prix,2026-06-28,HAM,Ferrari,45,,,,,,after
Austrian Grand Prix,2026-06-28,HAM,Ferrari,46,,,,,,after
Austrian Grand Prix,2026-06-28,HAM,Ferrari,47,,,,,,after
Austrian Grand Prix,2026-06-28,HAM,Ferrari,49,,,,,,after
Austrian Grand Prix,2026-06-28,HAM,Ferrari,50,,,,,,after
Austrian Grand Prix,2026-06-28,HAM,Ferrari,51,,,,,,after
Austrian Grand Prix,2026-06-28,HAM,Ferrari,53,468.6577100355561,488.91838918761687,250.20961538461526,1.8730603510786286,308.5325,after
Austrian Grand Prix,2026-06-28,HAM,Ferrari,54,355.40306917288314,372.34387976376416,288.4134615384612,1.2322693513578893,301.43750000000006,after
Austrian Grand Prix,2026-06-28,HAM,Ferrari,55,297.10612931177286,304.4294589143346,244.93269230769204,1.2130113236927105,309.51250000000005,after
Austrian Grand Prix,2026-06-28,HAM,Ferrari,56,,,,,,after
Austrian Grand Prix,2026-06-28,HAM,Ferrari,58,,,,,,after
Austrian Grand Prix,2026-06-28,HAM,Ferrari,59,,,,,,after
Austrian Grand Prix,2026-06-28,HAM,Ferrari,60,,,,,,after
Austrian Grand Prix,2026-06-28,HAM,Ferrari,61,,,,,,after
Austrian Grand Prix,2026-06-28,HAM,Ferrari,62,,,,,,after
Austrian Grand Prix,2026-06-28,HAM,Ferrari,63,,,,,,after
Austrian Grand Prix,2026-06-28,HAM,Ferrari,64,,,,,,after
Austrian Grand Prix,2026-06-28,HAM,Ferrari,65,,,,,,after
Austrian Grand Prix,2026-06-28,HAM,Ferrari,66,,,,,,after
Austrian Grand Prix,2026-06-28,HAM,Ferrari,67,,,,,,after
Austrian Grand Prix,2026-06-28,HAM,Ferrari,70,,,,,,after
Austrian Grand Prix,2026-06-28,HAM,Ferrari,71,,,,,,after
Austrian Grand Prix,2026-06-28,HAD,Red Bull Racing,2,530.9518172170585,540.9529269675816,211.13076923076943,2.514800751929812,315.78999999999996,after
Austrian Grand Prix,2026-06-28,HAD,Red Bull Racing,3,,,,,,after
Austrian Grand Prix,2026-06-28,HAD,Red Bull Racing,4,429.6748421410003,436.6570373857793,172.60216346153848,2.489394301461037,322.9453125,after
Austrian Grand Prix,2026-06-28,HAD,Red Bull Racing,5,,,,,,after
Austrian Grand Prix,2026-06-28,HAD,Red Bull Racing,6,,,,,,after
Austrian Grand Prix,2026-06-28,HAD,Red Bull Racing,7,228.62984764312128,238.77681293560687,217.23931623931648,1.0524331028148546,314.6555555555555,after
Austrian Grand Prix,2026-06-28,HAD,Red Bull Racing,10,307.0916041287098,318.11634303022566,164.61538461538453,1.8655097447071163,324.42857142857144,after
Austrian Grand Prix,2026-06-28,HAD,Red Bull Racing,11,,,,,,after
Austrian Grand Prix,2026-06-28,HAD,Red Bull Racing,12,,,,,,after
Austrian Grand Prix,2026-06-28,HAD,Red Bull Racing,13,,,,,,after
Austrian Grand Prix,2026-06-28,HAD,Red Bull Racing,15,,,,,,after
Austrian Grand Prix,2026-06-28,HAD,Red Bull Racing,16,,,,,,after
Austrian Grand Prix,2026-06-28,HAD,Red Bull Racing,17,,,,,,after
Austrian Grand Prix,2026-06-28,HAD,Red Bull Racing,21,363.78259499598903,371.04930625810147,184.42307692307693,1.972543789342172,320.75,after
Austrian Grand Prix,2026-06-28,HAD,Red Bull Racing,23,,,,,,after
Austrian Grand Prix,2026-06-28,HAD,Red Bull Racing,24,,,,,,after
Austrian Grand Prix,2026-06-28,HAD,Red Bull Racing,27,,,,,,after
Austrian Grand Prix,2026-06-28,HAD,Red Bull Racing,28,,,,,,after
Austrian Grand Prix,2026-06-28,HAD,Red Bull Racing,29,449.94138145718796,456.30547820042653,218.0769230769231,2.0632232659412497,314.5,after
Austrian Grand Prix,2026-06-28,HAD,Red Bull Racing,30,,,,,,after
Austrian Grand Prix,2026-06-28,HAD,Red Bull Racing,31,,,,,,after
Austrian Grand Prix,2026-06-28,HAD,Red Bull Racing,32,,,,,,after
Austrian Grand Prix,2026-06-28,HAD,Red Bull Racing,33,,,,,,after
Austrian Grand Prix,2026-06-28,HAD,Red Bull Racing,34,,,,,,after
Austrian Grand Prix,2026-06-28,HAD,Red Bull Racing,37,,,,,,after
Austrian Grand Prix,2026-06-28,HAD,Red Bull Racing,38,238.36734151501932,244.13046630991386,228.34615384615375,1.0438859490298982,312.59285714285716,after
Austrian Grand Prix,2026-06-28,HAD,Red Bull Racing,39,,,,,,after
Austrian Grand Prix,2026-06-28,HAD,Red Bull Racing,42,,,,,,after
Austrian Grand Prix,2026-06-28,HAD,Red Bull Racing,43,,,,,,after
Austrian Grand Prix,2026-06-28,HAD,Red Bull Racing,44,,,,,,after
Austrian Grand Prix,2026-06-28,HAD,Red Bull Racing,45,,,,,,after
Austrian Grand Prix,2026-06-28,HAD,Red Bull Racing,46,,,,,,after
Austrian Grand Prix,2026-06-28,HAD,Red Bull Racing,47,,,,,,after
Austrian Grand Prix,2026-06-28,HAD,Red Bull Racing,49,,,,,,after
Austrian Grand Prix,2026-06-28,HAD,Red Bull Racing,50,,,,,,after
Austrian Grand Prix,2026-06-28,HAD,Red Bull Racing,51,,,,,,after
Austrian Grand Prix,2026-06-28,HAD,Red Bull Racing,53,312.77982684770427,330.24048557889466,223.88461538461536,1.397058151183699,313.4214285714286,after
Austrian Grand Prix,2026-06-28,HAD,Red Bull Racing,55,,,,,,after
Austrian Grand Prix,2026-06-28,HAD,Red Bull Racing,56,,,,,,after
Austrian Grand Prix,2026-06-28,HAD,Red Bull Racing,58,,,,,,after
Austrian Grand Prix,2026-06-28,HAD,Red Bull Racing,60,,,,,,after
Austrian Grand Prix,2026-06-28,HAD,Red Bull Racing,61,,,,,,after
Austrian Grand Prix,2026-06-28,HAD,Red Bull Racing,62,,,,,,after
Austrian Grand Prix,2026-06-28,HAD,Red Bull Racing,63,,,,,,after
Austrian Grand Prix,2026-06-28,HAD,Red Bull Racing,64,,,,,,after
Austrian Grand Prix,2026-06-28,HAD,Red Bull Racing,65,,,,,,after
Austrian Grand Prix,2026-06-28,HAD,Red Bull Racing,66,,,,,,after
Austrian Grand Prix,2026-06-28,HAD,Red Bull Racing,67,241.9576821864485,251.72769041501758,222.26923076923066,1.0885792934500196,313.7214285714286,after
Austrian Grand Prix,2026-06-28,HAD,Red Bull Racing,69,,,,,,after
Austrian Grand Prix,2026-06-28,HAD,Red Bull Racing,70,,,,,,after
Austrian Grand Prix,2026-06-28,HAD,Red Bull Racing,71,,,,,,after
Austrian Grand Prix,2026-06-28,NOR,McLaren,2,479.2232109010762,489.40847101328944,188.4054487179489,2.5435740535216373,320.01041666666663,after
Austrian Grand Prix,2026-06-28,NOR,McLaren,3,,,,,,after
Austrian Grand Prix,2026-06-28,NOR,McLaren,4,,,,,,after
Austrian Grand Prix,2026-06-28,NOR,McLaren,5,,,,,,after
Austrian Grand Prix,2026-06-28,NOR,McLaren,6,,,,,,after
Austrian Grand Prix,2026-06-28,NOR,McLaren,7,,,,,,after
Austrian Grand Prix,2026-06-28,NOR,McLaren,10,,,,,,after
Austrian Grand Prix,2026-06-28,NOR,McLaren,11,,,,,,after
Austrian Grand Prix,2026-06-28,NOR,McLaren,12,,,,,,after
Austrian Grand Prix,2026-06-28,NOR,McLaren,13,,,,,,after
Austrian Grand Prix,2026-06-28,NOR,McLaren,14,,,,,,after
Austrian Grand Prix,2026-06-28,NOR,McLaren,15,,,,,,after
Austrian Grand Prix,2026-06-28,NOR,McLaren,16,,,,,,after
Austrian Grand Prix,2026-06-28,NOR,McLaren,17,,,,,,after
Austrian Grand Prix,2026-06-28,NOR,McLaren,18,,,,,,after
Austrian Grand Prix,2026-06-28,NOR,McLaren,19,,,,,,after
Austrian Grand Prix,2026-06-28,NOR,McLaren,20,259.24123644162233,268.87741953896676,274.61538461538464,0.9440157069302773,304.0,after
Austrian Grand Prix,2026-06-28,NOR,McLaren,23,296.192508118444,312.1845327582599,277.18531468531484,1.0685721516477444,303.52272727272725,after
Austrian Grand Prix,2026-06-28,NOR,McLaren,27,285.76753762482684,299.5945210492756,265.8249999999997,1.0750213020777848,305.63250000000005,after
Austrian Grand Prix,2026-06-28,NOR,McLaren,28,316.9316516264078,330.0870674025812,259.26923076923066,1.2224036407486438,306.85,after
Austrian Grand Prix,2026-06-28,NOR,McLaren,29,299.83512074416967,309.14745507918786,236.0256410256409,1.2703497782751356,311.1666666666667,after
Austrian Grand Prix,2026-06-28,NOR,McLaren,30,269.8129021711714,275.87331576856366,229.5641025641025,1.1753270618424758,312.3666666666667,after
Austrian Grand Prix,2026-06-28,NOR,McLaren,31,444.07200437944977,465.5592828238672,265.80769230769226,1.6706514417400804,305.6357142857143,after
Austrian Grand Prix,2026-06-28,NOR,McLaren,32,337.9384420933724,353.3699685934245,265.3044871794874,1.2737758252266032,305.72916666666663,after
Austrian Grand Prix,2026-06-28,NOR,McLaren,33,310.33755290655995,324.6805130414275,258.3661858974361,1.2011539042100308,307.0177083333333,after
Austrian Grand Prix,2026-06-28,NOR,McLaren,34,182.58853822160233,190.8541986534198,234.87860576923052,0.7773740721238636,311.37968750000005,after
Austrian Grand Prix,2026-06-28,NOR,McLaren,37,,,,,,after
Austrian Grand Prix,2026-06-28,NOR,McLaren,38,,,,,,after
Austrian Grand Prix,2026-06-28,NOR,McLaren,39,,,,,,after
Austrian Grand Prix,2026-06-28,NOR,McLaren,40,,,,,,after
Austrian Grand Prix,2026-06-28,NOR,McLaren,41,191.06102257281572,199.37902191699987,231.7269230769229,0.8245093838724646,311.96500000000003,after
Austrian Grand Prix,2026-06-28,NOR,McLaren,43,,,,,,after
Austrian Grand Prix,2026-06-28,NOR,McLaren,44,,,,,,after
Austrian Grand Prix,2026-06-28,NOR,McLaren,46,,,,,,after
Austrian Grand Prix,2026-06-28,NOR,McLaren,49,,,,,,after
Austrian Grand Prix,2026-06-28,NOR,McLaren,50,,,,,,after
Austrian Grand Prix,2026-06-28,NOR,McLaren,53,,,,,,after
Austrian Grand Prix,2026-06-28,NOR,McLaren,54,208.41472172050464,214.15260554682254,235.1282051282049,0.8863875841984392,311.33333333333337,after
Austrian Grand Prix,2026-06-28,NOR,McLaren,55,233.39713602082978,244.51580600267135,240.20769230769238,0.9716472181992463,310.39,after
Austrian Grand Prix,2026-06-28,NOR,McLaren,57,,,,,,after
Austrian Grand Prix,2026-06-28,NOR,McLaren,58,271.9463828555093,277.5136794036675,201.11538461538413,1.3521908499222144,317.6500000000001,after
Austrian Grand Prix,2026-06-28,NOR,McLaren,60,,,,,,after
Austrian Grand Prix,2026-06-28,NOR,McLaren,61,,,,,,after
Austrian Grand Prix,2026-06-28,NOR,McLaren,63,,,,,,after
Austrian Grand Prix,2026-06-28,NOR,McLaren,64,,,,,,after
Austrian Grand Prix,2026-06-28,NOR,McLaren,65,,,,,,after
Austrian Grand Prix,2026-06-28,NOR,McLaren,66,,,,,,after
Austrian Grand Prix,2026-06-28,NOR,McLaren,67,206.17430864338104,210.56511996188232,181.30244755244732,1.1371843647270055,321.3295454545455,after
Austrian Grand Prix,2026-06-28,NOR,McLaren,68,,,,,,after
Austrian Grand Prix,2026-06-28,NOR,McLaren,69,,,,,,after
Austrian Grand Prix,2026-06-28,NOR,McLaren,70,,,,,,after
Austrian Grand Prix,2026-06-28,NOR,McLaren,71,,,,,,after
Austrian Grand Prix,2026-06-28,LEC,Ferrari,2,267.14676360494764,272.9436231249654,240.625,1.110220316280302,310.3125,after
Austrian Grand Prix,2026-06-28,LEC,Ferrari,5,,,,,,after
Austrian Grand Prix,2026-06-28,LEC,Ferrari,6,,,,,,after
Austrian Grand Prix,2026-06-28,LEC,Ferrari,7,,,,,,after
Austrian Grand Prix,2026-06-28,LEC,Ferrari,8,,,,,,after
Austrian Grand Prix,2026-06-28,LEC,Ferrari,10,,,,,,after
Austrian Grand Prix,2026-06-28,LEC,Ferrari,11,226.65813729103363,237.98589815893118,288.07692307692304,0.7867972723053237,301.5,after
Austrian Grand Prix,2026-06-28,LEC,Ferrari,12,306.98368332913947,313.20099072855845,256.1057692307692,1.1986597734646334,307.4375,after
Austrian Grand Prix,2026-06-28,LEC,Ferrari,15,,,,,,after
Austrian Grand Prix,2026-06-28,LEC,Ferrari,16,,,,,,after
Austrian Grand Prix,2026-06-28,LEC,Ferrari,17,,,,,,after
Austrian Grand Prix,2026-06-28,LEC,Ferrari,19,,,,,,after
Austrian Grand Prix,2026-06-28,LEC,Ferrari,20,,,,,,after
Austrian Grand Prix,2026-06-28,LEC,Ferrari,21,,,,,,after
Austrian Grand Prix,2026-06-28,LEC,Ferrari,23,,,,,,after
Austrian Grand Prix,2026-06-28,LEC,Ferrari,24,230.70984077562272,242.4384508228265,261.8100961538458,0.8812106338330519,306.37812500000007,after
Austrian Grand Prix,2026-06-28,LEC,Ferrari,27,,,,,,after
Austrian Grand Prix,2026-06-28,LEC,Ferrari,29,285.7461370468465,290.1313944849252,234.9543269230768,1.216177377062729,311.365625,after
Austrian Grand Prix,2026-06-28,LEC,Ferrari,30,,,,,,after
Austrian Grand Prix,2026-06-28,LEC,Ferrari,32,194.2893498063093,201.64279730233787,228.59374999999997,0.8499329041424332,312.546875,after
Austrian Grand Prix,2026-06-28,LEC,Ferrari,35,167.59785076176436,172.66108816917583,233.3243589743589,0.7183041303466411,311.66833333333335,after
Austrian Grand Prix,2026-06-28,LEC,Ferrari,36,263.16062651065874,274.2482491685398,253.51442307692284,1.0380499196718642,307.91875000000005,after
Austrian Grand Prix,2026-06-28,LEC,Ferrari,39,260.8570242361833,266.52137249764075,220.86538461538444,1.181067937334048,313.9821428571429,after
Austrian Grand Prix,2026-06-28,LEC,Ferrari,40,215.69480975661742,222.76373711673625,245.60576923076897,0.8782155664835076,309.38750000000005,after
Austrian Grand Prix,2026-06-28,LEC,Ferrari,41,234.89405235084786,246.3502379767404,244.7038461538458,0.9599115667481969,309.55500000000006,after
Austrian Grand Prix,2026-06-28,LEC,Ferrari,43,234.91895365479135,246.14355984439092,229.9249465811968,1.0217201619391523,312.29965277777774,after
Austrian Grand Prix,2026-06-28,LEC,Ferrari,44,260.0109642647946,272.6001600967872,247.90865384615375,1.0488176198405372,308.95982142857144,after
Austrian Grand Prix,2026-06-28,LEC,Ferrari,45,245.06213302832816,255.11040232749258,245.60576923076897,0.9977865495417984,309.38750000000005,after
Austrian Grand Prix,2026-06-28,LEC,Ferrari,46,278.8561994245426,290.59140039301644,251.0274038461538,1.1108595920286224,308.380625,after
Austrian Grand Prix,2026-06-28,LEC,Ferrari,47,188.66777941874358,196.3857764897565,233.34665334665323,0.8085300419477799,311.66419294990726,after
Austrian Grand Prix,2026-06-28,LEC,Ferrari,49,350.8135025544235,361.7517191148889,191.15384615384613,1.835241663262578,319.5,after
Austrian Grand Prix,2026-06-28,LEC,Ferrari,50,181.30962308276153,189.20668428991826,214.22355769230774,0.8463570721908141,315.215625,after
Austrian Grand Prix,2026-06-28,LEC,Ferrari,51,278.342005931179,289.91118820439954,230.8653846153846,1.2056463397268895,312.125,after
Austrian Grand Prix,2026-06-28,LEC,Ferrari,53,426.6940794410495,435.0290539753742,196.53846153846152,2.1710461967646353,318.5,after
Austrian Grand Prix,2026-06-28,LEC,Ferrari,54,342.15548569635575,354.43201267949445,252.70299145299137,1.3539827278222174,308.06944444444446,after
Austrian Grand Prix,2026-06-28,LEC,Ferrari,55,417.78824824889847,431.86902810467365,252.3909401800197,1.6553218905199525,308.1273968237106,after
Austrian Grand Prix,2026-06-28,LEC,Ferrari,56,,,,,,after
Austrian Grand Prix,2026-06-28,LEC,Ferrari,57,370.342279869557,381.0250129641278,195.8653846153846,1.8908000543168348,318.625,after
Austrian Grand Prix,2026-06-28,LEC,Ferrari,58,198.7852726367127,201.71450623549538,210.92627200385823,0.9424396057835629,315.82797805642633,after
Austrian Grand Prix,2026-06-28,LEC,Ferrari,62,202.03484711290113,210.84779072225066,230.080128205128,0.8781064609490172,312.27083333333337,after
Austrian Grand Prix,2026-06-28,LEC,Ferrari,63,210.04144888789807,220.8766273846884,242.30769230769232,0.8668377255691031,310.0,after
Austrian Grand Prix,2026-06-28,LEC,Ferrari,64,229.6360109777401,243.0500631343617,249.71153846153848,0.9196051267495176,308.625,after
Austrian Grand Prix,2026-06-28,LEC,Ferrari,65,308.986904903452,320.8912038095377,267.6647435897435,1.1543802921502582,305.29083333333335,after
Austrian Grand Prix,2026-06-28,LEC,Ferrari,66,300.491815950464,315.86914423879824,266.5384615384615,1.1273863224692735,305.5,after
Austrian Grand Prix,2026-06-28,LEC,Ferrari,67,361.57761817719194,382.01387035037425,273.3686625874124,1.322673984482672,304.2315340909091,after
Austrian Grand Prix,2026-06-28,LEC,Ferrari,68,314.05671750377843,333.27070462814146,273.2003205128206,1.1495473977273043,304.2627976190476,after
Austrian Grand Prix,2026-06-28,LEC,Ferrari,69,298.9284147932323,313.0300989214056,253.51741452991448,1.179123790559009,307.91819444444445,after
Austrian Grand Prix,2026-06-28,LEC,Ferrari,70,286.50134160374347,300.8388889558147,252.67788461538427,1.13385998161194,308.0741071428572,after
Austrian Grand Prix,2026-06-28,LEC,Ferrari,71,300.9979586774026,317.0903988716083,255.09615384615384,1.1799392273822038,307.625,after
Austrian Grand Prix,2026-06-28,LAW,Racing Bulls,2,,,,,,after
Austrian Grand Prix,2026-06-28,LAW,Racing Bulls,3,,,,,,after
Austrian Grand Prix,2026-06-28,LAW,Racing Bulls,4,,,,,,after
Austrian Grand Prix,2026-06-28,LAW,Racing Bulls,5,,,,,,after
Austrian Grand Prix,2026-06-28,LAW,Racing Bulls,6,,,,,,after
Austrian Grand Prix,2026-06-28,LAW,Racing Bulls,7,,,,,,after
Austrian Grand Prix,2026-06-28,LAW,Racing Bulls,9,,,,,,after
Austrian Grand Prix,2026-06-28,LAW,Racing Bulls,10,,,,,,after
Austrian Grand Prix,2026-06-28,LAW,Racing Bulls,11,,,,,,after
Austrian Grand Prix,2026-06-28,LAW,Racing Bulls,13,,,,,,after
Austrian Grand Prix,2026-06-28,LAW,Racing Bulls,15,,,,,,after
Austrian Grand Prix,2026-06-28,LAW,Racing Bulls,17,,,,,,after
Austrian Grand Prix,2026-06-28,LAW,Racing Bulls,18,,,,,,after
Austrian Grand Prix,2026-06-28,LAW,Racing Bulls,22,,,,,,after
Austrian Grand Prix,2026-06-28,LAW,Racing Bulls,23,,,,,,after
Austrian Grand Prix,2026-06-28,LAW,Racing Bulls,27,,,,,,after
Austrian Grand Prix,2026-06-28,LAW,Racing Bulls,28,,,,,,after
Austrian Grand Prix,2026-06-28,LAW,Racing Bulls,29,,,,,,after
Austrian Grand Prix,2026-06-28,LAW,Racing Bulls,30,,,,,,after
Austrian Grand Prix,2026-06-28,LAW,Racing Bulls,32,,,,,,after
Austrian Grand Prix,2026-06-28,LAW,Racing Bulls,33,,,,,,after
Austrian Grand Prix,2026-06-28,LAW,Racing Bulls,35,,,,,,after
Austrian Grand Prix,2026-06-28,LAW,Racing Bulls,36,,,,,,after
Austrian Grand Prix,2026-06-28,LAW,Racing Bulls,38,,,,,,after
Austrian Grand Prix,2026-06-28,LAW,Racing Bulls,40,,,,,,after
Austrian Grand Prix,2026-06-28,LAW,Racing Bulls,41,,,,,,after
Austrian Grand Prix,2026-06-28,LAW,Racing Bulls,42,,,,,,after
Austrian Grand Prix,2026-06-28,LAW,Racing Bulls,44,,,,,,after
Austrian Grand Prix,2026-06-28,LAW,Racing Bulls,47,,,,,,after
Austrian Grand Prix,2026-06-28,LAW,Racing Bulls,48,,,,,,after
Austrian Grand Prix,2026-06-28,LAW,Racing Bulls,49,,,,,,after
Austrian Grand Prix,2026-06-28,LAW,Racing Bulls,50,,,,,,after
Austrian Grand Prix,2026-06-28,LAW,Racing Bulls,51,,,,,,after
Austrian Grand Prix,2026-06-28,LAW,Racing Bulls,53,,,,,,after
Austrian Grand Prix,2026-06-28,LAW,Racing Bulls,54,,,,,,after
Austrian Grand Prix,2026-06-28,LAW,Racing Bulls,55,,,,,,after
Austrian Grand Prix,2026-06-28,LAW,Racing Bulls,58,,,,,,after
Austrian Grand Prix,2026-06-28,LAW,Racing Bulls,59,,,,,,after
Austrian Grand Prix,2026-06-28,LAW,Racing Bulls,60,,,,,,after
Austrian Grand Prix,2026-06-28,LAW,Racing Bulls,63,,,,,,after
Austrian Grand Prix,2026-06-28,LAW,Racing Bulls,64,,,,,,after
Austrian Grand Prix,2026-06-28,LAW,Racing Bulls,65,,,,,,after
Austrian Grand Prix,2026-06-28,LAW,Racing Bulls,66,,,,,,after
Austrian Grand Prix,2026-06-28,LAW,Racing Bulls,67,,,,,,after
Austrian Grand Prix,2026-06-28,LAW,Racing Bulls,68,,,,,,after
Austrian Grand Prix,2026-06-28,LAW,Racing Bulls,69,,,,,,after
Austrian Grand Prix,2026-06-28,LAW,Racing Bulls,70,,,,,,after
Austrian Grand Prix,2026-06-28,LIN,Racing Bulls,2,,,,,,after
Austrian Grand Prix,2026-06-28,LIN,Racing Bulls,3,,,,,,after
Austrian Grand Prix,2026-06-28,LIN,Racing Bulls,4,,,,,,after
Austrian Grand Prix,2026-06-28,LIN,Racing Bulls,5,,,,,,after
Austrian Grand Prix,2026-06-28,LIN,Racing Bulls,6,,,,,,after
Austrian Grand Prix,2026-06-28,LIN,Racing Bulls,7,,,,,,after
Austrian Grand Prix,2026-06-28,LIN,Racing Bulls,8,,,,,,after
Austrian Grand Prix,2026-06-28,LIN,Racing Bulls,9,,,,,,after
Austrian Grand Prix,2026-06-28,LIN,Racing Bulls,10,,,,,,after
Austrian Grand Prix,2026-06-28,LIN,Racing Bulls,11,,,,,,after
Austrian Grand Prix,2026-06-28,LIN,Racing Bulls,13,,,,,,after
Austrian Grand Prix,2026-06-28,LIN,Racing Bulls,14,,,,,,after
Austrian Grand Prix,2026-06-28,LIN,Racing Bulls,15,,,,,,after
Austrian Grand Prix,2026-06-28,LIN,Racing Bulls,16,,,,,,after
Austrian Grand Prix,2026-06-28,LIN,Racing Bulls,17,,,,,,after
Austrian Grand Prix,2026-06-28,LIN,Racing Bulls,22,,,,,,after
Austrian Grand Prix,2026-06-28,LIN,Racing Bulls,23,,,,,,after
Austrian Grand Prix,2026-06-28,LIN,Racing Bulls,28,,,,,,after
Austrian Grand Prix,2026-06-28,LIN,Racing Bulls,30,,,,,,after
Austrian Grand Prix,2026-06-28,LIN,Racing Bulls,32,,,,,,after
Austrian Grand Prix,2026-06-28,LIN,Racing Bulls,33,,,,,,after
Austrian Grand Prix,2026-06-28,LIN,Racing Bulls,35,,,,,,after
Austrian Grand Prix,2026-06-28,LIN,Racing Bulls,36,,,,,,after
Austrian Grand Prix,2026-06-28,LIN,Racing Bulls,38,,,,,,after
Austrian Grand Prix,2026-06-28,LIN,Racing Bulls,40,,,,,,after
Austrian Grand Prix,2026-06-28,LIN,Racing Bulls,41,,,,,,after
Austrian Grand Prix,2026-06-28,LIN,Racing Bulls,42,,,,,,after
Austrian Grand Prix,2026-06-28,LIN,Racing Bulls,44,,,,,,after
Austrian Grand Prix,2026-06-28,LIN,Racing Bulls,45,,,,,,after
Austrian Grand Prix,2026-06-28,LIN,Racing Bulls,48,,,,,,after
Austrian Grand Prix,2026-06-28,LIN,Racing Bulls,49,,,,,,after
Austrian Grand Prix,2026-06-28,LIN,Racing Bulls,50,,,,,,after
Austrian Grand Prix,2026-06-28,LIN,Racing Bulls,51,,,,,,after
Austrian Grand Prix,2026-06-28,LIN,Racing Bulls,53,,,,,,after
Austrian Grand Prix,2026-06-28,LIN,Racing Bulls,54,,,,,,after
Austrian Grand Prix,2026-06-28,LIN,Racing Bulls,55,,,,,,after
Austrian Grand Prix,2026-06-28,LIN,Racing Bulls,57,,,,,,after
Austrian Grand Prix,2026-06-28,LIN,Racing Bulls,58,,,,,,after
Austrian Grand Prix,2026-06-28,LIN,Racing Bulls,59,,,,,,after
Austrian Grand Prix,2026-06-28,LIN,Racing Bulls,60,,,,,,after
Austrian Grand Prix,2026-06-28,LIN,Racing Bulls,61,,,,,,after
Austrian Grand Prix,2026-06-28,LIN,Racing Bulls,62,,,,,,after
Austrian Grand Prix,2026-06-28,LIN,Racing Bulls,63,,,,,,after
Austrian Grand Prix,2026-06-28,LIN,Racing Bulls,64,,,,,,after
Austrian Grand Prix,2026-06-28,LIN,Racing Bulls,65,,,,,,after
Austrian Grand Prix,2026-06-28,LIN,Racing Bulls,66,,,,,,after
Austrian Grand Prix,2026-06-28,LIN,Racing Bulls,67,,,,,,after
Austrian Grand Prix,2026-06-28,LIN,Racing Bulls,68,,,,,,after
Austrian Grand Prix,2026-06-28,LIN,Racing Bulls,69,332.5300925204197,333.8028122264829,185.09615384615384,1.7965262141362937,320.625,after
Austrian Grand Prix,2026-06-28,LIN,Racing Bulls,70,,,,,,after
Austrian Grand Prix,2026-06-28,BOR,Audi,2,,,,,,after
Austrian Grand Prix,2026-06-28,BOR,Audi,3,,,,,,after
Austrian Grand Prix,2026-06-28,BOR,Audi,4,,,,,,after
Austrian Grand Prix,2026-06-28,BOR,Audi,5,,,,,,after
Austrian Grand Prix,2026-06-28,BOR,Audi,6,,,,,,after
Austrian Grand Prix,2026-06-28,BOR,Audi,7,542.9346928887795,545.7200959199502,185.60897435897425,2.925153240913475,320.5297619047619,after
Austrian Grand Prix,2026-06-28,BOR,Audi,8,,,,,,after
Austrian Grand Prix,2026-06-28,BOR,Audi,9,,,,,,after
Austrian Grand Prix,2026-06-28,BOR,Audi,10,,,,,,after
Austrian Grand Prix,2026-06-28,BOR,Audi,11,,,,,,after
Austrian Grand Prix,2026-06-28,BOR,Audi,12,,,,,,after
Austrian Grand Prix,2026-06-28,BOR,Audi,13,171.24722517075287,181.4703086999919,283.4230769230767,0.6042105922702644,302.36428571428576,after
Austrian Grand Prix,2026-06-28,BOR,Audi,14,,,,,,after
Austrian Grand Prix,2026-06-28,BOR,Audi,15,226.6076357047325,236.76010661217643,271.7307692307692,0.8339417591398506,304.5357142857143,after
Austrian Grand Prix,2026-06-28,BOR,Audi,16,,,,,,after
Austrian Grand Prix,2026-06-28,BOR,Audi,20,,,,,,after
Austrian Grand Prix,2026-06-28,BOR,Audi,23,,,,,,after
Austrian Grand Prix,2026-06-28,BOR,Audi,27,,,,,,after
Austrian Grand Prix,2026-06-28,BOR,Audi,28,202.84304847814818,208.4398832444254,247.269764957265,0.8203309794596401,309.0784722222222,after
Austrian Grand Prix,2026-06-28,BOR,Audi,29,,,,,,after
Austrian Grand Prix,2026-06-28,BOR,Audi,32,,,,,,after
Austrian Grand Prix,2026-06-28,BOR,Audi,35,,,,,,after
Austrian Grand Prix,2026-06-28,BOR,Audi,37,,,,,,after
Austrian Grand Prix,2026-06-28,BOR,Audi,38,222.14640125474375,233.80027243077387,269.3973557692307,0.8246049803288983,304.9690625,after
Austrian Grand Prix,2026-06-28,BOR,Audi,39,195.83172706490657,205.04009107640476,262.23798076923094,0.7467710302316514,306.2986607142857,after
Austrian Grand Prix,2026-06-28,BOR,Audi,40,,,,,,after
Austrian Grand Prix,2026-06-28,BOR,Audi,41,291.42887445852193,294.9697183284801,174.00349650349622,1.674844933088263,322.685064935065,after
Austrian Grand Prix,2026-06-28,BOR,Audi,42,,,,,,after
Austrian Grand Prix,2026-06-28,BOR,Audi,43,203.0820911312899,213.56710215711587,267.4059829059825,0.7594523088987567,305.33888888888896,after
Austrian Grand Prix,2026-06-28,BOR,Audi,46,,,,,,after
Austrian Grand Prix,2026-06-28,BOR,Audi,47,144.25600018998853,151.76809342605466,256.83391608391634,0.5616703681100093,307.3022727272727,after
Austrian Grand Prix,2026-06-28,BOR,Audi,48,,,,,,after
Austrian Grand Prix,2026-06-28,BOR,Audi,51,,,,,,after
Austrian Grand Prix,2026-06-28,BOR,Audi,53,162.61946163040105,170.42129569254303,245.06730769230765,0.6635706049971245,309.4875,after
Austrian Grand Prix,2026-06-28,BOR,Audi,54,172.77085364414046,181.3463611487828,263.17307692307696,0.6564913693456561,306.125,after
Austrian Grand Prix,2026-06-28,BOR,Audi,55,,,,,,after
Austrian Grand Prix,2026-06-28,BOR,Audi,56,,,,,,after
Austrian Grand Prix,2026-06-28,BOR,Audi,57,,,,,,after
Austrian Grand Prix,2026-06-28,BOR,Audi,58,,,,,,after
Austrian Grand Prix,2026-06-28,BOR,Audi,59,,,,,,after
Austrian Grand Prix,2026-06-28,BOR,Audi,61,,,,,,after
Austrian Grand Prix,2026-06-28,BOR,Audi,63,,,,,,after
Austrian Grand Prix,2026-06-28,BOR,Audi,64,,,,,,after
Austrian Grand Prix,2026-06-28,BOR,Audi,65,,,,,,after
Austrian Grand Prix,2026-06-28,BOR,Audi,66,,,,,,after
Austrian Grand Prix,2026-06-28,BOR,Audi,69,,,,,,after
Austrian Grand Prix,2026-06-28,BOR,Audi,70,,,,,,after
Austrian Grand Prix,2026-06-28,HUL,Audi,2,,,,,,after
Austrian Grand Prix,2026-06-28,HUL,Audi,3,,,,,,after
Austrian Grand Prix,2026-06-28,HUL,Audi,4,,,,,,after
Austrian Grand Prix,2026-06-28,HUL,Audi,5,,,,,,after
Austrian Grand Prix,2026-06-28,HUL,Audi,6,,,,,,after
Austrian Grand Prix,2026-06-28,HUL,Audi,7,,,,,,after
Austrian Grand Prix,2026-06-28,HUL,Audi,9,,,,,,after
Austrian Grand Prix,2026-06-28,HUL,Audi,10,,,,,,after
Austrian Grand Prix,2026-06-28,HUL,Audi,11,,,,,,after
Austrian Grand Prix,2026-06-28,HUL,Audi,12,,,,,,after
Austrian Grand Prix,2026-06-28,HUL,Audi,13,,,,,,after
Austrian Grand Prix,2026-06-28,HUL,Audi,14,,,,,,after
Austrian Grand Prix,2026-06-28,HUL,Audi,15,313.93170076491947,318.85733174354414,232.993990384615,1.3473811073268305,311.72968750000007,after
Austrian Grand Prix,2026-06-28,HUL,Audi,16,453.9962124684911,461.87875486423104,244.55128205128216,1.8564458491503166,309.5833333333333,after
Austrian Grand Prix,2026-06-28,HUL,Audi,19,199.0973510037045,208.0579744972907,273.0961538461539,0.7290375503269227,304.28214285714284,after
Austrian Grand Prix,2026-06-28,HUL,Audi,23,,,,,,after
Austrian Grand Prix,2026-06-28,HUL,Audi,27,256.8923144857522,269.38497479015956,265.1362179487181,0.9689069131077352,305.76041666666663,after
Austrian Grand Prix,2026-06-28,HUL,Audi,28,169.99613344935128,174.8826033734947,252.43750000000014,0.6734187014581874,308.11875,after
Austrian Grand Prix,2026-06-28,HUL,Audi,29,166.5586282075585,175.41515430759753,268.66819747416764,0.6199417339805284,305.1044776119403,after
Austrian Grand Prix,2026-06-28,HUL,Audi,31,181.6106843999147,190.50149192127623,266.4486978538704,0.6815971924903766,305.51667039856693,after
Austrian Grand Prix,2026-06-28,HUL,Audi,32,236.66752096116332,249.6958732857164,279.52884615384625,0.8466658243597048,303.0875,after
Austrian Grand Prix,2026-06-28,HUL,Audi,33,240.86138604349958,256.3997457743684,277.8545673076923,0.8668613526038353,303.3984375,after
Austrian Grand Prix,2026-06-28,HUL,Audi,34,277.8064035745425,294.55626344609624,279.1773504273501,0.9950893335340095,303.1527777777778,after
Austrian Grand Prix,2026-06-28,HUL,Audi,36,239.03994631545672,253.2581801366358,269.59722222222206,0.886655820653902,304.93194444444447,after
Austrian Grand Prix,2026-06-28,HUL,Audi,38,162.40214179146878,166.22894179963868,257.307692307692,0.6311592954526448,307.2142857142858,after
Austrian Grand Prix,2026-06-28,HUL,Audi,39,234.51805215617927,245.5931743748307,275.45000000000016,0.8513997173940067,303.84499999999997,after
Austrian Grand Prix,2026-06-28,HUL,Audi,40,247.93949986249476,260.14752000437994,266.875,0.9290473062763269,305.4375,after
Austrian Grand Prix,2026-06-28,HUL,Audi,41,303.4454396537263,319.730768785455,277.17307692307674,1.0947868495104265,303.52500000000003,after
Austrian Grand Prix,2026-06-28,HUL,Audi,42,250.76713074242124,262.5544989069447,263.0769230769229,0.9532083917109585,306.14285714285717,after
Austrian Grand Prix,2026-06-28,HUL,Audi,43,221.93885760111263,233.39680230437548,261.3653846153846,0.8491516882685496,306.4607142857143,after
Austrian Grand Prix,2026-06-28,HUL,Audi,44,271.79301164408787,286.4887699477223,267.9687499999997,1.0142712970974719,305.23437500000006,after
Austrian Grand Prix,2026-06-28,HUL,Audi,47,239.7431054518908,252.39370291249355,260.7163461538461,0.9195553289567077,306.58125,after
Austrian Grand Prix,2026-06-28,HUL,Audi,48,163.50594724329548,170.4274275667936,245.81891025641,0.6651479622651687,309.3479166666667,after
Austrian Grand Prix,2026-06-28,HUL,Audi,49,189.2964355097461,198.75062361698568,251.08905431486065,0.7539015829514103,308.36917562724017,after
Austrian Grand Prix,2026-06-28,HUL,Audi,50,,,,,,after
Austrian Grand Prix,2026-06-28,HUL,Audi,52,,,,,,after
Austrian Grand Prix,2026-06-28,HUL,Audi,53,,,,,,after
Austrian Grand Prix,2026-06-28,HUL,Audi,54,305.63584388721245,313.120336628928,212.21153846153808,1.4402414030027255,315.5892857142858,after
Austrian Grand Prix,2026-06-28,HUL,Audi,55,203.00867527649407,209.93375310164714,240.3389423076922,0.8446765776999787,310.365625,after
Austrian Grand Prix,2026-06-28,HUL,Audi,56,,,,,,after
Austrian Grand Prix,2026-06-28,HUL,Audi,57,,,,,,after
Austrian Grand Prix,2026-06-28,HUL,Audi,58,,,,,,after
Austrian Grand Prix,2026-06-28,HUL,Audi,59,,,,,,after
Austrian Grand Prix,2026-06-28,HUL,Audi,60,,,,,,after
Austrian Grand Prix,2026-06-28,HUL,Audi,62,,,,,,after
Austrian Grand Prix,2026-06-28,HUL,Audi,63,,,,,,after
Austrian Grand Prix,2026-06-28,HUL,Audi,64,,,,,,after
Austrian Grand Prix,2026-06-28,HUL,Audi,65,,,,,,after
Austrian Grand Prix,2026-06-28,HUL,Audi,67,,,,,,after
Austrian Grand Prix,2026-06-28,HUL,Audi,69,,,,,,after
Austrian Grand Prix,2026-06-28,HUL,Audi,70,,,,,,after
Austrian Grand Prix,2026-06-28,GAS,Alpine,2,411.23290311017064,416.7489641284045,195.98164335664356,2.098323577998665,318.60340909090905,after
Austrian Grand Prix,2026-06-28,GAS,Alpine,3,449.1801200512154,460.44727418647005,198.72596153846152,2.2602991404536787,318.09375,after
Austrian Grand Prix,2026-06-28,GAS,Alpine,4,,,,,,after
Austrian Grand Prix,2026-06-28,GAS,Alpine,5,,,,,,after
Austrian Grand Prix,2026-06-28,GAS,Alpine,6,,,,,,after
Austrian Grand Prix,2026-06-28,GAS,Alpine,7,,,,,,after
Austrian Grand Prix,2026-06-28,GAS,Alpine,8,,,,,,after
Austrian Grand Prix,2026-06-28,GAS,Alpine,9,,,,,,after
Austrian Grand Prix,2026-06-28,GAS,Alpine,10,,,,,,after
Austrian Grand Prix,2026-06-28,GAS,Alpine,11,,,,,,after
Austrian Grand Prix,2026-06-28,GAS,Alpine,12,,,,,,after
Austrian Grand Prix,2026-06-28,GAS,Alpine,18,,,,,,after
Austrian Grand Prix,2026-06-28,GAS,Alpine,19,,,,,,after
Austrian Grand Prix,2026-06-28,GAS,Alpine,20,,,,,,after
Austrian Grand Prix,2026-06-28,GAS,Alpine,21,,,,,,after
Austrian Grand Prix,2026-06-28,GAS,Alpine,23,,,,,,after
Austrian Grand Prix,2026-06-28,GAS,Alpine,27,,,,,,after
Austrian Grand Prix,2026-06-28,GAS,Alpine,28,,,,,,after
Austrian Grand Prix,2026-06-28,GAS,Alpine,29,204.3004425183675,214.13664497907078,252.51602564102583,0.8090593141553672,308.10416666666663,after
Austrian Grand Prix,2026-06-28,GAS,Alpine,30,,,,,,after
Austrian Grand Prix,2026-06-28,GAS,Alpine,31,,,,,,after
Austrian Grand Prix,2026-06-28,GAS,Alpine,32,,,,,,after
Austrian Grand Prix,2026-06-28,GAS,Alpine,33,,,,,,after
Austrian Grand Prix,2026-06-28,GAS,Alpine,34,,,,,,after
Austrian Grand Prix,2026-06-28,GAS,Alpine,35,,,,,,after
Austrian Grand Prix,2026-06-28,GAS,Alpine,36,,,,,,after
Austrian Grand Prix,2026-06-28,GAS,Alpine,37,,,,,,after
Austrian Grand Prix,2026-06-28,GAS,Alpine,40,,,,,,after
Austrian Grand Prix,2026-06-28,GAS,Alpine,41,,,,,,after
Austrian Grand Prix,2026-06-28,GAS,Alpine,42,215.73142431901036,220.97368819682276,216.04423076923078,0.9985521184754312,314.8775,after
Austrian Grand Prix,2026-06-28,GAS,Alpine,43,506.475301199536,513.466113735543,113.02884615384625,4.480938436814266,334.00892857142856,after
Austrian Grand Prix,2026-06-28,GAS,Alpine,44,,,,,,after
Austrian Grand Prix,2026-06-28,GAS,Alpine,45,,,,,,after
Austrian Grand Prix,2026-06-28,GAS,Alpine,46,,,,,,after
Austrian Grand Prix,2026-06-28,GAS,Alpine,48,,,,,,after
Austrian Grand Prix,2026-06-28,GAS,Alpine,49,,,,,,after
Austrian Grand Prix,2026-06-28,GAS,Alpine,50,,,,,,after
Austrian Grand Prix,2026-06-28,GAS,Alpine,53,,,,,,after
Austrian Grand Prix,2026-06-28,GAS,Alpine,54,,,,,,after
Austrian Grand Prix,2026-06-28,GAS,Alpine,55,,,,,,after
Austrian Grand Prix,2026-06-28,GAS,Alpine,56,,,,,,after
Austrian Grand Prix,2026-06-28,GAS,Alpine,59,,,,,,after
Austrian Grand Prix,2026-06-28,GAS,Alpine,60,245.32876382847823,256.78134216571095,220.01923076923066,1.1150332767311313,314.13928571428573,after
Austrian Grand Prix,2026-06-28,GAS,Alpine,62,311.3082361018015,325.9203200036915,224.42307692307702,1.3871489526387035,313.32142857142856,after
Austrian Grand Prix,2026-06-28,GAS,Alpine,63,,,,,,after
Austrian Grand Prix,2026-06-28,GAS,Alpine,64,,,,,,after
Austrian Grand Prix,2026-06-28,GAS,Alpine,65,,,,,,after
Austrian Grand Prix,2026-06-28,GAS,Alpine,66,,,,,,after
Austrian Grand Prix,2026-06-28,GAS,Alpine,67,278.69885766595814,281.7992992836453,181.05769230769232,1.5392820603961574,321.375,after
Austrian Grand Prix,2026-06-28,GAS,Alpine,69,338.77243762646555,347.1704404714557,176.34615384615384,1.9210650770530218,322.25,after
Austrian Grand Prix,2026-06-28,GAS,Alpine,70,,,,,,after
Austrian Grand Prix,2026-06-28,BEA,Haas F1 Team,2,,,,,,after
Austrian Grand Prix,2026-06-28,BEA,Haas F1 Team,3,,,,,,after
Austrian Grand Prix,2026-06-28,BEA,Haas F1 Team,4,,,,,,after
Austrian Grand Prix,2026-06-28,BEA,Haas F1 Team,5,,,,,,after
Austrian Grand Prix,2026-06-28,BEA,Haas F1 Team,6,,,,,,after
Austrian Grand Prix,2026-06-28,BEA,Haas F1 Team,7,,,,,,after
Austrian Grand Prix,2026-06-28,BEA,Haas F1 Team,10,,,,,,after
Austrian Grand Prix,2026-06-28,BEA,Haas F1 Team,11,,,,,,after
Austrian Grand Prix,2026-06-28,BEA,Haas F1 Team,12,,,,,,after
Austrian Grand Prix,2026-06-28,BEA,Haas F1 Team,13,,,,,,after
Austrian Grand Prix,2026-06-28,BEA,Haas F1 Team,14,,,,,,after
Austrian Grand Prix,2026-06-28,BEA,Haas F1 Team,15,,,,,,after
Austrian Grand Prix,2026-06-28,BEA,Haas F1 Team,16,,,,,,after
Austrian Grand Prix,2026-06-28,BEA,Haas F1 Team,23,,,,,,after
Austrian Grand Prix,2026-06-28,BEA,Haas F1 Team,27,,,,,,after
Austrian Grand Prix,2026-06-28,BEA,Haas F1 Team,28,,,,,,after
Austrian Grand Prix,2026-06-28,BEA,Haas F1 Team,29,,,,,,after
Austrian Grand Prix,2026-06-28,BEA,Haas F1 Team,31,,,,,,after
Austrian Grand Prix,2026-06-28,BEA,Haas F1 Team,32,,,,,,after
Austrian Grand Prix,2026-06-28,BEA,Haas F1 Team,33,,,,,,after
Austrian Grand Prix,2026-06-28,BEA,Haas F1 Team,34,,,,,,after
Austrian Grand Prix,2026-06-28,BEA,Haas F1 Team,35,,,,,,after
Austrian Grand Prix,2026-06-28,BEA,Haas F1 Team,36,,,,,,after
Austrian Grand Prix,2026-06-28,BEA,Haas F1 Team,37,,,,,,after
Austrian Grand Prix,2026-06-28,BEA,Haas F1 Team,38,,,,,,after
Austrian Grand Prix,2026-06-28,BEA,Haas F1 Team,39,,,,,,after
Austrian Grand Prix,2026-06-28,BEA,Haas F1 Team,41,,,,,,after
Austrian Grand Prix,2026-06-28,BEA,Haas F1 Team,43,,,,,,after
Austrian Grand Prix,2026-06-28,BEA,Haas F1 Team,44,,,,,,after
Austrian Grand Prix,2026-06-28,BEA,Haas F1 Team,47,,,,,,after
Austrian Grand Prix,2026-06-28,BEA,Haas F1 Team,49,,,,,,after
Austrian Grand Prix,2026-06-28,BEA,Haas F1 Team,52,235.97386919670762,233.19805346603488,194.09855769230768,1.2157425176274739,318.953125,after
Austrian Grand Prix,2026-06-28,BEA,Haas F1 Team,53,,,,,,after
Austrian Grand Prix,2026-06-28,BEA,Haas F1 Team,54,,,,,,after
Austrian Grand Prix,2026-06-28,BEA,Haas F1 Team,55,,,,,,after
Austrian Grand Prix,2026-06-28,BEA,Haas F1 Team,56,,,,,,after
Austrian Grand Prix,2026-06-28,BEA,Haas F1 Team,57,,,,,,after
Austrian Grand Prix,2026-06-28,BEA,Haas F1 Team,58,,,,,,after
Austrian Grand Prix,2026-06-28,BEA,Haas F1 Team,59,,,,,,after
Austrian Grand Prix,2026-06-28,BEA,Haas F1 Team,60,,,,,,after
Austrian Grand Prix,2026-06-28,BEA,Haas F1 Team,63,,,,,,after
Austrian Grand Prix,2026-06-28,BEA,Haas F1 Team,65,,,,,,after
Austrian Grand Prix,2026-06-28,BEA,Haas F1 Team,66,,,,,,after
Austrian Grand Prix,2026-06-28,BEA,Haas F1 Team,67,,,,,,after
Austrian Grand Prix,2026-06-28,BEA,Haas F1 Team,68,,,,,,after
Austrian Grand Prix,2026-06-28,COL,Alpine,2,568.1001469284038,578.2162722278507,217.09178321678317,2.616866186782902,314.68295454545455,after
Austrian Grand Prix,2026-06-28,COL,Alpine,3,,,,,,after
Austrian Grand Prix,2026-06-28,COL,Alpine,4,,,,,,after
Austrian Grand Prix,2026-06-28,COL,Alpine,5,,,,,,after
Austrian Grand Prix,2026-06-28,COL,Alpine,6,,,,,,after
Austrian Grand Prix,2026-06-28,COL,Alpine,7,,,,,,after
Austrian Grand Prix,2026-06-28,COL,Alpine,10,,,,,,after
Austrian Grand Prix,2026-06-28,COL,Alpine,11,,,,,,after
Austrian Grand Prix,2026-06-28,COL,Alpine,12,,,,,,after
Austrian Grand Prix,2026-06-28,COL,Alpine,13,,,,,,after
Austrian Grand Prix,2026-06-28,COL,Alpine,14,,,,,,after
Austrian Grand Prix,2026-06-28,COL,Alpine,15,,,,,,after
Austrian Grand Prix,2026-06-28,COL,Alpine,16,,,,,,after
Austrian Grand Prix,2026-06-28,COL,Alpine,17,,,,,,after
Austrian Grand Prix,2026-06-28,COL,Alpine,22,,,,,,after
Austrian Grand Prix,2026-06-28,COL,Alpine,23,,,,,,after
Austrian Grand Prix,2026-06-28,COL,Alpine,27,,,,,,after
Austrian Grand Prix,2026-06-28,COL,Alpine,28,,,,,,after
Austrian Grand Prix,2026-06-28,COL,Alpine,29,,,,,,after
Austrian Grand Prix,2026-06-28,COL,Alpine,30,,,,,,after
Austrian Grand Prix,2026-06-28,COL,Alpine,31,,,,,,after
Austrian Grand Prix,2026-06-28,COL,Alpine,32,,,,,,after
Austrian Grand Prix,2026-06-28,COL,Alpine,33,,,,,,after
Austrian Grand Prix,2026-06-28,COL,Alpine,34,,,,,,after
Austrian Grand Prix,2026-06-28,COL,Alpine,35,,,,,,after
Austrian Grand Prix,2026-06-28,COL,Alpine,36,,,,,,after
Austrian Grand Prix,2026-06-28,COL,Alpine,37,,,,,,after
Austrian Grand Prix,2026-06-28,COL,Alpine,38,,,,,,after
Austrian Grand Prix,2026-06-28,COL,Alpine,39,,,,,,after
Austrian Grand Prix,2026-06-28,COL,Alpine,40,,,,,,after
Austrian Grand Prix,2026-06-28,COL,Alpine,41,,,,,,after
Austrian Grand Prix,2026-06-28,COL,Alpine,42,,,,,,after
Austrian Grand Prix,2026-06-28,COL,Alpine,43,,,,,,after
Austrian Grand Prix,2026-06-28,COL,Alpine,45,,,,,,after
Austrian Grand Prix,2026-06-28,COL,Alpine,48,,,,,,after
Austrian Grand Prix,2026-06-28,COL,Alpine,49,314.76759093149536,318.5152640756943,129.0438034188037,2.439230575914882,331.0347222222222,after
Austrian Grand Prix,2026-06-28,COL,Alpine,50,,,,,,after
Austrian Grand Prix,2026-06-28,COL,Alpine,52,,,,,,after
Austrian Grand Prix,2026-06-28,COL,Alpine,53,,,,,,after
Austrian Grand Prix,2026-06-28,COL,Alpine,54,,,,,,after
Austrian Grand Prix,2026-06-28,COL,Alpine,55,230.1763661238055,240.91279876660573,253.20113295478913,0.9090653088227104,307.97693245125345,after
Austrian Grand Prix,2026-06-28,COL,Alpine,56,225.42001273829078,234.61142654075852,245.02531950807818,0.9199866086935515,309.4952978056426,after
Austrian Grand Prix,2026-06-28,COL,Alpine,57,,,,,,after
Austrian Grand Prix,2026-06-28,COL,Alpine,58,209.07905162205913,218.3622525514894,243.25000000000006,0.8595233365757825,309.825,after
Austrian Grand Prix,2026-06-28,COL,Alpine,61,,,,,,after
Austrian Grand Prix,2026-06-28,COL,Alpine,62,,,,,,after
Austrian Grand Prix,2026-06-28,COL,Alpine,63,,,,,,after
Austrian Grand Prix,2026-06-28,COL,Alpine,64,292.32124105079345,306.0618460661126,243.78846153846175,1.1990774264132875,309.72499999999997,after
Austrian Grand Prix,2026-06-28,COL,Alpine,65,204.742537259788,212.95638103155213,232.51748251748253,0.8805468519744266,311.8181818181818,after
Austrian Grand Prix,2026-06-28,COL,Alpine,66,225.63525664694706,234.10412448039645,234.99519230769224,0.9601696716906034,311.35803571428573,after
Austrian Grand Prix,2026-06-28,COL,Alpine,67,,,,,,after
Austrian Grand Prix,2026-06-28,COL,Alpine,68,,,,,,after
Austrian Grand Prix,2026-06-28,OCO,Haas F1 Team,2,,,,,,after
Austrian Grand Prix,2026-06-28,OCO,Haas F1 Team,3,,,,,,after
Austrian Grand Prix,2026-06-28,OCO,Haas F1 Team,4,,,,,,after
Austrian Grand Prix,2026-06-28,OCO,Haas F1 Team,5,,,,,,after
Austrian Grand Prix,2026-06-28,OCO,Haas F1 Team,6,,,,,,after
Austrian Grand Prix,2026-06-28,OCO,Haas F1 Team,7,,,,,,after
Austrian Grand Prix,2026-06-28,OCO,Haas F1 Team,8,201.7285650903294,206.21726450068095,216.24777594289375,0.9328584500383552,314.8396987534626,after
Austrian Grand Prix,2026-06-28,OCO,Haas F1 Team,9,,,,,,after
Austrian Grand Prix,2026-06-28,OCO,Haas F1 Team,10,,,,,,after
Austrian Grand Prix,2026-06-28,OCO,Haas F1 Team,11,,,,,,after
Austrian Grand Prix,2026-06-28,OCO,Haas F1 Team,12,,,,,,after
Austrian Grand Prix,2026-06-28,OCO,Haas F1 Team,13,,,,,,after
Austrian Grand Prix,2026-06-28,OCO,Haas F1 Team,14,,,,,,after
Austrian Grand Prix,2026-06-28,OCO,Haas F1 Team,15,,,,,,after
Austrian Grand Prix,2026-06-28,OCO,Haas F1 Team,16,,,,,,after
Austrian Grand Prix,2026-06-28,OCO,Haas F1 Team,20,,,,,,after
Austrian Grand Prix,2026-06-28,OCO,Haas F1 Team,22,,,,,,after
Austrian Grand Prix,2026-06-28,OCO,Haas F1 Team,23,193.1414318109274,202.11986876934176,255.2307692307691,0.7567325538101439,307.6,after
Austrian Grand Prix,2026-06-28,OCO,Haas F1 Team,26,,,,,,after
Austrian Grand Prix,2026-06-28,OCO,Haas F1 Team,27,,,,,,after
Austrian Grand Prix,2026-06-28,OCO,Haas F1 Team,28,,,,,,after
Austrian Grand Prix,2026-06-28,OCO,Haas F1 Team,29,185.5184156038187,191.11041427755123,241.49439102564122,0.7682100392307698,310.15104166666663,after
Austrian Grand Prix,2026-06-28,OCO,Haas F1 Team,30,,,,,,after
Austrian Grand Prix,2026-06-28,OCO,Haas F1 Team,31,,,,,,after
Austrian Grand Prix,2026-06-28,OCO,Haas F1 Team,32,,,,,,after
Austrian Grand Prix,2026-06-28,OCO,Haas F1 Team,36,,,,,,after
Austrian Grand Prix,2026-06-28,OCO,Haas F1 Team,37,181.88061631506778,185.01399337476272,231.482371794872,0.7857212404763211,312.01041666666663,after
Austrian Grand Prix,2026-06-28,OCO,Haas F1 Team,38,,,,,,after
Austrian Grand Prix,2026-06-28,OCO,Haas F1 Team,43,,,,,,after
Austrian Grand Prix,2026-06-28,OCO,Haas F1 Team,44,,,,,,after
Austrian Grand Prix,2026-06-28,OCO,Haas F1 Team,45,,,,,,after
Austrian Grand Prix,2026-06-28,OCO,Haas F1 Team,47,,,,,,after
Austrian Grand Prix,2026-06-28,OCO,Haas F1 Team,48,,,,,,after
Austrian Grand Prix,2026-06-28,OCO,Haas F1 Team,49,,,,,,after
Austrian Grand Prix,2026-06-28,OCO,Haas F1 Team,50,,,,,,after
Austrian Grand Prix,2026-06-28,OCO,Haas F1 Team,52,,,,,,after
Austrian Grand Prix,2026-06-28,OCO,Haas F1 Team,53,211.79408959754977,220.74668831529218,244.99999999999997,0.864465671826734,309.5,after
Austrian Grand Prix,2026-06-28,OCO,Haas F1 Team,54,232.92419601815496,237.57578680989667,236.92307692307693,0.9831216065701346,311.0,after
Austrian Grand Prix,2026-06-28,OCO,Haas F1 Team,55,209.34930288443985,213.59770108417874,196.58653846153837,1.0649218635354245,318.49107142857144,after
Austrian Grand Prix,2026-06-28,OCO,Haas F1 Team,56,,,,,,after
Austrian Grand Prix,2026-06-28,OCO,Haas F1 Team,57,215.07050588362077,220.8673057011602,236.77163461538467,0.908345740962529,311.028125,after
Austrian Grand Prix,2026-06-28,OCO,Haas F1 Team,58,190.2509404233827,193.1212315996397,229.9791666666667,0.827252934171788,312.2895833333333,after
Austrian Grand Prix,2026-06-28,OCO,Haas F1 Team,59,218.24348163055802,223.69108910258018,231.41849529780555,0.943068449864852,312.02227944469325,after
Austrian Grand Prix,2026-06-28,OCO,Haas F1 Team,60,181.2645273217953,184.99644115141766,228.46923076923082,0.7933870425855488,312.57,after
Austrian Grand Prix,2026-06-28,OCO,Haas F1 Team,61,,,,,,after
Austrian Grand Prix,2026-06-28,OCO,Haas F1 Team,62,183.4073468531072,185.9987165166201,230.6971153846154,0.7950136114503762,312.15625,after
Austrian Grand Prix,2026-06-28,OCO,Haas F1 Team,63,,,,,,after
Austrian Grand Prix,2026-06-28,OCO,Haas F1 Team,65,,,,,,after
Austrian Grand Prix,2026-06-28,OCO,Haas F1 Team,67,195.44604681472768,196.1443782646453,224.72355769230768,0.8697176603190535,313.265625,after
Austrian Grand Prix,2026-06-28,OCO,Haas F1 Team,68,,,,,,after
Austrian Grand Prix,2026-06-28,OCO,Haas F1 Team,69,,,,,,after
Austrian Grand Prix,2026-06-28,ALB,Williams,2,,,,,,after
Austrian Grand Prix,2026-06-28,ALB,Williams,3,,,,,,after
Austrian Grand Prix,2026-06-28,ALB,Williams,4,,,,,,after
Austrian Grand Prix,2026-06-28,ALB,Williams,5,,,,,,after
Austrian Grand Prix,2026-06-28,ALB,Williams,6,,,,,,after
Austrian Grand Prix,2026-06-28,ALB,Williams,7,,,,,,after
Austrian Grand Prix,2026-06-28,ALB,Williams,10,,,,,,after
Austrian Grand Prix,2026-06-28,ALB,Williams,11,,,,,,after
Austrian Grand Prix,2026-06-28,ALB,Williams,12,,,,,,after
Austrian Grand Prix,2026-06-28,ALB,Williams,13,,,,,,after
Austrian Grand Prix,2026-06-28,ALB,Williams,14,,,,,,after
Austrian Grand Prix,2026-06-28,ALB,Williams,15,,,,,,after
Austrian Grand Prix,2026-06-28,ALB,Williams,16,,,,,,after
Austrian Grand Prix,2026-06-28,ALB,Williams,17,,,,,,after
Austrian Grand Prix,2026-06-28,ALB,Williams,20,,,,,,after
Austrian Grand Prix,2026-06-28,ALB,Williams,22,,,,,,after
Austrian Grand Prix,2026-06-28,ALB,Williams,23,,,,,,after
Austrian Grand Prix,2026-06-28,ALB,Williams,27,,,,,,after
Austrian Grand Prix,2026-06-28,ALB,Williams,28,,,,,,after
Austrian Grand Prix,2026-06-28,ALB,Williams,29,,,,,,after
Austrian Grand Prix,2026-06-28,ALB,Williams,30,,,,,,after
Austrian Grand Prix,2026-06-28,ALB,Williams,32,,,,,,after
Austrian Grand Prix,2026-06-28,ALB,Williams,33,,,,,,after
Austrian Grand Prix,2026-06-28,ALB,Williams,34,,,,,,after
Austrian Grand Prix,2026-06-28,ALB,Williams,35,,,,,,after
Austrian Grand Prix,2026-06-28,ALB,Williams,39,,,,,,after
Austrian Grand Prix,2026-06-28,ALB,Williams,40,,,,,,after
Austrian Grand Prix,2026-06-28,ALB,Williams,41,,,,,,after
Austrian Grand Prix,2026-06-28,ALB,Williams,42,,,,,,after
Austrian Grand Prix,2026-06-28,ALB,Williams,43,,,,,,after
Austrian Grand Prix,2026-06-28,ALB,Williams,44,,,,,,after
Austrian Grand Prix,2026-06-28,ALB,Williams,45,,,,,,after
Austrian Grand Prix,2026-06-28,ALB,Williams,48,,,,,,after
Austrian Grand Prix,2026-06-28,ALB,Williams,49,,,,,,after
Austrian Grand Prix,2026-06-28,ALB,Williams,50,,,,,,after
Austrian Grand Prix,2026-06-28,ALB,Williams,52,,,,,,after
Austrian Grand Prix,2026-06-28,ALB,Williams,53,,,,,,after
Austrian Grand Prix,2026-06-28,ALB,Williams,54,,,,,,after
Austrian Grand Prix,2026-06-28,ALB,Williams,55,,,,,,after
Austrian Grand Prix,2026-06-28,ALB,Williams,56,,,,,,after
Austrian Grand Prix,2026-06-28,ALB,Williams,57,,,,,,after
Austrian Grand Prix,2026-06-28,ALB,Williams,58,,,,,,after
Austrian Grand Prix,2026-06-28,ALB,Williams,59,,,,,,after
Austrian Grand Prix,2026-06-28,ALB,Williams,60,,,,,,after
Austrian Grand Prix,2026-06-28,ALB,Williams,61,,,,,,after
Austrian Grand Prix,2026-06-28,ALB,Williams,62,,,,,,after
Austrian Grand Prix,2026-06-28,ALB,Williams,65,,,,,,after
Austrian Grand Prix,2026-06-28,ALB,Williams,66,,,,,,after
Austrian Grand Prix,2026-06-28,ALB,Williams,67,,,,,,after
Austrian Grand Prix,2026-06-28,ALB,Williams,68,,,,,,after
Austrian Grand Prix,2026-06-28,ALB,Williams,69,,,,,,after
Austrian Grand Prix,2026-06-28,ALO,Aston Martin,2,426.1941825953331,433.929476503145,220.69230769230757,1.9311691787170906,314.01428571428573,after
Austrian Grand Prix,2026-06-28,ALO,Aston Martin,3,526.7009759518857,535.6313317757574,261.8669871794869,2.0113301856979713,306.3675595238096,after
Austrian Grand Prix,2026-06-28,ALO,Aston Martin,4,241.5159937454245,251.16624261348093,309.6556685210051,0.779950177882959,297.4925187032419,after
Austrian Grand Prix,2026-06-28,ALO,Aston Martin,5,299.58448689204937,320.00014064325586,350.0,0.8559556768344267,290.0,after
Austrian Grand Prix,2026-06-28,ALO,Aston Martin,6,330.33940983287835,349.6496698631771,343.61204013377915,0.9613732094610731,291.18633540372673,after
Austrian Grand Prix,2026-06-28,ALO,Aston Martin,7,367.23468053350877,390.6053597889697,350.0,1.0492419443814536,286.71875,after
Austrian Grand Prix,2026-06-28,ALO,Aston Martin,8,332.13431550317654,353.1704159443097,350.0,0.9489551871519329,289.453125,after
Austrian Grand Prix,2026-06-28,ALO,Aston Martin,9,339.1633117121941,360.74413311387787,350.0,0.9690380334634118,289.38749999999993,after
Austrian Grand Prix,2026-06-28,ALO,Aston Martin,10,299.5741416101756,317.5336344188426,350.0,0.8559261188862161,289.7916666666667,after
Austrian Grand Prix,2026-06-28,ALO,Aston Martin,11,269.94843363107344,285.33994228118206,350.0,0.7712812389459242,289.81000000000006,after
Austrian Grand Prix,2026-06-28,ALO,Aston Martin,14,299.6588508195507,318.7741885348224,350.0,0.8561681451987162,287.6383928571429,after
Austrian Grand Prix,2026-06-28,ALO,Aston Martin,15,290.4951055374259,307.5460270799468,350.0,0.8299860158212169,289.90625,after
Austrian Grand Prix,2026-06-28,ALO,Aston Martin,18,189.8765438421006,201.45730973776614,327.2307692307694,0.580252719780749,294.2285714285714,after
Austrian Grand Prix,2026-06-28,ALO,Aston Martin,20,279.2393585988418,298.3343832736985,350.0,0.7978267388538338,288.375,after
Austrian Grand Prix,2026-06-28,ALO,Aston Martin,22,,,,,,after
Austrian Grand Prix,2026-06-28,ALO,Aston Martin,23,,,,,,after
Austrian Grand Prix,2026-06-28,ALO,Aston Martin,26,,,,,,after
Austrian Grand Prix,2026-06-28,ALO,Aston Martin,28,,,,,,after
Austrian Grand Prix,2026-06-28,ALO,Aston Martin,29,,,,,,after
Austrian Grand Prix,2026-06-28,ALO,Aston Martin,30,,,,,,after
Austrian Grand Prix,2026-06-28,ALO,Aston Martin,31,,,,,,after
Austrian Grand Prix,2026-06-28,ALO,Aston Martin,32,,,,,,after
Austrian Grand Prix,2026-06-28,ALO,Aston Martin,35,,,,,,after
Austrian Grand Prix,2026-06-28,ALO,Aston Martin,36,,,,,,after
Austrian Grand Prix,2026-06-28,ALO,Aston Martin,37,,,,,,after
Austrian Grand Prix,2026-06-28,ALO,Aston Martin,39,,,,,,after
Austrian Grand Prix,2026-06-28,ALO,Aston Martin,40,,,,,,after
Austrian Grand Prix,2026-06-28,ALO,Aston Martin,41,,,,,,after
Austrian Grand Prix,2026-06-28,ALO,Aston Martin,42,275.1942076721975,285.4205925812523,186.6666666666665,1.4742546839582022,320.33333333333337,after
Austrian Grand Prix,2026-06-28,ALO,Aston Martin,43,240.187894992425,246.26371980596028,210.9760670364119,1.1384603873147918,315.8187304075235,after
Austrian Grand Prix,2026-06-28,ALO,Aston Martin,44,,,,,,after
Austrian Grand Prix,2026-06-28,ALO,Aston Martin,45,,,,,,after
Austrian Grand Prix,2026-06-28,ALO,Aston Martin,46,174.8558961213548,187.1293290864836,324.0528846153848,0.5395906175280296,294.81874999999997,after
Austrian Grand Prix,2026-06-28,ALO,Aston Martin,47,,,,,,after
Austrian Grand Prix,2026-06-28,ALO,Aston Martin,48,,,,,,after
Austrian Grand Prix,2026-06-28,ALO,Aston Martin,51,,,,,,after
Austrian Grand Prix,2026-06-28,ALO,Aston Martin,52,,,,,,after
Austrian Grand Prix,2026-06-28,ALO,Aston Martin,53,,,,,,after
Austrian Grand Prix,2026-06-28,ALO,Aston Martin,54,,,,,,after
Austrian Grand Prix,2026-06-28,ALO,Aston Martin,55,,,,,,after
Austrian Grand Prix,2026-06-28,ALO,Aston Martin,56,,,,,,after
Austrian Grand Prix,2026-06-28,ALO,Aston Martin,57,,,,,,after
Austrian Grand Prix,2026-06-28,ALO,Aston Martin,58,182.57543641111192,192.84816102769545,297.5560897435895,0.6135832628007752,299.73958333333337,after
Austrian Grand Prix,2026-06-28,ALO,Aston Martin,59,,,,,,after
Austrian Grand Prix,2026-06-28,ALO,Aston Martin,60,,,,,,after
Austrian Grand Prix,2026-06-28,ALO,Aston Martin,61,,,,,,after
Austrian Grand Prix,2026-06-28,ALO,Aston Martin,62,483.2927311610789,493.8828631687723,212.8605769230769,2.2704661339696086,315.46875,after
Austrian Grand Prix,2026-06-28,ALO,Aston Martin,63,,,,,,after
Austrian Grand Prix,2026-06-28,ALO,Aston Martin,64,,,,,,after
Austrian Grand Prix,2026-06-28,ALO,Aston Martin,65,,,,,,after
Austrian Grand Prix,2026-06-28,ALO,Aston Martin,66,206.40572611599777,216.12667853582815,294.8413461538463,0.7000569248801917,300.24375,after
Austrian Grand Prix,2026-06-28,ALO,Aston Martin,67,259.4297141461381,277.09808584879795,320.6934709810564,0.8089647517690275,295.4426411035181,after
Austrian Grand Prix,2026-06-28,STR,Aston Martin,2,,,,,,after
Austrian Grand Prix,2026-06-28,STR,Aston Martin,3,,,,,,after
Austrian Grand Prix,2026-06-28,STR,Aston Martin,4,,,,,,after
Austrian Grand Prix,2026-06-28,STR,Aston Martin,5,,,,,,after
Austrian Grand Prix,2026-06-28,STR,Aston Martin,7,,,,,,after
Austrian Grand Prix,2026-06-28,STR,Aston Martin,8,236.89731218298942,251.09454101530676,298.8461538461538,0.7927065787332981,299.5,after
Austrian Grand Prix,2026-06-28,STR,Aston Martin,10,,,,,,after
Austrian Grand Prix,2026-06-28,STR,Aston Martin,11,,,,,,after
Austrian Grand Prix,2026-06-28,STR,Aston Martin,13,235.089861809415,250.08498426083736,336.53846153846155,0.6985527322336902,292.5,after
Austrian Grand Prix,2026-06-28,STR,Aston Martin,14,191.05396636549168,199.7621678020705,316.25000000000017,0.604123213803926,296.2678571428571,after
Austrian Grand Prix,2026-06-28,STR,Aston Martin,15,247.46048115004152,261.0612757544697,325.03846153846143,0.7613267672347747,294.6357142857143,after
Austrian Grand Prix,2026-06-28,STR,Aston Martin,17,,,,,,after
Austrian Grand Prix,2026-06-28,STR,Aston Martin,18,,,,,,after
Austrian Grand Prix,2026-06-28,STR,Aston Martin,20,,,,,,after
Austrian Grand Prix,2026-06-28,STR,Aston Martin,22,,,,,,after
Austrian Grand Prix,2026-06-28,STR,Aston Martin,23,,,,,,after
Austrian Grand Prix,2026-06-28,STR,Aston Martin,26,,,,,,after
Austrian Grand Prix,2026-06-28,STR,Aston Martin,27,,,,,,after
Austrian Grand Prix,2026-06-28,STR,Aston Martin,28,,,,,,after
Austrian Grand Prix,2026-06-28,STR,Aston Martin,29,,,,,,after
Austrian Grand Prix,2026-06-28,STR,Aston Martin,30,,,,,,after
Austrian Grand Prix,2026-06-28,STR,Aston Martin,31,,,,,,after
Austrian Grand Prix,2026-06-28,STR,Aston Martin,33,,,,,,after
Austrian Grand Prix,2026-06-28,STR,Aston Martin,35,150.82149052919564,162.53053353763698,301.53846153846155,0.5001733104284549,299.0,after
Austrian Grand Prix,2026-06-28,STR,Aston Martin,36,216.22316779201478,226.95605187269157,290.8237179487178,0.7434853295911111,300.989880952381,after
Austrian Grand Prix,2026-06-28,STR,Aston Martin,37,,,,,,after
Austrian Grand Prix,2026-06-28,STR,Aston Martin,39,,,,,,after
Austrian Grand Prix,2026-06-28,STR,Aston Martin,40,,,,,,after
Austrian Grand Prix,2026-06-28,STR,Aston Martin,41,,,,,,after
Austrian Grand Prix,2026-06-28,STR,Aston Martin,42,,,,,,after
Austrian Grand Prix,2026-06-28,STR,Aston Martin,43,,,,,,after
Austrian Grand Prix,2026-06-28,STR,Aston Martin,44,,,,,,after
Austrian Grand Prix,2026-06-28,SAI,Williams,2,,,,,,after
Austrian Grand Prix,2026-06-28,SAI,Williams,3,,,,,,after
Austrian Grand Prix,2026-06-28,SAI,Williams,4,,,,,,after
Austrian Grand Prix,2026-06-28,SAI,Williams,5,,,,,,after
Austrian Grand Prix,2026-06-28,SAI,Williams,6,,,,,,after
Austrian Grand Prix,2026-06-28,SAI,Williams,7,,,,,,after
Austrian Grand Prix,2026-06-28,SAI,Williams,10,,,,,,after
Austrian Grand Prix,2026-06-28,SAI,Williams,11,,,,,,after
Austrian Grand Prix,2026-06-28,SAI,Williams,12,,,,,,after
Austrian Grand Prix,2026-06-28,SAI,Williams,13,,,,,,after
Austrian Grand Prix,2026-06-28,SAI,Williams,16,,,,,,after
Austrian Grand Prix,2026-06-28,SAI,Williams,17,,,,,,after
Austrian Grand Prix,2026-06-28,SAI,Williams,18,,,,,,after
Austrian Grand Prix,2026-06-28,SAI,Williams,20,,,,,,after
Austrian Grand Prix,2026-06-28,SAI,Williams,22,,,,,,after
Austrian Grand Prix,2026-06-28,SAI,Williams,23,264.3803369769725,281.4094344257585,278.9230769230766,0.9478611088529085,303.20000000000005,after
Austrian Grand Prix,2026-06-28,PER,Cadillac,2,,,,,,after
Austrian Grand Prix,2026-06-28,PER,Cadillac,3,,,,,,after
Belgian Grand Prix,2026-07-19,ANT,Mercedes,7,49.69537431900487,49.22419672355662,234.24519230769212,0.21215109616306513,311.49732142857147,after
Belgian Grand Prix,2026-07-19,ANT,Mercedes,8,45.10772223788677,46.306179025353266,244.42549082716457,0.18454590020556752,309.60669456066944,after
Belgian Grand Prix,2026-07-19,ANT,Mercedes,10,55.0437743958061,56.092902775131336,236.81089743589752,0.23243767492036946,311.0208333333333,after
Belgian Grand Prix,2026-07-19,ANT,Mercedes,12,51.97235371366301,51.07483074744574,226.481971153846,0.2294767810827597,312.93906250000003,after
Belgian Grand Prix,2026-07-19,ANT,Mercedes,13,52.07411099290279,53.190613180508954,231.6562500000001,0.22479044270509757,311.978125,after
Belgian Grand Prix,2026-07-19,ANT,Mercedes,14,58.01688954254751,56.80026944542037,223.62980769230768,0.25943272116198823,313.46875,after
Belgian Grand Prix,2026-07-19,ANT,Mercedes,23,73.4344140361984,75.95265741157088,203.80973193473238,0.36030867289357354,317.14962121212113,after
Belgian Grand Prix,2026-07-19,ANT,Mercedes,26,98.91289941251054,97.2010956553765,131.64076630492605,0.751385016882944,330.55242911479945,after
Belgian Grand Prix,2026-07-19,ANT,Mercedes,27,,,,,,after
Belgian Grand Prix,2026-07-19,ANT,Mercedes,28,39.83750376661922,40.867459051405945,215.01893283071198,0.18527439998962306,315.06791247429635,after
Belgian Grand Prix,2026-07-19,ANT,Mercedes,29,,,,,,after
Belgian Grand Prix,2026-07-19,ANT,Mercedes,31,,,,,,after
Belgian Grand Prix,2026-07-19,ANT,Mercedes,33,,,,,,after
Belgian Grand Prix,2026-07-19,ANT,Mercedes,34,191.98971754670197,191.63677037138032,144.08333333333331,1.3324908100407309,328.2416666666667,after
Belgian Grand Prix,2026-07-19,ANT,Mercedes,37,50.1447526147462,52.83701657099787,220.76923076923075,0.22713651010163788,314.0,after
Belgian Grand Prix,2026-07-19,ANT,Mercedes,38,55.014273050905636,58.36134898333581,220.76923076923075,0.2491935713107224,314.0,after
Belgian Grand Prix,2026-07-19,ANT,Mercedes,39,58.137845929388945,60.381339328460655,218.0769230769231,0.26659329703070767,314.5,after
Belgian Grand Prix,2026-07-19,ANT,Mercedes,40,54.796833250021514,57.71946526804077,218.0769230769231,0.25127295670203864,314.5,after
Belgian Grand Prix,2026-07-19,ANT,Mercedes,43,55.05298313448191,57.26442105737913,198.74383361203974,0.2770047358649061,318.0904309006212,after
Belgian Grand Prix,2026-07-19,ANT,Mercedes,44,51.722654670898876,51.70486902034,186.07402031930343,0.2779681687005133,320.4433962264151,after
Belgian Grand Prix,2026-07-19,LEC,Ferrari,7,131.23108968540018,128.51293510380944,169.71153846153828,0.7732596785995259,323.4821428571429,after
Belgian Grand Prix,2026-07-19,LEC,Ferrari,8,169.5222946882405,168.74303193321532,179.71153846153845,0.9433022283347786,321.625,after
Belgian Grand Prix,2026-07-19,LEC,Ferrari,12,173.38130486818662,172.3869284188507,134.7163461538459,1.287010149979761,329.98125000000005,after
Belgian Grand Prix,2026-07-19,LEC,Ferrari,13,149.06112400406866,149.56742218165414,166.25,0.8966082646861273,324.125,after
Belgian Grand Prix,2026-07-19,LEC,Ferrari,19,96.7440872885262,102.05351763423363,244.99999999999997,0.39487382566745394,309.5,after
Belgian Grand Prix,2026-07-19,LEC,Ferrari,26,64.69218024585928,62.267709013079624,193.6778846153846,0.33401944870643485,319.03125,after
Belgian Grand Prix,2026-07-19,LEC,Ferrari,27,65.96908703413943,64.15902918661787,207.750785658167,0.31753953095842885,316.41771123491185,after
Belgian Grand Prix,2026-07-19,LEC,Ferrari,28,67.96865377869176,66.22775214840988,205.96153846153848,0.3300065356201654,316.75,after
Belgian Grand Prix,2026-07-19,LEC,Ferrari,29,64.41721915872321,62.35341904193894,212.69230769230768,0.30286576819652866,315.5,after
Belgian Grand Prix,2026-07-19,LEC,Ferrari,32,64.6726141844867,66.2818560923004,222.88942307692312,0.2901555995421417,313.60625,after
Belgian Grand Prix,2026-07-19,LEC,Ferrari,33,51.86188454869445,54.26015701902358,210.0,0.24696135499378308,316.0,after
Belgian Grand Prix,2026-07-19,LEC,Ferrari,34,71.05642910588219,69.13070676616043,204.9665551839466,0.34667328551291116,316.9347826086956,after
Belgian Grand Prix,2026-07-19,LEC,Ferrari,36,160.87946366210056,159.96840713471252,136.95993589743605,1.174646166471463,329.5645833333333,after
Belgian Grand Prix,2026-07-19,LEC,Ferrari,37,116.79549648349916,114.07089330005198,153.46153846153848,0.7610734106694181,326.5,after
Belgian Grand Prix,2026-07-19,LEC,Ferrari,38,118.92056950416662,119.88723169897786,146.4860139860142,0.8118220044919824,327.7954545454545,after
Belgian Grand Prix,2026-07-19,LEC,Ferrari,39,121.5542269973622,120.36519902084771,185.76923076923077,0.6543291722425294,320.5,after
Belgian Grand Prix,2026-07-19,LEC,Ferrari,40,173.85162335604235,236.68488736778588,210.0,0.8278648731240111,316.0,after
Belgian Grand Prix,2026-07-19,LEC,Ferrari,43,48.38830881738021,46.900912885991204,193.84615384615384,0.24962222802616776,319.0,after
Belgian Grand Prix,2026-07-19,VER,Red Bull Racing,7,150.36420703084988,149.68095862598486,184.49038461538424,0.815024627675427,320.73750000000007,after
Belgian Grand Prix,2026-07-19,VER,Red Bull Racing,8,165.39662528041313,163.94111682734436,190.03205128205107,0.8703617319529255,319.70833333333337,after
Belgian Grand Prix,2026-07-19,VER,Red Bull Racing,10,173.38763629798865,172.97365315595218,204.6153846153846,0.8473831849149821,317.0,after
Belgian Grand Prix,2026-07-19,VER,Red Bull Racing,12,146.86222168065578,143.44510787110292,202.03525641025664,0.7269138282599279,317.47916666666663,after
Belgian Grand Prix,2026-07-19,VER,Red Bull Racing,13,74.97274436067423,72.69962209282274,207.30769230769232,0.3616496017398015,316.5,after
Belgian Grand Prix,2026-07-19,VER,Red Bull Racing,14,74.79648120505516,73.76746538549023,207.30769230769232,0.36079935275165753,316.5,after
Belgian Grand Prix,2026-07-19,VER,Red Bull Racing,19,170.0620969367094,167.98421064261439,201.9230769230769,0.8422122895913228,317.5,after
Belgian Grand Prix,2026-07-19,VER,Red Bull Racing,23,71.29500172695933,70.52828061411086,201.9230769230769,0.3530800085525605,317.5,after
Belgian Grand Prix,2026-07-19,VER,Red Bull Racing,25,79.47685682823943,77.43351892126105,200.49278846153848,0.3964075587860153,317.765625,after
Belgian Grand Prix,2026-07-19,VER,Red Bull Racing,26,66.48959753564537,63.134724279373664,186.330128205128,0.3568376095488325,320.39583333333337,after
Belgian Grand Prix,2026-07-19,VER,Red Bull Racing,27,131.28878127200718,130.2017443130636,177.69230769230768,0.7388546132190881,322.0,after
Belgian Grand Prix,2026-07-19,VER,Red Bull Racing,28,166.95739946387758,166.64003141122504,131.9230769230769,1.2655662933121916,330.5,after
Belgian Grand Prix,2026-07-19,VER,Red Bull Racing,30,68.9599620065223,65.79664842050327,199.56591126715608,0.3455498064206295,317.9377593360996,after
Belgian Grand Prix,2026-07-19,VER,Red Bull Racing,31,68.81635117345152,68.47291243743616,202.3717948717951,0.3400491220480971,317.41666666666663,after
Belgian Grand Prix,2026-07-19,VER,Red Bull Racing,33,69.44627322361087,69.66936320845797,207.30769230769232,0.3349912994088836,316.5,after
Belgian Grand Prix,2026-07-19,VER,Red Bull Racing,34,51.51097148336964,55.13465296300515,221.96581196581167,0.23206714145376414,313.7777777777778,after
Belgian Grand Prix,2026-07-19,VER,Red Bull Racing,35,61.152348487492084,66.55901116215048,226.15384615384616,0.2704015409310874,313.0,after
Belgian Grand Prix,2026-07-19,VER,Red Bull Racing,36,60.71396333712671,65.42593196960972,231.53846153846152,0.2622197752101818,312.0,after
Belgian Grand Prix,2026-07-19,VER,Red Bull Racing,37,53.45639495081507,57.843999280768074,233.36538461538436,0.22906737020538825,311.66071428571433,after
Belgian Grand Prix,2026-07-19,VER,Red Bull Racing,39,67.84091264600778,72.95555997476319,220.0978323422215,0.3082307168774139,314.1246882793017,after
Belgian Grand Prix,2026-07-19,VER,Red Bull Racing,40,77.97315462243944,83.60434142740809,211.6826923076923,0.3683492201105475,315.6875,after
Belgian Grand Prix,2026-07-19,VER,Red Bull Racing,41,66.63002913679615,71.91891977217354,213.60096153846118,0.3119369344449261,315.33125000000007,after
Belgian Grand Prix,2026-07-19,VER,Red Bull Racing,42,80.99982698378444,86.01247763294802,207.3211202762323,0.3906974208699104,316.497506234414,after
Belgian Grand Prix,2026-07-19,VER,Red Bull Racing,44,70.20006696485565,75.08933885042944,207.30769230769232,0.3386274102200829,316.5,after
Belgian Grand Prix,2026-07-19,HAM,Ferrari,8,,,,,,after
Belgian Grand Prix,2026-07-19,HAM,Ferrari,10,,,,,,after
Belgian Grand Prix,2026-07-19,HAM,Ferrari,13,160.95875551447918,164.84131965182542,90.01086256839368,1.7882147878782588,338.28369695158403,after
Belgian Grand Prix,2026-07-19,HAM,Ferrari,14,,,,,,after
Belgian Grand Prix,2026-07-19,HAM,Ferrari,23,68.42511213039646,66.89251293786593,186.2942307692306,0.3672959267061636,320.40250000000003,after
Belgian Grand Prix,2026-07-19,HAM,Ferrari,31,64.16113510654083,58.637872788598706,187.38997321086887,0.34239364042354964,320.19900497512435,after
Belgian Grand Prix,2026-07-19,HAM,Ferrari,33,48.378770761684784,46.621243017456194,188.46153846153845,0.25670368159261314,320.0,after
Belgian Grand Prix,2026-07-19,HAM,Ferrari,34,51.11798142149486,49.127702239585346,188.59615384615404,0.271044665434662,319.97499999999997,after
Belgian Grand Prix,2026-07-19,HAM,Ferrari,35,41.44592912720419,40.50602221388674,188.17307692307685,0.22025429888754405,320.05357142857144,after
Belgian Grand Prix,2026-07-19,HAM,Ferrari,36,45.65469698129438,44.40443206669617,183.0769230769231,0.24937439527597768,321.0,after
Belgian Grand Prix,2026-07-19,HAM,Ferrari,37,46.105366151364656,43.69391946997602,177.69230769230768,0.25946742855746346,322.0,after
Belgian Grand Prix,2026-07-19,HAM,Ferrari,39,,,,,,after
Belgian Grand Prix,2026-07-19,HAM,Ferrari,40,126.38515965652164,126.91218776392209,71.96875000000013,1.7561116409069408,341.634375,after
Belgian Grand Prix,2026-07-19,HAM,Ferrari,41,65.89860433607772,64.2369906309493,195.46153846153885,0.3371435877091731,318.69999999999993,after
Belgian Grand Prix,2026-07-19,HAM,Ferrari,42,73.62806036901131,76.51716722611992,203.76068376068366,0.3613457660727486,317.1587301587302,after
Belgian Grand Prix,2026-07-19,HAM,Ferrari,44,55.506782132514395,54.25448926803117,172.30769230769232,0.3221375748761996,323.0,after
Belgian Grand Prix,2026-07-19,PIA,McLaren,7,,,,,,after
Belgian Grand Prix,2026-07-19,PIA,McLaren,8,73.10802193431597,74.51151227690043,164.7355769230769,0.44379012293412295,324.40625,after
Belgian Grand Prix,2026-07-19,PIA,McLaren,10,,,,,,after
Belgian Grand Prix,2026-07-19,PIA,McLaren,12,,,,,,after
Belgian Grand Prix,2026-07-19,PIA,McLaren,13,53.252668987834,46.6316618063181,185.76923076923077,0.28666032995521407,320.5,after
Belgian Grand Prix,2026-07-19,PIA,McLaren,14,154.43544523850275,152.5384370988192,189.8076923076923,0.8136416567783328,319.75,after
Belgian Grand Prix,2026-07-19,PIA,McLaren,15,62.17490954943144,58.64718922962119,193.84615384615384,0.3207435810089717,319.0,after
Belgian Grand Prix,2026-07-19,PIA,McLaren,23,56.40598352654978,54.748712668239946,177.69230769230768,0.31743627092863513,322.0,after
Belgian Grand Prix,2026-07-19,PIA,McLaren,25,126.60045036830982,124.5166996671232,167.57932692307656,0.7554658005424669,323.87812500000007,after
Belgian Grand Prix,2026-07-19,PIA,McLaren,26,124.90050427709144,122.59491766086482,166.92307692307693,0.7482518689411007,324.0,after
Belgian Grand Prix,2026-07-19,PIA,McLaren,28,115.99977185752485,113.70948028048008,161.53846153846155,0.7180938257846775,325.0,after
Belgian Grand Prix,2026-07-19,PIA,McLaren,29,114.07274431859118,112.1423936617727,150.91172059138648,0.7558905555616735,326.9735376044568,after
Belgian Grand Prix,2026-07-19,PIA,McLaren,31,64.26829760371211,60.06316116422927,180.3846153846154,0.35628480547900104,321.5,after
Belgian Grand Prix,2026-07-19,PIA,McLaren,33,63.45646942279304,62.08470358175546,183.0769230769231,0.3466109674354242,321.0,after
Belgian Grand Prix,2026-07-19,PIA,McLaren,34,48.69870672339622,46.72731383228897,193.0160256410255,0.25230395539263106,319.1541666666667,after
Belgian Grand Prix,2026-07-19,PIA,McLaren,35,53.25694853312155,55.27187417996297,201.9230769230769,0.2637486974973639,317.5,after
Belgian Grand Prix,2026-07-19,PIA,McLaren,36,59.28639377706566,61.43605412401791,204.6153846153846,0.28974553349693744,317.0,after
Belgian Grand Prix,2026-07-19,PIA,McLaren,37,55.43626968270668,55.90026661050046,207.84615384615398,0.2667178038028077,316.4,after
Belgian Grand Prix,2026-07-19,PIA,McLaren,39,62.70763722355849,64.96909520824074,207.00854700854708,0.3029229378677267,316.55555555555554,after
Belgian Grand Prix,2026-07-19,PIA,McLaren,44,64.66204613107762,63.86750478509165,176.85096153846152,0.3656301643404688,322.15625,after
Belgian Grand Prix,2026-07-19,HAD,Red Bull Racing,5,,,,,,after
Belgian Grand Prix,2026-07-19,HAD,Red Bull Racing,10,152.61154842083624,152.08720442723308,107.69230769230771,1.4171072353363365,335.0,after
Belgian Grand Prix,2026-07-19,HAD,Red Bull Racing,12,301.34329973240625,299.6920028092162,99.80630726614086,3.0192811254788956,336.4645429362881,after
Belgian Grand Prix,2026-07-19,HAD,Red Bull Racing,13,221.6285986268946,220.90704801555952,111.15865384615391,1.993804269469056,334.35625,after
Belgian Grand Prix,2026-07-19,HAD,Red Bull Racing,14,117.13863268578059,114.77431488975144,175.0,0.6693636153473177,322.5,after
Belgian Grand Prix,2026-07-19,HAD,Red Bull Racing,15,265.8193437087015,265.3255685243801,101.74679487179476,2.6125574180852094,336.1041666666667,after
Belgian Grand Prix,2026-07-19,HAD,Red Bull Racing,16,196.72704208531704,194.44059092707815,180.1826923076922,1.0918198610850625,321.5375,after
Belgian Grand Prix,2026-07-19,HAD,Red Bull Racing,19,139.8274671932024,140.70064680663134,191.15384615384613,0.7314917800851636,319.5,after
Belgian Grand Prix,2026-07-19,HAD,Red Bull Racing,23,75.55918713956919,76.54498281541557,206.1902721234196,0.36645369522739474,316.70752089136494,after
Belgian Grand Prix,2026-07-19,HAD,Red Bull Racing,30,129.0632811345446,130.14607154961064,169.16666666666646,0.7629356520268656,323.58333333333337,after
Belgian Grand Prix,2026-07-19,HAD,Red Bull Racing,31,140.6637769370964,140.09353586557847,180.45940170940185,0.7794760239957501,321.4861111111111,after
Belgian Grand Prix,2026-07-19,HAD,Red Bull Racing,33,58.88828318826979,61.789153664701075,208.5192307692309,0.28241176111685207,316.275,after
Belgian Grand Prix,2026-07-19,HAD,Red Bull Racing,34,59.87212038138571,62.3972143629338,204.6153846153846,0.292608107127073,317.0,after
Belgian Grand Prix,2026-07-19,HAD,Red Bull Racing,35,68.66780876978902,73.2944202756772,216.043728056176,0.31784217661682784,314.8775933609959,after
Belgian Grand Prix,2026-07-19,HAD,Red Bull Racing,36,64.83958307499374,67.22015680215321,215.19230769230742,0.3013099481590419,315.03571428571433,after
Belgian Grand Prix,2026-07-19,HAD,Red Bull Racing,37,138.38485213305466,202.18536380502144,215.38461538461542,0.6425010991891823,315.0,after
Belgian Grand Prix,2026-07-19,HAD,Red Bull Racing,42,142.93256698866543,142.71341187561953,153.46153846153848,0.9313901608283963,326.5,after
Belgian Grand Prix,2026-07-19,HAD,Red Bull Racing,44,140.88338768897202,205.08366976282534,199.23076923076923,0.7071366949639523,318.0,after
Belgian Grand Prix,2026-07-19,NOR,McLaren,10,,,,,,after
Belgian Grand Prix,2026-07-19,NOR,McLaren,12,132.46014908091337,132.77695627724117,175.53846153846135,0.7545933120297439,322.40000000000003,after
Belgian Grand Prix,2026-07-19,NOR,McLaren,13,46.35360666306589,46.78977678588116,239.326923076923,0.19368320984165746,310.55357142857144,after
Belgian Grand Prix,2026-07-19,NOR,McLaren,14,61.190266845094506,60.363961373952016,218.63549313756798,0.2798734366820893,314.39626556016594,after
Belgian Grand Prix,2026-07-19,NOR,McLaren,15,42.15191122648807,42.24869998018354,229.09855769230768,0.18399029505502373,312.453125,after
Belgian Grand Prix,2026-07-19,NOR,McLaren,16,37.31241785616752,38.110552524467636,220.76923076923075,0.16901095196173443,314.0,after
Belgian Grand Prix,2026-07-19,NOR,McLaren,26,67.227264332062,67.1186020196273,207.30769230769232,0.3242873604143993,316.5,after
Belgian Grand Prix,2026-07-19,NOR,McLaren,27,187.06612189506072,188.27294856519842,188.46153846153845,0.9925957488309346,320.0,after
Belgian Grand Prix,2026-07-19,NOR,McLaren,28,60.36224906545395,60.60249088630867,204.6153846153846,0.2950034728762787,317.0,after
Belgian Grand Prix,2026-07-19,NOR,McLaren,29,54.20077570348256,54.2917936247441,199.90174934100168,0.2711370754991462,317.8753894080997,after
Belgian Grand Prix,2026-07-19,NOR,McLaren,32,116.85417611893718,119.61828628187929,186.44230769230768,0.6267578296219426,320.375,after
Belgian Grand Prix,2026-07-19,NOR,McLaren,33,60.15901951092537,64.03956457105856,221.5544871794871,0.2715314877021153,313.8541666666667,after
Belgian Grand Prix,2026-07-19,NOR,McLaren,36,391.643408518807,492.87352538799496,276.6312330885193,1.415759905872541,303.62562814070355,after
Belgian Grand Prix,2026-07-19,NOR,McLaren,38,387.6999825116202,479.1745815054351,276.23076923076894,1.403536556015335,303.70000000000005,after
Belgian Grand Prix,2026-07-19,NOR,McLaren,42,390.86409747673565,499.4663615749733,233.05394291243346,1.677140032870403,311.7185534591195,after
Belgian Grand Prix,2026-07-19,NOR,McLaren,44,149.7372312578731,214.39029214464853,180.3846153846154,0.8300997894892752,321.5,after
Belgian Grand Prix,2026-07-19,BOR,Audi,7,,,,,,after
Belgian Grand Prix,2026-07-19,BOR,Audi,10,,,,,,after
Belgian Grand Prix,2026-07-19,BOR,Audi,11,,,,,,after
Belgian Grand Prix,2026-07-19,BOR,Audi,12,,,,,,after
Belgian Grand Prix,2026-07-19,BOR,Audi,13,,,,,,after
Belgian Grand Prix,2026-07-19,BOR,Audi,14,,,,,,after
Belgian Grand Prix,2026-07-19,BOR,Audi,15,124.55392242161479,125.51355674601439,140.0,0.8896708744401056,329.0,after
Belgian Grand Prix,2026-07-19,BOR,Audi,16,,,,,,after
Belgian Grand Prix,2026-07-19,BOR,Audi,19,56.14295567359107,58.67902026286699,223.46153846153845,0.2512421424291511,313.5,after
Belgian Grand Prix,2026-07-19,BOR,Audi,23,50.43914990843166,52.454243951494774,232.29108391608352,0.21713769232164368,311.86022727272734,after
Belgian Grand Prix,2026-07-19,BOR,Audi,24,50.50231666990059,51.29211732763946,232.0376602564103,0.21764706907531148,311.90729166666665,after
Belgian Grand Prix,2026-07-19,BOR,Audi,32,,,,,,after
Belgian Grand Prix,2026-07-19,BOR,Audi,33,52.13915358225042,51.90362264933553,218.39663461538456,0.23873606694568347,314.440625,after
Belgian Grand Prix,2026-07-19,BOR,Audi,36,48.31608722024368,51.636100612626684,239.6153846153846,0.20164017138464457,310.5,after
Belgian Grand Prix,2026-07-19,BOR,Audi,38,50.23002303015595,52.980145097838076,234.52899408284003,0.21417404371083332,311.4446153846154,after
Belgian Grand Prix,2026-07-19,BOR,Audi,40,125.15206717957835,189.35268398650635,245.47115384615373,0.5098442942017375,309.4125,after
Belgian Grand Prix,2026-07-19,BOR,Audi,41,67.11859454345448,72.17994183118834,239.13461538461536,0.28067285213185633,310.5892857142857,after
Belgian Grand Prix,2026-07-19,BOR,Audi,43,59.77217695324419,66.10136343039886,245.82451923076883,0.24314977667924492,309.34687500000007,after
Belgian Grand Prix,2026-07-19,LIN,Racing Bulls,8,485.0850435043817,611.0952928726704,186.10576923076923,2.60650191291427,320.4375,after
Belgian Grand Prix,2026-07-19,LIN,Racing Bulls,10,423.93687321289815,536.8995682422723,260.64903846153845,1.6264662847603581,306.59375,after
Belgian Grand Prix,2026-07-19,LIN,Racing Bulls,14,361.82612096129174,456.18316367897376,248.4999999999999,1.4560407282144543,308.85,after
Belgian Grand Prix,2026-07-19,LIN,Racing Bulls,15,430.31527345762726,550.6391700785806,250.5528846153846,1.7174628586623135,308.46875,after
Belgian Grand Prix,2026-07-19,LIN,Racing Bulls,19,357.98278882347756,446.97568806687264,245.53098290598314,1.4579943622046005,309.40138888888885,after
Belgian Grand Prix,2026-07-19,LIN,Racing Bulls,23,352.32134508591054,456.0965977079326,247.11538461538473,1.4257361824488202,309.10714285714283,after
Belgian Grand Prix,2026-07-19,LIN,Racing Bulls,28,351.2231848371131,453.8017646841844,253.60042735042737,1.3849471331993841,307.90277777777777,after
Belgian Grand Prix,2026-07-19,LIN,Racing Bulls,29,420.21586586044106,531.4594727731096,246.34615384615387,1.705794303258621,309.25,after
Belgian Grand Prix,2026-07-19,LIN,Racing Bulls,32,429.433745537453,537.7563024978466,236.92307692307693,1.812545029865873,311.0,after
Belgian Grand Prix,2026-07-19,LIN,Racing Bulls,33,399.6731410495344,504.3346832792869,238.82115384615363,1.6735248725370455,310.64750000000004,after
Belgian Grand Prix,2026-07-19,LIN,Racing Bulls,36,430.01333897238555,544.5709984696236,242.08270837797312,1.7763075349478867,310.041782729805,after
Belgian Grand Prix,2026-07-19,LIN,Racing Bulls,38,397.50676734735936,504.8721808768583,241.9423076923075,1.6429816311948733,310.0678571428572,after
Belgian Grand Prix,2026-07-19,LIN,Racing Bulls,40,301.05985011317387,404.01278065718435,212.69230769230768,1.4154712663548863,315.5,after
Belgian Grand Prix,2026-07-19,LIN,Racing Bulls,41,272.3784555315991,378.70946346536255,207.34755917159742,1.3136323215947925,316.4925961538462,after
Belgian Grand Prix,2026-07-19,LIN,Racing Bulls,42,202.38395102175943,264.9273471979907,188.46153846153845,1.073874025829744,320.0,after
Belgian Grand Prix,2026-07-19,LIN,Racing Bulls,43,331.6996420364057,440.8925975516378,218.2783426050261,1.519617741630992,314.46259351620944,after
Belgian Grand Prix,2026-07-19,COL,Alpine,12,,,,,,after
Belgian Grand Prix,2026-07-19,COL,Alpine,29,,,,,,after
Belgian Grand Prix,2026-07-19,COL,Alpine,32,46.97672832151829,48.43219631844448,231.53846153846152,0.20288952431220525,312.0,after
Belgian Grand Prix,2026-07-19,COL,Alpine,35,354.1444149065457,439.7209607702916,301.53846153846155,1.1744585188227281,299.0,after
Belgian Grand Prix,2026-07-19,GAS,Alpine,10,,,,,,after
Belgian Grand Prix,2026-07-19,GAS,Alpine,16,,,,,,after
Belgian Grand Prix,2026-07-19,GAS,Alpine,19,,,,,,after
Belgian Grand Prix,2026-07-19,GAS,Alpine,24,,,,,,after
Belgian Grand Prix,2026-07-19,GAS,Alpine,32,,,,,,after
Belgian Grand Prix,2026-07-19,GAS,Alpine,35,50.64637708095174,49.58905615655101,196.0897435897434,0.258281622250032,318.58333333333337,after
Belgian Grand Prix,2026-07-19,GAS,Alpine,42,,,,,,after
Belgian Grand Prix,2026-07-19,LAW,Racing Bulls,7,126.76531151875784,126.2936371379753,188.58391608391597,0.6721957744389498,319.97727272727275,after
Belgian Grand Prix,2026-07-19,LAW,Racing Bulls,8,79.70013007987058,79.35928728353694,210.0,0.37952442895176464,316.0,after
Belgian Grand Prix,2026-07-19,LAW,Racing Bulls,10,568.9349153446923,660.8823517719024,234.3269230769232,2.4279536805846518,311.48214285714283,after
Belgian Grand Prix,2026-07-19,LAW,Racing Bulls,14,392.75843150789,504.9620765276709,244.4664447170141,1.6065944426955348,309.5990888382688,after
Belgian Grand Prix,2026-07-19,LAW,Racing Bulls,17,386.5744892682929,487.8023149327322,284.47297008547025,1.3589146594565598,302.1693055555555,after
Belgian Grand Prix,2026-07-19,LAW,Racing Bulls,19,52.86696237546645,55.51375800783664,199.23076923076923,0.2653554096065884,318.0,after
Belgian Grand Prix,2026-07-19,LAW,Racing Bulls,24,248.23011018345343,357.72626926269555,231.0897435897434,1.0741719053708396,312.08333333333337,after
Belgian Grand Prix,2026-07-19,LAW,Racing Bulls,42,405.9760356523241,522.6516857367185,158.84615384615384,2.5557813382470767,325.5,after
Belgian Grand Prix,2026-07-19,LAW,Racing Bulls,44,,,,,,after
Belgian Grand Prix,2026-07-19,HUL,Audi,7,330.1147187286268,431.8255697855919,245.2243589743591,1.3461742549121882,309.4583333333333,after
Belgian Grand Prix,2026-07-19,HUL,Audi,11,,,,,,after
Belgian Grand Prix,2026-07-19,HUL,Audi,12,,,,,,after
Belgian Grand Prix,2026-07-19,HUL,Audi,13,350.6105839400387,436.53416187149367,271.92307692307696,1.289374141787978,304.5,after
Belgian Grand Prix,2026-07-19,HUL,Audi,14,,,,,,after
Belgian Grand Prix,2026-07-19,HUL,Audi,15,36.5843222761729,37.42479324412994,233.82692307692312,0.15645898168936512,311.575,after
Belgian Grand Prix,2026-07-19,HUL,Audi,16,26.16932700593769,26.7879887142353,231.15384615384622,0.11321173080771708,312.07142857142856,after
Belgian Grand Prix,2026-07-19,HUL,Audi,19,172.65074529455802,238.49057122485573,242.84615384615367,0.7109470031134799,309.90000000000003,after
Belgian Grand Prix,2026-07-19,HUL,Audi,24,150.5410779228843,150.80792950777587,121.71923076923086,1.2367895933247983,332.395,after
Belgian Grand Prix,2026-07-19,HUL,Audi,29,,,,,,after
Belgian Grand Prix,2026-07-19,HUL,Audi,32,48.4861311830422,44.28860354589352,177.69230769230768,0.2728656733244799,322.0,after
Belgian Grand Prix,2026-07-19,HUL,Audi,34,53.88504664653811,48.08083852068427,188.46153846153845,0.2859206556755084,320.0,after
Belgian Grand Prix,2026-07-19,HUL,Audi,35,34.05617400501948,33.690342880057486,167.00015262515237,0.20392899928338257,323.98568594104313,after
Belgian Grand Prix,2026-07-19,HUL,Audi,40,427.0489981204039,533.1848193096837,236.02376746426862,1.8093474344063862,311.1670146137787,after
Belgian Grand Prix,2026-07-19,HUL,Audi,42,43.66026756946795,41.61261636255069,147.9423076923078,0.29511684825326034,327.525,after
Belgian Grand Prix,2026-07-19,HUL,Audi,44,406.42251127620824,491.9201552539108,248.53894533139825,1.6352467849024237,308.84276729559747,after
Belgian Grand Prix,2026-07-19,BEA,Haas F1 Team,7,110.09242892587983,108.05845716768391,135.03605769230768,0.8152817166562707,329.921875,after
Belgian Grand Prix,2026-07-19,BEA,Haas F1 Team,10,281.5721780828835,280.55289542327586,172.30769230769232,1.6341242478024491,323.0,after
Belgian Grand Prix,2026-07-19,BEA,Haas F1 Team,11,137.45822367133698,137.22953821521733,142.69230769230768,0.9633190877236554,328.5,after
Belgian Grand Prix,2026-07-19,BEA,Haas F1 Team,12,,,,,,after
Belgian Grand Prix,2026-07-19,BEA,Haas F1 Team,15,146.04712660380173,145.4612335587852,140.6596153846157,1.0383017627657702,328.87749999999994,after
Belgian Grand Prix,2026-07-19,BEA,Haas F1 Team,16,167.5945917191339,165.7462505389811,131.64038461538456,1.273124445881841,330.5525,after
Belgian Grand Prix,2026-07-19,BEA,Haas F1 Team,17,142.21221344449444,144.0456334819456,130.80128205128216,1.0872386815653574,330.7083333333333,after
Belgian Grand Prix,2026-07-19,BEA,Haas F1 Team,19,76.96196193875231,76.1087826129414,259.67980769230763,0.29637253132112557,306.77375,after
Belgian Grand Prix,2026-07-19,BEA,Haas F1 Team,22,161.54585549779853,159.97585773125832,220.74999999999997,0.7318045549164147,314.00357142857143,after
Belgian Grand Prix,2026-07-19,BEA,Haas F1 Team,23,178.6942099775552,178.52473191667607,215.92307692307702,0.8275827323506294,314.9,after
Belgian Grand Prix,2026-07-19,BEA,Haas F1 Team,24,158.0879390158946,156.61607802086272,211.32852564102592,0.7480672026474615,315.75327380952376,after
Belgian Grand Prix,2026-07-19,BEA,Haas F1 Team,28,177.3063403691642,175.75332902002125,232.09935897435878,0.7639243001474733,311.89583333333337,after
Belgian Grand Prix,2026-07-19,BEA,Haas F1 Team,29,211.5286982073906,211.94921702824243,241.957692307692,0.8742383686582463,310.06500000000005,after
Belgian Grand Prix,2026-07-19,BEA,Haas F1 Team,32,186.17285781512962,185.0473957580017,240.5576923076921,0.7739218647683068,310.32500000000005,after
Belgian Grand Prix,2026-07-19,BEA,Haas F1 Team,33,162.0378900014625,161.5422755220353,230.6971153846154,0.7023836849078713,312.15625,after
Belgian Grand Prix,2026-07-19,BEA,Haas F1 Team,34,164.7799985716739,164.34256953011408,215.38461538461542,0.7650499933684859,315.0,after
Belgian Grand Prix,2026-07-19,BEA,Haas F1 Team,35,212.83028962645488,211.31352850174235,234.39903846153845,0.9079827759676468,311.46875,after
Belgian Grand Prix,2026-07-19,BEA,Haas F1 Team,36,167.85083124086503,167.64948341203663,247.6923076923077,0.677658635444486,309.0,after
Belgian Grand Prix,2026-07-19,BEA,Haas F1 Team,38,229.77515592004642,229.37851836002295,239.74999999999986,0.9583948109282442,310.475,after
Belgian Grand Prix,2026-07-19,BEA,Haas F1 Team,40,78.56593125192565,79.31860967332914,266.5384615384615,0.29476395563493035,305.5,after
Belgian Grand Prix,2026-07-19,BEA,Haas F1 Team,42,189.56918092120273,188.86411889543953,228.30769230769218,0.8303232317977214,312.6,after
Belgian Grand Prix,2026-07-19,ALB,Williams,10,,,,,,after
Belgian Grand Prix,2026-07-19,ALB,Williams,11,107.25432943609239,107.21643674469534,204.6153846153846,0.5241752942365417,317.0,after
Belgian Grand Prix,2026-07-19,ALB,Williams,12,,,,,,after
Belgian Grand Prix,2026-07-19,ALB,Williams,15,106.35739317058065,104.74109775532925,201.9230769230769,0.5267223280828757,317.5,after
Belgian Grand Prix,2026-07-19,ALB,Williams,17,94.34505073369539,92.79048992656818,220.76923076923075,0.42734691969966554,314.0,after
Belgian Grand Prix,2026-07-19,ALB,Williams,29,130.73699451481485,130.01176424623318,188.46153846153845,0.6937065015071808,320.0,after
Belgian Grand Prix,2026-07-19,ALB,Williams,32,160.08773679922163,159.10698589626708,189.47115384615384,0.8449187834112687,319.8125,after
Belgian Grand Prix,2026-07-19,ALB,Williams,35,169.28845702239585,168.53292859506024,193.84615384615384,0.8733134687663279,319.0,after
Belgian Grand Prix,2026-07-19,ALB,Williams,40,42.65717880430904,42.22561683922698,239.6153846153846,0.17802353915120947,310.5,after
Belgian Grand Prix,2026-07-19,ALB,Williams,43,127.41181486612642,127.65530567167436,231.53846153846152,0.550283585800546,312.0,after
Belgian Grand Prix,2026-07-19,SAI,Williams,23,,,,,,after
Belgian Grand Prix,2026-07-19,SAI,Williams,25,124.66912190947224,126.23504703640253,232.78755727031574,0.5355489072154528,311.76802507836993,after
Belgian Grand Prix,2026-07-19,SAI,Williams,28,81.57580664808147,79.75073553142599,226.15384615384616,0.3607093491241698,313.0,after
Belgian Grand Prix,2026-07-19,SAI,Williams,32,,,,,,after
Belgian Grand Prix,2026-07-19,SAI,Williams,33,127.30567402603197,125.77597521497476,210.0,0.6062174953620569,316.0,after
Belgian Grand Prix,2026-07-19,SAI,Williams,36,,,,,,after
Belgian Grand Prix,2026-07-19,SAI,Williams,38,83.47808388201491,81.70101376747711,187.9096153846156,0.44424594085380353,320.10249999999996,after
Belgian Grand Prix,2026-07-19,SAI,Williams,43,,,,,,after
Belgian Grand Prix,2026-07-19,SAI,Williams,44,,,,,,after
Belgian Grand Prix,2026-07-19,OCO,Haas F1 Team,5,,,,,,after
Belgian Grand Prix,2026-07-19,OCO,Haas F1 Team,6,186.5216654814211,187.29007912024727,132.93269230769232,1.403128622789714,330.3125,after
Belgian Grand Prix,2026-07-19,OCO,Haas F1 Team,7,392.54240001657257,392.32693403904494,193.84615384615384,2.025020317545811,319.0,after
Belgian Grand Prix,2026-07-19,OCO,Haas F1 Team,10,184.96221990020948,184.1040966120924,227.0793269230769,0.8145268986236929,312.828125,after
Belgian Grand Prix,2026-07-19,OCO,Haas F1 Team,11,158.55576978266936,158.09187451828973,234.23076923076923,0.6769211846222337,311.5,after
Belgian Grand Prix,2026-07-19,OCO,Haas F1 Team,12,191.83658544493716,191.124500344523,226.53709280043813,0.846821962237904,312.9288256227758,after
Belgian Grand Prix,2026-07-19,OCO,Haas F1 Team,14,164.42064785148042,162.9839320361534,226.15384615384616,0.727030075533757,313.0,after
Belgian Grand Prix,2026-07-19,OCO,Haas F1 Team,23,175.67097469431747,173.64368218545553,235.36004273504284,0.7463925169833501,311.29027777777776,after
Belgian Grand Prix,2026-07-19,OCO,Haas F1 Team,24,171.6031538027458,169.70622769645996,247.6923076923077,0.6928077637999054,309.0,after
Belgian Grand Prix,2026-07-19,OCO,Haas F1 Team,25,178.9296127622455,179.2902563449324,187.77724358974345,0.9528823053403198,320.12708333333336,after
Belgian Grand Prix,2026-07-19,OCO,Haas F1 Team,28,175.42017478260973,175.34888443090273,169.6153846153846,1.034223252686588,323.5,after
Belgian Grand Prix,2026-07-19,OCO,Haas F1 Team,29,151.57270923405144,150.41747827441455,199.23076923076923,0.7607896602481347,318.0,after
Belgian Grand Prix,2026-07-19,OCO,Haas F1 Team,32,167.96874587054248,166.55085257618347,169.6153846153846,0.9902919257673706,323.5,after
Belgian Grand Prix,2026-07-19,OCO,Haas F1 Team,33,163.27138493109308,161.71744554999177,170.87927350427347,0.9554779908811462,323.2652777777778,after
Belgian Grand Prix,2026-07-19,OCO,Haas F1 Team,36,136.32371820865885,134.1228188870425,228.2841346153846,0.5971668527834334,312.604375,after
Belgian Grand Prix,2026-07-19,OCO,Haas F1 Team,38,203.573921922666,203.88820983074925,219.1538461538464,0.9289087346418585,314.29999999999995,after
Belgian Grand Prix,2026-07-19,OCO,Haas F1 Team,42,89.447520360313,88.32092404671738,233.56042978373955,0.38297377874811706,311.6244916115912,after
Belgian Grand Prix,2026-07-19,OCO,Haas F1 Team,44,215.6272729000496,214.55794444782484,225.54807692307688,0.9560146814002286,313.1125,after
Belgian Grand Prix,2026-07-19,BOT,Cadillac,7,144.19409595885276,143.94242373163596,109.34440559440561,1.318714891493545,334.6931818181818,after
Belgian Grand Prix,2026-07-19,BOT,Cadillac,10,155.93996576314612,155.56970136817316,207.44230769230754,0.7517269138484847,316.475,after
Belgian Grand Prix,2026-07-19,BOT,Cadillac,14,163.58171113510093,162.4656267725344,221.8579696165905,0.7373262786899151,313.7978056426332,after
Belgian Grand Prix,2026-07-19,BOT,Cadillac,24,163.83121653049025,163.8430010702708,223.46153846153845,0.7331517435099393,313.5,after
Belgian Grand Prix,2026-07-19,BOT,Cadillac,25,165.32498097307155,165.61299190843445,223.46153846153845,0.739836403666069,313.5,after
Belgian Grand Prix,2026-07-19,BOT,Cadillac,26,164.94226169510137,163.4950842815472,224.74711538461528,0.7339015738325789,313.26125,after
Belgian Grand Prix,2026-07-19,BOT,Cadillac,27,196.76466039232852,196.02029798278565,227.2756410256409,0.8657534063236008,312.7916666666667,after
Belgian Grand Prix,2026-07-19,BOT,Cadillac,31,206.37085773667096,206.8440775849432,236.92307692307693,0.8710458281093254,311.0,after
Belgian Grand Prix,2026-07-19,BOT,Cadillac,35,192.10046269363056,191.09801158801778,210.0,0.9147641080649075,316.0,after
Belgian Grand Prix,2026-07-19,BOT,Cadillac,37,187.61715156139948,186.97956772153137,232.10576923076925,0.8083261014286236,311.89464285714286,after
Belgian Grand Prix,2026-07-19,BOT,Cadillac,39,147.73338572977372,146.39540864589733,204.6153846153846,0.7220052686041573,317.0,after
Belgian Grand Prix,2026-07-19,BOT,Cadillac,40,165.18814983897605,164.22621408417166,224.0122377622376,0.7374068108471095,313.3977272727273,after
Belgian Grand Prix,2026-07-19,BOT,Cadillac,41,196.82842131072937,195.48051067301867,215.38461538461542,0.9138462417998149,315.0,after
Belgian Grand Prix,2026-07-19,BOT,Cadillac,42,184.51532424867793,183.82791072814234,219.8201923076921,0.8393920609004091,314.17625000000004,after
Belgian Grand Prix,2026-07-19,BOT,Cadillac,43,195.35206957115707,193.94889443015342,228.5096153846154,0.8548964963349605,312.5625,after
Belgian Grand Prix,2026-07-19,ALO,Aston Martin,15,52.68501222831033,57.29705532073094,322.40384615384613,0.16341310085727034,295.125,after
Belgian Grand Prix,2026-07-19,ALO,Aston Martin,25,62.19935168317661,65.00783610034503,300.4615384615385,0.2070126912138494,299.2,after
Belgian Grand Prix,2026-07-19,ALO,Aston Martin,27,71.16332767216618,74.66829492256964,286.153846153846,0.2486890483167099,301.8571428571429,after
Belgian Grand Prix,2026-07-19,ALO,Aston Martin,28,49.26414037701992,42.74683221057924,239.6635739991002,0.205555393984089,310.49105054302424,after
Belgian Grand Prix,2026-07-19,ALO,Aston Martin,29,,,,,,after
Belgian Grand Prix,2026-07-19,ALO,Aston Martin,33,76.61518067415768,76.21803146999264,244.10256410256432,0.3138647107449734,309.66666666666663,after
Belgian Grand Prix,2026-07-19,ALO,Aston Martin,34,70.72616218815699,70.77628657664997,219.47355769230757,0.3222536825475441,314.240625,after
Belgian Grand Prix,2026-07-19,PER,Cadillac,9,152.53695787186567,151.1205543306165,210.0,0.7263664660565031,316.0,after
Belgian Grand Prix,2026-07-19,PER,Cadillac,10,150.65214785190122,148.62738114828792,206.81730769230776,0.7284310463804788,316.5910714285714,after
