event,date,driver,team,lap,clipping,t_loss_s,t_low_s,t_high_s,swing_kw
Australian Grand Prix,2026-03-08,RUS,Mercedes,2,True,0.03686178286020336,0.014217665664867596,0.03686178286020336,280.56615568669883
Australian Grand Prix,2026-03-08,RUS,Mercedes,3,True,0.11663553324142306,0.08933405534707717,0.23654252796742625,79.68750266293425
Australian Grand Prix,2026-03-08,RUS,Mercedes,5,True,0.00999534809584901,-0.03640517691203726,0.021557137105439494,142.50377867908944
Australian Grand Prix,2026-03-08,RUS,Mercedes,45,False,0.0,0.0,0.0,131.54914675131573
Australian Grand Prix,2026-03-08,RUS,Mercedes,54,True,0.04303011014795999,-0.0033626306681142637,0.04990251225178888,194.0851578881097
Australian Grand Prix,2026-03-08,ANT,Mercedes,5,True,0.04873921522349001,-0.054983970916334,0.17945038526350032,156.7788337442183
Australian Grand Prix,2026-03-08,ANT,Mercedes,11,True,0.143230485585093,0.05960287786362706,0.21785223811889232,150.33428870444226
Australian Grand Prix,2026-03-08,ANT,Mercedes,25,True,0.07025191738737213,0.02515551560568241,0.12245757822733694,147.93466523267296
Australian Grand Prix,2026-03-08,LEC,Ferrari,36,False,0.0,0.0,0.0,229.68407853044977
Australian Grand Prix,2026-03-08,HAM,Ferrari,5,True,0.1832128041870611,0.13967675054040285,0.2113489331343814,216.00904298220885
Australian Grand Prix,2026-03-08,HAM,Ferrari,11,True,0.22305107222140563,0.08010278042883456,0.23840292766509563,255.48232853810657
Australian Grand Prix,2026-03-08,HAM,Ferrari,14,False,0.0,0.0,0.0,261.4605824771711
Australian Grand Prix,2026-03-08,HAM,Ferrari,35,True,0.22589870118099853,0.17831730214616748,0.2713570648671162,217.83998173567164
Australian Grand Prix,2026-03-08,HAM,Ferrari,37,True,0.14837972556103374,-0.06287822348605943,0.2576201154366302,237.7626287962921
Australian Grand Prix,2026-03-08,HAM,Ferrari,41,True,0.18340832953692043,0.10423519609087606,0.2788149620697524,243.19187730929076
Australian Grand Prix,2026-03-08,HAM,Ferrari,44,True,0.17720996328927185,0.07414222869445908,0.2989802645668238,221.9083522189197
Australian Grand Prix,2026-03-08,HAM,Ferrari,45,True,0.12784880293896883,0.015432901994479664,0.26843030202845775,223.99654139668942
Australian Grand Prix,2026-03-08,HAM,Ferrari,51,True,0.3393763298240735,0.26094574934692716,0.35040704352175034,231.1575138858974
Australian Grand Prix,2026-03-08,NOR,McLaren,3,False,0.0,0.0,0.0,
Australian Grand Prix,2026-03-08,NOR,McLaren,6,True,0.08608476516273456,-0.017929804444452913,0.13792691995239537,181.53226601092814
Australian Grand Prix,2026-03-08,VER,Red Bull Racing,3,True,0.03756476047187007,-0.01407146345654553,0.03756476047187007,
Australian Grand Prix,2026-03-08,VER,Red Bull Racing,7,True,0.08285518622729349,-0.014369390373477842,0.15512393283806247,
Australian Grand Prix,2026-03-08,VER,Red Bull Racing,29,True,-0.04690065118330544,-0.04690065118330544,0.0926987485870896,174.44504258938412
Australian Grand Prix,2026-03-08,VER,Red Bull Racing,32,True,0.11491513505243134,0.05416540809667758,0.18045995255233827,138.70347878409123
Australian Grand Prix,2026-03-08,VER,Red Bull Racing,40,True,-0.10045173268016505,-0.11302862372521005,-0.024943585172701788,186.8049753484386
Australian Grand Prix,2026-03-08,VER,Red Bull Racing,47,True,0.2323617187271907,0.08418064571442763,0.2323617187271907,220.64518826417847
Australian Grand Prix,2026-03-08,VER,Red Bull Racing,49,True,0.16991870734965708,0.02343173501220086,0.2559544511215748,145.36017295591336
Australian Grand Prix,2026-03-08,VER,Red Bull Racing,50,True,0.3190364866314148,0.31100230279275465,0.31957797503826413,196.76564150919071
Australian Grand Prix,2026-03-08,VER,Red Bull Racing,52,True,-0.0278805138967968,-0.10579927850835702,0.15685991288656886,234.68748497498373
Australian Grand Prix,2026-03-08,VER,Red Bull Racing,58,True,0.32331184653793343,0.013212010821016307,0.3660208685074089,230.8907731058707
Australian Grand Prix,2026-03-08,BEA,Haas F1 Team,3,True,0.020584009808155557,-0.03156831963192097,0.020584009808155557,220.4757438734069
Australian Grand Prix,2026-03-08,BEA,Haas F1 Team,6,True,0.1637872080954299,0.10736583870876615,0.16401190715889946,178.73588538388742
Australian Grand Prix,2026-03-08,BEA,Haas F1 Team,25,True,0.21126313214696246,0.05770744352190782,0.23014451695488347,188.5639747554905
Australian Grand Prix,2026-03-08,BEA,Haas F1 Team,28,True,0.09099375078975847,-0.0013587692980969734,0.09099375078975847,205.29674570694468
Australian Grand Prix,2026-03-08,BEA,Haas F1 Team,29,True,0.11877022980356067,-0.04383149405055953,0.11877022980356067,1278.425546030892
Australian Grand Prix,2026-03-08,BEA,Haas F1 Team,32,True,0.1819950030052162,0.08611287979282523,0.1819950030052162,250.60989179681462
Australian Grand Prix,2026-03-08,BEA,Haas F1 Team,33,True,0.17306275372226487,0.09063125981431597,0.2571911968616636,221.57536282688594
Australian Grand Prix,2026-03-08,BEA,Haas F1 Team,35,True,0.14900998434030832,0.004384962818811289,0.35197107386830595,228.32616605600663
Australian Grand Prix,2026-03-08,BEA,Haas F1 Team,37,True,0.11029138659183069,-0.0678012945898594,0.27280475343106936,197.87528391012012
Australian Grand Prix,2026-03-08,BEA,Haas F1 Team,38,True,0.05662430821067055,-0.012946037208861227,0.14213249281286444,175.951270951655
Australian Grand Prix,2026-03-08,BEA,Haas F1 Team,39,True,0.0927871860082341,-0.028008843066141154,0.09465949763053771,155.7026037821944
Australian Grand Prix,2026-03-08,BEA,Haas F1 Team,42,True,0.274454541354201,0.16444507618629345,0.37487438893399805,230.76034191413774
Australian Grand Prix,2026-03-08,LIN,Racing Bulls,3,True,0.08985731695219457,0.032969871222915614,0.10046248949093695,151.98432238620072
Australian Grand Prix,2026-03-08,LIN,Racing Bulls,17,True,0.12261097957224187,0.03376517574596605,0.20200624511413068,161.8535308497057
Australian Grand Prix,2026-03-08,LIN,Racing Bulls,20,True,0.03839418658775351,0.03839418658775351,0.14542106806098687,151.89967981762467
Australian Grand Prix,2026-03-08,LIN,Racing Bulls,22,True,0.15265889093540785,0.061202211658800465,0.16545849836031934,178.97959355844256
Australian Grand Prix,2026-03-08,LIN,Racing Bulls,25,True,0.2315833464958228,0.0076239251003897834,0.31295077266972626,167.90462058811372
Australian Grand Prix,2026-03-08,LIN,Racing Bulls,28,True,0.11564434022825232,-0.025339279981469787,0.3137946007623196,171.3361235414901
Australian Grand Prix,2026-03-08,LIN,Racing Bulls,29,True,-0.04043427974037073,-0.0855618462617933,0.03711209396503712,160.19007181485563
Australian Grand Prix,2026-03-08,LIN,Racing Bulls,32,True,0.041335102698177195,-0.08889268627828883,0.2540957864820701,173.83068928607787
Australian Grand Prix,2026-03-08,LIN,Racing Bulls,35,True,0.29676860379844605,0.030845119478680516,0.3592091185639408,185.8059968887094
Australian Grand Prix,2026-03-08,LIN,Racing Bulls,37,True,0.2137003632159562,0.02086197355949615,0.37597403492119774,169.4234978658185
Australian Grand Prix,2026-03-08,LIN,Racing Bulls,38,True,0.21406105765008654,0.004364409507786604,0.35696520568652623,188.23363367455767
Australian Grand Prix,2026-03-08,LIN,Racing Bulls,39,True,0.07935205406582213,-0.11914457053812555,0.18812261838249,152.9522941613962
Australian Grand Prix,2026-03-08,LIN,Racing Bulls,41,True,0.007162467192245003,-0.06376932340458019,0.13225039663020333,157.8067734068781
Australian Grand Prix,2026-03-08,LIN,Racing Bulls,43,True,0.06368619385690621,-0.06159729373038836,0.21867931333740565,169.72047477166188
Australian Grand Prix,2026-03-08,LIN,Racing Bulls,50,True,0.09863568600478878,-0.037727000761616836,0.3354105268851342,189.42203743440334
Australian Grand Prix,2026-03-08,LIN,Racing Bulls,53,False,0.0,0.0,0.0,424.7005816969933
Australian Grand Prix,2026-03-08,LIN,Racing Bulls,54,False,0.0,0.0,0.0,
Australian Grand Prix,2026-03-08,LIN,Racing Bulls,55,True,0.1539732911810745,0.07739085321274253,0.2162150317261542,150.29816374805839
Australian Grand Prix,2026-03-08,LIN,Racing Bulls,56,True,0.18158966573630586,-0.078618430359505,0.28648123645839974,166.47408898324616
Australian Grand Prix,2026-03-08,BOR,Audi,3,False,0.0,0.0,0.0,334.89162026760783
Australian Grand Prix,2026-03-08,BOR,Audi,6,True,0.02473021124358432,-0.01668907910306494,0.06079590497059151,237.00149427816592
Australian Grand Prix,2026-03-08,BOR,Audi,7,False,0.0,0.0,0.0,215.20235738548263
Australian Grand Prix,2026-03-08,BOR,Audi,10,True,0.16478459321794325,0.06758294507309515,0.16520470407025378,272.25657297024446
Australian Grand Prix,2026-03-08,BOR,Audi,26,True,0.2072957818346346,0.13618911547873402,0.32470071621424523,200.52928143415792
Australian Grand Prix,2026-03-08,BOR,Audi,29,True,0.3312599829830223,0.10113853317060517,0.4527403942589743,233.78231032222456
Australian Grand Prix,2026-03-08,BOR,Audi,49,True,0.19063416954206858,0.08169628293905085,0.27957656286596233,208.73285844548988
Australian Grand Prix,2026-03-08,BOR,Audi,54,True,0.19871714918291694,0.12947233592320728,0.24151632333080642,225.044653908904
Australian Grand Prix,2026-03-08,BOR,Audi,55,True,0.007083746990938167,0.007083746990938167,0.19124610412222864,224.19187607915254
Australian Grand Prix,2026-03-08,GAS,Alpine,31,True,0.1353279294977412,0.009138313638064943,0.2249013905711159,145.12863897051366
Australian Grand Prix,2026-03-08,GAS,Alpine,34,True,0.10635795582602547,0.06364860976580466,0.1605708199090774,115.79411591448283
Australian Grand Prix,2026-03-08,GAS,Alpine,40,True,-0.03631148075189472,-0.07020555489914848,-0.008486931920042906,135.1343810059476
Australian Grand Prix,2026-03-08,GAS,Alpine,44,False,0.0,0.0,0.0,161.05011560699216
Australian Grand Prix,2026-03-08,GAS,Alpine,49,False,0.0,0.0,0.0,130.3177716851082
Australian Grand Prix,2026-03-08,GAS,Alpine,50,True,-0.003462898563194372,-0.034026389069357066,0.04177315154840855,144.69403842061067
Australian Grand Prix,2026-03-08,OCO,Haas F1 Team,5,True,-0.1539306971537595,-0.18774734267422133,-0.05122769578249198,130.7517296992059
Australian Grand Prix,2026-03-08,OCO,Haas F1 Team,6,True,0.2619609395922975,0.146729296114259,0.3062251286728852,1068.466147134902
Australian Grand Prix,2026-03-08,OCO,Haas F1 Team,14,True,0.1667116553408352,0.10082311766182883,0.21274470815164648,226.59908829180944
Australian Grand Prix,2026-03-08,OCO,Haas F1 Team,15,True,0.32576229599355244,0.05731763311112381,0.34939087580038475,200.39736914766343
Australian Grand Prix,2026-03-08,OCO,Haas F1 Team,22,True,0.109068267242181,0.031507706458480556,0.109068267242181,233.13601613965142
Australian Grand Prix,2026-03-08,OCO,Haas F1 Team,25,True,0.26371849595961194,0.17035500823870287,0.2772313064567786,233.80648997724148
Australian Grand Prix,2026-03-08,OCO,Haas F1 Team,29,True,0.19161531822357958,0.05260276998726887,0.2198131053738681,216.38155499592872
Australian Grand Prix,2026-03-08,OCO,Haas F1 Team,31,True,0.07928704050869406,0.015795718572883644,0.07945723304580454,221.07344761261572
Australian Grand Prix,2026-03-08,OCO,Haas F1 Team,34,True,0.25020792739683984,0.18006342187219282,0.26149180006675543,266.50088423430606
Australian Grand Prix,2026-03-08,OCO,Haas F1 Team,40,True,0.2508812032312111,0.146495519838032,0.2696201420939577,253.34963506519532
Australian Grand Prix,2026-03-08,OCO,Haas F1 Team,44,True,0.13204742193210706,0.08996896239026597,0.13204742193210706,255.2011733270041
Australian Grand Prix,2026-03-08,OCO,Haas F1 Team,46,False,0.0,0.0,0.0,
Australian Grand Prix,2026-03-08,OCO,Haas F1 Team,47,True,0.2245377065333276,0.19077735051440392,0.25399733093477295,234.3922333724738
Australian Grand Prix,2026-03-08,OCO,Haas F1 Team,49,True,0.10782393083253616,0.04671308826364573,0.1799111523374748,205.64373984845932
Australian Grand Prix,2026-03-08,OCO,Haas F1 Team,50,False,0.0,0.0,0.0,
Australian Grand Prix,2026-03-08,OCO,Haas F1 Team,52,True,0.2593640097088432,-0.09108683791613537,0.27059596147520537,257.62439441835636
Australian Grand Prix,2026-03-08,OCO,Haas F1 Team,54,True,0.09685996466285118,0.034626553591737164,0.09685996466285118,183.06006708323454
Australian Grand Prix,2026-03-08,ALB,Williams,3,True,0.1527959521876454,0.07401472439898527,0.16367454181179042,164.92525127903104
Australian Grand Prix,2026-03-08,ALB,Williams,5,False,0.0,0.0,0.0,
Australian Grand Prix,2026-03-08,ALB,Williams,10,True,0.0025484227578722596,-0.03236839020346416,0.13258819275758427,86.73007393097808
Australian Grand Prix,2026-03-08,ALB,Williams,14,True,0.16914354682374189,0.1287809920462859,0.1899423798756814,116.93242830177863
Australian Grand Prix,2026-03-08,ALB,Williams,24,True,0.12409243712838958,0.0324255762086878,0.2033040544245317,119.35057843335345
Australian Grand Prix,2026-03-08,ALB,Williams,25,True,0.062297295332978564,0.0005566520885942339,0.2663872177584441,114.43067527967345
Australian Grand Prix,2026-03-08,ALB,Williams,29,True,0.013079450269543713,-0.047549001079556064,0.08369723532568507,
Australian Grand Prix,2026-03-08,ALB,Williams,30,True,0.07871807838460931,0.02251390045887547,0.2528563179049712,136.57174107825833
Australian Grand Prix,2026-03-08,ALB,Williams,31,True,0.07030901699561554,0.015453181088108892,0.17410273575729285,107.2232093188298
Australian Grand Prix,2026-03-08,ALB,Williams,35,True,-0.0153296873262736,-0.05712568704466214,0.09729385288717829,126.7679067021551
Australian Grand Prix,2026-03-08,ALB,Williams,37,True,0.0682339613467029,0.008828557290355477,0.23283440392015997,130.77650288333285
Australian Grand Prix,2026-03-08,ALB,Williams,38,True,0.058521731911447716,-0.0002821308892961838,0.2738781703372588,123.84993281306065
Australian Grand Prix,2026-03-08,ALB,Williams,39,True,0.14925920185424246,-0.014286938560289286,0.2862909231253674,155.11392616367047
Australian Grand Prix,2026-03-08,ALB,Williams,40,True,0.002443098752349826,0.002443098752349826,0.09812791684134758,143.6899678624407
Australian Grand Prix,2026-03-08,ALB,Williams,42,True,0.16992871946493793,0.016034074690278288,0.32672143269132903,143.98286489355004
Australian Grand Prix,2026-03-08,ALB,Williams,43,True,0.05377727553702627,-0.008594023434048026,0.23718825944752453,123.79052454459813
Australian Grand Prix,2026-03-08,ALB,Williams,44,True,0.11709835379032363,0.050240794995575655,0.2923346510187308,133.64899234138355
Australian Grand Prix,2026-03-08,ALB,Williams,47,True,0.09065291469047132,0.028726459341308797,0.26292550090404276,140.42702338925957
Australian Grand Prix,2026-03-08,ALB,Williams,48,True,0.09371415532179839,0.03210031905896393,0.2972609249491498,133.96794784941338
Australian Grand Prix,2026-03-08,ALB,Williams,50,True,0.13017040224019105,0.0061411621695874885,0.2711482320133243,146.25092700315778
Australian Grand Prix,2026-03-08,ALB,Williams,51,True,0.13017489467919496,0.0342116910067638,0.3421458670895614,137.09367744215984
Australian Grand Prix,2026-03-08,ALB,Williams,57,True,0.023644141542703778,-0.07302944584601967,0.2605383304364697,161.88549022958665
Australian Grand Prix,2026-03-08,LAW,Racing Bulls,4,True,0.09783438342626027,0.011719057060911808,0.09783438342626027,199.54329370653332
Australian Grand Prix,2026-03-08,LAW,Racing Bulls,5,True,0.04144691391556421,-0.02726068330928655,0.06330392913944571,181.03021419401398
Australian Grand Prix,2026-03-08,LAW,Racing Bulls,6,True,0.024872187056656614,-0.07395606759899209,0.07798974223299382,200.44023558417248
Australian Grand Prix,2026-03-08,LAW,Racing Bulls,7,True,0.039633989807162706,0.006082131825587922,0.07004986608519737,
Australian Grand Prix,2026-03-08,LAW,Racing Bulls,8,True,0.16071075671221102,0.07316695011889784,0.22982311679592904,192.77944711165733
Australian Grand Prix,2026-03-08,LAW,Racing Bulls,9,True,0.09938864152954352,0.04512558357921215,0.1552082363331877,168.70022539310384
Australian Grand Prix,2026-03-08,LAW,Racing Bulls,15,True,0.02838697584095584,-0.016355866577249856,0.062285551878472845,146.12103402187546
Australian Grand Prix,2026-03-08,LAW,Racing Bulls,16,True,0.06127195745442471,-0.04988130903484489,0.1280287355239622,154.16742493290255
Australian Grand Prix,2026-03-08,LAW,Racing Bulls,17,True,0.10332718077945735,0.08979532575435378,0.14624914787646404,179.52495538843976
Australian Grand Prix,2026-03-08,LAW,Racing Bulls,21,True,0.08317467543487034,0.014736905167517023,0.2287412020798687,230.8629745380451
Australian Grand Prix,2026-03-08,LAW,Racing Bulls,22,True,0.18655432471514288,0.17480402016166252,0.19794724139395115,183.47950018482751
Australian Grand Prix,2026-03-08,LAW,Racing Bulls,23,True,0.13435414879378094,0.117713791780238,0.13435414879378094,225.5003969113976
Australian Grand Prix,2026-03-08,LAW,Racing Bulls,26,True,0.11653937824627825,0.07434487303842374,0.23412506817413892,194.5315291554915
Australian Grand Prix,2026-03-08,LAW,Racing Bulls,27,True,0.3267423641563951,0.0899094394427351,0.4526901668555041,212.00043465380816
Australian Grand Prix,2026-03-08,LAW,Racing Bulls,29,True,0.20161852507798805,0.027328283430893663,0.3950723359754882,237.1776737773129
Australian Grand Prix,2026-03-08,LAW,Racing Bulls,30,True,0.21755673139341702,0.09297370383768389,0.3947308570533643,238.03424255240725
Australian Grand Prix,2026-03-08,LAW,Racing Bulls,31,True,0.19886192521266466,0.0729714355997082,0.33100488896143787,231.38390188204468
Australian Grand Prix,2026-03-08,LAW,Racing Bulls,32,True,-0.0818244826063399,-0.11973118182630849,-0.04189275327572339,276.9580079372246
Australian Grand Prix,2026-03-08,LAW,Racing Bulls,35,True,0.13253706577321367,-0.03201881571176024,0.3318685746688388,253.3154157868116
Australian Grand Prix,2026-03-08,LAW,Racing Bulls,40,True,0.17771799515200648,0.09483261331910242,0.27203037756658865,210.71303780182598
Australian Grand Prix,2026-03-08,LAW,Racing Bulls,41,True,0.16354906236913358,0.11436503666000597,0.19545597083407173,222.97044224423385
Australian Grand Prix,2026-03-08,LAW,Racing Bulls,43,True,0.22281522678274435,0.0632484414771799,0.38637525879217094,222.02441303110925
Australian Grand Prix,2026-03-08,LAW,Racing Bulls,44,True,0.2250737371432514,0.1529082237583097,0.29839630780984905,255.1928725945188
Australian Grand Prix,2026-03-08,LAW,Racing Bulls,49,True,0.18001442345789087,0.01183389178044969,0.380216148377885,211.2082398903632
Australian Grand Prix,2026-03-08,LAW,Racing Bulls,51,True,0.07278341645566577,-0.0887413104953243,0.22730436748807037,196.37935723704894
Australian Grand Prix,2026-03-08,LAW,Racing Bulls,53,True,0.12497113359527035,-0.06301956174902834,0.1432510446118247,148.43395624365422
Australian Grand Prix,2026-03-08,LAW,Racing Bulls,54,True,0.10018989182395188,0.026709497470603694,0.15139755294441315,169.24269775160644
Australian Grand Prix,2026-03-08,LAW,Racing Bulls,56,True,0.12444264195711163,0.04242225936175359,0.16340710410433523,195.8554489343881
Australian Grand Prix,2026-03-08,LAW,Racing Bulls,57,True,0.21203074411811862,0.048436643104752264,0.23513737822933756,163.3892498222193
Australian Grand Prix,2026-03-08,COL,Alpine,3,True,0.0325568641208438,-0.01789172458206245,0.083656024087853,131.50565772998837
Australian Grand Prix,2026-03-08,COL,Alpine,5,True,0.07749826057732001,0.005535613747971624,0.07749826057732001,178.8607944014031
Australian Grand Prix,2026-03-08,COL,Alpine,6,True,-0.04249017852611736,-0.08588856663619815,-0.007032505498838049,146.69884545417392
Australian Grand Prix,2026-03-08,COL,Alpine,7,True,0.042278229308717385,-0.011516261037533226,0.10382055380550526,151.57586300014427
Australian Grand Prix,2026-03-08,COL,Alpine,24,True,0.10434997999335316,0.03577390863985919,0.19860984796838643,161.3863733954294
Australian Grand Prix,2026-03-08,COL,Alpine,25,True,0.1413053364876511,0.06690777234535972,0.43658590352106863,152.16673111275458
Australian Grand Prix,2026-03-08,COL,Alpine,32,True,0.11861805114520507,0.0011799217024233144,0.319679062711538,154.88541616686
Australian Grand Prix,2026-03-08,COL,Alpine,35,True,0.3681589105393588,0.010064167703941251,0.36950990412950446,148.57316934144268
Australian Grand Prix,2026-03-08,COL,Alpine,36,True,0.13037767357150187,-0.0548768571806022,0.1680147527550826,138.11986224071453
Australian Grand Prix,2026-03-08,COL,Alpine,37,True,0.11994193874278736,0.0781144958617066,0.2786254683632894,
Australian Grand Prix,2026-03-08,COL,Alpine,42,True,0.1620848706253355,0.09849479252969395,0.3151889443998446,146.02557485504775
Australian Grand Prix,2026-03-08,COL,Alpine,43,True,0.0574566746973062,-0.001834419367982676,0.19585695286093063,143.56321936810284
Australian Grand Prix,2026-03-08,COL,Alpine,45,True,0.2338589988029085,0.03421425768876851,0.4253362331002464,163.41312524313665
Australian Grand Prix,2026-03-08,COL,Alpine,48,True,0.11420174526866589,0.041010090676852684,0.11420174526866589,286.1776987936167
Australian Grand Prix,2026-03-08,SAI,Williams,3,True,0.08603257890526095,0.033258136848392184,0.08690913836955438,
Australian Grand Prix,2026-03-08,SAI,Williams,4,True,0.12043140586364487,0.029147111508857293,0.16210709116647593,146.25732398254914
Australian Grand Prix,2026-03-08,SAI,Williams,6,True,0.08733794598680333,-0.032721174676090925,0.11492546806987214,
Australian Grand Prix,2026-03-08,SAI,Williams,7,True,0.05070120894661656,0.010029195584644768,0.1263397229536185,
Australian Grand Prix,2026-03-08,SAI,Williams,10,True,0.061425947816474036,0.0076921094144832836,0.12463761687472541,100.68692993829389
Australian Grand Prix,2026-03-08,SAI,Williams,14,True,0.11114699299751152,0.0743221573627455,0.1402652207598969,129.29748745736669
Australian Grand Prix,2026-03-08,SAI,Williams,15,True,-0.04015438578361419,-0.10383989015899076,0.10016748965144373,125.46736867204935
Australian Grand Prix,2026-03-08,SAI,Williams,23,True,0.1231430281596051,0.10047978376122302,0.1637442110550964,118.45292214047981
Australian Grand Prix,2026-03-08,SAI,Williams,25,True,0.10492804772805542,0.03975082197499802,0.23214294811534408,126.81933296286698
Australian Grand Prix,2026-03-08,SAI,Williams,29,True,0.15277359456886508,0.08499766457859437,0.30665015558557585,118.65236699208427
Australian Grand Prix,2026-03-08,SAI,Williams,30,True,0.13116490105296563,0.054276521522083954,0.17845367501387344,169.17784245111704
Australian Grand Prix,2026-03-08,SAI,Williams,31,True,0.16018205677569952,0.0274869549997252,0.29043044577401567,141.24485152775733
Australian Grand Prix,2026-03-08,SAI,Williams,35,True,0.27031873407701035,-0.015604964856800407,0.33588155444401835,124.30012708613248
Australian Grand Prix,2026-03-08,SAI,Williams,40,True,0.04634803871246618,-0.15939212104505351,0.15898109761049284,
Australian Grand Prix,2026-03-08,SAI,Williams,43,True,0.14360474556615266,-0.1855804093905622,0.16717334785916194,152.14616777509485
Australian Grand Prix,2026-03-08,SAI,Williams,44,True,0.23401440202401425,0.003478155307167441,0.27800155117217074,142.18028771978476
Australian Grand Prix,2026-03-08,SAI,Williams,48,True,-0.030903415945275015,-0.060922489861612306,0.007049723431958199,112.44547841811273
Australian Grand Prix,2026-03-08,SAI,Williams,51,True,0.13142226458835005,0.06017361486886408,0.31669723384024273,126.62806114254786
Australian Grand Prix,2026-03-08,PER,Cadillac,3,True,0.06791165978419578,-0.08289705738750364,0.07027385068019143,280.93747306269296
Australian Grand Prix,2026-03-08,PER,Cadillac,4,True,0.1844608450967673,0.018394595549906967,0.19677703184835593,209.02673035535054
Australian Grand Prix,2026-03-08,PER,Cadillac,5,True,0.18324729012723218,0.14204562288925082,0.23299474745729398,190.61220338832678
Australian Grand Prix,2026-03-08,PER,Cadillac,7,True,0.16051925235452202,0.10494977525895699,0.19901493257917302,214.55798611694954
Australian Grand Prix,2026-03-08,PER,Cadillac,9,True,0.25538894894406283,0.1869232368043523,0.281117086325267,235.35658413037368
Australian Grand Prix,2026-03-08,PER,Cadillac,15,True,0.1907122113560895,0.08002731733235535,0.30071720637870136,197.1999531561032
Australian Grand Prix,2026-03-08,PER,Cadillac,16,True,0.20054947372663712,0.20054947372663712,0.3164793999696194,106.2507171459261
Australian Grand Prix,2026-03-08,PER,Cadillac,23,True,0.20849259918546004,0.12279496148477165,0.2735353588748861,232.10350266880317
Australian Grand Prix,2026-03-08,PER,Cadillac,24,False,0.0,0.0,0.0,
Australian Grand Prix,2026-03-08,PER,Cadillac,25,True,0.20721774871936205,0.1146538172999314,0.27686175272704716,229.98183228827327
Australian Grand Prix,2026-03-08,PER,Cadillac,26,True,0.15935330790972024,0.12097037939082256,0.2232777775398933,232.45716209772033
Australian Grand Prix,2026-03-08,PER,Cadillac,28,True,0.27534119905181953,0.1949074320475006,0.2878790125565711,225.48493983742932
Australian Grand Prix,2026-03-08,PER,Cadillac,29,True,0.21523205139555657,0.11654710516353717,0.24638991255081422,220.12920606227158
Australian Grand Prix,2026-03-08,PER,Cadillac,31,True,0.18853888953451303,0.13573010165566224,0.23692366136898002,185.33836447691021
Australian Grand Prix,2026-03-08,PER,Cadillac,33,True,0.2338609283468287,0.1766195295058246,0.302137773506983,250.24581050425093
Australian Grand Prix,2026-03-08,PER,Cadillac,35,True,0.1774569137411568,0.15862163126842432,0.19314836981616068,189.15802015233407
Australian Grand Prix,2026-03-08,PER,Cadillac,37,True,0.26757437868664624,0.2042830654380854,0.30702654226002934,247.90466461652716
Australian Grand Prix,2026-03-08,PER,Cadillac,39,True,0.19655877675865163,0.17700280904854537,0.24493768235782554,194.0895726055483
Australian Grand Prix,2026-03-08,PER,Cadillac,40,True,0.23869188103372885,0.18690546749935066,0.2541762163731125,207.96714141488394
Australian Grand Prix,2026-03-08,PER,Cadillac,41,True,0.2101306143212085,0.07383221432020015,0.308880707513433,186.6940209491247
Australian Grand Prix,2026-03-08,PER,Cadillac,42,True,0.18218044204313166,0.12606563803390003,0.22386288394309517,229.91900087019803
Australian Grand Prix,2026-03-08,PER,Cadillac,45,True,0.2519963613760332,0.07866028335017283,0.3391245510615182,240.9716118457379
Australian Grand Prix,2026-03-08,PER,Cadillac,46,True,0.2556216049567386,0.17575913907239205,0.326050718536413,221.1438295233389
Australian Grand Prix,2026-03-08,PER,Cadillac,47,True,0.28299248975527647,0.2225409253379791,0.3237649936649305,251.86274097524065
Australian Grand Prix,2026-03-08,PER,Cadillac,48,True,0.28498384444850444,0.18341606115797404,0.3099690709929064,263.239946543572
Australian Grand Prix,2026-03-08,PER,Cadillac,50,True,0.2879298930457459,0.14723302294555474,0.31130802109256983,228.66689957831824
Australian Grand Prix,2026-03-08,PER,Cadillac,53,True,0.1749431537395818,0.09530614076239452,0.2527767020876528,244.15635959681916
Australian Grand Prix,2026-03-08,PER,Cadillac,54,True,0.28217467661526285,0.155259112633221,0.3484657204504398,213.32988023072403
Australian Grand Prix,2026-03-08,STR,Aston Martin,4,True,0.06012597476753534,-0.03304002495237235,0.12752456255212152,146.17675582005228
Australian Grand Prix,2026-03-08,STR,Aston Martin,5,True,0.17965237193982375,0.08610896570109716,0.2677353090022798,211.3788007133323
Australian Grand Prix,2026-03-08,STR,Aston Martin,6,True,0.2388977911329686,0.1489291744098047,0.30055293801909144,224.50376214359838
Australian Grand Prix,2026-03-08,STR,Aston Martin,7,True,0.15625036385881153,0.07711809607972953,0.26805844454926486,140.70032827710563
Australian Grand Prix,2026-03-08,STR,Aston Martin,14,True,0.406684415757141,0.34453999579399586,0.5601510212677407,242.91447603279957
Australian Grand Prix,2026-03-08,ALO,Aston Martin,5,True,0.3579060681672388,0.0729148641541606,0.39157097705904675,148.4879968026766
Australian Grand Prix,2026-03-08,ALO,Aston Martin,6,True,0.10756279575334204,0.06952325836009265,0.19469561756964993,195.7203652191477
Australian Grand Prix,2026-03-08,ALO,Aston Martin,7,True,-0.05579648757126243,-0.12168945207859139,0.055446327070992396,203.05379846479448
Australian Grand Prix,2026-03-08,ALO,Aston Martin,8,False,0.0,0.0,0.0,215.98430527109576
Australian Grand Prix,2026-03-08,ALO,Aston Martin,9,True,0.11835335601985264,0.11835335601985264,0.18718283780272493,104.03328374447496
Australian Grand Prix,2026-03-08,BOT,Cadillac,4,True,0.08239720912101589,0.043021208821969026,0.09233501003137867,108.0267147085967
Australian Grand Prix,2026-03-08,BOT,Cadillac,5,True,0.15236735504917398,0.06848140739817055,0.22592722614833072,154.264839085682
Australian Grand Prix,2026-03-08,BOT,Cadillac,6,True,0.03868561958059402,0.004545919190181991,0.04529615125932729,183.89715649063595
Australian Grand Prix,2026-03-08,BOT,Cadillac,7,True,0.10387202646211868,0.03586428608497094,0.1697080507704012,194.69386620592311
Australian Grand Prix,2026-03-08,BOT,Cadillac,9,True,0.15591731843302448,0.043077753031898425,0.19576291561354964,208.21580912067216
Australian Grand Prix,2026-03-08,BOT,Cadillac,14,False,0.0,0.0,0.0,
Chinese Grand Prix,2026-03-15,ANT,Mercedes,6,True,0.4653561376249655,0.31572687873583405,0.4653561376249655,176.86194959115133
Chinese Grand Prix,2026-03-15,ANT,Mercedes,7,True,0.5366698536397507,0.40774412000072857,0.5366698536397507,179.9737045996139
Chinese Grand Prix,2026-03-15,ANT,Mercedes,8,True,0.25933818091166394,0.14466236519265507,0.2652556058349482,189.82447448996214
Chinese Grand Prix,2026-03-15,ANT,Mercedes,9,False,0.0,0.0,0.0,169.7294868209031
Chinese Grand Prix,2026-03-15,ANT,Mercedes,14,True,0.19413374696032726,0.054217265487402244,0.1987818933537735,153.97609933782383
Chinese Grand Prix,2026-03-15,ANT,Mercedes,18,True,0.4046098972864396,0.271131844350176,0.4046098972864396,175.552062776098
Chinese Grand Prix,2026-03-15,ANT,Mercedes,21,True,0.44846582858147066,0.3082413982507699,0.45234402171671206,202.3643134090726
Chinese Grand Prix,2026-03-15,ANT,Mercedes,22,True,0.3487201805948601,0.20335188667372783,0.3487201805948601,151.46226296576987
Chinese Grand Prix,2026-03-15,ANT,Mercedes,23,True,0.26755035940475125,0.1688447803557782,0.2714336143957716,177.39952626488005
Chinese Grand Prix,2026-03-15,ANT,Mercedes,27,True,0.3643615019203743,0.2030221380129582,0.40331517403424755,159.38616259567075
Chinese Grand Prix,2026-03-15,ANT,Mercedes,32,True,0.3453667812768586,0.08063245762618365,0.3717058722911428,163.83033506220983
Chinese Grand Prix,2026-03-15,ANT,Mercedes,49,True,0.43706812302641573,0.22673318573326284,0.4425781568344185,204.67125884365134
Chinese Grand Prix,2026-03-15,ANT,Mercedes,50,True,0.2893990680751344,0.12531669174381932,0.3040683058876006,128.36414022830584
Chinese Grand Prix,2026-03-15,ANT,Mercedes,56,True,0.45622244039460114,0.20170943184071,0.49158641837758843,180.1910136920762
Chinese Grand Prix,2026-03-15,RUS,Mercedes,8,True,0.18036626321084803,0.11390626985010321,0.18036626321084803,152.01492017374588
Chinese Grand Prix,2026-03-15,RUS,Mercedes,16,True,0.18479681576567586,0.07328636725013027,0.1866377684709768,
Chinese Grand Prix,2026-03-15,RUS,Mercedes,20,False,0.0,0.0,0.0,
Chinese Grand Prix,2026-03-15,RUS,Mercedes,21,True,0.09557078642669659,-0.1295833573762355,0.10202302824480469,209.04006925708555
Chinese Grand Prix,2026-03-15,RUS,Mercedes,22,True,0.0661012637282603,-0.08344738132234575,0.07129914091381195,211.92483460710994
Chinese Grand Prix,2026-03-15,RUS,Mercedes,28,True,0.03711268891078845,-0.12000585032203404,0.03955987018551532,249.71619572212944
Chinese Grand Prix,2026-03-15,RUS,Mercedes,29,True,0.16260102133511012,-0.01979095634247585,0.1658529117254055,252.50938326219435
Chinese Grand Prix,2026-03-15,RUS,Mercedes,30,True,0.4703786360494995,0.23800736840426495,0.47639701582500393,173.51064004691233
Chinese Grand Prix,2026-03-15,RUS,Mercedes,40,True,0.21788833199945756,0.1628145896551505,0.2738719526963713,151.27950004630804
Chinese Grand Prix,2026-03-15,RUS,Mercedes,46,True,0.4325812139908294,0.1994572370680583,0.4999835251935991,178.538222374749
Chinese Grand Prix,2026-03-15,RUS,Mercedes,55,True,0.3842920409663595,0.2565282845765253,0.3842920409663595,158.13539528599546
Chinese Grand Prix,2026-03-15,RUS,Mercedes,56,True,0.05669372511156645,-0.006927616509001311,0.12131822875424803,103.662101389353
Chinese Grand Prix,2026-03-15,HAM,Ferrari,7,True,0.34836046720197267,0.2067817199070312,0.34836046720197267,218.41137508506054
Chinese Grand Prix,2026-03-15,HAM,Ferrari,8,True,0.42826965206615597,0.2604446221478458,0.42826965206615597,236.67818136573456
Chinese Grand Prix,2026-03-15,HAM,Ferrari,9,True,0.47841467355699585,0.3236234654680299,0.48588316178529745,194.9983039117137
Chinese Grand Prix,2026-03-15,HAM,Ferrari,14,False,0.0,0.0,0.0,299.235245137737
Chinese Grand Prix,2026-03-15,HAM,Ferrari,15,True,0.12762049166097533,-0.003291506969743452,0.13061932632975903,268.6106604859402
Chinese Grand Prix,2026-03-15,HAM,Ferrari,17,True,0.3836145858750868,0.19223640581800616,0.39374015857729106,160.30032030992348
Chinese Grand Prix,2026-03-15,HAM,Ferrari,19,True,0.45532211888542307,0.2377909855160869,0.4612066314758536,124.77530953214762
Chinese Grand Prix,2026-03-15,HAM,Ferrari,20,True,0.4434998890485087,0.3075445676367785,0.4434998890485087,172.4442505227329
Chinese Grand Prix,2026-03-15,HAM,Ferrari,21,False,0.0,0.0,0.0,153.60997475702945
Chinese Grand Prix,2026-03-15,HAM,Ferrari,22,True,0.47107985463976476,0.2797129534951033,0.4758361983221455,195.8578222396107
Chinese Grand Prix,2026-03-15,HAM,Ferrari,23,True,0.5146647517018685,0.35865179132153635,0.5210878474731135,212.71011299978483
Chinese Grand Prix,2026-03-15,HAM,Ferrari,25,True,0.28685201619935796,0.16286190057526362,0.29117857221331533,164.00603119992113
Chinese Grand Prix,2026-03-15,HAM,Ferrari,26,True,0.10415265567764287,-0.06468840510235907,0.10808298611949674,219.80146799525997
Chinese Grand Prix,2026-03-15,HAM,Ferrari,27,False,0.0,0.0,0.0,
Chinese Grand Prix,2026-03-15,HAM,Ferrari,28,True,0.19686161992393636,-0.027813900487759113,0.2035735736499653,291.9001544543038
Chinese Grand Prix,2026-03-15,HAM,Ferrari,29,True,0.23291980766712506,0.06771248823559617,0.23999807541680873,231.52546111869555
Chinese Grand Prix,2026-03-15,HAM,Ferrari,30,True,0.14504953744408589,0.02326801993217309,0.148893580638914,223.93840858378604
Chinese Grand Prix,2026-03-15,HAM,Ferrari,31,True,0.2694538994822029,0.09292470397113917,0.27496158683495864,197.2568038958998
Chinese Grand Prix,2026-03-15,HAM,Ferrari,32,True,0.1344744920328509,-0.04877690832843662,0.13886370677134785,202.8061740113308
Chinese Grand Prix,2026-03-15,HAM,Ferrari,33,True,0.19910740064108978,0.13161822872553053,0.20332691637716138,273.19380491969713
Chinese Grand Prix,2026-03-15,HAM,Ferrari,37,True,0.4068203545821074,0.2728800926016888,0.534435529192157,211.32481377546384
Chinese Grand Prix,2026-03-15,HAM,Ferrari,38,True,0.5676370621568427,0.4067042460180801,0.5676370621568427,174.22402288859246
Chinese Grand Prix,2026-03-15,HAM,Ferrari,39,True,0.5008152086924955,0.38672572132266403,0.5008152086924955,160.05489010187037
Chinese Grand Prix,2026-03-15,HAM,Ferrari,43,True,0.6179167507452554,0.23668527356911362,0.6275035803445199,204.43106111204835
Chinese Grand Prix,2026-03-15,HAM,Ferrari,44,True,0.4021471426055605,0.2587648628059984,0.47656730607902276,177.08760017547039
Chinese Grand Prix,2026-03-15,HAM,Ferrari,46,False,0.0,0.0,0.0,141.6062835525793
Chinese Grand Prix,2026-03-15,HAM,Ferrari,47,True,0.6015519868620984,0.5156254085075105,0.6015519868620984,202.66530248903362
Chinese Grand Prix,2026-03-15,HAM,Ferrari,56,True,0.5164887658996467,0.2946121444404408,0.5209774134504315,172.92319315588682
Chinese Grand Prix,2026-03-15,LEC,Ferrari,9,True,0.3865226795638552,0.17159109972791953,0.39485895445454844,158.34778492026643
Chinese Grand Prix,2026-03-15,LEC,Ferrari,15,True,0.09709438208913213,-0.02020312346993336,0.09806776452676225,287.9777740793594
Chinese Grand Prix,2026-03-15,LEC,Ferrari,17,True,0.5001660437515074,0.29633885322210496,0.508905681694527,171.16609031191084
Chinese Grand Prix,2026-03-15,LEC,Ferrari,18,True,0.47897436651502545,0.2713097527590982,0.48767978190768346,179.92194332726476
Chinese Grand Prix,2026-03-15,LEC,Ferrari,19,True,0.4869514087590652,0.23441247946699306,0.4953708562735706,159.65695161839926
Chinese Grand Prix,2026-03-15,LEC,Ferrari,20,True,0.5010946939751548,0.29761074188878744,0.5088597168483542,155.75866765617047
Chinese Grand Prix,2026-03-15,LEC,Ferrari,21,True,0.5447067272699044,0.2961229650613735,0.5541497206411243,136.29393110673442
Chinese Grand Prix,2026-03-15,LEC,Ferrari,22,True,0.4111015924096808,0.18695587231308686,0.4196336133950922,155.2522685827809
Chinese Grand Prix,2026-03-15,LEC,Ferrari,25,True,0.6634482181678134,0.4621289264967725,0.6712057456992131,204.18470434035177
Chinese Grand Prix,2026-03-15,LEC,Ferrari,27,True,0.5388949817934225,0.37540033641654524,0.5458004156240861,264.19009177518626
Chinese Grand Prix,2026-03-15,LEC,Ferrari,28,True,0.5406860548218333,0.3707695972600611,0.5477245040372658,186.61844102421907
Chinese Grand Prix,2026-03-15,LEC,Ferrari,29,True,0.6333442610345248,0.43938498667714754,0.6384395739998023,229.2908629770805
Chinese Grand Prix,2026-03-15,LEC,Ferrari,30,True,0.25437979255841725,0.07332272052520139,0.2603193345445849,238.54915931563312
Chinese Grand Prix,2026-03-15,LEC,Ferrari,31,True,0.23116597764340696,0.057839384743170186,0.23703095842605748,225.86871920273825
Chinese Grand Prix,2026-03-15,LEC,Ferrari,32,True,0.2206806969065127,0.04038434724725093,0.22755847665969497,310.27828199953063
Chinese Grand Prix,2026-03-15,LEC,Ferrari,33,True,0.5206582962915629,0.3367371851248322,0.528029574175271,144.38119726042203
Chinese Grand Prix,2026-03-15,LEC,Ferrari,37,True,0.3412431399703628,0.1650784565985859,0.3472847509884449,338.05552889997955
Chinese Grand Prix,2026-03-15,LEC,Ferrari,38,True,0.3161116267544628,0.12146577130086555,0.3206590195839727,218.56900693776072
Chinese Grand Prix,2026-03-15,LEC,Ferrari,39,True,0.15750952423893771,-0.005546873746981262,0.1630630743285284,201.81590102125926
Chinese Grand Prix,2026-03-15,LEC,Ferrari,41,True,0.4223753362410676,0.27658508108165414,0.4271872871108755,272.9196133445173
Chinese Grand Prix,2026-03-15,LEC,Ferrari,43,True,0.5150462851788067,0.1839334506737842,0.5276725650212111,242.5497162352988
Chinese Grand Prix,2026-03-15,LEC,Ferrari,45,True,0.49376211299770034,0.21677854067888624,0.5022004211252362,187.94035786821732
Chinese Grand Prix,2026-03-15,LEC,Ferrari,46,True,0.5888352401460519,0.4235116154292662,0.5958267796440317,169.88499010276524
Chinese Grand Prix,2026-03-15,LEC,Ferrari,47,True,0.3053517127240877,0.17847923031986923,0.30958828899502144,197.20682782838514
Chinese Grand Prix,2026-03-15,LEC,Ferrari,49,True,0.5164262778340003,0.32918028117466136,0.5533887179073513,167.13621718703905
Chinese Grand Prix,2026-03-15,LEC,Ferrari,51,True,0.5640021188502313,0.4164989102079826,0.5640021188502313,155.39749939324395
Chinese Grand Prix,2026-03-15,LEC,Ferrari,52,True,0.5588043321490872,0.3749056335920553,0.5654901107569987,179.2441744489374
Chinese Grand Prix,2026-03-15,LEC,Ferrari,53,True,0.5798025929207871,0.45268619817476363,0.5798025929207871,205.0197618502481
Chinese Grand Prix,2026-03-15,LEC,Ferrari,54,True,0.53999499985561,0.36215708867892715,0.5449880085784375,193.24267334333553
Chinese Grand Prix,2026-03-15,LEC,Ferrari,56,True,0.5949188646093617,0.44528199616207687,0.5949188646093617,198.62045639516182
Chinese Grand Prix,2026-03-15,BEA,Haas F1 Team,27,True,0.4272313610234395,0.3371786923602329,0.5185852550802803,191.43716735547068
Chinese Grand Prix,2026-03-15,BEA,Haas F1 Team,28,True,0.6004350532970246,0.2998628914577175,0.6079234763105585,195.8382629338886
Chinese Grand Prix,2026-03-15,BEA,Haas F1 Team,29,True,0.5980786169105521,0.3389533100407185,0.6062515189399704,192.67306603148882
Chinese Grand Prix,2026-03-15,BEA,Haas F1 Team,30,True,0.6095494806597443,0.36977150960325744,0.6157708119872716,196.12726624682804
Chinese Grand Prix,2026-03-15,BEA,Haas F1 Team,32,True,0.5456214910555577,0.3400656823689072,0.5456214910555577,198.90953468325716
Chinese Grand Prix,2026-03-15,BEA,Haas F1 Team,33,True,0.5701762845416258,0.37026120632785187,0.5818661786777835,199.49109172821383
Chinese Grand Prix,2026-03-15,BEA,Haas F1 Team,34,True,0.5516168255467218,0.29755666430534866,0.5571779559458481,201.99197049684554
Chinese Grand Prix,2026-03-15,BEA,Haas F1 Team,35,True,0.6795218215502796,0.38830356002985766,0.6856643347803821,199.4086027127962
Chinese Grand Prix,2026-03-15,BEA,Haas F1 Team,36,True,0.6342600921155555,0.39040282806857896,0.6404494896663557,180.73627117962752
Chinese Grand Prix,2026-03-15,BEA,Haas F1 Team,37,True,0.6673692840354857,0.32791673382056885,0.6747760497876509,189.21542819919728
Chinese Grand Prix,2026-03-15,BEA,Haas F1 Team,38,True,0.6571107852565863,0.3721509479027105,0.6628391303217889,189.66838803612103
Chinese Grand Prix,2026-03-15,BEA,Haas F1 Team,42,True,0.6593899302849078,0.22748869300822783,0.670650423743,214.14792488476635
Chinese Grand Prix,2026-03-15,BEA,Haas F1 Team,43,True,0.6066986928174174,0.45128404301088487,0.6066986928174174,205.77926066314805
Chinese Grand Prix,2026-03-15,BEA,Haas F1 Team,45,True,0.5982638873555803,0.35816392855894463,0.6050195575076192,204.1506061880056
Chinese Grand Prix,2026-03-15,BEA,Haas F1 Team,47,True,0.5959520637939377,0.3152362582527779,0.6016522151059807,181.08400755071753
Chinese Grand Prix,2026-03-15,BEA,Haas F1 Team,48,True,0.3820659691326629,0.3820659691326629,0.4054883397493203,178.04170750307904
Chinese Grand Prix,2026-03-15,BEA,Haas F1 Team,50,True,0.6000433728087771,0.49902699684093577,0.6000433728087771,203.26491055476603
Chinese Grand Prix,2026-03-15,BEA,Haas F1 Team,51,True,0.6255623930075007,0.33271342634321854,0.6314876231071551,188.19929592384148
Chinese Grand Prix,2026-03-15,BEA,Haas F1 Team,53,True,0.434862825384025,0.34116018363253886,0.5460630014041872,192.2874641159448
Chinese Grand Prix,2026-03-15,BEA,Haas F1 Team,54,True,0.40613434802102155,0.3374378666720368,0.5043479987459207,176.0061489981071
Chinese Grand Prix,2026-03-15,BEA,Haas F1 Team,55,True,0.4031531103463699,0.2656419969203192,0.4785996768732925,180.8891680518609
Chinese Grand Prix,2026-03-15,GAS,Alpine,53,False,0.0,0.0,0.0,106.04161679661128
Chinese Grand Prix,2026-03-15,LAW,Racing Bulls,21,True,-0.003631948732980561,-0.17388722205440033,0.001970795978781581,186.23673329594615
Chinese Grand Prix,2026-03-15,LAW,Racing Bulls,29,False,0.0,0.0,0.0,162.97658443362846
Chinese Grand Prix,2026-03-15,LAW,Racing Bulls,40,True,0.22419344081518489,0.07059249215833141,0.28070022536696904,142.60869755785933
Chinese Grand Prix,2026-03-15,LAW,Racing Bulls,42,True,0.3860072933068057,0.20266958430205584,0.4492563795735851,193.4837431396253
Chinese Grand Prix,2026-03-15,LAW,Racing Bulls,44,False,0.0,0.0,0.0,184.59569502573302
Chinese Grand Prix,2026-03-15,LAW,Racing Bulls,46,False,0.0,0.0,0.0,165.95916944032564
Chinese Grand Prix,2026-03-15,LAW,Racing Bulls,53,False,0.0,0.0,0.0,178.89463629618925
Chinese Grand Prix,2026-03-15,LAW,Racing Bulls,55,False,0.0,0.0,0.0,165.39714983716667
Chinese Grand Prix,2026-03-15,HAD,Red Bull Racing,38,True,0.21618380621547928,0.09124777984125387,0.21831726254300676,239.42142354650804
Chinese Grand Prix,2026-03-15,HAD,Red Bull Racing,40,True,0.05338834262989067,-0.0787085277654409,0.05805291851580918,281.5401677090836
Chinese Grand Prix,2026-03-15,HAD,Red Bull Racing,42,True,0.211372420472955,0.09780399336667855,0.21513460963548603,219.57286719021394
Chinese Grand Prix,2026-03-15,HAD,Red Bull Racing,43,True,0.17592085858572126,0.0804337795859631,0.1790379728775875,269.8184011210107
Chinese Grand Prix,2026-03-15,HAD,Red Bull Racing,45,True,0.18585135644051753,0.08346163695141584,0.18790950608329204,243.78203873947263
Chinese Grand Prix,2026-03-15,HAD,Red Bull Racing,48,True,0.18668760563848963,0.0422101688515486,0.2848346373408397,135.02092451747615
Chinese Grand Prix,2026-03-15,HAD,Red Bull Racing,53,True,0.13059118357638333,0.008918315405084698,0.21813778397024386,129.97289386629552
Chinese Grand Prix,2026-03-15,HAD,Red Bull Racing,54,True,0.06646313534736947,0.01374198485081557,0.12175987620501694,
Chinese Grand Prix,2026-03-15,HAD,Red Bull Racing,55,True,0.09331092951361342,0.012744979904040221,0.17650806097730332,118.80180633815198
Chinese Grand Prix,2026-03-15,SAI,Williams,3,True,0.04910381592672941,-0.08370275749185652,0.05401655783157544,
Chinese Grand Prix,2026-03-15,SAI,Williams,21,True,0.009063885169934949,-0.03681115572283389,0.013069956989181009,
Chinese Grand Prix,2026-03-15,SAI,Williams,28,True,0.32050941167218916,0.11402817028198697,0.3256239930555864,150.89465134499622
Chinese Grand Prix,2026-03-15,SAI,Williams,30,False,0.0,0.0,0.0,132.42724037758305
Chinese Grand Prix,2026-03-15,SAI,Williams,31,True,0.18377987449529343,0.10909900544881701,0.2287568802246387,169.13048407358568
Chinese Grand Prix,2026-03-15,SAI,Williams,34,True,0.2614052007725647,0.04920876673626928,0.2654693360282039,146.7042258389626
Chinese Grand Prix,2026-03-15,SAI,Williams,35,True,0.13173716793823687,0.06851220138278435,0.19679473305830264,148.5381800381246
Chinese Grand Prix,2026-03-15,SAI,Williams,37,True,0.3616586828491801,0.18283938046461579,0.3677154686107684,144.16151755703743
Chinese Grand Prix,2026-03-15,SAI,Williams,39,True,0.2660501512753193,0.07655289205336224,0.29674170058282456,152.4371110319806
Chinese Grand Prix,2026-03-15,SAI,Williams,42,False,0.0,0.0,0.0,167.43049084742432
Chinese Grand Prix,2026-03-15,SAI,Williams,43,True,0.35034388316671006,0.1577125105057373,0.35552763854732206,173.26368522415618
Chinese Grand Prix,2026-03-15,SAI,Williams,44,True,0.19883559148876273,0.06905612558744956,0.2931553310214472,165.80145233269485
Chinese Grand Prix,2026-03-15,SAI,Williams,49,True,0.3479571213542698,0.07829030111260593,0.3562191761112725,142.99475528806227
Chinese Grand Prix,2026-03-15,COL,Alpine,14,True,0.22071550460466227,0.064030412836793,0.22415140939470746,137.99971325894853
Chinese Grand Prix,2026-03-15,COL,Alpine,19,True,0.3432199951109478,0.2469424095522914,0.3432199951109478,198.5524828860814
Chinese Grand Prix,2026-03-15,COL,Alpine,21,True,0.4230977110668821,0.2437654579171511,0.4290339114073394,189.6014421429694
Chinese Grand Prix,2026-03-15,COL,Alpine,22,True,0.16820550637845955,0.04812322501826927,0.17164401371388927,174.45686524809292
Chinese Grand Prix,2026-03-15,COL,Alpine,23,True,0.20410427622141114,0.07781202511772811,0.20738761550381213,186.95580073295318
Chinese Grand Prix,2026-03-15,COL,Alpine,24,True,0.06051062126358531,0.016418197468560436,0.06925314664824178,110.94312423998414
Chinese Grand Prix,2026-03-15,COL,Alpine,26,True,0.09697637839477125,0.025298813640214135,0.1323467531746818,152.3009815658389
Chinese Grand Prix,2026-03-15,COL,Alpine,28,True,0.3565604839079324,0.18439185178363005,0.3663270712478486,145.41845530932403
Chinese Grand Prix,2026-03-15,COL,Alpine,35,True,0.3770382983705787,0.19271137343066513,0.38232156275306295,170.41620871471318
Chinese Grand Prix,2026-03-15,COL,Alpine,36,True,0.364379740737256,0.16904865054275042,0.36952077743743494,165.22096620420746
Chinese Grand Prix,2026-03-15,COL,Alpine,37,True,0.33531224008805616,0.12664850643303183,0.340825046818658,136.2870184887467
Chinese Grand Prix,2026-03-15,COL,Alpine,38,True,0.3451486083846529,0.047015400324038836,0.3506269781446072,151.38085723465886
Chinese Grand Prix,2026-03-15,COL,Alpine,40,True,0.16437218989850955,0.030672480774622812,0.25010121077112224,154.50264044348825
Chinese Grand Prix,2026-03-15,COL,Alpine,41,True,0.11164181010929575,0.016632379097437422,0.11478697386057846,185.39355360379352
Chinese Grand Prix,2026-03-15,COL,Alpine,43,True,0.3120976705506955,0.13940514617760158,0.3802178056510108,172.37963341243062
Chinese Grand Prix,2026-03-15,COL,Alpine,44,True,0.25668007218342304,0.1152608507440096,0.3064225122840991,173.97525730203802
Chinese Grand Prix,2026-03-15,COL,Alpine,53,False,0.0,0.0,0.0,
Chinese Grand Prix,2026-03-15,COL,Alpine,54,True,0.23413938209631802,0.08234116321315454,0.2366197176482192,160.96290641070166
Chinese Grand Prix,2026-03-15,HUL,Audi,26,False,0.0,0.0,0.0,
Chinese Grand Prix,2026-03-15,HUL,Audi,28,False,0.0,0.0,0.0,
Chinese Grand Prix,2026-03-15,HUL,Audi,29,True,0.11276939700702471,-0.017367471015766967,0.11515316993935087,
Chinese Grand Prix,2026-03-15,HUL,Audi,32,True,0.3528317228052771,-0.07347924344774093,0.36554291621940926,
Chinese Grand Prix,2026-03-15,HUL,Audi,37,True,0.36955669168715843,0.20546069407186351,0.3740304116548909,105.6067607190293
Chinese Grand Prix,2026-03-15,HUL,Audi,45,True,0.45048172973512557,0.2306568757348888,0.5971493044937493,
Chinese Grand Prix,2026-03-15,HUL,Audi,54,True,0.08500661008991983,-0.0059388596719642806,0.13983743363086454,141.1068906144005
Chinese Grand Prix,2026-03-15,LIN,Racing Bulls,33,True,0.405572387033871,0.36620906431041256,0.405572387033871,177.68326122044402
Chinese Grand Prix,2026-03-15,LIN,Racing Bulls,34,False,0.0,0.0,0.0,180.52363640417266
Chinese Grand Prix,2026-03-15,LIN,Racing Bulls,36,True,0.41646766695784265,0.11169740978522569,0.4209632911226091,158.83596786573383
Chinese Grand Prix,2026-03-15,LIN,Racing Bulls,37,True,0.3527260859289161,0.2497718638481583,0.4412707206481201,170.1297659559849
Chinese Grand Prix,2026-03-15,LIN,Racing Bulls,39,False,0.0,0.0,0.0,174.10960519124112
Chinese Grand Prix,2026-03-15,LIN,Racing Bulls,45,True,0.4268516381517138,0.3469411823314186,0.4268516381517138,152.0354788482593
Chinese Grand Prix,2026-03-15,LIN,Racing Bulls,48,True,0.5455654940990229,0.3226685370438851,0.5510288933086542,165.98568992913295
Chinese Grand Prix,2026-03-15,BOT,Cadillac,25,True,0.2564526269817833,0.23217852972766906,0.28700774891265013,179.04697071725306
Chinese Grand Prix,2026-03-15,BOT,Cadillac,31,False,0.0,0.0,0.0,130.77086245196875
Chinese Grand Prix,2026-03-15,BOT,Cadillac,32,False,0.0,0.0,0.0,146.7879573362311
Chinese Grand Prix,2026-03-15,BOT,Cadillac,38,False,0.0,0.0,0.0,149.98435320243388
Chinese Grand Prix,2026-03-15,BOT,Cadillac,48,True,0.3518512004591585,0.24533252650284432,0.4113165619053447,162.00900678578205
Chinese Grand Prix,2026-03-15,BOT,Cadillac,50,True,0.583687800201643,0.3123290632500684,0.591115469239794,206.37649943438905
Chinese Grand Prix,2026-03-15,BOT,Cadillac,52,True,0.2655079220351979,0.14219115841834018,0.3658306752374365,179.34546029809653
Chinese Grand Prix,2026-03-15,BOT,Cadillac,53,True,0.2788606395312794,0.12602344233733298,0.3733603001243644,159.1518076767569
Chinese Grand Prix,2026-03-15,BOT,Cadillac,54,True,0.24439962224656497,0.15046445279959286,0.3437898031407638,168.28915147076512
Chinese Grand Prix,2026-03-15,OCO,Haas F1 Team,32,True,0.5183084726639144,0.33826907723951827,0.522482144812372,187.93805766829487
Chinese Grand Prix,2026-03-15,OCO,Haas F1 Team,36,True,0.03665579308679945,-0.07099938138033224,0.0859375365280286,219.05620166262727
Chinese Grand Prix,2026-03-15,OCO,Haas F1 Team,37,True,0.3653841073467543,0.21224347336635851,0.42388380754862354,190.80547994233186
Chinese Grand Prix,2026-03-15,OCO,Haas F1 Team,40,True,0.6011924925506911,0.32419307202228076,0.6074205996375532,190.1032740445279
Chinese Grand Prix,2026-03-15,OCO,Haas F1 Team,43,True,0.5840114682622257,0.3114884495130301,0.5924913080450978,
Chinese Grand Prix,2026-03-15,OCO,Haas F1 Team,45,True,0.40527041329204927,0.1659291509481875,0.41107879730863317,159.0518493755642
Chinese Grand Prix,2026-03-15,OCO,Haas F1 Team,48,True,0.6438559147420744,0.5331537569827738,0.6438559147420744,319.6628185918032
Chinese Grand Prix,2026-03-15,OCO,Haas F1 Team,49,True,0.7032990216962745,0.5419960027656128,0.7032990216962745,301.2616957449175
Chinese Grand Prix,2026-03-15,OCO,Haas F1 Team,50,True,0.6926262080981171,0.5137030953448765,0.6926262080981171,313.49747819679624
Chinese Grand Prix,2026-03-15,OCO,Haas F1 Team,53,True,0.6360748739637838,0.5104035674376899,0.6360748739637838,203.76764146703792
Chinese Grand Prix,2026-03-15,OCO,Haas F1 Team,55,True,0.587810952333836,0.465709664054053,0.587810952333836,190.98898083668422
Chinese Grand Prix,2026-03-15,PER,Cadillac,2,True,0.2838771856270679,0.2838771856270679,0.3067340157137721,183.40500090486654
Chinese Grand Prix,2026-03-15,PER,Cadillac,3,True,0.2374831405785951,0.2374831405785951,0.2651875606932368,127.61304253644079
Chinese Grand Prix,2026-03-15,PER,Cadillac,5,True,0.3339910180215071,0.22939137890381112,0.3339910180215071,478.2535930459381
Chinese Grand Prix,2026-03-15,PER,Cadillac,7,True,0.3200520852089248,0.13398514390983784,0.39231027803991303,157.53168017154505
Chinese Grand Prix,2026-03-15,PER,Cadillac,9,True,0.2915111492768645,0.18581752758346326,0.3670322628265641,185.4301030045024
Chinese Grand Prix,2026-03-15,PER,Cadillac,14,True,0.015109067881878602,-0.08465001117303572,0.015150071392966424,
Chinese Grand Prix,2026-03-15,PER,Cadillac,15,True,-0.024518707352314095,-0.07418350274416952,-0.024518707352314095,309.7572654298284
Chinese Grand Prix,2026-03-15,PER,Cadillac,16,True,0.2332359780181399,0.11443020842972729,0.23568799763486759,214.6931244196538
Chinese Grand Prix,2026-03-15,PER,Cadillac,17,False,0.0,0.0,0.0,
Chinese Grand Prix,2026-03-15,PER,Cadillac,20,True,0.2790271450823578,-0.04132107170414834,0.28339706863904723,167.29298652026475
Chinese Grand Prix,2026-03-15,PER,Cadillac,21,True,0.3201721792620056,0.20829965040030984,0.3201721792620056,175.182241787969
Chinese Grand Prix,2026-03-15,PER,Cadillac,24,True,0.3249902618617533,0.12015696164050205,0.32972047335844046,229.58300881926792
Chinese Grand Prix,2026-03-15,PER,Cadillac,25,True,0.251071916755377,0.03623885933916782,0.2538024481653096,327.124851150627
Chinese Grand Prix,2026-03-15,PER,Cadillac,26,True,0.24352369609570523,0.061325362659486515,0.32940439795942744,183.02653069489656
Chinese Grand Prix,2026-03-15,PER,Cadillac,30,True,0.22936261065788344,0.09928162422933795,0.233802376151532,171.56401330794753
Chinese Grand Prix,2026-03-15,PER,Cadillac,31,True,0.332560961048074,0.25547356726515247,0.332560961048074,188.95510584975
Chinese Grand Prix,2026-03-15,PER,Cadillac,32,True,0.39918424498739036,0.25769950662400376,0.40320775922355345,148.794141116691
Chinese Grand Prix,2026-03-15,PER,Cadillac,35,True,0.3478424186252038,0.2422623938735189,0.3502232058712309,261.8023755758457
Chinese Grand Prix,2026-03-15,PER,Cadillac,36,True,0.3675622426597567,0.07720522434014931,0.37579669101338276,173.28576514534333
Chinese Grand Prix,2026-03-15,PER,Cadillac,37,True,0.47964776618341176,0.18386510148985025,0.47964776618341176,168.047154802223
Chinese Grand Prix,2026-03-15,PER,Cadillac,38,True,0.3851049615518054,0.20050005071634125,0.3886681878722129,220.69763698475592
Chinese Grand Prix,2026-03-15,PER,Cadillac,39,True,0.3227435892458015,0.2191810307888442,0.3227435892458015,173.39144681589886
Chinese Grand Prix,2026-03-15,PER,Cadillac,42,True,0.34849892022291584,0.21622766101453195,0.44056711095139356,179.93635899924806
Chinese Grand Prix,2026-03-15,PER,Cadillac,43,True,0.12356422967115144,0.12356422967115144,0.15913607406289998,310.0439122027489
Chinese Grand Prix,2026-03-15,PER,Cadillac,44,True,0.10533233677245946,0.03821761842766236,0.14398261302505233,164.5265538632309
Chinese Grand Prix,2026-03-15,PER,Cadillac,49,True,0.01607232313631002,0.004416236436526333,0.03063515216306989,
Chinese Grand Prix,2026-03-15,PER,Cadillac,50,True,0.26220582725076547,0.16866405451398236,0.2647167867222091,232.68705266096532
Chinese Grand Prix,2026-03-15,PER,Cadillac,51,True,0.3460359396486439,0.2982445882007809,0.4006255483653405,177.88446095545027
Chinese Grand Prix,2026-03-15,PER,Cadillac,53,True,0.36366775874125423,0.19875190160619383,0.3677053621950428,238.4628781663242
Chinese Grand Prix,2026-03-15,PER,Cadillac,55,True,0.3288910088973367,0.18235062382562184,0.4362908824132887,178.44965544026363
Chinese Grand Prix,2026-03-15,VER,Red Bull Racing,8,True,0.18008073039276518,-0.028491583422773914,0.1862892311794493,223.687355961817
Chinese Grand Prix,2026-03-15,VER,Red Bull Racing,17,True,0.1670199245122923,-0.13401205413189743,0.17546714653758677,159.55694647665675
Chinese Grand Prix,2026-03-15,VER,Red Bull Racing,21,True,0.20517295824268444,-0.03911951336668906,0.21210767412055098,160.22422742602362
Chinese Grand Prix,2026-03-15,VER,Red Bull Racing,23,True,0.2179961628960605,0.02632236419793621,0.2244033471432143,292.2538306852215
Chinese Grand Prix,2026-03-15,VER,Red Bull Racing,24,True,0.17460489340884777,0.031905421734364836,0.26729962680284736,224.73260231280844
Chinese Grand Prix,2026-03-15,VER,Red Bull Racing,28,True,0.28658420781324345,0.1634785543949775,0.28658420781324345,174.04965681196117
Chinese Grand Prix,2026-03-15,VER,Red Bull Racing,29,True,0.2817691537081757,0.1651118211048459,0.2817691537081757,179.77134559857055
Chinese Grand Prix,2026-03-15,VER,Red Bull Racing,30,True,0.298389833369038,0.12171950382872154,0.3041692297818521,150.55022746839182
Chinese Grand Prix,2026-03-15,VER,Red Bull Racing,32,True,0.30022881193986706,0.1594350814766976,0.30723539903208064,158.628583135171
Chinese Grand Prix,2026-03-15,VER,Red Bull Racing,33,True,0.26459099102290295,0.08177474070413027,0.2727774324765946,172.91811080176032
Chinese Grand Prix,2026-03-15,VER,Red Bull Racing,35,True,0.3647527191183517,0.23495624699904916,0.3647527191183517,149.25753350804504
Chinese Grand Prix,2026-03-15,VER,Red Bull Racing,36,True,0.29593065095767557,0.13531963340436803,0.30403847956402785,141.61788951999097
Chinese Grand Prix,2026-03-15,VER,Red Bull Racing,38,True,0.256092235561324,0.14301280547664064,0.256092235561324,153.5707176165
Chinese Grand Prix,2026-03-15,VER,Red Bull Racing,40,True,0.24213992157598696,0.09357067409550979,0.24954586405666213,168.52871600231066
Chinese Grand Prix,2026-03-15,VER,Red Bull Racing,43,True,0.2685484156541822,0.1267067943962239,0.2755948281644134,163.70913346107034
Chinese Grand Prix,2026-03-15,ALO,Aston Martin,30,True,0.35987555783191993,0.17427422969679007,0.36841262573809175,165.0579301816894
Chinese Grand Prix,2026-03-15,STR,Aston Martin,5,True,0.4795080805008691,0.29325979347206754,0.4839090992178523,
Chinese Grand Prix,2026-03-15,STR,Aston Martin,8,True,0.45143542377150325,0.2758111465473547,0.46691705866625277,131.04847173654346
Japanese Grand Prix,2026-03-29,RUS,Mercedes,5,False,0.0,0.0,0.0,
Japanese Grand Prix,2026-03-29,RUS,Mercedes,6,False,0.0,0.0,0.0,
Japanese Grand Prix,2026-03-29,RUS,Mercedes,28,False,0.0,0.0,0.0,
Japanese Grand Prix,2026-03-29,HUL,Audi,28,False,0.0,0.0,0.0,
Japanese Grand Prix,2026-03-29,HUL,Audi,45,False,0.0,0.0,0.0,
Japanese Grand Prix,2026-03-29,HAD,Red Bull Racing,8,False,0.0,0.0,0.0,
Japanese Grand Prix,2026-03-29,HAD,Red Bull Racing,12,True,0.08709301786139179,0.08709301786139179,0.1007312177206856,
Japanese Grand Prix,2026-03-29,BOR,Audi,29,False,0.0,0.0,0.0,
Japanese Grand Prix,2026-03-29,PER,Cadillac,28,True,0.07670927469012945,0.07670927469012945,0.08325115531776106,159.4226407782224
Japanese Grand Prix,2026-03-29,ALO,Aston Martin,10,False,0.0,0.0,0.0,
Japanese Grand Prix,2026-03-29,BOT,Cadillac,13,True,0.17254853792278801,0.17254853792278801,0.18738041690872365,283.333333821712
Japanese Grand Prix,2026-03-29,BOT,Cadillac,27,True,0.15469788364714887,0.15469788364714887,0.16385168152521068,317.71614283844536
Japanese Grand Prix,2026-03-29,BOT,Cadillac,30,True,0.16306947155187856,0.16306947155187856,0.18531977470302863,170.26993690272465
Japanese Grand Prix,2026-03-29,BOT,Cadillac,48,True,0.15288727633565458,0.15288727633565458,0.17008102032031758,259.5698404142221
Japanese Grand Prix,2026-03-29,BOT,Cadillac,52,True,0.05840194611463634,0.05840194611463634,0.06919475241800921,196.2414181626031
Miami Grand Prix,2026-05-03,ANT,Mercedes,3,True,0.2344806585196828,0.19249821186741123,0.2344806585196828,166.90898984158122
Miami Grand Prix,2026-05-03,ANT,Mercedes,5,False,0.0,0.0,0.0,161.62761814921512
Miami Grand Prix,2026-05-03,ANT,Mercedes,12,False,0.0,0.0,0.0,
Miami Grand Prix,2026-05-03,ANT,Mercedes,13,True,0.018994717988743304,-0.027512323037086617,0.018994717988743304,229.25418007354253
Miami Grand Prix,2026-05-03,ANT,Mercedes,18,True,0.11963909136343709,0.10448851451097241,0.15522335434657109,143.75132823438912
Miami Grand Prix,2026-05-03,ANT,Mercedes,19,True,0.1397114309335823,0.058086705649314396,0.22624580162453078,123.67310314841112
Miami Grand Prix,2026-05-03,ANT,Mercedes,20,True,0.09302514170111387,0.06543974309267675,0.14472724807478698,140.54585779109854
Miami Grand Prix,2026-05-03,ANT,Mercedes,21,True,0.1241927415619255,0.03790224778014917,0.22619436588788666,122.17485336031736
Miami Grand Prix,2026-05-03,ANT,Mercedes,22,True,0.11652372047513815,0.07218782779754918,0.18608585198462002,133.0053919535664
Miami Grand Prix,2026-05-03,ANT,Mercedes,23,True,0.10360630014465322,0.040204494187007,0.16911680733379342,125.32699551807538
Miami Grand Prix,2026-05-03,ANT,Mercedes,24,True,0.0694522076410955,0.059613987637202825,0.07444197154022447,124.72991096753097
Miami Grand Prix,2026-05-03,ANT,Mercedes,25,True,0.06168154393072811,0.04808540917042414,0.07656846232646863,109.89497884403315
Miami Grand Prix,2026-05-03,ANT,Mercedes,29,True,0.28434565621798136,0.21861080504795538,0.28434565621798136,301.4708659822624
Miami Grand Prix,2026-05-03,ANT,Mercedes,30,True,0.21144099976064723,0.1842291853611826,0.26168942942362605,140.649397859628
Miami Grand Prix,2026-05-03,ANT,Mercedes,31,False,0.0,0.0,0.0,221.47646055804805
Miami Grand Prix,2026-05-03,ANT,Mercedes,33,True,0.23568167964148223,0.23119610612795682,0.23600597229303055,171.36719458598137
Miami Grand Prix,2026-05-03,ANT,Mercedes,34,True,0.2950586728601845,0.2067519254293657,0.3853404741070907,145.9078666160918
Miami Grand Prix,2026-05-03,ANT,Mercedes,40,False,0.0,0.0,0.0,127.02342333694355
Miami Grand Prix,2026-05-03,ANT,Mercedes,41,True,0.4746951512009794,0.4547799145122493,0.4757609218406085,241.66218832174619
Miami Grand Prix,2026-05-03,ANT,Mercedes,42,True,0.26141724877513894,0.23233180661216934,0.3087461083280285,165.6538507067773
Miami Grand Prix,2026-05-03,ANT,Mercedes,43,True,0.2008999394218023,0.15946267720161877,0.2533807621627062,142.83761089934964
Miami Grand Prix,2026-05-03,ANT,Mercedes,44,True,0.14965361213786288,0.07807150190833667,0.21940380752802469,128.31637449561876
Miami Grand Prix,2026-05-03,ANT,Mercedes,47,True,0.1529652513297144,0.0746506257387285,0.21497289267426822,162.5518825487637
Miami Grand Prix,2026-05-03,ANT,Mercedes,51,True,0.12650780678615448,0.056554897731599496,0.17382415208831148,128.65673222412477
Miami Grand Prix,2026-05-03,ANT,Mercedes,52,True,0.17479067636989853,0.14225987011528218,0.2029060639594924,166.96306358691706
Miami Grand Prix,2026-05-03,ANT,Mercedes,54,True,0.1808206721664547,0.15049244784928462,0.2094111397895162,141.95444899910603
Miami Grand Prix,2026-05-03,ANT,Mercedes,57,True,0.16376400264244673,0.12178688917389024,0.20991093452440168,139.64095014241678
Miami Grand Prix,2026-05-03,NOR,McLaren,3,True,0.09381303167965704,0.05398755458160309,0.09381303167965704,261.404107060341
Miami Grand Prix,2026-05-03,NOR,McLaren,12,True,0.1921885391257625,0.1358165070967381,0.2550846521546184,151.68509301314333
Miami Grand Prix,2026-05-03,NOR,McLaren,13,True,0.4053162899817764,0.3599127167773659,0.4053162899817764,298.56781665427417
Miami Grand Prix,2026-05-03,NOR,McLaren,17,True,0.8257886981966749,0.8022781275256428,0.8257886981966749,176.46879806754183
Miami Grand Prix,2026-05-03,NOR,McLaren,18,True,0.5887469038331918,0.5887469038331918,0.5887469038331918,176.91812513879947
Miami Grand Prix,2026-05-03,NOR,McLaren,20,True,0.8183946977729057,0.7091092911204964,0.8183946977729057,184.88585932908555
Miami Grand Prix,2026-05-03,NOR,McLaren,21,True,0.6577739668084313,0.6577739668084313,0.6577739668084313,187.86979469759956
Miami Grand Prix,2026-05-03,NOR,McLaren,22,True,0.6898153855093234,0.6898153855093234,0.6898153855093234,187.73542427001672
Miami Grand Prix,2026-05-03,NOR,McLaren,23,True,0.6444200989656661,0.6444200989656661,0.6444200989656661,177.88230980886212
Miami Grand Prix,2026-05-03,NOR,McLaren,24,True,0.5781459759539374,0.5781459759539374,0.5781459759539374,198.25252704321687
Miami Grand Prix,2026-05-03,NOR,McLaren,25,True,0.6006729516310134,0.6006729516310134,0.6006811891762123,169.46063085779394
Miami Grand Prix,2026-05-03,NOR,McLaren,26,True,0.4760832438044087,0.4760832438044087,0.4760832438044087,176.54492613984797
Miami Grand Prix,2026-05-03,NOR,McLaren,29,True,0.1065977368360933,0.05463720275837325,0.1065977368360933,278.6492102401564
Miami Grand Prix,2026-05-03,NOR,McLaren,30,True,0.2352719938643908,0.1539236566453841,0.31470958901566704,158.87393327886514
Miami Grand Prix,2026-05-03,NOR,McLaren,31,True,0.32092308546481263,0.24173341821733807,0.3947224722611349,169.99103011673628
Miami Grand Prix,2026-05-03,NOR,McLaren,33,True,0.5103496767680493,0.4033963500697464,0.5106520746247689,163.5446167353039
Miami Grand Prix,2026-05-03,NOR,McLaren,34,True,0.568673544929581,0.4631654504928093,0.5695945080365572,166.34641931307536
Miami Grand Prix,2026-05-03,NOR,McLaren,40,True,0.161558625091752,0.08599805940972693,0.22254358342728153,136.32189289296957
Miami Grand Prix,2026-05-03,NOR,McLaren,42,True,0.2602080522780028,0.18039201077383993,0.34088119834224173,153.46327126516542
Miami Grand Prix,2026-05-03,NOR,McLaren,43,True,0.48243669652587684,0.431461503477788,0.4828650251747426,150.72927982553622
Miami Grand Prix,2026-05-03,NOR,McLaren,44,True,0.4625670787197613,0.4625670787197613,0.4625670787197613,165.4757350582241
Miami Grand Prix,2026-05-03,NOR,McLaren,45,True,0.2394511680159308,0.19988010251427468,0.28820761192558386,163.24649044053646
Miami Grand Prix,2026-05-03,NOR,McLaren,47,True,0.201725384003705,0.14933738180049438,0.26051814738984547,161.5690248649002
Miami Grand Prix,2026-05-03,NOR,McLaren,51,True,0.2615757841965518,0.21590212309224377,0.31463428166333784,158.47548403353534
Miami Grand Prix,2026-05-03,NOR,McLaren,52,True,0.42798950858097484,0.3764456363517894,0.43053698890471814,240.5814823096008
Miami Grand Prix,2026-05-03,NOR,McLaren,53,True,0.42476288983530885,0.3848974940858003,0.42476288983530885,255.33979568189824
Miami Grand Prix,2026-05-03,NOR,McLaren,54,True,0.2100691269609598,0.1831978284133715,0.253555149380551,147.73663001809246
Miami Grand Prix,2026-05-03,NOR,McLaren,57,True,0.21601268509571625,0.1384960099739665,0.30277914787505544,155.72962026182086
Miami Grand Prix,2026-05-03,PIA,McLaren,3,False,0.0,0.0,0.0,142.13480294097693
Miami Grand Prix,2026-05-03,PIA,McLaren,12,True,0.5139787435543042,0.4009070554820653,0.5139787435543042,166.35643264864535
Miami Grand Prix,2026-05-03,PIA,McLaren,13,True,0.5483967528607128,0.5040451420272518,0.5483967528607128,184.4276759037776
Miami Grand Prix,2026-05-03,PIA,McLaren,18,True,0.2948122993827198,0.1837581587695798,0.2948122993827198,165.97205218702118
Miami Grand Prix,2026-05-03,PIA,McLaren,20,True,0.46207867423466276,0.33576000010395646,0.46207867423466276,165.0529309674456
Miami Grand Prix,2026-05-03,PIA,McLaren,21,True,0.33495408941872107,0.2687665793675791,0.33495408941872107,196.10405736658961
Miami Grand Prix,2026-05-03,PIA,McLaren,22,True,0.6716457863198517,0.5716819639559478,0.6716457863198517,206.14088235993398
Miami Grand Prix,2026-05-03,PIA,McLaren,23,True,0.7839033356987564,0.6751639070030713,0.7839033356987564,151.4450246959397
Miami Grand Prix,2026-05-03,PIA,McLaren,25,True,0.6375621877769699,0.6375621877769699,0.6375621877769699,186.5420829281526
Miami Grand Prix,2026-05-03,PIA,McLaren,30,True,0.5776047620842348,0.4697806434033165,0.5776047620842348,169.3422227417078
Miami Grand Prix,2026-05-03,PIA,McLaren,33,True,0.2181409008430606,0.1834125399856994,0.22077286248814332,183.96873506906192
Miami Grand Prix,2026-05-03,PIA,McLaren,34,True,0.27394273143252335,0.18871522656804451,0.2751042336267453,159.93135134357954
Miami Grand Prix,2026-05-03,PIA,McLaren,35,True,0.8192579970467175,0.8192579970467175,0.8192579970467175,203.6851019086378
Miami Grand Prix,2026-05-03,PIA,McLaren,36,True,0.7534972885693136,0.6381769870231047,0.7534972885693136,222.70939758201112
Miami Grand Prix,2026-05-03,PIA,McLaren,37,True,0.5372135098871027,0.5372135098871027,0.5852749496487917,194.5961685153225
Miami Grand Prix,2026-05-03,PIA,McLaren,40,True,0.6964609235603056,0.5569140402563786,0.6964609235603056,170.9366862376714
Miami Grand Prix,2026-05-03,PIA,McLaren,41,True,0.5015049652045196,0.5015049652045196,0.5015049652045196,180.97935506316728
Miami Grand Prix,2026-05-03,PIA,McLaren,46,True,0.3182444227737058,0.3182444227737058,0.3182444227737058,182.2567236910469
Miami Grand Prix,2026-05-03,PIA,McLaren,51,True,0.6180167849906049,0.49652365378813634,0.6180167849906049,170.8239374668498
Miami Grand Prix,2026-05-03,PIA,McLaren,52,True,0.28477636542587526,0.2470821939328509,0.34425631216399033,175.04022442138518
Miami Grand Prix,2026-05-03,PIA,McLaren,55,True,0.3482712432332029,0.2348409965517071,0.34933449857703636,190.2294459091771
Miami Grand Prix,2026-05-03,PIA,McLaren,56,True,0.31640457958311785,0.2387596241150387,0.31827912335660535,189.20083854698356
Miami Grand Prix,2026-05-03,RUS,Mercedes,13,False,0.0,0.0,0.0,191.0107682227803
Miami Grand Prix,2026-05-03,RUS,Mercedes,22,False,0.0,0.0,0.0,198.3184742375991
Miami Grand Prix,2026-05-03,RUS,Mercedes,23,True,0.08970490288355215,0.031145620744814195,0.08970490288355215,157.66115084731962
Miami Grand Prix,2026-05-03,RUS,Mercedes,24,False,0.0,0.0,0.0,289.9505469613789
Miami Grand Prix,2026-05-03,RUS,Mercedes,27,True,0.09670577904648248,0.05569185990150416,0.16133220351435718,138.7524140292678
Miami Grand Prix,2026-05-03,RUS,Mercedes,28,True,0.08748192570698698,0.0631737637050378,0.12982985221484888,135.98733902638466
Miami Grand Prix,2026-05-03,RUS,Mercedes,29,True,0.13836797628540864,0.09287172694637569,0.1823020313820365,123.47753694857212
Miami Grand Prix,2026-05-03,RUS,Mercedes,30,True,0.05125257579602582,0.025310842961658864,0.10454197559602108,136.89573972345283
Miami Grand Prix,2026-05-03,RUS,Mercedes,33,False,0.0,0.0,0.0,
Miami Grand Prix,2026-05-03,RUS,Mercedes,34,True,0.13303851841601144,0.12846606057955867,0.13303851841601144,132.62097029472275
Miami Grand Prix,2026-05-03,RUS,Mercedes,35,True,-0.04308580215583291,-0.05481598301205359,-0.03160208650541918,197.97300164453395
Miami Grand Prix,2026-05-03,RUS,Mercedes,36,True,-0.043369643420898996,-0.08815096808513978,-0.043369643420898996,
Miami Grand Prix,2026-05-03,RUS,Mercedes,37,True,0.14524378232254342,0.09634857388764928,0.14524378232254342,208.54601571395375
Miami Grand Prix,2026-05-03,RUS,Mercedes,40,False,0.0,0.0,0.0,146.13435600190573
Miami Grand Prix,2026-05-03,RUS,Mercedes,41,True,0.17738960249403135,0.13766671273717712,0.2131498564952352,142.47821768188484
Miami Grand Prix,2026-05-03,RUS,Mercedes,43,True,0.17771881541575674,0.12850928641283588,0.24722817983952616,131.52709888283735
Miami Grand Prix,2026-05-03,RUS,Mercedes,50,True,0.21901133223303404,0.14470982168758617,0.3005625521671611,125.57882595242278
Miami Grand Prix,2026-05-03,RUS,Mercedes,51,True,0.15712700177792982,0.11591115991483569,0.1927549995730775,129.98215108163134
Miami Grand Prix,2026-05-03,RUS,Mercedes,56,False,0.0,0.0,0.0,214.3356580799393
Miami Grand Prix,2026-05-03,VER,Red Bull Racing,3,True,0.49454969880471467,0.49454969880471467,0.49454969880471467,144.46738956059446
Miami Grand Prix,2026-05-03,VER,Red Bull Racing,5,True,0.269415828279822,0.2193545089456581,0.2712047848282175,179.346796219024
Miami Grand Prix,2026-05-03,VER,Red Bull Racing,12,True,0.12921845015285527,0.08413527166888635,0.16353274218536562,
Miami Grand Prix,2026-05-03,VER,Red Bull Racing,14,True,0.21643865241705917,0.1450737366478645,0.28481294996855233,180.99667622707324
Miami Grand Prix,2026-05-03,VER,Red Bull Racing,16,True,0.11302673128165708,0.09425411315138632,0.1426175934154159,
Miami Grand Prix,2026-05-03,VER,Red Bull Racing,17,True,0.3901036435146015,0.2399407448584796,0.3901036435146015,161.49736427412492
Miami Grand Prix,2026-05-03,VER,Red Bull Racing,20,True,0.26709360865012854,0.23289146774678038,0.2688241164113414,201.22120861719492
Miami Grand Prix,2026-05-03,VER,Red Bull Racing,21,True,0.6338420307056598,0.5193835924306676,0.6338420307056598,172.0518202609938
Miami Grand Prix,2026-05-03,VER,Red Bull Racing,22,True,0.20556622212638764,0.16745527457389997,0.26090613907294014,168.4561923340853
Miami Grand Prix,2026-05-03,VER,Red Bull Racing,23,True,0.25274933110563147,0.194808807725666,0.3235941520814851,169.66783101637978
Miami Grand Prix,2026-05-03,VER,Red Bull Racing,25,True,0.17865378391825537,0.0881149044004843,0.26641809118779136,150.37167278776832
Miami Grand Prix,2026-05-03,VER,Red Bull Racing,27,True,0.2556906582917051,0.2186546869828625,0.3144127474856777,163.86749557450383
Miami Grand Prix,2026-05-03,VER,Red Bull Racing,29,True,0.7081539792641678,0.575608065933455,0.7081539792641678,180.02121776443343
Miami Grand Prix,2026-05-03,VER,Red Bull Racing,30,True,0.2546880196833943,0.22640181301299656,0.2931278830436863,171.72059497288612
Miami Grand Prix,2026-05-03,VER,Red Bull Racing,31,True,0.18886660343226858,0.15884367401912947,0.23457405823163668,168.19812689745257
Miami Grand Prix,2026-05-03,VER,Red Bull Racing,32,True,0.2021645520968498,0.17632159187884255,0.22968435453687874,175.870703406198
Miami Grand Prix,2026-05-03,VER,Red Bull Racing,34,True,0.31193490289993875,0.28993224222603864,0.3365841224262951,173.74346799870986
Miami Grand Prix,2026-05-03,VER,Red Bull Racing,36,True,0.3460668910466982,0.29278611870253,0.40933963685381336,192.83868626437555
Miami Grand Prix,2026-05-03,VER,Red Bull Racing,37,True,0.3837963152599144,0.3380623422038145,0.4512397987718053,178.40746003285898
Miami Grand Prix,2026-05-03,VER,Red Bull Racing,40,True,0.23765865727259516,0.23765865727259516,0.24757357942342928,174.44410019875792
Miami Grand Prix,2026-05-03,VER,Red Bull Racing,41,True,0.2226070321705027,0.21817503247265613,0.2226070321705027,153.6555407296202
Miami Grand Prix,2026-05-03,VER,Red Bull Racing,42,True,0.3024720980201856,0.24370012467534252,0.373657175746839,180.30101764117165
Miami Grand Prix,2026-05-03,VER,Red Bull Racing,46,True,0.29327778111521674,0.26557076290504966,0.326061357801656,166.8965387127543
Miami Grand Prix,2026-05-03,VER,Red Bull Racing,51,True,0.20044636151400574,0.13258880062213052,0.25102742014350454,142.9941021495464
Miami Grand Prix,2026-05-03,VER,Red Bull Racing,52,True,0.21720612795826,0.21720612795826,0.21720612795826,168.2555432573408
Miami Grand Prix,2026-05-03,VER,Red Bull Racing,55,True,0.22053426850675528,0.20778742749677903,0.2304200051457741,166.87155245771294
Miami Grand Prix,2026-05-03,VER,Red Bull Racing,56,True,0.24634914332245472,0.23837621136969922,0.2505738982223704,169.29376191831284
Miami Grand Prix,2026-05-03,HAM,Ferrari,3,True,0.4363853193552565,0.4363853193552565,0.4363853193552565,152.75510705998173
Miami Grand Prix,2026-05-03,HAM,Ferrari,12,True,0.4174674461892032,0.29238989774015955,0.4174674461892032,108.45355305414016
Miami Grand Prix,2026-05-03,HAM,Ferrari,14,True,0.20145174810809685,0.15947034058500087,0.2033344988275232,238.26255215478875
Miami Grand Prix,2026-05-03,HAM,Ferrari,18,True,0.3169986891738876,0.252412994807516,0.3169986891738876,347.48814050527704
Miami Grand Prix,2026-05-03,HAM,Ferrari,20,True,0.379384868432842,0.379384868432842,0.41972432174518737,165.7146761578167
Miami Grand Prix,2026-05-03,HAM,Ferrari,21,True,0.5790509300193651,0.40975637983991575,0.5790509300193651,204.18655365013808
Miami Grand Prix,2026-05-03,HAM,Ferrari,22,True,0.5019478037354013,0.4870945983499695,0.5019478037354013,207.29320382297138
Miami Grand Prix,2026-05-03,HAM,Ferrari,23,True,0.6388098976307095,0.6388098976307095,0.6388098976307095,198.24643080620902
Miami Grand Prix,2026-05-03,HAM,Ferrari,25,True,0.38300063972674003,0.38300063972674003,0.38300063972674003,157.93833643767127
Miami Grand Prix,2026-05-03,HAM,Ferrari,29,True,0.5006762937296276,0.46959175796323116,0.5006762937296276,184.42592203538507
Miami Grand Prix,2026-05-03,HAM,Ferrari,33,True,0.2873434061302138,0.28334112753301,0.2964750429921619,181.00150474967566
Miami Grand Prix,2026-05-03,HAM,Ferrari,34,True,0.513115654560913,0.46822436421834013,0.513115654560913,163.0694708614967
Miami Grand Prix,2026-05-03,HAM,Ferrari,36,True,0.3014804373505626,0.23380120692011097,0.3687355892891073,154.7210714377131
Miami Grand Prix,2026-05-03,HAM,Ferrari,38,True,0.44762958302022327,0.44762958302022327,0.44762958302022327,196.7552014430359
Miami Grand Prix,2026-05-03,HAM,Ferrari,39,True,0.722506154518932,0.6338155668835306,0.722506154518932,196.07808103239861
Miami Grand Prix,2026-05-03,HAM,Ferrari,40,True,0.5862703728433871,0.5862703728433871,0.5862703728433871,215.10138149320395
Miami Grand Prix,2026-05-03,HAM,Ferrari,41,True,0.3483892692859403,0.32914792760672107,0.36289835273357873,211.88027092674827
Miami Grand Prix,2026-05-03,HAM,Ferrari,43,True,0.6366151511893836,0.6278183604118581,0.6366151511893836,231.62084971896
Miami Grand Prix,2026-05-03,HAM,Ferrari,44,True,0.4178779702286146,0.4178779702286146,0.4178779702286146,174.1235846696797
Miami Grand Prix,2026-05-03,HAM,Ferrari,45,True,0.5111082458494707,0.5111082458494707,0.5111082458494707,175.84474998806033
Miami Grand Prix,2026-05-03,HAM,Ferrari,48,True,0.49044421849023934,0.4126235408790091,0.49044421849023934,185.95950039349648
Miami Grand Prix,2026-05-03,HAM,Ferrari,49,True,0.46768066808438213,0.46768066808438213,0.46768066808438213,177.64290608594135
Miami Grand Prix,2026-05-03,HAM,Ferrari,50,True,0.4661721233310061,0.4661721233310061,0.4661721233310061,157.67113935198205
Miami Grand Prix,2026-05-03,HAM,Ferrari,51,True,0.49375785053176635,0.43108454710144173,0.49375785053176635,171.58264796291698
Miami Grand Prix,2026-05-03,HAM,Ferrari,52,True,0.3064460240136544,0.3064460240136544,0.3064460240136544,186.20341881578508
Miami Grand Prix,2026-05-03,HAM,Ferrari,54,True,0.5097260849762577,0.5097260849762577,0.5097260849762577,175.6345516142284
Miami Grand Prix,2026-05-03,HAM,Ferrari,56,True,0.5759726640471481,0.5759726640471481,0.6081298901216474,183.20024749586804
Miami Grand Prix,2026-05-03,COL,Alpine,3,True,0.0702320281248543,0.011041284027408338,0.1345568232938259,131.76411165664393
Miami Grand Prix,2026-05-03,COL,Alpine,5,True,0.1910770032046596,0.15496762510179352,0.25285639325694476,181.94248755533516
Miami Grand Prix,2026-05-03,COL,Alpine,12,False,0.0,0.0,0.0,217.59369095667824
Miami Grand Prix,2026-05-03,COL,Alpine,14,True,0.20655677990344756,0.12199914361698738,0.27263751414471393,164.59344431758598
Miami Grand Prix,2026-05-03,COL,Alpine,16,True,0.009500191352961096,-0.01865875651925819,0.036421710482489544,158.30091280488162
Miami Grand Prix,2026-05-03,COL,Alpine,18,True,0.20903826630583033,0.16424801343240603,0.26933053366334114,151.468593578153
Miami Grand Prix,2026-05-03,COL,Alpine,20,True,0.47298417824828576,0.42676805034180987,0.47298417824828576,171.064298448341
Miami Grand Prix,2026-05-03,COL,Alpine,21,True,0.17550005711205152,0.13421930515989366,0.21898114427711768,136.87469743652028
Miami Grand Prix,2026-05-03,COL,Alpine,22,True,0.203412163810901,0.16722687121522917,0.24154471408030354,146.03961811888382
Miami Grand Prix,2026-05-03,COL,Alpine,23,True,0.1881012805459754,0.1310642825884738,0.25398981687351707,142.4828664072499
Miami Grand Prix,2026-05-03,COL,Alpine,24,True,0.2579148663212507,0.1794399770695403,0.32324781554244275,159.63776477083005
Miami Grand Prix,2026-05-03,COL,Alpine,25,True,0.2835677276111088,0.2835677276111088,0.2835677276111088,151.72989395255775
Miami Grand Prix,2026-05-03,COL,Alpine,26,True,0.2697246650064731,0.24217028658724438,0.3012274947184821,161.83954953644658
Miami Grand Prix,2026-05-03,COL,Alpine,27,True,0.21885865482558486,0.20518006888951135,0.2511171947444879,159.010654710075
Miami Grand Prix,2026-05-03,COL,Alpine,29,True,0.2655448895991199,0.2195132527113195,0.3286212654034202,173.07954529072646
Miami Grand Prix,2026-05-03,COL,Alpine,30,True,0.09754598887063182,0.09754598887063182,0.09754598887063182,167.9877639626693
Miami Grand Prix,2026-05-03,COL,Alpine,35,True,0.29232213017887965,0.22106360630941602,0.3726011910525031,173.33306438822189
Miami Grand Prix,2026-05-03,COL,Alpine,36,True,0.27447124773206255,0.2234531956061172,0.3327046432876113,175.8168411763841
Miami Grand Prix,2026-05-03,COL,Alpine,37,True,0.28613783466820486,0.23882594658370238,0.3507554507348285,165.01194615348638
Miami Grand Prix,2026-05-03,COL,Alpine,38,True,0.2923498515887548,0.2536636596959543,0.355867505880461,172.9137252440252
Miami Grand Prix,2026-05-03,COL,Alpine,42,True,0.26856600940803865,0.23289960030478696,0.32717726089332544,163.81856904862414
Miami Grand Prix,2026-05-03,COL,Alpine,43,True,0.3251369185112658,0.24352088725214394,0.4001414482415875,170.05948877813404
Miami Grand Prix,2026-05-03,COL,Alpine,50,True,0.18709683598404148,0.14257703905690455,0.2410801427739564,145.23927984870244
Miami Grand Prix,2026-05-03,COL,Alpine,51,True,0.5391981443434837,0.4757961578565766,0.5394165100242532,215.96890324620088
Miami Grand Prix,2026-05-03,COL,Alpine,52,True,0.36739072048372456,0.3261383285467403,0.42530657054215304,165.1316732140527
Miami Grand Prix,2026-05-03,COL,Alpine,53,True,0.33850213552554465,0.2860733227652936,0.4062589639453673,182.61261457034323
Miami Grand Prix,2026-05-03,COL,Alpine,54,True,0.36906543652958845,0.29090525298682834,0.4643969939717856,163.3007381791444
Miami Grand Prix,2026-05-03,COL,Alpine,55,True,0.2963706763670846,0.281763779907644,0.31989125321325673,159.86406425963446
Miami Grand Prix,2026-05-03,COL,Alpine,56,True,0.23769090986312236,0.15185803177475243,0.3528988839205738,157.92294811460332
Miami Grand Prix,2026-05-03,COL,Alpine,57,True,0.479731525042121,0.4551909885169714,0.479731525042121,242.725455537674
Miami Grand Prix,2026-05-03,LEC,Ferrari,3,True,0.5448861478540046,0.5448861478540046,0.5448861478540046,199.99028668230562
Miami Grand Prix,2026-05-03,LEC,Ferrari,13,True,0.6303296733880543,0.6303296733880543,0.6303296733880543,184.2554890194108
Miami Grand Prix,2026-05-03,LEC,Ferrari,18,True,0.26649365545307546,0.26649365545307546,0.2707152235073522,182.72463691492078
Miami Grand Prix,2026-05-03,LEC,Ferrari,20,True,0.38397885017183775,0.31865399488827784,0.46820119426854845,199.51319903333444
Miami Grand Prix,2026-05-03,LEC,Ferrari,24,True,0.17360159488959326,0.0972938540373871,0.22825277112934117,152.50458644686174
Miami Grand Prix,2026-05-03,LEC,Ferrari,25,True,0.1909444258001436,0.15378396849296827,0.1909444258001436,205.3136116262817
Miami Grand Prix,2026-05-03,LEC,Ferrari,27,True,0.17440284518600713,0.13950681312228852,0.23042359755687336,148.98903358606663
Miami Grand Prix,2026-05-03,LEC,Ferrari,28,True,0.3243447421826122,0.26456977200893306,0.32598430103715614,233.9849477491965
Miami Grand Prix,2026-05-03,LEC,Ferrari,30,True,0.22549132847519893,0.06912909132827316,0.225784050903016,191.53677626151952
Miami Grand Prix,2026-05-03,LEC,Ferrari,33,True,0.39180115046112185,0.39180115046112185,0.39180115046112185,187.3852737156168
Miami Grand Prix,2026-05-03,LEC,Ferrari,35,True,0.3982427180650454,0.37489258230648836,0.4188794649657499,195.57236724776226
Miami Grand Prix,2026-05-03,LEC,Ferrari,36,True,0.732424761047163,0.6849169730817124,0.732424761047163,177.20620286338246
Miami Grand Prix,2026-05-03,LEC,Ferrari,37,True,0.6737398853203391,0.6737398853203391,0.6737398853203391,177.87372352339582
Miami Grand Prix,2026-05-03,LEC,Ferrari,40,True,0.647999426338016,0.647999426338016,0.647999426338016,187.01181140827686
Miami Grand Prix,2026-05-03,LEC,Ferrari,41,True,0.6904058349527631,0.6904058349527631,0.6904058349527631,196.4799739276547
Miami Grand Prix,2026-05-03,LEC,Ferrari,43,True,0.5923127157015617,0.5923127157015617,0.5923127157015617,184.72148669264075
Miami Grand Prix,2026-05-03,LEC,Ferrari,46,True,0.22306670793058636,0.19257836914447068,0.22518348297879776,223.98942960165547
Miami Grand Prix,2026-05-03,LEC,Ferrari,51,True,0.5861324335931677,0.5861324335931677,0.5861324335931677,184.71931204750445
Miami Grand Prix,2026-05-03,LEC,Ferrari,52,True,0.36673951545369654,0.35283615544724256,0.38677574365349976,172.06757417024076
Miami Grand Prix,2026-05-03,LEC,Ferrari,55,True,0.7035101636274899,0.7035101636274899,0.7035101636274899,179.16555555295287
Miami Grand Prix,2026-05-03,LEC,Ferrari,56,True,0.6933336088529725,0.6933336088529725,0.6933336088529725,185.6523424004013
Miami Grand Prix,2026-05-03,SAI,Williams,3,True,0.10658347921362576,0.0668534429777683,0.10658347921362576,199.91852611324606
Miami Grand Prix,2026-05-03,SAI,Williams,4,True,0.11118079309672879,0.03956995254600493,0.11118079309672879,237.5467879021087
Miami Grand Prix,2026-05-03,SAI,Williams,5,True,0.15390864425688378,0.09018144450480747,0.15390864425688378,236.53378956244322
Miami Grand Prix,2026-05-03,SAI,Williams,14,False,0.0,0.0,0.0,147.18020582857602
Miami Grand Prix,2026-05-03,SAI,Williams,16,True,0.2918996316568041,0.19845385761645673,0.38017785635674883,167.1380538181448
Miami Grand Prix,2026-05-03,SAI,Williams,17,True,0.1936514698949292,0.1936514698949292,0.20740963240616317,141.75990266162833
Miami Grand Prix,2026-05-03,SAI,Williams,20,True,0.39587717776858433,0.39587717776858433,0.39587717776858433,196.16869079744313
Miami Grand Prix,2026-05-03,SAI,Williams,21,True,0.28344397378779895,0.17044158712432456,0.4242043063255778,159.5680965007743
Miami Grand Prix,2026-05-03,SAI,Williams,22,True,0.3072051704364842,0.2777214861495736,0.3340320450813774,155.91080297407143
Miami Grand Prix,2026-05-03,SAI,Williams,23,True,0.13643779178021553,0.11263974625382467,0.17192053665934814,140.21386825300328
Miami Grand Prix,2026-05-03,SAI,Williams,24,True,0.31867296624333186,0.21779665121312242,0.40936876852368087,151.55858153183848
Miami Grand Prix,2026-05-03,SAI,Williams,25,True,0.2587472437395082,0.23215050134051474,0.2892173369323672,159.17573298093404
Miami Grand Prix,2026-05-03,SAI,Williams,27,True,0.28406363886927544,0.24566631538992034,0.2857388570383854,212.84255890299693
Miami Grand Prix,2026-05-03,SAI,Williams,35,True,0.29370529147331226,0.24383198586639487,0.34901134123251154,157.689831052298
Miami Grand Prix,2026-05-03,SAI,Williams,36,True,0.20031076704701967,0.20031076704701967,0.20031076704701967,147.9116048026209
Miami Grand Prix,2026-05-03,SAI,Williams,39,True,0.20281627796984836,0.20281627796984836,0.20281627796984836,138.41151320969252
Miami Grand Prix,2026-05-03,SAI,Williams,40,True,0.3606366491312478,0.33150862635810974,0.36252992548009644,260.2298080159844
Miami Grand Prix,2026-05-03,SAI,Williams,41,True,0.31405639521409867,0.26162136064976593,0.37227620786911686,167.57013532131202
Miami Grand Prix,2026-05-03,SAI,Williams,42,True,0.271019219151297,0.19849571761427853,0.35073134892845736,178.95189006288626
Miami Grand Prix,2026-05-03,SAI,Williams,43,True,0.30357561357913276,0.25061584042187235,0.36389994005157433,171.3076833301385
Miami Grand Prix,2026-05-03,SAI,Williams,44,True,0.19813467885581204,0.10561091242977483,0.30050486932295684,142.7182098224335
Miami Grand Prix,2026-05-03,SAI,Williams,45,True,0.2705793333221127,0.16866462808008187,0.3898349064155653,152.56615512995847
Miami Grand Prix,2026-05-03,SAI,Williams,46,True,0.2088667406200564,0.16916484559379086,0.28493135864448504,146.8567122156724
Miami Grand Prix,2026-05-03,SAI,Williams,47,True,0.22224802774439034,0.16013029980017812,0.2940828291260935,144.36876724426935
Miami Grand Prix,2026-05-03,SAI,Williams,51,True,0.21602830944626739,0.18805555862276435,0.2614559516657149,149.56088478079113
Miami Grand Prix,2026-05-03,SAI,Williams,52,True,0.1700762418721311,0.1521634662645699,0.19849227765724464,152.4162177835034
Miami Grand Prix,2026-05-03,SAI,Williams,56,True,0.16049107064157653,0.09096575748180769,0.23703970713339118,145.9860658002036
Miami Grand Prix,2026-05-03,SAI,Williams,57,True,0.17021005603808526,0.16578700033143612,0.1856660569816082,137.85028327313015
Miami Grand Prix,2026-05-03,ALB,Williams,3,True,0.15841727398648153,0.11093918852534834,0.15841727398648153,220.8901858118212
Miami Grand Prix,2026-05-03,ALB,Williams,4,True,0.12100249411848729,0.07703988062951872,0.12100249411848729,221.92961500895257
Miami Grand Prix,2026-05-03,ALB,Williams,5,True,0.30983083787685395,0.30983083787685395,0.36364719695821357,156.58086101568367
Miami Grand Prix,2026-05-03,ALB,Williams,12,True,0.3064111776702205,0.26432017659777785,0.3067716875267017,
Miami Grand Prix,2026-05-03,ALB,Williams,14,True,0.1653075893356295,0.11944779851662624,0.1653075893356295,239.6608900571796
Miami Grand Prix,2026-05-03,ALB,Williams,16,True,0.19904638497722082,0.14813870373801663,0.2004679404658294,167.58168355661496
Miami Grand Prix,2026-05-03,ALB,Williams,19,True,0.26609077943151327,0.220265737017872,0.32621565428476806,158.8944978823954
Miami Grand Prix,2026-05-03,ALB,Williams,20,True,0.27902051648921145,0.21533509863185607,0.3487449210717539,172.41701702085322
Miami Grand Prix,2026-05-03,ALB,Williams,21,True,0.2653306684077563,0.2295439721152075,0.31791177998561615,223.09828568156306
Miami Grand Prix,2026-05-03,ALB,Williams,22,True,0.2561213333115848,0.22858359480517976,0.30503769812660764,175.86743882503768
Miami Grand Prix,2026-05-03,ALB,Williams,24,True,0.18668721365652985,0.13378078986775677,0.2457779023584976,138.60437421852077
Miami Grand Prix,2026-05-03,ALB,Williams,25,True,0.22425783595989834,0.20040686745607594,0.22658051479187513,207.1905030651923
Miami Grand Prix,2026-05-03,ALB,Williams,29,True,0.07393260002170088,0.03200638232944364,0.12366754603442409,
Miami Grand Prix,2026-05-03,ALB,Williams,33,True,0.20870599646801047,0.18440488535707544,0.237659480441744,158.09954000079438
Miami Grand Prix,2026-05-03,ALB,Williams,35,True,0.277074981092186,0.277074981092186,0.277074981092186,179.19680294214703
Miami Grand Prix,2026-05-03,ALB,Williams,36,True,0.2524880513789398,0.20927899815426088,0.31031294304045254,156.62810821054725
Miami Grand Prix,2026-05-03,ALB,Williams,37,True,0.5052458542282974,0.4651926723109163,0.5052458542282974,184.82127176889514
Miami Grand Prix,2026-05-03,ALB,Williams,38,True,0.14412753031605696,0.11920658520616634,0.17732138503326667,147.8546676922672
Miami Grand Prix,2026-05-03,ALB,Williams,39,True,0.15431281319920664,0.09720239800834207,0.21287526456116268,159.07385762756545
Miami Grand Prix,2026-05-03,ALB,Williams,40,True,0.12274001079637031,0.12274001079637031,0.12274001079637031,146.0422054249778
Miami Grand Prix,2026-05-03,ALB,Williams,41,True,0.1899411957867656,0.15080246732355285,0.24688212853903302,157.78156631568595
Miami Grand Prix,2026-05-03,ALB,Williams,43,True,0.16225432202931245,0.1230914750275609,0.2278197990134565,140.34503713881747
Miami Grand Prix,2026-05-03,ALB,Williams,46,True,0.11203282512332358,0.08608564466353741,0.1534713023242258,125.1896971598955
Miami Grand Prix,2026-05-03,ALB,Williams,47,True,0.06669187906818941,0.02549112791959729,0.11397783331949363,134.7380023687819
Miami Grand Prix,2026-05-03,ALB,Williams,49,True,0.039105174417382926,0.022121332433123087,0.07268961333296176,150.48843023907747
Miami Grand Prix,2026-05-03,ALB,Williams,50,True,0.08130943226792553,0.024456933083571997,0.13733798548274123,147.08338840394921
Miami Grand Prix,2026-05-03,ALB,Williams,53,True,0.062199189132035926,0.036555011802587245,0.096011477180733,129.7567778270669
Miami Grand Prix,2026-05-03,ALB,Williams,54,True,0.0791724502325053,0.006142591003049702,0.16741809635320948,126.73106463900692
Miami Grand Prix,2026-05-03,ALB,Williams,56,True,0.0729745727055846,0.00018276837158204273,0.14681887770220925,132.24160751970192
Miami Grand Prix,2026-05-03,ALB,Williams,57,True,0.12339410546488061,0.10095536547769512,0.15904881183116082,149.67973416418624
Miami Grand Prix,2026-05-03,BEA,Haas F1 Team,3,True,0.4669216394219866,0.31750633462720046,0.4669216394219866,150.82801352380096
Miami Grand Prix,2026-05-03,BEA,Haas F1 Team,5,True,0.3896391328387985,0.3580543445848061,0.3896391328387985,238.73899649825069
Miami Grand Prix,2026-05-03,BEA,Haas F1 Team,12,True,0.16323880967627247,0.1006139554742127,0.23423427447642808,78.95653667585768
Miami Grand Prix,2026-05-03,BEA,Haas F1 Team,14,True,0.20518965517230114,0.18158126101477734,0.20518965517230114,203.95297898833607
Miami Grand Prix,2026-05-03,BEA,Haas F1 Team,15,True,0.24829926322329676,0.24829926322329676,0.2511869190717153,176.55725046524756
Miami Grand Prix,2026-05-03,BEA,Haas F1 Team,16,True,0.2539291493705136,0.2161549440297872,0.2551769615629542,189.86543193831423
Miami Grand Prix,2026-05-03,BEA,Haas F1 Team,19,True,0.18070141142198004,0.14123770161403115,0.18070141142198004,218.50918853590767
Miami Grand Prix,2026-05-03,BEA,Haas F1 Team,20,True,0.1536265913806698,0.13727225000609522,0.155463239515937,211.27045269993994
Miami Grand Prix,2026-05-03,BEA,Haas F1 Team,21,True,0.21665400950093883,0.1927177076941824,0.21665400950093883,224.56635933878493
Miami Grand Prix,2026-05-03,BEA,Haas F1 Team,22,True,0.1932187573842743,0.0494050475211143,0.2792725306347812,148.4596418372739
Miami Grand Prix,2026-05-03,BEA,Haas F1 Team,24,True,0.3623862940198528,0.3441135919119187,0.3630694538032664,211.91399796598273
Miami Grand Prix,2026-05-03,BEA,Haas F1 Team,25,True,0.19858001533247283,0.18608826869154171,0.23200332706243287,167.0770843451695
Miami Grand Prix,2026-05-03,BEA,Haas F1 Team,29,True,0.2517111191644439,0.1951200516257181,0.31122399991768646,153.11611293797705
Miami Grand Prix,2026-05-03,BEA,Haas F1 Team,33,True,0.25005775353984205,0.22461493371245567,0.28811486532322306,159.63794768029658
Miami Grand Prix,2026-05-03,BEA,Haas F1 Team,34,True,0.21584905845639568,0.1936226026608061,0.250563509743996,172.5602773002976
Miami Grand Prix,2026-05-03,BEA,Haas F1 Team,35,True,0.3035074327721805,0.21455023881019386,0.3663949205161696,156.04782578080483
Miami Grand Prix,2026-05-03,BEA,Haas F1 Team,37,True,0.13048267963498184,0.11855737822727441,0.15466150986192595,168.4266854652529
Miami Grand Prix,2026-05-03,BEA,Haas F1 Team,38,True,0.28593426581651116,0.28593426581651116,0.2871721224116186,181.17841845706707
Miami Grand Prix,2026-05-03,BEA,Haas F1 Team,39,True,0.18638607905321436,0.15531460108555173,0.18638607905321436,243.42633185648674
Miami Grand Prix,2026-05-03,BEA,Haas F1 Team,40,True,0.2346789014667099,0.20036208609738182,0.2346789014667099,216.58568781680864
Miami Grand Prix,2026-05-03,BEA,Haas F1 Team,41,True,0.2413572319424091,0.20576715948795865,0.2413572319424091,245.87507256270118
Miami Grand Prix,2026-05-03,BEA,Haas F1 Team,45,True,0.16055191904481347,0.1434864468882182,0.17949323816503693,162.13102482673693
Miami Grand Prix,2026-05-03,BEA,Haas F1 Team,46,True,0.19174825229127102,0.15461180190791524,0.23268139535930743,153.45648876406878
Miami Grand Prix,2026-05-03,BEA,Haas F1 Team,47,True,0.17254110079776908,0.13387794767756667,0.22191652030674014,161.02042749255665
Miami Grand Prix,2026-05-03,BEA,Haas F1 Team,48,True,0.30121471912589115,0.2635209722569556,0.3550886450947637,175.19595545448422
Miami Grand Prix,2026-05-03,BEA,Haas F1 Team,49,True,0.2831767737725759,0.22792395299167367,0.36356171924421865,177.56424718012633
Miami Grand Prix,2026-05-03,BEA,Haas F1 Team,50,True,0.41994818235865594,0.28904712453502057,0.5411641312499533,182.83174014845895
Miami Grand Prix,2026-05-03,BEA,Haas F1 Team,53,True,0.33783940068870066,0.3099344014854033,0.36311798999141587,191.690397644304
Miami Grand Prix,2026-05-03,BEA,Haas F1 Team,54,True,0.06546049161305234,0.054493194151303825,0.08438329047908333,211.14572025698524
Miami Grand Prix,2026-05-03,BEA,Haas F1 Team,56,True,0.26778563727124194,0.24151053830458835,0.3053695394726894,176.24055156486384
Miami Grand Prix,2026-05-03,BOR,Audi,2,True,0.15753733123355929,0.12051903695987498,0.15753733123355929,199.47451695327044
Miami Grand Prix,2026-05-03,BOR,Audi,3,True,0.0544514690197051,0.0008165125749783897,0.0544514690197051,174.61869493921145
Miami Grand Prix,2026-05-03,BOR,Audi,12,False,0.0,0.0,0.0,
Miami Grand Prix,2026-05-03,BOR,Audi,14,True,0.03859712249191105,-0.04722402594626551,0.12192709581301386,117.12800794486694
Miami Grand Prix,2026-05-03,BOR,Audi,19,True,0.12164067015875091,0.07695165010717808,0.12164067015875091,227.60755918491958
Miami Grand Prix,2026-05-03,BOR,Audi,20,True,0.4674229540074659,0.4674229540074659,0.4674229540074659,203.06241307083755
Miami Grand Prix,2026-05-03,BOR,Audi,21,True,0.2965156181674278,0.2587847202242415,0.34724862855805405,175.88440499909638
Miami Grand Prix,2026-05-03,BOR,Audi,22,True,0.36431863456227553,0.350593937776269,0.39205415415554157,183.9340452888794
Miami Grand Prix,2026-05-03,BOR,Audi,24,True,0.5997336092562211,0.4533782358299394,0.5997336092562211,165.59064558780452
Miami Grand Prix,2026-05-03,BOR,Audi,25,True,0.7024441626351337,0.5890112992876428,0.7024441626351337,171.7039495856433
Miami Grand Prix,2026-05-03,BOR,Audi,27,True,0.5878311024684049,0.4775803434848491,0.5878311024684049,160.2967456607381
Miami Grand Prix,2026-05-03,BOR,Audi,28,True,0.7408566722971113,0.6500608464414128,0.7408566722971113,178.83812247881892
Miami Grand Prix,2026-05-03,BOR,Audi,29,True,0.7262630960524081,0.7262630960524081,0.7262630960524081,
Miami Grand Prix,2026-05-03,BOR,Audi,30,True,0.6018765691563228,0.6018765691563228,0.6018765691563228,198.96918251947025
Miami Grand Prix,2026-05-03,BOR,Audi,35,True,0.675085964682955,0.675085964682955,0.7373876216882795,126.99200590143019
Miami Grand Prix,2026-05-03,BOR,Audi,37,True,0.7487545257331139,0.7487545257331139,0.7487545257331139,131.2285943206708
Miami Grand Prix,2026-05-03,BOR,Audi,40,True,0.7092292937651443,0.6936254850598917,0.7092292937651443,157.9510747022456
Miami Grand Prix,2026-05-03,BOR,Audi,41,True,0.7183848013120322,0.7183848013120322,0.7183848013120322,
Miami Grand Prix,2026-05-03,BOR,Audi,43,True,0.5054002922613368,0.3087008013854824,0.5054002922613368,153.09791924859155
Miami Grand Prix,2026-05-03,BOR,Audi,44,True,0.11909089759825342,0.03477581645225847,0.1206708425646017,212.55244359408232
Miami Grand Prix,2026-05-03,BOR,Audi,45,True,0.42351555150966824,0.3710326938178312,0.4239243008002198,170.11851844984864
Miami Grand Prix,2026-05-03,BOR,Audi,46,True,0.4472138539206334,0.3369629079918557,0.4481132665352643,159.57594838911137
Miami Grand Prix,2026-05-03,BOR,Audi,48,True,0.7848974670329767,0.698513250539337,0.7848974670329767,204.76626901212725
Miami Grand Prix,2026-05-03,BOR,Audi,50,False,0.0,0.0,0.0,
Miami Grand Prix,2026-05-03,BOR,Audi,51,True,0.4735441098736519,0.4735441098736519,0.4735441098736519,169.1116270264425
Miami Grand Prix,2026-05-03,BOR,Audi,52,True,0.1304376966272347,0.1304376966272347,0.13466284095933645,140.68146214442143
Miami Grand Prix,2026-05-03,BOR,Audi,53,True,0.6720188386200032,0.6223928576918567,0.6723744519715584,184.57491947927596
Miami Grand Prix,2026-05-03,BOR,Audi,55,True,0.6927762266502402,0.5211717758013421,0.6927762266502402,152.53172652511964
Miami Grand Prix,2026-05-03,BOR,Audi,56,True,0.607547213490669,0.607547213490669,0.607547213490669,178.56520459793632
Miami Grand Prix,2026-05-03,OCO,Haas F1 Team,3,True,0.20708843396895737,0.17619077122944304,0.20882730748367528,199.62719158276488
Miami Grand Prix,2026-05-03,OCO,Haas F1 Team,5,True,0.29616820036077307,0.2550241897407801,0.2971953089717321,208.36271098358964
Miami Grand Prix,2026-05-03,OCO,Haas F1 Team,12,True,0.16799579155431488,0.1436615768784204,0.19139724241078326,
Miami Grand Prix,2026-05-03,OCO,Haas F1 Team,14,True,0.20596932676909852,0.1618265385306028,0.20596932676909852,218.64847339740578
Miami Grand Prix,2026-05-03,OCO,Haas F1 Team,19,True,0.5143413789907694,0.39735427623137554,0.5143413789907694,173.49034888874453
Miami Grand Prix,2026-05-03,OCO,Haas F1 Team,20,True,0.3179324148959548,0.3179324148959548,0.3179324148959548,187.49626523031043
Miami Grand Prix,2026-05-03,OCO,Haas F1 Team,21,True,0.49649211195452025,0.48156548468303484,0.49649211195452025,168.30317126429608
Miami Grand Prix,2026-05-03,OCO,Haas F1 Team,22,True,0.2368424888568299,0.2368424888568299,0.2368424888568299,180.48599718178636
Miami Grand Prix,2026-05-03,OCO,Haas F1 Team,24,True,0.27953497813359895,0.26531496212384376,0.2991921185788584,172.41510197576366
Miami Grand Prix,2026-05-03,OCO,Haas F1 Team,27,True,0.5661461315206004,0.48553793029305226,0.5661461315206004,173.14261171373283
Miami Grand Prix,2026-05-03,OCO,Haas F1 Team,28,True,0.5255272077609767,0.44668773578792376,0.5255272077609767,174.06688139032465
Miami Grand Prix,2026-05-03,OCO,Haas F1 Team,29,True,0.622265477381637,0.622265477381637,0.622265477381637,163.49773675367194
Miami Grand Prix,2026-05-03,OCO,Haas F1 Team,34,True,0.5171570655334694,0.5171570655334694,0.5171570655334694,181.9882254182495
Miami Grand Prix,2026-05-03,OCO,Haas F1 Team,35,True,0.7455350130545941,0.6045912806264777,0.7455350130545941,216.52712642549548
Miami Grand Prix,2026-05-03,OCO,Haas F1 Team,37,True,0.5353751448565411,0.5353751448565411,0.5353751448565411,196.08238093299497
Miami Grand Prix,2026-05-03,OCO,Haas F1 Team,41,True,0.6135170826814171,0.6135170826814171,0.6135170826814171,200.34557625222618
Miami Grand Prix,2026-05-03,OCO,Haas F1 Team,43,True,0.5426578516064477,0.5426578516064477,0.5426578516064477,163.15136333626333
Miami Grand Prix,2026-05-03,OCO,Haas F1 Team,45,True,0.7235244815791191,0.699307723387907,0.7235244815791191,192.03388112676055
Miami Grand Prix,2026-05-03,OCO,Haas F1 Team,46,True,0.33565690404734383,0.286239167636257,0.40969977987544226,183.8699668793349
Miami Grand Prix,2026-05-03,OCO,Haas F1 Team,48,True,0.31321874459401755,0.29985461152941895,0.3143991133942077,219.49692736278578
Miami Grand Prix,2026-05-03,OCO,Haas F1 Team,50,True,0.27315387206998665,0.25969491789821575,0.30757689246182984,168.04144522806575
Miami Grand Prix,2026-05-03,OCO,Haas F1 Team,51,True,0.19208667563318116,0.15735621167610603,0.22510350080908204,149.06329498853913
Miami Grand Prix,2026-05-03,OCO,Haas F1 Team,52,True,0.33406761654147665,0.28611272300780577,0.38720793332567993,184.88964943062473
Miami Grand Prix,2026-05-03,OCO,Haas F1 Team,53,True,0.32398464665905813,0.26965414788111275,0.40023841730771714,193.56815747951856
Miami Grand Prix,2026-05-03,OCO,Haas F1 Team,55,True,0.3315799105769308,0.31771659947407827,0.35288132671708894,170.60998051659269
Miami Grand Prix,2026-05-03,OCO,Haas F1 Team,56,True,0.40265743172246715,0.40265743172246715,0.40265743172246715,179.59931745547783
Miami Grand Prix,2026-05-03,LIN,Racing Bulls,3,True,0.4285801679127097,0.3420623450422031,0.4285801679127097,
Miami Grand Prix,2026-05-03,LIN,Racing Bulls,5,True,0.24694122179536926,0.22164776350229864,0.2792728264157702,181.18395933001943
Miami Grand Prix,2026-05-03,LIN,Racing Bulls,14,True,0.4940657063506144,0.4940657063506144,0.4940657063506144,
Miami Grand Prix,2026-05-03,LIN,Racing Bulls,19,True,0.28679612357487194,0.2642513998670335,0.31392081754972523,188.44979016054884
Miami Grand Prix,2026-05-03,LIN,Racing Bulls,20,True,0.2386791140028386,0.2166580565141487,0.2397260815696125,218.85309664645402
Miami Grand Prix,2026-05-03,LIN,Racing Bulls,21,True,0.16363958852773663,0.1353594055199494,0.16432680346912143,258.2852451681774
Miami Grand Prix,2026-05-03,LIN,Racing Bulls,23,True,0.028290450038710446,-0.023297381970357023,0.0905808921217357,
Miami Grand Prix,2026-05-03,LIN,Racing Bulls,24,True,0.02715239597903718,0.0041979981618602835,0.06890391382079919,113.6696995556519
Miami Grand Prix,2026-05-03,LIN,Racing Bulls,25,True,0.03359146635069443,0.010412981296342494,0.06255168601884975,
Miami Grand Prix,2026-05-03,LIN,Racing Bulls,27,True,0.32681110328867824,0.32681110328867824,0.32681110328867824,164.9772990137306
Miami Grand Prix,2026-05-03,LIN,Racing Bulls,30,True,0.22209719407315376,0.19933700640548935,0.24825227378817516,170.57961202551382
Miami Grand Prix,2026-05-03,LIN,Racing Bulls,31,True,0.21439828972629016,0.19080186964375834,0.23571249194170463,157.0014970133996
Miami Grand Prix,2026-05-03,LIN,Racing Bulls,32,True,0.18237852720717562,0.14562218705553143,0.22871438687103662,160.67203404920997
Miami Grand Prix,2026-05-03,LIN,Racing Bulls,33,False,0.0,0.0,0.0,
Miami Grand Prix,2026-05-03,LIN,Racing Bulls,34,True,0.2871292138181154,0.24945228957310128,0.32869032208767024,179.5346972541481
Miami Grand Prix,2026-05-03,LIN,Racing Bulls,35,True,0.25903329799895936,0.23356185515577188,0.29581249276891697,177.93606193027483
Miami Grand Prix,2026-05-03,LIN,Racing Bulls,36,True,0.298988650501089,0.22230012991941273,0.3828537955457971,177.6452279596671
Miami Grand Prix,2026-05-03,LIN,Racing Bulls,37,True,0.21613235002503828,0.20499653663907047,0.23232474450479046,185.68987991826705
Miami Grand Prix,2026-05-03,LIN,Racing Bulls,38,True,0.2621721763386393,0.24594006948891867,0.2801298483028134,174.0447112782664
Miami Grand Prix,2026-05-03,LIN,Racing Bulls,39,True,0.17397221891068781,0.17397221891068781,0.18270316916115625,172.72070587311802
Miami Grand Prix,2026-05-03,LIN,Racing Bulls,40,True,0.2460814041980619,0.19602674574062995,0.3007677044498891,170.6355362156709
Miami Grand Prix,2026-05-03,LIN,Racing Bulls,42,True,0.21890321110136668,0.2032588050250581,0.2377044744938921,181.87833819550428
Miami Grand Prix,2026-05-03,LIN,Racing Bulls,44,True,0.2403832160011774,0.20254345381851024,0.2864398336749616,164.6642637119062
Miami Grand Prix,2026-05-03,LIN,Racing Bulls,48,True,0.27412866730184504,0.20272776370642553,0.36225494920084955,169.85101430378202
Miami Grand Prix,2026-05-03,LIN,Racing Bulls,49,True,0.1535562820881733,0.1319168354320066,0.17734083025030323,168.17767017473687
Miami Grand Prix,2026-05-03,LIN,Racing Bulls,50,True,0.23592991085381598,0.13375252974265983,0.34091319685682464,175.7590293345119
Miami Grand Prix,2026-05-03,LIN,Racing Bulls,51,True,0.18309378245693075,0.15899916386224255,0.20661135409281606,174.0020531831738
Miami Grand Prix,2026-05-03,LIN,Racing Bulls,52,True,0.2319402768059753,0.15019257857135138,0.3329363016725715,176.99303094701312
Miami Grand Prix,2026-05-03,LIN,Racing Bulls,54,True,0.10090074662548432,0.10090074662548432,0.10090074662548432,112.4298299716336
Miami Grand Prix,2026-05-03,LIN,Racing Bulls,55,True,0.20820087992081682,0.19633502593965702,0.23923993011456623,170.32545911640483
Miami Grand Prix,2026-05-03,ALO,Aston Martin,2,True,0.049184501431431826,0.03916538095285915,0.049184501431431826,183.30221214193043
Miami Grand Prix,2026-05-03,ALO,Aston Martin,3,True,0.33912315502636936,0.33912315502636936,0.33912315502636936,181.83632594606817
Miami Grand Prix,2026-05-03,ALO,Aston Martin,5,True,0.3439452129707252,0.2563504558552676,0.3439452129707252,194.69564237964144
Miami Grand Prix,2026-05-03,ALO,Aston Martin,18,False,0.0,0.0,0.0,214.7609470459517
Miami Grand Prix,2026-05-03,ALO,Aston Martin,19,True,0.16999402247957818,0.114545565061416,0.16999402247957818,159.85963993685826
Miami Grand Prix,2026-05-03,ALO,Aston Martin,21,False,0.0,0.0,0.0,204.52704867407792
Miami Grand Prix,2026-05-03,ALO,Aston Martin,22,True,0.5854652447744595,0.5854652447744595,0.5854652447744595,166.825327881601
Miami Grand Prix,2026-05-03,ALO,Aston Martin,23,True,0.6936366585652181,0.6936366585652181,0.6936366585652181,169.44806778218967
Miami Grand Prix,2026-05-03,ALO,Aston Martin,25,False,0.0,0.0,0.0,174.3817681419499
Miami Grand Prix,2026-05-03,ALO,Aston Martin,26,False,0.0,0.0,0.0,180.14533401725564
Miami Grand Prix,2026-05-03,ALO,Aston Martin,27,True,0.5799215731630394,0.5799215731630394,0.5799215731630394,197.52187833557363
Miami Grand Prix,2026-05-03,ALO,Aston Martin,30,True,0.5182847069117482,0.5182847069117482,0.5182847069117482,229.83965474353712
Miami Grand Prix,2026-05-03,ALO,Aston Martin,31,False,0.0,0.0,0.0,196.43940919537917
Miami Grand Prix,2026-05-03,ALO,Aston Martin,32,True,0.8545424841206266,0.8545424841206266,0.8545424841206266,188.1778548391263
Miami Grand Prix,2026-05-03,ALO,Aston Martin,33,True,0.5143246641275834,0.5143246641275834,0.5571181154462614,172.51345326652594
Miami Grand Prix,2026-05-03,ALO,Aston Martin,34,False,0.0,0.0,0.0,219.31901548932422
Miami Grand Prix,2026-05-03,ALO,Aston Martin,35,True,0.4535820791878802,0.4535820791878802,0.4535820791878802,207.53231067942062
Miami Grand Prix,2026-05-03,ALO,Aston Martin,39,False,0.0,0.0,0.0,188.54910821967258
Miami Grand Prix,2026-05-03,ALO,Aston Martin,43,True,0.20970796710241046,0.20970796710241046,0.20970796710241046,172.69757938625838
Miami Grand Prix,2026-05-03,ALO,Aston Martin,44,True,0.44538661755563425,0.32359206449368827,0.44538661755563425,191.8778591036722
Miami Grand Prix,2026-05-03,ALO,Aston Martin,49,True,-0.007800958026461302,-0.019708093137836613,-0.007721642732239076,345.6854436435924
Miami Grand Prix,2026-05-03,ALO,Aston Martin,50,True,0.4573821582600033,0.2463638797398282,0.4573821582600033,186.25626696703978
Miami Grand Prix,2026-05-03,ALO,Aston Martin,51,True,0.09387016740765652,0.03535904544916768,0.09387016740765652,235.53271958491317
Miami Grand Prix,2026-05-03,ALO,Aston Martin,52,True,0.9355184159723429,0.9355184159723429,0.9355184159723429,227.82002937898355
Miami Grand Prix,2026-05-03,ALO,Aston Martin,53,True,1.0039683248715043,0.9344714479747473,1.0039683248715043,239.4799889730931
Miami Grand Prix,2026-05-03,ALO,Aston Martin,54,True,0.9516708342625453,0.9516708342625453,0.9516708342625453,210.14833902095864
Miami Grand Prix,2026-05-03,ALO,Aston Martin,55,True,0.9364914869859415,0.9364914869859415,0.9364914869859415,216.34827404214337
Miami Grand Prix,2026-05-03,PER,Cadillac,2,True,0.10346198524548811,0.05889140829225248,0.10346198524548811,169.854501306059
Miami Grand Prix,2026-05-03,PER,Cadillac,3,True,0.224642344415118,0.0897885206897584,0.224642344415118,168.76062572374067
Miami Grand Prix,2026-05-03,PER,Cadillac,12,False,0.0,0.0,0.0,
Miami Grand Prix,2026-05-03,PER,Cadillac,14,True,0.32898930577031393,0.1798420838529804,0.32898930577031393,211.93496031295484
Miami Grand Prix,2026-05-03,PER,Cadillac,18,True,0.5210765069733014,0.4344594180976227,0.5210765069733014,191.23954823174526
Miami Grand Prix,2026-05-03,PER,Cadillac,19,True,0.5844844500819715,0.488079168758091,0.5844844500819715,186.1677428996595
Miami Grand Prix,2026-05-03,PER,Cadillac,20,True,0.6274308059024492,0.5318953692569153,0.6274308059024492,213.95677693536226
Miami Grand Prix,2026-05-03,PER,Cadillac,21,True,0.6377025295128238,0.49124861426160393,0.6377025295128238,190.8729947125612
Miami Grand Prix,2026-05-03,PER,Cadillac,22,True,0.6509258407214151,0.6509258407214151,0.6509258407214151,202.6718550766041
Miami Grand Prix,2026-05-03,PER,Cadillac,23,True,0.6272168635185711,0.5260654475478024,0.6272168635185711,173.93889226145973
Miami Grand Prix,2026-05-03,PER,Cadillac,25,True,0.7108644545184148,0.5593146852123176,0.7108644545184148,178.63567618176899
Miami Grand Prix,2026-05-03,PER,Cadillac,26,True,0.6814251150994934,0.5817474910568983,0.6814251150994934,179.52881404315252
Miami Grand Prix,2026-05-03,PER,Cadillac,27,True,0.652311190383708,0.652311190383708,0.652311190383708,206.45444831044657
Miami Grand Prix,2026-05-03,PER,Cadillac,31,True,0.7585255791193575,0.6328989091052026,0.7585255791193575,173.25093867826567
Miami Grand Prix,2026-05-03,PER,Cadillac,32,True,0.7331601460478208,0.5894039407410361,0.7331601460478208,220.78630126690788
Miami Grand Prix,2026-05-03,PER,Cadillac,33,True,0.7462683126486169,0.7396310209652199,0.7462683126486169,219.48553775686486
Miami Grand Prix,2026-05-03,PER,Cadillac,34,True,0.8202397441971137,0.7121309728170218,0.8202397441971137,227.48915724856317
Miami Grand Prix,2026-05-03,PER,Cadillac,38,True,0.6392499551248729,0.6392499551248729,0.6392499551248729,227.71097741435725
Miami Grand Prix,2026-05-03,PER,Cadillac,39,True,0.5589822709355357,0.5589822709355357,0.5589822709355357,199.09751115719817
Miami Grand Prix,2026-05-03,PER,Cadillac,40,True,0.6967098058168144,0.5912694213875529,0.6967098058168144,214.18900839776774
Miami Grand Prix,2026-05-03,PER,Cadillac,42,True,0.322216326278971,0.25790828231859386,0.322216326278971,215.43119074149087
Miami Grand Prix,2026-05-03,PER,Cadillac,44,True,0.4123487277976281,0.3792052123696834,0.4123487277976281,251.73023177483358
Miami Grand Prix,2026-05-03,PER,Cadillac,49,True,0.6952239919865413,0.5766937128305312,0.6952239919865413,197.9932378697385
Miami Grand Prix,2026-05-03,PER,Cadillac,50,False,0.0,0.0,0.0,
Miami Grand Prix,2026-05-03,PER,Cadillac,51,True,0.22306387013020057,0.1513937322376666,0.32203109585898737,116.05137568002309
Miami Grand Prix,2026-05-03,PER,Cadillac,52,True,0.4448154471287502,0.3340988124825053,0.4448154471287502,256.6295567181944
Miami Grand Prix,2026-05-03,PER,Cadillac,54,True,0.6444581725602649,0.6363210983968575,0.6444581725602649,179.3532561678347
Miami Grand Prix,2026-05-03,PER,Cadillac,55,True,0.7693427580273902,0.7390509096264708,0.7693427580273902,200.44870073849665
Miami Grand Prix,2026-05-03,STR,Aston Martin,5,True,0.18767524694327697,0.18767524694327697,0.1908008845140916,156.4472344876029
Miami Grand Prix,2026-05-03,STR,Aston Martin,12,False,0.0,0.0,0.0,
Miami Grand Prix,2026-05-03,STR,Aston Martin,14,True,0.1329561045182608,0.07099143464545854,0.1329561045182608,233.4714232694516
Miami Grand Prix,2026-05-03,STR,Aston Martin,17,True,0.5801100250905158,0.5801100250905158,0.5801100250905158,177.13176418486336
Miami Grand Prix,2026-05-03,STR,Aston Martin,18,False,0.0,0.0,0.0,169.05291211715956
Miami Grand Prix,2026-05-03,STR,Aston Martin,19,True,0.12025768245019464,0.12025768245019464,0.12025768245019464,164.15819734574848
Miami Grand Prix,2026-05-03,STR,Aston Martin,20,False,0.0,0.0,0.0,180.36261076406933
Miami Grand Prix,2026-05-03,STR,Aston Martin,23,True,0.5130461783841511,0.3296589030546677,0.5130461783841511,195.0135345974835
Miami Grand Prix,2026-05-03,STR,Aston Martin,24,True,1.0570908654171216,0.9445065429015536,1.0570908654171216,187.32084895218006
Miami Grand Prix,2026-05-03,STR,Aston Martin,28,True,0.946038308686175,0.8297647886975508,0.946038308686175,203.61332702168488
Miami Grand Prix,2026-05-03,STR,Aston Martin,30,True,0.730471975328145,0.6196483260445511,0.730471975328145,173.65324002444711
Miami Grand Prix,2026-05-03,STR,Aston Martin,31,True,0.737165141339247,0.737165141339247,0.737165141339247,166.67995950706444
Miami Grand Prix,2026-05-03,STR,Aston Martin,32,True,0.8321599728627316,0.691470555334293,0.8321599728627316,181.60237126058468
Miami Grand Prix,2026-05-03,STR,Aston Martin,33,True,0.5360097610930126,0.5360097610930126,0.6183236594260766,182.86564102271993
Miami Grand Prix,2026-05-03,STR,Aston Martin,34,False,0.0,0.0,0.0,199.2134234541469
Miami Grand Prix,2026-05-03,STR,Aston Martin,35,False,0.0,0.0,0.0,203.7695237579099
Miami Grand Prix,2026-05-03,STR,Aston Martin,36,True,0.9442485443729414,0.7909848755716986,0.9442485443729414,196.06504299167818
Miami Grand Prix,2026-05-03,STR,Aston Martin,39,True,0.7214950744959889,0.7214950744959889,0.7214950744959889,179.2880086353275
Miami Grand Prix,2026-05-03,STR,Aston Martin,41,True,0.6671536697182692,0.6671536697182692,0.6671536697182692,189.8702917947861
Miami Grand Prix,2026-05-03,STR,Aston Martin,42,True,0.879441562742393,0.7590695004753485,0.879441562742393,183.90429879670577
Miami Grand Prix,2026-05-03,STR,Aston Martin,43,False,0.0,0.0,0.0,191.13497297234392
Miami Grand Prix,2026-05-03,STR,Aston Martin,50,True,0.336137370212235,0.336137370212235,0.336137370212235,189.6405910128366
Miami Grand Prix,2026-05-03,STR,Aston Martin,51,True,0.23762847515032348,0.23762847515032348,0.23762847515032348,204.29361506232829
Miami Grand Prix,2026-05-03,STR,Aston Martin,53,False,0.0,0.0,0.0,199.8887861220114
Miami Grand Prix,2026-05-03,STR,Aston Martin,55,True,0.8836168559814261,0.7329147835196146,0.8836168559814261,197.6591946511664
Miami Grand Prix,2026-05-03,STR,Aston Martin,56,True,0.4456783291510522,0.3315454222699099,0.4456783291510522,202.57491602874723
Miami Grand Prix,2026-05-03,BOT,Cadillac,2,True,0.17892450129187942,0.16077954515823123,0.1798068120673566,225.6674652106327
Miami Grand Prix,2026-05-03,BOT,Cadillac,3,True,0.1931861057343962,0.18865338746062044,0.1937002950584148,234.92810023172123
Miami Grand Prix,2026-05-03,BOT,Cadillac,5,True,0.26254586785787026,0.26254586785787026,0.29481224670896644,213.67475078584894
Miami Grand Prix,2026-05-03,BOT,Cadillac,12,True,0.1539439317435587,0.14337091355070797,0.17575963606935652,132.65000315058842
Miami Grand Prix,2026-05-03,BOT,Cadillac,14,True,0.19116052864756483,0.16378133826046692,0.19116052864756483,211.93458810777875
Miami Grand Prix,2026-05-03,BOT,Cadillac,18,True,0.6205733489661522,0.6205733489661522,0.6205733489661522,212.89509842047767
Miami Grand Prix,2026-05-03,BOT,Cadillac,19,True,0.5941445361630802,0.5497449742447138,0.5941445361630802,174.11620263628643
Miami Grand Prix,2026-05-03,BOT,Cadillac,23,True,0.5516858927076616,0.5516858927076616,0.5651142910227467,187.04516686734365
Miami Grand Prix,2026-05-03,BOT,Cadillac,24,True,0.2548406084512589,0.22150903343182193,0.2977416364972534,177.5356345360597
Miami Grand Prix,2026-05-03,BOT,Cadillac,25,True,0.2707431326122318,0.23688667166864263,0.31347579037701223,243.13409776123783
Miami Grand Prix,2026-05-03,BOT,Cadillac,26,True,0.244224045918072,0.23404462403142645,0.2600905948247174,170.07777392396855
Miami Grand Prix,2026-05-03,BOT,Cadillac,28,True,0.32110496392775545,0.27006450681756,0.39208024794645446,184.33617983878582
Miami Grand Prix,2026-05-03,BOT,Cadillac,32,True,0.6037801995447758,0.6037801995447758,0.6037801995447758,195.90711279188338
Miami Grand Prix,2026-05-03,BOT,Cadillac,33,True,0.3774720026528815,0.37283567761187086,0.3774720026528815,265.1957945401782
Miami Grand Prix,2026-05-03,BOT,Cadillac,35,True,0.5274927913860186,0.5274927913860186,0.5274927913860186,193.31267612219085
Miami Grand Prix,2026-05-03,BOT,Cadillac,36,True,0.45472721022989937,0.45472721022989937,0.45472721022989937,212.61140446515756
Miami Grand Prix,2026-05-03,BOT,Cadillac,37,True,0.4437701909047078,0.43117244708760794,0.4437701909047078,207.83812366615336
Miami Grand Prix,2026-05-03,BOT,Cadillac,39,True,0.3056394011482748,0.28377752441650017,0.32589965539147236,218.41634152782498
Miami Grand Prix,2026-05-03,BOT,Cadillac,40,True,0.5824449703434009,0.5617127741486421,0.5824449703434009,204.19122788933683
Miami Grand Prix,2026-05-03,BOT,Cadillac,42,True,0.45928199340537645,0.45928199340537645,0.45928199340537645,183.04965476686252
Miami Grand Prix,2026-05-03,BOT,Cadillac,44,True,0.5956715782984308,0.5956715782984308,0.5956715782984308,218.31122867291668
Miami Grand Prix,2026-05-03,BOT,Cadillac,45,True,0.23952817251716674,0.22070677703851693,0.3096657596028365,202.85092052250667
Miami Grand Prix,2026-05-03,BOT,Cadillac,46,True,0.35993671216407463,0.32743056724078556,0.41990808520404066,191.02580963756608
Miami Grand Prix,2026-05-03,BOT,Cadillac,47,True,0.4259812854451983,0.4259812854451983,0.4259812854451983,249.41093117277725
Miami Grand Prix,2026-05-03,BOT,Cadillac,49,True,0.12123376242298534,0.11963129426676566,0.12123376242298534,187.99739798202364
Miami Grand Prix,2026-05-03,BOT,Cadillac,50,True,0.3282384988077247,0.24658446066223938,0.41084166963742064,196.61933653810308
Miami Grand Prix,2026-05-03,BOT,Cadillac,52,True,0.3158787111351202,0.26038163571231543,0.3753666845793191,198.1268712062029
Miami Grand Prix,2026-05-03,BOT,Cadillac,54,True,0.4263474623737107,0.4263474623737107,0.4935240381464272,204.3804198957859
Miami Grand Prix,2026-05-03,BOT,Cadillac,55,True,0.15296945198601541,0.11939448235748884,0.2059084039576593,189.5578704651404
Miami Grand Prix,2026-05-03,HUL,Audi,3,True,0.24814901302514336,0.18083432609053496,0.32504059018772935,145.47870333130248
Miami Grand Prix,2026-05-03,HUL,Audi,5,True,0.19915850604265017,0.15651380321055086,0.24443307862895125,121.12130349158586
Miami Grand Prix,2026-05-03,LAW,Racing Bulls,3,True,0.32352594205640095,0.30976033831330874,0.34188327166971,175.10621845868184
Miami Grand Prix,2026-05-03,LAW,Racing Bulls,4,True,0.5138692970643461,0.5005844100079138,0.5138692970643461,214.28623803049453
Miami Grand Prix,2026-05-03,GAS,Alpine,3,True,-0.009023384892227426,-0.06210982258228981,-0.009023384892227426,199.06013370292766
Miami Grand Prix,2026-05-03,HAD,Red Bull Racing,2,True,0.03296030854872711,-0.017858686385121558,0.03296030854872711,196.88246985071504
Miami Grand Prix,2026-05-03,HAD,Red Bull Racing,3,True,0.09945981432175444,0.027887066548036188,0.13511189560352932,213.628812007996
Canadian Grand Prix,2026-05-24,ANT,Mercedes,3,True,0.3300353912946363,0.3106154986994465,0.3300353912946363,283.4142521592828
Canadian Grand Prix,2026-05-24,ANT,Mercedes,4,True,0.3655507626986516,0.3655507626986516,0.3655507626986516,248.49650902821338
Canadian Grand Prix,2026-05-24,ANT,Mercedes,5,True,0.26153761923122687,0.26153761923122687,0.26153761923122687,237.8105170906048
Canadian Grand Prix,2026-05-24,ANT,Mercedes,6,True,0.21300832358764943,0.21300832358764943,0.2508733027077774,192.64322028822835
Canadian Grand Prix,2026-05-24,ANT,Mercedes,7,True,0.03496175863911688,0.03496175863911688,0.03496175863911688,180.71715988113272
Canadian Grand Prix,2026-05-24,ANT,Mercedes,8,True,0.20296772105771588,0.20296772105771588,0.20296772105771588,175.88375854432255
Canadian Grand Prix,2026-05-24,ANT,Mercedes,10,True,0.10853922142994854,0.10853922142994854,0.10853922142994854,213.16454491546745
Canadian Grand Prix,2026-05-24,ANT,Mercedes,11,True,0.20295041483145582,0.20295041483145582,0.20295041483145582,169.9957799921133
Canadian Grand Prix,2026-05-24,ANT,Mercedes,12,True,0.14690675107524775,0.14690675107524775,0.14690675107524775,158.77573822090733
Canadian Grand Prix,2026-05-24,ANT,Mercedes,15,True,0.21081815128578896,0.20760103420067288,0.21081815128578896,376.7812722871607
Canadian Grand Prix,2026-05-24,ANT,Mercedes,16,True,0.04349534615592887,0.04349534615592887,0.059683525602837406,282.5324487806378
Canadian Grand Prix,2026-05-24,ANT,Mercedes,17,True,0.28525618669757513,0.21822981121438723,0.28525618669757513,406.33417000063054
Canadian Grand Prix,2026-05-24,ANT,Mercedes,18,True,0.08937257224280515,0.06906181977122294,0.08937257224280515,149.2290398362116
Canadian Grand Prix,2026-05-24,ANT,Mercedes,19,True,0.04385503149290848,0.021705752751696394,0.04385503149290848,
Canadian Grand Prix,2026-05-24,ANT,Mercedes,21,True,-0.0481078470063494,-0.05853969416979865,-0.0481078470063494,342.19899576910643
Canadian Grand Prix,2026-05-24,ANT,Mercedes,23,True,-0.037147809122657804,-0.05237741347293756,-0.021461727268402342,
Canadian Grand Prix,2026-05-24,ANT,Mercedes,26,True,-0.03939372921751527,-0.04859592832619697,-0.03939372921751527,298.4521992348033
Canadian Grand Prix,2026-05-24,ANT,Mercedes,27,True,0.01972055939941164,0.007328307015407987,0.01972055939941164,304.64216266559754
Canadian Grand Prix,2026-05-24,ANT,Mercedes,28,True,-0.03790224511403828,-0.04942921816390644,-0.03733049529051158,
Canadian Grand Prix,2026-05-24,ANT,Mercedes,29,True,-0.05793258009771485,-0.06944062489215597,-0.05793258009771485,
Canadian Grand Prix,2026-05-24,ANT,Mercedes,30,True,0.02722437995657323,-0.004880438107180751,0.0329481061435164,231.03128472694044
Canadian Grand Prix,2026-05-24,ANT,Mercedes,34,True,0.07917433170019805,0.07917433170019805,0.07917433170019805,158.0126388647107
Canadian Grand Prix,2026-05-24,ANT,Mercedes,36,True,0.2291899572016085,0.2291899572016085,0.24138733100256182,227.26024523591383
Canadian Grand Prix,2026-05-24,ANT,Mercedes,37,True,0.28734527383238984,0.28734527383238984,0.325772104085738,217.59286103826665
Canadian Grand Prix,2026-05-24,ANT,Mercedes,38,True,0.23630127347332142,0.23630127347332142,0.23630127347332142,208.86225060538226
Canadian Grand Prix,2026-05-24,ANT,Mercedes,39,True,0.10980368774572646,0.10980368774572646,0.12454668386417111,237.946798861569
Canadian Grand Prix,2026-05-24,ANT,Mercedes,41,True,0.38477599083930336,0.38477599083930336,0.38477599083930336,183.8493669311839
Canadian Grand Prix,2026-05-24,ANT,Mercedes,42,True,0.4197414699215809,0.4063351937050328,0.4197414699215809,274.00235660252713
Canadian Grand Prix,2026-05-24,ANT,Mercedes,43,True,0.19956019755895404,0.16729558479315187,0.19956019755895404,237.71001988049088
Canadian Grand Prix,2026-05-24,ANT,Mercedes,45,True,0.18445635023174134,0.18445635023174134,0.18445635023174134,233.88838717200164
Canadian Grand Prix,2026-05-24,ANT,Mercedes,47,True,0.2548076452237602,0.2548076452237602,0.28190481796213795,261.54125327965875
Canadian Grand Prix,2026-05-24,ANT,Mercedes,49,True,0.2399843017222114,0.2399843017222114,0.2399843017222114,214.68744305763542
Canadian Grand Prix,2026-05-24,ANT,Mercedes,50,True,0.23378498734159336,0.23378498734159336,0.25604246218462023,263.65119318776146
Canadian Grand Prix,2026-05-24,ANT,Mercedes,52,True,0.3133131160585698,0.3133131160585698,0.3133131160585698,354.1508781378262
Canadian Grand Prix,2026-05-24,ANT,Mercedes,56,True,0.18202109511060627,0.16848972042850718,0.18202109511060627,204.23764789684685
Canadian Grand Prix,2026-05-24,ANT,Mercedes,57,True,0.42338049689244706,0.3670524406425173,0.42338049689244706,271.67636837553135
Canadian Grand Prix,2026-05-24,ANT,Mercedes,58,True,0.25200555664177315,0.25200555664177315,0.25200555664177315,251.43184342039808
Canadian Grand Prix,2026-05-24,ANT,Mercedes,64,True,0.47558775003136766,0.3781204382211474,0.47558775003136766,277.23621864854647
Canadian Grand Prix,2026-05-24,ANT,Mercedes,66,True,0.2636399332413699,0.2636399332413699,0.2636399332413699,328.5640835451879
Canadian Grand Prix,2026-05-24,ANT,Mercedes,67,True,0.37151705315549677,0.37151705315549677,0.37151705315549677,242.44582581069938
Canadian Grand Prix,2026-05-24,ANT,Mercedes,68,True,-0.04893305116444857,-0.05233345464151462,-0.03890962812102572,408.1515801564133
Canadian Grand Prix,2026-05-24,HAM,Ferrari,2,True,0.03140668258479273,0.01729618062277538,0.03140668258479273,
Canadian Grand Prix,2026-05-24,HAM,Ferrari,3,True,0.11830365243822527,0.06422150480543998,0.11830365243822527,233.8667183173488
Canadian Grand Prix,2026-05-24,HAM,Ferrari,4,True,-0.014325270282643743,-0.02145378316250124,-0.014325270282643743,240.99921412062616
Canadian Grand Prix,2026-05-24,HAM,Ferrari,5,True,0.058759706139341006,0.050149002985179436,0.05880263442396405,251.11820056876266
Canadian Grand Prix,2026-05-24,HAM,Ferrari,6,True,0.20198564312018696,0.20198564312018696,0.20198564312018696,311.08904882037837
Canadian Grand Prix,2026-05-24,HAM,Ferrari,7,True,-0.018144687732450038,-0.026048645193556652,-0.011696918111411492,
Canadian Grand Prix,2026-05-24,HAM,Ferrari,10,True,0.20864379219506723,0.14700391588063155,0.20864379219506723,325.4347638038782
Canadian Grand Prix,2026-05-24,HAM,Ferrari,11,True,0.24202591151584762,0.15101381369700206,0.24202591151584762,261.44336913591616
Canadian Grand Prix,2026-05-24,HAM,Ferrari,13,True,0.14174853610330196,0.021860433896573994,0.14489295150819892,158.46633361103642
Canadian Grand Prix,2026-05-24,HAM,Ferrari,15,True,0.11402656908749798,0.05830195618818479,0.11402656908749798,213.87857530879123
Canadian Grand Prix,2026-05-24,HAM,Ferrari,16,True,0.10975241753899923,0.10564263545104069,0.10994806126053724,204.38397362005176
Canadian Grand Prix,2026-05-24,HAM,Ferrari,17,True,0.1126400036756241,0.10256720931355723,0.1126400036756241,224.8280167311619
Canadian Grand Prix,2026-05-24,HAM,Ferrari,18,True,0.19885219686837274,0.1363808819927428,0.19885219686837274,259.61089906790573
Canadian Grand Prix,2026-05-24,HAM,Ferrari,19,True,0.14712505686364707,0.0439509678504848,0.1500044699334513,231.709262198999
Canadian Grand Prix,2026-05-24,HAM,Ferrari,21,True,0.16400391090548538,0.12729492148763377,0.16400391090548538,
Canadian Grand Prix,2026-05-24,HAM,Ferrari,25,True,0.27231446387884084,0.27231446387884084,0.27231446387884084,197.08254184075068
Canadian Grand Prix,2026-05-24,HAM,Ferrari,27,True,0.3319571444734617,0.3319571444734617,0.3319571444734617,253.27571137235438
Canadian Grand Prix,2026-05-24,HAM,Ferrari,28,True,0.3064495386480921,0.3064495386480921,0.3064495386480921,252.5113428663182
Canadian Grand Prix,2026-05-24,HAM,Ferrari,29,True,0.4332618758024491,0.4332618758024491,0.4332618758024491,232.20124986884613
Canadian Grand Prix,2026-05-24,HAM,Ferrari,33,True,0.3244554100985457,0.2625109138773567,0.3244554100985457,215.57259957811812
Canadian Grand Prix,2026-05-24,HAM,Ferrari,34,True,0.2640764010056387,0.2640764010056387,0.2640764010056387,185.98434179133474
Canadian Grand Prix,2026-05-24,HAM,Ferrari,35,True,0.42308262532282015,0.3582337693041975,0.42308262532282015,222.1884895654078
Canadian Grand Prix,2026-05-24,HAM,Ferrari,37,True,0.36062868080730404,0.31117091375096884,0.36062868080730404,199.0876234067231
Canadian Grand Prix,2026-05-24,HAM,Ferrari,38,True,0.2414000039866302,0.2414000039866302,0.2414000039866302,316.3598389990033
Canadian Grand Prix,2026-05-24,HAM,Ferrari,39,True,0.34630335172577453,0.34630335172577453,0.3751820022543608,244.89623290652116
Canadian Grand Prix,2026-05-24,HAM,Ferrari,40,True,0.2035635491057537,0.2035635491057537,0.2035635491057537,226.4159778851739
Canadian Grand Prix,2026-05-24,HAM,Ferrari,41,True,0.33173981640558203,0.3017812074829731,0.33173981640558203,271.96580806663803
Canadian Grand Prix,2026-05-24,HAM,Ferrari,42,True,0.5017613922255357,0.4729597727840691,0.5017613922255357,260.88454316794144
Canadian Grand Prix,2026-05-24,HAM,Ferrari,44,True,0.47849731798160633,0.46087574912480456,0.47849731798160633,253.10213183870792
Canadian Grand Prix,2026-05-24,HAM,Ferrari,45,True,0.519552482317323,0.4891869301071221,0.519552482317323,231.77522945473453
Canadian Grand Prix,2026-05-24,HAM,Ferrari,49,True,0.3603027984815039,0.23241172722441128,0.3635496163384673,296.5791736935886
Canadian Grand Prix,2026-05-24,HAM,Ferrari,50,True,0.2428489445861839,0.2428489445861839,0.282295771087437,187.687392930266
Canadian Grand Prix,2026-05-24,HAM,Ferrari,57,True,0.1661174172805513,0.1043196539032838,0.1661174172805513,178.3236103573519
Canadian Grand Prix,2026-05-24,HAM,Ferrari,59,True,-0.023939207566490595,-0.023939207566490595,-0.023939207566490595,163.20611633199644
Canadian Grand Prix,2026-05-24,HAM,Ferrari,61,True,0.11884340587670295,0.11884340587670295,0.11884340587670295,318.97645337029667
Canadian Grand Prix,2026-05-24,HAM,Ferrari,62,True,0.3111866290537151,0.3111866290537151,0.3111866290537151,344.3028766880753
Canadian Grand Prix,2026-05-24,HAM,Ferrari,63,True,0.1327012368311209,0.12670462302419416,0.1449060634509749,284.72270904082274
Canadian Grand Prix,2026-05-24,HAM,Ferrari,64,True,0.22205019238780466,0.22205019238780466,0.22205019238780466,271.6600582696489
Canadian Grand Prix,2026-05-24,HAM,Ferrari,65,True,0.08001018097345103,0.08001018097345103,0.08001018097345103,258.9240376034513
Canadian Grand Prix,2026-05-24,HAM,Ferrari,67,True,0.3082559869441539,0.2800670144279618,0.3082559869441539,229.94559956006685
Canadian Grand Prix,2026-05-24,HAM,Ferrari,68,True,0.040981776645093504,0.040981776645093504,0.04331001190335826,205.05348664895126
Canadian Grand Prix,2026-05-24,VER,Red Bull Racing,2,True,0.1373907435281545,0.1373907435281545,0.1373907435281545,161.83370657983522
Canadian Grand Prix,2026-05-24,VER,Red Bull Racing,3,True,0.2852674660528258,0.2852674660528258,0.2852674660528258,154.45370683430698
Canadian Grand Prix,2026-05-24,VER,Red Bull Racing,4,True,0.1497852424422419,0.1497852424422419,0.1497852424422419,200.13002823797405
Canadian Grand Prix,2026-05-24,VER,Red Bull Racing,5,True,0.08182289633987061,0.08182289633987061,0.08182289633987061,185.03537173945125
Canadian Grand Prix,2026-05-24,VER,Red Bull Racing,6,True,0.1751162242782307,0.1751162242782307,0.1751162242782307,182.77283095295624
Canadian Grand Prix,2026-05-24,VER,Red Bull Racing,7,True,0.17012255440670287,0.13586877949417264,0.17012255440670287,155.0736498603912
Canadian Grand Prix,2026-05-24,VER,Red Bull Racing,10,True,0.2295365767313715,0.2295365767313715,0.25473369684796765,161.81407219985
Canadian Grand Prix,2026-05-24,VER,Red Bull Racing,11,True,0.40639467499052095,0.40639467499052095,0.40639467499052095,225.4757236505757
Canadian Grand Prix,2026-05-24,VER,Red Bull Racing,12,True,0.3998360618923247,0.3998360618923247,0.3998360618923247,186.48272316609695
Canadian Grand Prix,2026-05-24,VER,Red Bull Racing,13,True,0.35778118558653915,0.30232801760078587,0.35778118558653915,194.0403247883863
Canadian Grand Prix,2026-05-24,VER,Red Bull Racing,15,True,0.22456985706528876,0.22456985706528876,0.22456985706528876,166.71002635307974
Canadian Grand Prix,2026-05-24,VER,Red Bull Racing,16,True,0.3127957416735736,0.3127957416735736,0.3127957416735736,272.87515685240464
Canadian Grand Prix,2026-05-24,VER,Red Bull Racing,17,True,0.27701680883823165,0.27701680883823165,0.27701680883823165,203.07463856862216
Canadian Grand Prix,2026-05-24,VER,Red Bull Racing,18,True,0.25178719501678515,0.25178719501678515,0.2562228108492146,181.24292524527186
Canadian Grand Prix,2026-05-24,VER,Red Bull Racing,19,True,0.2835371364110486,0.2835371364110486,0.2835371364110486,197.12336590632046
Canadian Grand Prix,2026-05-24,VER,Red Bull Racing,25,True,0.31314566640555874,0.267696818974537,0.31314566640555874,215.14520810411955
Canadian Grand Prix,2026-05-24,VER,Red Bull Racing,26,True,0.31701334683146953,0.28510319214012014,0.31701334683146953,196.05022976019194
Canadian Grand Prix,2026-05-24,VER,Red Bull Racing,27,True,0.26250809287436816,0.26250809287436816,0.26250809287436816,211.67719445375462
Canadian Grand Prix,2026-05-24,VER,Red Bull Racing,28,True,0.1865257019164286,0.1865257019164286,0.22155278540287604,207.4811968238848
Canadian Grand Prix,2026-05-24,VER,Red Bull Racing,29,True,0.16862115832645763,0.16862115832645763,0.16862115832645763,216.7463926392216
Canadian Grand Prix,2026-05-24,VER,Red Bull Racing,30,True,0.2866184781030192,0.2694969644527987,0.2866184781030192,207.29251578158488
Canadian Grand Prix,2026-05-24,VER,Red Bull Racing,33,True,0.30086394061767585,0.29287187949331184,0.30086394061767585,198.00572443086241
Canadian Grand Prix,2026-05-24,VER,Red Bull Racing,34,True,0.3607773259777751,0.3607773259777751,0.3607773259777751,221.9497698164036
Canadian Grand Prix,2026-05-24,VER,Red Bull Racing,35,True,0.25909734112131133,0.25909734112131133,0.25909734112131133,156.46854395153017
Canadian Grand Prix,2026-05-24,VER,Red Bull Racing,37,True,0.2529618942396237,0.2529618942396237,0.29090817490149945,182.96407351768855
Canadian Grand Prix,2026-05-24,VER,Red Bull Racing,38,True,0.3160780520879598,0.3160780520879598,0.3160780520879598,151.75459707431355
Canadian Grand Prix,2026-05-24,VER,Red Bull Racing,39,True,0.4821921645322149,0.4558661193682987,0.4821921645322149,236.8381545884177
Canadian Grand Prix,2026-05-24,VER,Red Bull Racing,40,True,0.31469287739370877,0.2762698337638483,0.31469287739370877,218.265165781599
Canadian Grand Prix,2026-05-24,VER,Red Bull Racing,41,True,0.34876263040652944,0.34876263040652944,0.34876263040652944,227.32055699829522
Canadian Grand Prix,2026-05-24,VER,Red Bull Racing,42,True,0.1598750567873779,0.1598750567873779,0.1598750567873779,197.30719859635076
Canadian Grand Prix,2026-05-24,VER,Red Bull Racing,44,True,0.5103802852562414,0.4419773992887581,0.5103802852562414,210.93487387404056
Canadian Grand Prix,2026-05-24,VER,Red Bull Racing,45,True,0.4051092319866534,0.4051092319866534,0.4051092319866534,184.7658554660523
Canadian Grand Prix,2026-05-24,VER,Red Bull Racing,47,True,0.43996404025945246,0.43996404025945246,0.4841201633112071,212.57056643048514
Canadian Grand Prix,2026-05-24,VER,Red Bull Racing,49,True,0.2028879463074187,0.2028879463074187,0.22017243901977324,198.3313800269403
Canadian Grand Prix,2026-05-24,VER,Red Bull Racing,50,True,0.3738015829978565,0.3738015829978565,0.3738015829978565,303.0488897128618
Canadian Grand Prix,2026-05-24,VER,Red Bull Racing,57,True,0.3773891661420894,0.3647817218568079,0.3773891661420894,278.1728304583968
Canadian Grand Prix,2026-05-24,VER,Red Bull Racing,59,True,0.30961541378782975,0.29851763684341925,0.3410772845443901,221.21811160761268
Canadian Grand Prix,2026-05-24,VER,Red Bull Racing,61,True,0.2933805047858158,0.2849561859104721,0.2933805047858158,200.30361407641288
Canadian Grand Prix,2026-05-24,VER,Red Bull Racing,62,True,0.2774760123033797,0.26113247405600326,0.2774760123033797,208.5676150970186
Canadian Grand Prix,2026-05-24,VER,Red Bull Racing,63,True,0.20706306594997592,0.20332527449942717,0.20706306594997592,156.06573532819442
Canadian Grand Prix,2026-05-24,VER,Red Bull Racing,64,True,0.2028060181438338,0.2028060181438338,0.2028060181438338,225.53386776420967
Canadian Grand Prix,2026-05-24,VER,Red Bull Racing,65,True,0.1596078823792375,0.10869214861409127,0.1596078823792375,220.03334753982287
Canadian Grand Prix,2026-05-24,VER,Red Bull Racing,67,True,0.23053549949487184,0.19263061275830573,0.23053549949487184,224.9178846599724
Canadian Grand Prix,2026-05-24,VER,Red Bull Racing,68,True,0.041527204910481785,0.0029673271973678084,0.041527204910481785,224.70835394138467
Canadian Grand Prix,2026-05-24,LEC,Ferrari,2,True,0.07861077047094334,0.07148461891194025,0.08381394660989727,333.4041992276508
Canadian Grand Prix,2026-05-24,LEC,Ferrari,3,True,-0.008932724947369408,-0.008932724947369408,-0.008932724947369408,
Canadian Grand Prix,2026-05-24,LEC,Ferrari,4,True,0.1685671482262574,0.1240155896433599,0.1685671482262574,158.50452888213798
Canadian Grand Prix,2026-05-24,LEC,Ferrari,5,True,0.29190272820303065,0.1540752301701076,0.29529313096771936,
Canadian Grand Prix,2026-05-24,LEC,Ferrari,7,True,0.1758839680325437,0.17203093197124453,0.1758839680325437,224.08079624115857
Canadian Grand Prix,2026-05-24,LEC,Ferrari,8,True,0.22175651002615737,0.22175651002615737,0.22175651002615737,233.85645587328438
Canadian Grand Prix,2026-05-24,LEC,Ferrari,10,True,0.25071210131328314,0.21181032980360648,0.25071210131328314,145.28909668323024
Canadian Grand Prix,2026-05-24,LEC,Ferrari,11,True,0.3139831024549409,0.24056243404393918,0.3139831024549409,262.13065277615357
Canadian Grand Prix,2026-05-24,LEC,Ferrari,13,True,0.24453852668274934,0.23601316990947474,0.2743830131887677,132.2297177658152
Canadian Grand Prix,2026-05-24,LEC,Ferrari,17,True,0.3714748430135302,0.3714748430135302,0.3714748430135302,176.10979558375993
Canadian Grand Prix,2026-05-24,LEC,Ferrari,19,True,0.22469026014604587,0.22469026014604587,0.22469026014604587,183.86201212964414
Canadian Grand Prix,2026-05-24,LEC,Ferrari,20,True,0.3974766797470366,0.3974766797470366,0.3974766797470366,243.97301012173241
Canadian Grand Prix,2026-05-24,LEC,Ferrari,24,True,0.2396466167298641,0.1486058387995346,0.2396466167298641,
Canadian Grand Prix,2026-05-24,LEC,Ferrari,25,True,0.3418540958430967,0.19496981713109385,0.34525836769046414,215.47961244183895
Canadian Grand Prix,2026-05-24,LEC,Ferrari,27,True,0.39941524063401523,0.39941524063401523,0.39941524063401523,186.46933238662464
Canadian Grand Prix,2026-05-24,LEC,Ferrari,28,True,0.3590972352147723,0.3590972352147723,0.3858593866502087,206.13506367267962
Canadian Grand Prix,2026-05-24,LEC,Ferrari,29,True,0.32838728162551867,0.32838728162551867,0.32838728162551867,257.5489975958262
Canadian Grand Prix,2026-05-24,LEC,Ferrari,34,False,0.0,0.0,0.0,752.2542588888556
Canadian Grand Prix,2026-05-24,LEC,Ferrari,36,True,0.1533381402266194,0.05793956615248419,0.1533381402266194,297.182067134968
Canadian Grand Prix,2026-05-24,LEC,Ferrari,38,True,0.053287631622767506,0.03955022303640909,0.05405745740894119,253.50160993440537
Canadian Grand Prix,2026-05-24,LEC,Ferrari,39,True,0.24866360730072756,0.21812508398436847,0.24866360730072756,358.9584514390035
Canadian Grand Prix,2026-05-24,LEC,Ferrari,40,True,0.4162073785124214,0.3871165096654714,0.4162073785124214,180.59458033466757
Canadian Grand Prix,2026-05-24,LEC,Ferrari,42,True,0.22546451364503461,0.22546451364503461,0.2416845522874791,225.31363185838376
Canadian Grand Prix,2026-05-24,LEC,Ferrari,43,True,0.45033789589772866,0.45033789589772866,0.45033789589772866,242.6814737012706
Canadian Grand Prix,2026-05-24,LEC,Ferrari,44,True,0.1894644457706729,0.1894644457706729,0.1894644457706729,334.6454231714886
Canadian Grand Prix,2026-05-24,LEC,Ferrari,48,True,0.4858300327023688,0.40194649965037854,0.4858300327023688,251.65148919211026
Canadian Grand Prix,2026-05-24,LEC,Ferrari,49,True,0.2807278732789129,0.2807278732789129,0.3223341056235185,246.61377227688894
Canadian Grand Prix,2026-05-24,LEC,Ferrari,50,True,0.37514211781637563,0.3420838047471264,0.37514211781637563,257.132260295022
Canadian Grand Prix,2026-05-24,LEC,Ferrari,51,True,0.5002967800572602,0.43393375892119224,0.5002967800572602,177.29180629174073
Canadian Grand Prix,2026-05-24,LEC,Ferrari,54,True,0.2546232297910791,0.2546232297910791,0.2546232297910791,174.1226533311737
Canadian Grand Prix,2026-05-24,LEC,Ferrari,55,True,0.16820497022271397,0.16820497022271397,0.16820497022271397,267.3454363896534
Canadian Grand Prix,2026-05-24,LEC,Ferrari,57,True,0.4945178532176442,0.490042118609356,0.4945178532176442,251.39948275161524
Canadian Grand Prix,2026-05-24,LEC,Ferrari,58,True,0.49685234508238985,0.4141048422472746,0.49685234508238985,251.59546464487488
Canadian Grand Prix,2026-05-24,LEC,Ferrari,62,True,0.3101354117391093,0.3101354117391093,0.3101354117391093,293.82600296313734
Canadian Grand Prix,2026-05-24,LEC,Ferrari,63,True,0.27503285431745716,0.27503285431745716,0.27503285431745716,227.56998213753454
Canadian Grand Prix,2026-05-24,LEC,Ferrari,65,True,0.3018334723105678,0.3018334723105678,0.3018334723105678,218.8855815966569
Canadian Grand Prix,2026-05-24,HAD,Red Bull Racing,2,True,0.18333431001748401,0.168481497239668,0.18333431001748401,208.80548291618612
Canadian Grand Prix,2026-05-24,HAD,Red Bull Racing,3,True,0.05568857331742372,0.05568857331742372,0.05568857331742372,155.64775025009433
Canadian Grand Prix,2026-05-24,HAD,Red Bull Racing,4,True,0.16295218102364295,0.16295218102364295,0.16295218102364295,195.74566418755356
Canadian Grand Prix,2026-05-24,HAD,Red Bull Racing,5,True,0.23902458334923615,0.23902458334923615,0.23902458334923615,190.46415900559361
Canadian Grand Prix,2026-05-24,HAD,Red Bull Racing,6,True,0.20227277051965054,0.20227277051965054,0.20227277051965054,192.84936995965833
Canadian Grand Prix,2026-05-24,HAD,Red Bull Racing,7,True,0.20786287890615895,0.20786287890615895,0.20786287890615895,173.60373709314555
Canadian Grand Prix,2026-05-24,HAD,Red Bull Racing,8,True,0.15779123529453898,0.15779123529453898,0.15779123529453898,141.57906898346417
Canadian Grand Prix,2026-05-24,HAD,Red Bull Racing,10,True,0.20664168866674792,0.20664168866674792,0.22899694942465132,198.72675557584677
Canadian Grand Prix,2026-05-24,HAD,Red Bull Racing,11,True,0.3239762725727786,0.31247798314387154,0.3239762725727786,187.33530916804403
Canadian Grand Prix,2026-05-24,HAD,Red Bull Racing,12,True,0.31633376134781344,0.20065085311834707,0.31633376134781344,188.64933048945434
Canadian Grand Prix,2026-05-24,HAD,Red Bull Racing,13,True,0.3152235326664332,0.24345425928424191,0.3152235326664332,225.93119423516737
Canadian Grand Prix,2026-05-24,HAD,Red Bull Racing,18,True,0.06317833613794477,0.06317833613794477,0.06317833613794477,190.50202533551388
Canadian Grand Prix,2026-05-24,HAD,Red Bull Racing,19,True,0.15423812388143254,0.10791577299934296,0.15423812388143254,242.33412533062878
Canadian Grand Prix,2026-05-24,HAD,Red Bull Racing,20,True,0.042601437521231134,0.042601437521231134,0.042601437521231134,269.43476841305704
Canadian Grand Prix,2026-05-24,HAD,Red Bull Racing,24,True,0.18900034086249207,0.18900034086249207,0.18900034086249207,182.81848005375343
Canadian Grand Prix,2026-05-24,HAD,Red Bull Racing,25,True,0.2855203675993021,0.2855203675993021,0.28952870388764396,199.98940047617003
Canadian Grand Prix,2026-05-24,HAD,Red Bull Racing,27,True,0.142379748649212,0.142379748649212,0.1471395723752451,226.88245516081136
Canadian Grand Prix,2026-05-24,HAD,Red Bull Racing,28,True,0.36438744368042464,0.3029096341965545,0.36438744368042464,186.4911136546385
Canadian Grand Prix,2026-05-24,HAD,Red Bull Racing,33,True,0.20886779939321265,0.20886779939321265,0.20886779939321265,204.35460050670844
Canadian Grand Prix,2026-05-24,HAD,Red Bull Racing,34,True,0.18601453983616345,0.18601453983616345,0.18601453983616345,194.45785387985143
Canadian Grand Prix,2026-05-24,HAD,Red Bull Racing,36,True,0.293784187822526,0.293784187822526,0.293784187822526,208.13151532176545
Canadian Grand Prix,2026-05-24,HAD,Red Bull Racing,38,True,0.270371746087017,0.2660471739759682,0.270371746087017,283.5175542376587
Canadian Grand Prix,2026-05-24,HAD,Red Bull Racing,39,False,0.0,0.0,0.0,145.2053692700187
Canadian Grand Prix,2026-05-24,HAD,Red Bull Racing,40,True,0.10171620155091965,0.10171620155091965,0.10171620155091965,266.00094641263667
Canadian Grand Prix,2026-05-24,HAD,Red Bull Racing,42,True,0.2508549221493368,0.2508549221493368,0.2508549221493368,201.14884296224463
Canadian Grand Prix,2026-05-24,HAD,Red Bull Racing,43,True,0.1864005458379765,0.1864005458379765,0.1864005458379765,192.77778822332692
Canadian Grand Prix,2026-05-24,HAD,Red Bull Racing,44,True,0.3167210367533446,0.3167210367533446,0.3167210367533446,230.09084602514574
Canadian Grand Prix,2026-05-24,HAD,Red Bull Racing,48,True,0.14496762054382017,0.14496762054382017,0.14496762054382017,171.22465378946384
Canadian Grand Prix,2026-05-24,HAD,Red Bull Racing,49,True,0.20807385742806872,0.20807385742806872,0.22594815929611656,176.19816896646304
Canadian Grand Prix,2026-05-24,HAD,Red Bull Racing,50,True,0.18069967782389895,0.18069967782389895,0.18069967782389895,233.0393301248952
Canadian Grand Prix,2026-05-24,HAD,Red Bull Racing,51,True,0.22231981392085132,0.22231981392085132,0.22231981392085132,168.39083937950204
Canadian Grand Prix,2026-05-24,HAD,Red Bull Racing,56,True,0.08695781345195108,0.08695781345195108,0.08695781345195108,163.96599102552562
Canadian Grand Prix,2026-05-24,HAD,Red Bull Racing,57,True,0.1942916205630265,0.1942916205630265,0.20419756598761296,223.00451166871656
Canadian Grand Prix,2026-05-24,HAD,Red Bull Racing,58,True,0.2136524621054825,0.2136524621054825,0.2136524621054825,184.8038655435528
Canadian Grand Prix,2026-05-24,HAD,Red Bull Racing,59,True,0.31475608705281743,0.2983399133939102,0.3182918598872657,217.20504946921525
Canadian Grand Prix,2026-05-24,HAD,Red Bull Racing,60,True,0.18919723436452962,0.18919723436452962,0.18919723436452962,218.2683190538421
Canadian Grand Prix,2026-05-24,HAD,Red Bull Racing,65,True,0.10833651164196745,0.10833651164196745,0.10833651164196745,194.75647789043555
Canadian Grand Prix,2026-05-24,HAD,Red Bull Racing,67,True,0.09369489732546299,0.08788081537394632,0.10563638625016658,174.99686223064745
Canadian Grand Prix,2026-05-24,COL,Alpine,6,True,0.19500211230528208,0.19500211230528208,0.19500211230528208,187.9076257043824
Canadian Grand Prix,2026-05-24,COL,Alpine,14,True,0.43558382411626795,0.20489229472680393,0.44130463492383143,183.46774801362756
Canadian Grand Prix,2026-05-24,COL,Alpine,15,True,0.23631306386333506,0.23631306386333506,0.2370878927457607,182.95878086453075
Canadian Grand Prix,2026-05-24,COL,Alpine,16,True,0.38990325335121945,0.3622410371312448,0.38990325335121945,166.51804106721053
Canadian Grand Prix,2026-05-24,COL,Alpine,20,True,0.3227673705036871,0.20400585482614453,0.32610909921011455,199.28439960923123
Canadian Grand Prix,2026-05-24,COL,Alpine,21,True,0.27143944834258527,0.180921438184809,0.27143944834258527,
Canadian Grand Prix,2026-05-24,COL,Alpine,23,True,0.1798764863005644,0.1798764863005644,0.19678553866101645,
Canadian Grand Prix,2026-05-24,COL,Alpine,26,True,0.19271145027165204,0.19271145027165204,0.19271145027165204,198.13124614983036
Canadian Grand Prix,2026-05-24,COL,Alpine,28,True,0.23335394814079535,0.23335394814079535,0.2511619212408096,179.45125893115485
Canadian Grand Prix,2026-05-24,COL,Alpine,29,True,0.1100018417717834,0.1100018417717834,0.1100018417717834,122.38535651650544
Canadian Grand Prix,2026-05-24,COL,Alpine,33,True,0.36034870121666174,0.23858235745216838,0.3645310819808181,205.6651465000369
Canadian Grand Prix,2026-05-24,COL,Alpine,43,True,0.40993741194948896,0.22500230107277375,0.4143500209284028,180.30757956128042
Canadian Grand Prix,2026-05-24,COL,Alpine,44,True,0.45108361772562233,0.3280421911866398,0.45606221208975484,185.96790843051593
Canadian Grand Prix,2026-05-24,COL,Alpine,49,True,0.47311267527125445,0.4464127280136303,0.47311267527125445,191.54884396780403
Canadian Grand Prix,2026-05-24,COL,Alpine,50,True,0.40816561999675294,0.24876984000865754,0.4136538870334121,202.8917387309144
Canadian Grand Prix,2026-05-24,COL,Alpine,55,True,0.3043316197066055,0.2906999165486983,0.3043316197066055,193.45640675989463
Canadian Grand Prix,2026-05-24,COL,Alpine,56,True,0.21615813465494504,0.21615813465494504,0.21615813465494504,194.67663116896892
Canadian Grand Prix,2026-05-24,COL,Alpine,62,True,0.05820703236109459,0.05820703236109459,0.05820703236109459,172.56246209621057
Canadian Grand Prix,2026-05-24,COL,Alpine,63,True,0.21162451920112701,0.21162451920112701,0.21162451920112701,213.66019558636566
Canadian Grand Prix,2026-05-24,COL,Alpine,64,True,0.399112269308727,0.34130037988722606,0.399112269308727,157.56347372410124
Canadian Grand Prix,2026-05-24,LAW,Racing Bulls,2,True,0.1609121481149014,0.13893376141202118,0.1609121481149014,
Canadian Grand Prix,2026-05-24,LAW,Racing Bulls,4,True,0.17884925863152112,0.17884925863152112,0.17884925863152112,160.91403449325443
Canadian Grand Prix,2026-05-24,LAW,Racing Bulls,5,True,0.2476021705275091,0.2476021705275091,0.2476021705275091,
Canadian Grand Prix,2026-05-24,LAW,Racing Bulls,8,True,0.05852344986320368,0.05852344986320368,0.05852344986320368,168.58096345594583
Canadian Grand Prix,2026-05-24,LAW,Racing Bulls,9,True,0.2659003444456314,0.23460129691328468,0.2659003444456314,184.71336208778504
Canadian Grand Prix,2026-05-24,LAW,Racing Bulls,10,True,0.24453765358377488,0.24453765358377488,0.24453765358377488,187.06677236157236
Canadian Grand Prix,2026-05-24,LAW,Racing Bulls,11,True,0.29049479021766267,0.29049479021766267,0.29049479021766267,167.5651027531277
Canadian Grand Prix,2026-05-24,LAW,Racing Bulls,12,True,0.2639516005870064,0.2639516005870064,0.2639516005870064,158.42422884408367
Canadian Grand Prix,2026-05-24,LAW,Racing Bulls,13,True,0.18325458354877355,0.18325458354877355,0.18325458354877355,198.27334512625148
Canadian Grand Prix,2026-05-24,LAW,Racing Bulls,15,True,0.29778169790011155,0.29778169790011155,0.29778169790011155,167.4533658075366
Canadian Grand Prix,2026-05-24,LAW,Racing Bulls,17,True,0.4335880072970131,0.39211615673110245,0.4335880072970131,188.57588136850268
Canadian Grand Prix,2026-05-24,LAW,Racing Bulls,18,True,0.3634557524510811,0.3113826935004447,0.3634557524510811,163.89918999284484
Canadian Grand Prix,2026-05-24,LAW,Racing Bulls,21,True,0.17294351349909576,0.17294351349909576,0.17294351349909576,222.90178195036174
Canadian Grand Prix,2026-05-24,LAW,Racing Bulls,22,True,0.2563946701335702,0.25232954973749777,0.2563946701335702,163.58854622615414
Canadian Grand Prix,2026-05-24,LAW,Racing Bulls,23,True,0.36741678179190274,0.36741678179190274,0.36741678179190274,197.5686097657626
Canadian Grand Prix,2026-05-24,LAW,Racing Bulls,25,True,0.2378695582489243,0.22663256579072488,0.2378695582489243,176.43375283327128
Canadian Grand Prix,2026-05-24,LAW,Racing Bulls,26,True,0.3159396953108118,0.3159396953108118,0.3159396953108118,175.86808420463774
Canadian Grand Prix,2026-05-24,LAW,Racing Bulls,29,True,0.199440282980067,0.199440282980067,0.199440282980067,177.38571192211506
Canadian Grand Prix,2026-05-24,LAW,Racing Bulls,32,False,0.0,0.0,0.0,
Canadian Grand Prix,2026-05-24,LAW,Racing Bulls,33,True,0.11120701310313663,0.11120701310313663,0.11120701310313663,228.7133869782162
Canadian Grand Prix,2026-05-24,LAW,Racing Bulls,34,True,0.28199698030748266,0.28199698030748266,0.28199698030748266,190.62459420499204
Canadian Grand Prix,2026-05-24,LAW,Racing Bulls,36,True,0.3212665780075632,0.3212665780075632,0.3212665780075632,204.39594241073624
Canadian Grand Prix,2026-05-24,LAW,Racing Bulls,37,True,0.3092695928691267,0.3092695928691267,0.3092695928691267,214.67701931589752
Canadian Grand Prix,2026-05-24,LAW,Racing Bulls,38,True,0.1762137955232177,0.1762137955232177,0.1762137955232177,211.17088120157464
Canadian Grand Prix,2026-05-24,LAW,Racing Bulls,40,True,0.24861895139551926,0.24861895139551926,0.28523207106752047,185.45535628221475
Canadian Grand Prix,2026-05-24,LAW,Racing Bulls,42,True,0.1920753901388963,0.1920753901388963,0.1920753901388963,199.04625100990168
Canadian Grand Prix,2026-05-24,LAW,Racing Bulls,44,True,0.17922197933013884,0.17922197933013884,0.17922197933013884,179.28682581060423
Canadian Grand Prix,2026-05-24,LAW,Racing Bulls,46,False,0.0,0.0,0.0,888.5135350246823
Canadian Grand Prix,2026-05-24,LAW,Racing Bulls,48,True,0.3193137291562653,0.3193137291562653,0.3193137291562653,194.56238474931234
Canadian Grand Prix,2026-05-24,LAW,Racing Bulls,49,True,0.0106851526041698,0.0106851526041698,0.0106851526041698,140.0452613923919
Canadian Grand Prix,2026-05-24,LAW,Racing Bulls,50,True,0.18562142126065595,0.1768600668299385,0.18562142126065595,201.98505393419606
Canadian Grand Prix,2026-05-24,LAW,Racing Bulls,53,True,-0.014060693267341051,-0.02143263768875947,-0.004010118880994895,161.50514375482135
Canadian Grand Prix,2026-05-24,LAW,Racing Bulls,54,True,0.13143137956852335,0.13143137956852335,0.13143137956852335,208.2741259422046
Canadian Grand Prix,2026-05-24,LAW,Racing Bulls,55,True,0.28274099947532605,0.28274099947532605,0.28274099947532605,192.2026222485316
Canadian Grand Prix,2026-05-24,LAW,Racing Bulls,58,True,0.11380829830842032,0.11380829830842032,0.11380829830842032,180.09904864710694
Canadian Grand Prix,2026-05-24,LAW,Racing Bulls,59,True,0.05765158012945193,0.05765158012945193,0.05765158012945193,254.62791502141727
Canadian Grand Prix,2026-05-24,LAW,Racing Bulls,60,True,0.2571464274648658,0.2571464274648658,0.2571464274648658,194.33897891902308
Canadian Grand Prix,2026-05-24,LAW,Racing Bulls,62,True,0.0717243866184436,0.0717243866184436,0.11787922835849685,207.6262340624559
Canadian Grand Prix,2026-05-24,LAW,Racing Bulls,63,True,0.07007829684951616,0.06524320904672898,0.07355847404529037,162.4391535747796
Canadian Grand Prix,2026-05-24,LAW,Racing Bulls,67,True,-0.0026172113121880614,-0.0026172113121880614,-0.0026172113121880614,143.30748125794477
Canadian Grand Prix,2026-05-24,GAS,Alpine,15,True,0.1934660937399606,0.1934660937399606,0.20536919092087835,179.37971043776554
Canadian Grand Prix,2026-05-24,GAS,Alpine,16,True,0.16531099031971053,0.16531099031971053,0.16784929724898667,165.02276685519388
Canadian Grand Prix,2026-05-24,GAS,Alpine,34,True,0.11642558180062679,0.11642558180062679,0.12145458815428789,
Canadian Grand Prix,2026-05-24,GAS,Alpine,42,True,0.23238521082494046,0.23238521082494046,0.23238521082494046,261.3588787894512
Canadian Grand Prix,2026-05-24,GAS,Alpine,44,True,0.11853622129607899,0.11853622129607899,0.11853622129607899,133.62428801931497
Canadian Grand Prix,2026-05-24,GAS,Alpine,47,False,0.0,0.0,0.0,542.4089968919855
Canadian Grand Prix,2026-05-24,GAS,Alpine,50,True,0.16050130892756265,0.1260820390262225,0.16050130892756265,203.35769350203745
Canadian Grand Prix,2026-05-24,GAS,Alpine,53,True,0.08231179051687931,0.08231179051687931,0.08231179051687931,191.50445175207844
Canadian Grand Prix,2026-05-24,GAS,Alpine,54,True,0.15540403822186732,0.13166780596891492,0.17863974648223113,235.45637632578718
Canadian Grand Prix,2026-05-24,GAS,Alpine,60,True,0.20500324073457854,0.20500324073457854,0.20500324073457854,387.35962804924253
Canadian Grand Prix,2026-05-24,GAS,Alpine,61,True,0.19135326961335863,0.11347035009602813,0.1932394728515856,355.3095201087828
Canadian Grand Prix,2026-05-24,GAS,Alpine,63,True,0.17170389958605803,0.17134903081617203,0.17170389958605803,372.92610922792295
Canadian Grand Prix,2026-05-24,SAI,Williams,4,True,0.19940460105473967,0.19797911764858966,0.19940460105473967,176.07244215984358
Canadian Grand Prix,2026-05-24,SAI,Williams,5,True,0.22434521763212345,0.22434521763212345,0.22434521763212345,173.44828762966813
Canadian Grand Prix,2026-05-24,SAI,Williams,6,True,0.21614506247796683,0.21614506247796683,0.21614506247796683,160.7584118800447
Canadian Grand Prix,2026-05-24,SAI,Williams,7,True,0.2136449599094945,0.2136449599094945,0.2136449599094945,150.35040296588716
Canadian Grand Prix,2026-05-24,SAI,Williams,8,True,0.34006775697532277,0.34006775697532277,0.34006775697532277,205.20501477595815
Canadian Grand Prix,2026-05-24,SAI,Williams,9,True,0.2803071208731449,0.2803071208731449,0.2803071208731449,195.52207330460166
Canadian Grand Prix,2026-05-24,SAI,Williams,11,True,0.31638290681954473,0.31638290681954473,0.31638290681954473,192.91196443411158
Canadian Grand Prix,2026-05-24,SAI,Williams,12,True,0.18386439246234154,0.18386439246234154,0.18892983795618612,138.71490297788023
Canadian Grand Prix,2026-05-24,SAI,Williams,14,True,0.2413299345738391,0.2341826458887475,0.2413299345738391,276.4166347757451
Canadian Grand Prix,2026-05-24,SAI,Williams,15,True,0.36168074845950393,0.36168074845950393,0.41919632573940646,227.23692657404604
Canadian Grand Prix,2026-05-24,SAI,Williams,18,True,0.3845737905435467,0.3202991967719395,0.3845737905435467,181.07342058008217
Canadian Grand Prix,2026-05-24,SAI,Williams,20,True,0.41747644930505423,0.41747644930505423,0.44637545803933065,216.78106735538657
Canadian Grand Prix,2026-05-24,SAI,Williams,21,True,0.31474461554000044,0.31474461554000044,0.31474461554000044,207.10357542707416
Canadian Grand Prix,2026-05-24,SAI,Williams,23,True,0.25418356900777184,0.25418356900777184,0.2844032833314216,201.37687324757684
Canadian Grand Prix,2026-05-24,SAI,Williams,24,True,0.3571912754966302,0.3571912754966302,0.3571912754966302,184.10429686961993
Canadian Grand Prix,2026-05-24,SAI,Williams,25,True,0.3294656950021775,0.3294656950021775,0.3294656950021775,219.02789842365362
Canadian Grand Prix,2026-05-24,SAI,Williams,26,True,0.2240990087585093,0.2240990087585093,0.2240990087585093,199.88537984745957
Canadian Grand Prix,2026-05-24,SAI,Williams,27,True,0.2511198402362691,0.2067835645374725,0.2511198402362691,194.30077914608788
Canadian Grand Prix,2026-05-24,SAI,Williams,28,True,0.27495964633994596,0.27495964633994596,0.27495964633994596,210.4576927776139
Canadian Grand Prix,2026-05-24,SAI,Williams,29,True,0.4796492686736986,0.4796492686736986,0.4796492686736986,269.17429606334287
Canadian Grand Prix,2026-05-24,SAI,Williams,34,True,0.33129137347764903,0.3096408018046617,0.33129137347764903,
Canadian Grand Prix,2026-05-24,SAI,Williams,36,True,0.4189101967052675,0.4189101967052675,0.4189101967052675,257.81642368450144
Canadian Grand Prix,2026-05-24,SAI,Williams,38,True,0.330606795517971,0.2677988452129636,0.330606795517971,223.3796099080387
Canadian Grand Prix,2026-05-24,SAI,Williams,39,True,0.38088809556463943,0.34830952551186023,0.38088809556463943,152.06805985948978
Canadian Grand Prix,2026-05-24,SAI,Williams,40,True,0.3620860981228997,0.28807669318632456,0.3620860981228997,236.36600996841398
Canadian Grand Prix,2026-05-24,SAI,Williams,41,True,0.4151144839070646,0.41291182743724697,0.4410453411308044,261.1743659011983
Canadian Grand Prix,2026-05-24,SAI,Williams,43,True,0.35268872715634103,0.35268872715634103,0.35268872715634103,265.8101669542299
Canadian Grand Prix,2026-05-24,SAI,Williams,44,True,0.01159991667322302,0.0014032444455036597,0.01159991667322302,
Canadian Grand Prix,2026-05-24,SAI,Williams,47,True,0.37166273794601423,0.30897803146623204,0.37166273794601423,156.5568934407488
Canadian Grand Prix,2026-05-24,SAI,Williams,49,True,0.5957664894245269,0.4908761732810696,0.5957664894245269,283.43957258243944
Canadian Grand Prix,2026-05-24,SAI,Williams,54,True,0.2191113235077875,0.2191113235077875,0.22821930008266555,211.70516969442662
Canadian Grand Prix,2026-05-24,SAI,Williams,55,True,0.41365766752837807,0.40509012925967625,0.41365766752837807,216.7474446422407
Canadian Grand Prix,2026-05-24,SAI,Williams,56,True,0.2304482376944712,0.2304482376944712,0.2304482376944712,209.57059242781628
Canadian Grand Prix,2026-05-24,SAI,Williams,57,True,0.2584855751834798,0.2584855751834798,0.26466318109195086,212.17650668813934
Canadian Grand Prix,2026-05-24,SAI,Williams,58,True,0.1598118211232098,0.1598118211232098,0.2093105814813292,215.89917034391274
Canadian Grand Prix,2026-05-24,SAI,Williams,59,True,0.32859341371399076,0.32859341371399076,0.32859341371399076,190.80719610863395
Canadian Grand Prix,2026-05-24,SAI,Williams,62,True,0.32067166327065344,0.32067166327065344,0.32067166327065344,253.1889086248288
Canadian Grand Prix,2026-05-24,SAI,Williams,63,True,0.3860071116585537,0.3860071116585537,0.3860071116585537,260.4604626326815
Canadian Grand Prix,2026-05-24,SAI,Williams,64,True,0.34613361639802953,0.34613361639802953,0.34613361639802953,209.35242062220706
Canadian Grand Prix,2026-05-24,SAI,Williams,65,True,0.36741961593745387,0.36741961593745387,0.3743465152238379,230.1251978906478
Canadian Grand Prix,2026-05-24,SAI,Williams,66,True,0.29142778202541386,0.29142778202541386,0.29142778202541386,193.5949423744944
Canadian Grand Prix,2026-05-24,SAI,Williams,67,True,0.07640367511020862,0.06093943950958014,0.10173489895276333,192.37626535567003
Canadian Grand Prix,2026-05-24,BEA,Haas F1 Team,5,True,0.30412385014673227,0.30412385014673227,0.30412385014673227,177.62739365269763
Canadian Grand Prix,2026-05-24,BEA,Haas F1 Team,8,True,0.2085391491278017,0.2085391491278017,0.2085391491278017,212.28035687375524
Canadian Grand Prix,2026-05-24,BEA,Haas F1 Team,9,True,0.23029781541973193,0.23029781541973193,0.23029781541973193,203.60280080200062
Canadian Grand Prix,2026-05-24,BEA,Haas F1 Team,10,True,0.38106094192008655,0.38106094192008655,0.38106094192008655,209.96605281986402
Canadian Grand Prix,2026-05-24,BEA,Haas F1 Team,12,True,0.16093869834243613,0.1314975726711527,0.16093869834243613,185.52601514627332
Canadian Grand Prix,2026-05-24,BEA,Haas F1 Team,13,True,0.27492540419228995,0.27492540419228995,0.27492540419228995,
Canadian Grand Prix,2026-05-24,BEA,Haas F1 Team,14,True,0.19843480095912014,0.19843480095912014,0.2160454373203038,150.74174069680873
Canadian Grand Prix,2026-05-24,BEA,Haas F1 Team,15,True,0.3028801075862706,0.3028801075862706,0.3028801075862706,143.37424631034392
Canadian Grand Prix,2026-05-24,BEA,Haas F1 Team,16,True,0.3062417483460145,0.3062417483460145,0.3062417483460145,184.34148807628006
Canadian Grand Prix,2026-05-24,BEA,Haas F1 Team,19,True,0.19459321005603059,0.19459321005603059,0.19459321005603059,217.59829291278794
Canadian Grand Prix,2026-05-24,BEA,Haas F1 Team,21,True,0.21722394906200826,0.21722394906200826,0.21722394906200826,178.82739824569043
Canadian Grand Prix,2026-05-24,BEA,Haas F1 Team,22,True,0.08837463034002546,0.08837463034002546,0.08837463034002546,163.3216921340064
Canadian Grand Prix,2026-05-24,BEA,Haas F1 Team,24,True,0.1664705484682063,0.1664705484682063,0.1664705484682063,156.42647633883547
Canadian Grand Prix,2026-05-24,BEA,Haas F1 Team,25,True,0.25454385082866615,0.25454385082866615,0.25454385082866615,206.6975459658566
Canadian Grand Prix,2026-05-24,BEA,Haas F1 Team,26,True,0.27214889070009285,0.27214889070009285,0.27214889070009285,203.884218417525
Canadian Grand Prix,2026-05-24,BEA,Haas F1 Team,27,True,0.19459234738347497,0.19459234738347497,0.19459234738347497,198.2361834462532
Canadian Grand Prix,2026-05-24,BEA,Haas F1 Team,28,True,0.29808125019582654,0.29808125019582654,0.29808125019582654,205.05089649572298
Canadian Grand Prix,2026-05-24,BEA,Haas F1 Team,33,True,0.2627100205550299,0.2627100205550299,0.2627100205550299,162.35146382113658
Canadian Grand Prix,2026-05-24,BEA,Haas F1 Team,34,True,0.298971909350918,0.298971909350918,0.298971909350918,174.19268747365888
Canadian Grand Prix,2026-05-24,BEA,Haas F1 Team,36,True,0.2826675870366735,0.2826675870366735,0.2826675870366735,196.76067572649794
Canadian Grand Prix,2026-05-24,BEA,Haas F1 Team,37,True,0.2057730354719549,0.2057730354719549,0.2057730354719549,194.21831600927896
Canadian Grand Prix,2026-05-24,BEA,Haas F1 Team,38,True,0.34991654542027995,0.34991654542027995,0.34991654542027995,215.02310487633468
Canadian Grand Prix,2026-05-24,BEA,Haas F1 Team,39,True,0.4260192139209913,0.35708542462374027,0.4260192139209913,229.39626943432546
Canadian Grand Prix,2026-05-24,BEA,Haas F1 Team,41,True,0.09123097206315478,0.09123097206315478,0.09123097206315478,168.54889368975924
Canadian Grand Prix,2026-05-24,BEA,Haas F1 Team,42,True,0.2065829195137514,0.19833567641370742,0.2065829195137514,204.4652787339801
Canadian Grand Prix,2026-05-24,BEA,Haas F1 Team,43,True,0.33412233903747257,0.33412233903747257,0.33412233903747257,230.05112967634557
Canadian Grand Prix,2026-05-24,BEA,Haas F1 Team,47,True,0.2875988082107668,0.2875988082107668,0.2875988082107668,169.73692964643894
Canadian Grand Prix,2026-05-24,BEA,Haas F1 Team,48,True,0.22137590801489182,0.22137590801489182,0.22137590801489182,184.4764893604107
Canadian Grand Prix,2026-05-24,BEA,Haas F1 Team,49,True,0.43757412157222575,0.3677140865474442,0.43757412157222575,225.7100645058031
Canadian Grand Prix,2026-05-24,BEA,Haas F1 Team,54,True,0.29181596231144447,0.29181596231144447,0.29181596231144447,180.30792900096478
Canadian Grand Prix,2026-05-24,BEA,Haas F1 Team,55,True,0.41988758064223575,0.4155677051166169,0.41988758064223575,180.48985275134083
Canadian Grand Prix,2026-05-24,BEA,Haas F1 Team,56,True,0.32192834635296386,0.3033651836283653,0.32192834635296386,259.2484550309094
Canadian Grand Prix,2026-05-24,BEA,Haas F1 Team,57,True,0.26962368784324653,0.26962368784324653,0.26962368784324653,181.01606503040563
Canadian Grand Prix,2026-05-24,BEA,Haas F1 Team,58,True,0.2037556881831506,0.1833911883744861,0.2037556881831506,
Canadian Grand Prix,2026-05-24,BEA,Haas F1 Team,59,True,0.2430633856765585,0.2430633856765585,0.2430633856765585,217.23256901493772
Canadian Grand Prix,2026-05-24,BEA,Haas F1 Team,60,True,0.19105696884543022,0.19105696884543022,0.19105696884543022,193.2088810391577
Canadian Grand Prix,2026-05-24,BEA,Haas F1 Team,61,True,0.38793372160206907,0.38793372160206907,0.38793372160206907,193.86547109713123
Canadian Grand Prix,2026-05-24,BEA,Haas F1 Team,62,True,0.3582202956214253,0.3582202956214253,0.3582202956214253,243.5607266904625
Canadian Grand Prix,2026-05-24,BEA,Haas F1 Team,63,True,0.4278779298389992,0.4278779298389992,0.4278779298389992,219.9665195322854
Canadian Grand Prix,2026-05-24,BEA,Haas F1 Team,64,True,0.4792129130838738,0.4792129130838738,0.4792129130838738,281.35172589885684
Canadian Grand Prix,2026-05-24,BEA,Haas F1 Team,66,True,0.22383257238896448,0.22383257238896448,0.22383257238896448,185.49512034520671
Canadian Grand Prix,2026-05-24,BEA,Haas F1 Team,67,False,0.0,0.0,0.0,
Canadian Grand Prix,2026-05-24,PIA,McLaren,3,True,0.205225438294093,0.18336785660143917,0.205225438294093,171.46621171701148
Canadian Grand Prix,2026-05-24,PIA,McLaren,4,True,0.3161617692250136,0.28628622770790635,0.3161617692250136,189.53178030597536
Canadian Grand Prix,2026-05-24,PIA,McLaren,5,True,0.33478278477992873,0.33478278477992873,0.33478278477992873,185.0662687069433
Canadian Grand Prix,2026-05-24,PIA,McLaren,6,True,0.3463083185105038,0.3463083185105038,0.3463083185105038,194.554840268063
Canadian Grand Prix,2026-05-24,PIA,McLaren,7,True,0.3174777679388914,0.3174777679388914,0.3174777679388914,196.84933424700188
Canadian Grand Prix,2026-05-24,PIA,McLaren,8,False,0.0,0.0,0.0,
Canadian Grand Prix,2026-05-24,PIA,McLaren,9,True,0.21782440654102864,0.21782440654102864,0.21782440654102864,173.49820641419637
Canadian Grand Prix,2026-05-24,PIA,McLaren,10,True,0.32594708443444276,0.23828894768749542,0.32594708443444276,169.6566636023309
Canadian Grand Prix,2026-05-24,PIA,McLaren,14,True,0.27979900483230935,0.21406315226529138,0.27979900483230935,169.0482792029979
Canadian Grand Prix,2026-05-24,PIA,McLaren,15,False,0.0,0.0,0.0,532.0478035875144
Canadian Grand Prix,2026-05-24,PIA,McLaren,16,True,0.20805123417492055,0.20805123417492055,0.20805123417492055,201.38069667076118
Canadian Grand Prix,2026-05-24,PIA,McLaren,17,True,0.40552024813283793,0.3791440932992991,0.40552024813283793,145.35408718735874
Canadian Grand Prix,2026-05-24,PIA,McLaren,18,True,0.3214086023388276,0.2928967370259983,0.3214086023388276,262.3759265258886
Canadian Grand Prix,2026-05-24,PIA,McLaren,19,True,0.3567488673232475,0.3567488673232475,0.40483531130331585,193.39651489877187
Canadian Grand Prix,2026-05-24,PIA,McLaren,23,True,0.32159848758542786,0.32159848758542786,0.32159848758542786,
Canadian Grand Prix,2026-05-24,PIA,McLaren,24,True,0.1805374367989625,0.16684713158642772,0.1805374367989625,157.93055539120152
Canadian Grand Prix,2026-05-24,PIA,McLaren,25,True,0.21512362232793691,0.15744178381260276,0.21512362232793691,200.12660529808247
Canadian Grand Prix,2026-05-24,PIA,McLaren,26,True,0.27752172401032205,0.2583693352046552,0.27752172401032205,211.4583822553844
Canadian Grand Prix,2026-05-24,PIA,McLaren,27,True,0.34978214356718595,0.34978214356718595,0.34978214356718595,242.47697270800245
Canadian Grand Prix,2026-05-24,PIA,McLaren,32,True,0.3747908859260001,0.3514265501453391,0.3747908859260001,273.0453107431563
Canadian Grand Prix,2026-05-24,PIA,McLaren,33,True,0.28613440315554683,0.2826403397532875,0.28613440315554683,191.31133153178024
Canadian Grand Prix,2026-05-24,PIA,McLaren,35,True,0.34868850556126496,0.3201723576858715,0.34868850556126496,257.1442109791334
Canadian Grand Prix,2026-05-24,PIA,McLaren,37,True,0.20493704803783963,0.17311011309422675,0.20493704803783963,182.66964120071947
Canadian Grand Prix,2026-05-24,PIA,McLaren,38,True,0.44957271876902816,0.3668094467270464,0.44957271876902816,321.85443216109786
Canadian Grand Prix,2026-05-24,PIA,McLaren,39,True,0.33957541714186235,0.33957541714186235,0.3577482277609967,191.19472449378551
Canadian Grand Prix,2026-05-24,PIA,McLaren,41,True,0.26059565069350477,0.26059565069350477,0.26059565069350477,231.86873613888014
Canadian Grand Prix,2026-05-24,PIA,McLaren,43,True,0.36962580217583785,0.36962580217583785,0.36962580217583785,232.8849037542485
Canadian Grand Prix,2026-05-24,PIA,McLaren,44,True,0.2708648813189196,0.2708648813189196,0.2708648813189196,195.04916987124736
Canadian Grand Prix,2026-05-24,PIA,McLaren,46,True,0.4853525319941685,0.4853525319941685,0.4853525319941685,182.90216193682002
Canadian Grand Prix,2026-05-24,PIA,McLaren,48,True,0.45833782575419235,0.4044746342762835,0.45833782575419235,214.6466304361566
Canadian Grand Prix,2026-05-24,PIA,McLaren,49,True,0.43561129843605073,0.4094340320154206,0.43561129843605073,236.6413283781193
Canadian Grand Prix,2026-05-24,PIA,McLaren,50,True,0.26525487029080175,0.26525487029080175,0.26525487029080175,181.3715042428626
Canadian Grand Prix,2026-05-24,PIA,McLaren,54,True,0.35820115655101326,0.35820115655101326,0.35820115655101326,191.1697909580045
Canadian Grand Prix,2026-05-24,PIA,McLaren,55,True,0.29242203263927813,0.29242203263927813,0.29242203263927813,193.95317463281918
Canadian Grand Prix,2026-05-24,PIA,McLaren,56,True,0.4398579087137282,0.4398579087137282,0.4398579087137282,236.24510321092168
Canadian Grand Prix,2026-05-24,PIA,McLaren,58,True,0.43482140534307945,0.41821978499715584,0.43482140534307945,186.67636028845268
Canadian Grand Prix,2026-05-24,PIA,McLaren,60,True,0.34059476443011505,0.15381542863528175,0.3432569484943713,215.41559374185235
Canadian Grand Prix,2026-05-24,PIA,McLaren,61,True,0.2751968526202013,0.20620882885048353,0.2751968526202013,163.8198734155055
Canadian Grand Prix,2026-05-24,PIA,McLaren,62,True,0.20603741695695987,0.20603741695695987,0.20603741695695987,180.01238734878228
Canadian Grand Prix,2026-05-24,PIA,McLaren,64,True,-0.007268498571415094,-0.022554072311763207,-0.007268498571415094,347.39124919264765
Canadian Grand Prix,2026-05-24,PIA,McLaren,65,True,0.4470489211955293,0.4470489211955293,0.4470489211955293,261.13185187599834
Canadian Grand Prix,2026-05-24,HUL,Audi,4,True,0.32901567572851853,0.29500927351042705,0.32901567572851853,169.87282186818794
Canadian Grand Prix,2026-05-24,HUL,Audi,5,True,0.3312399723533588,0.3312399723533588,0.3312399723533588,193.8721690870903
Canadian Grand Prix,2026-05-24,HUL,Audi,6,False,0.0,0.0,0.0,
Canadian Grand Prix,2026-05-24,HUL,Audi,7,True,0.10315187008684035,0.10315187008684035,0.10315187008684035,146.90936977581086
Canadian Grand Prix,2026-05-24,HUL,Audi,8,True,0.027256622447609402,0.027256622447609402,0.027256622447609402,
Canadian Grand Prix,2026-05-24,HUL,Audi,9,True,0.32648314340867657,0.32648314340867657,0.32648314340867657,
Canadian Grand Prix,2026-05-24,HUL,Audi,10,True,0.18617818840663602,0.18617818840663602,0.197181470184022,
Canadian Grand Prix,2026-05-24,HUL,Audi,11,True,0.35037878217832663,0.35037878217832663,0.35037878217832663,151.96219829952653
Canadian Grand Prix,2026-05-24,HUL,Audi,12,True,0.22177775043588177,0.22177775043588177,0.23337628573392522,
Canadian Grand Prix,2026-05-24,HUL,Audi,14,True,0.171936668652096,0.171936668652096,0.171936668652096,165.20528102037986
Canadian Grand Prix,2026-05-24,HUL,Audi,15,True,0.2235605365489306,0.2235605365489306,0.2235605365489306,164.8218901674244
Canadian Grand Prix,2026-05-24,HUL,Audi,17,True,0.17308752560099983,0.17308752560099983,0.17308752560099983,196.45064578377873
Canadian Grand Prix,2026-05-24,HUL,Audi,18,True,0.27075741262530073,0.27075741262530073,0.27075741262530073,159.11751512852476
Canadian Grand Prix,2026-05-24,HUL,Audi,19,True,0.36679251775341726,0.36679251775341726,0.4039533113214908,161.96096018630635
Canadian Grand Prix,2026-05-24,HUL,Audi,22,True,0.2236509516726457,0.2236509516726457,0.2236509516726457,167.72011797404335
Canadian Grand Prix,2026-05-24,HUL,Audi,24,True,0.4008377192048638,0.3083506317165057,0.4008377192048638,177.9110251667163
Canadian Grand Prix,2026-05-24,HUL,Audi,26,True,0.24872807067047553,0.24872807067047553,0.24872807067047553,193.6622963429802
Canadian Grand Prix,2026-05-24,HUL,Audi,27,True,0.2846970871187935,0.2846970871187935,0.2846970871187935,202.8151528580513
Canadian Grand Prix,2026-05-24,HUL,Audi,28,True,0.2556221553001059,0.2556221553001059,0.2556221553001059,185.82352217154016
Canadian Grand Prix,2026-05-24,HUL,Audi,33,True,0.36991340005373097,0.36991340005373097,0.36991340005373097,267.42461308651394
Canadian Grand Prix,2026-05-24,HUL,Audi,34,True,0.2579730891639205,0.2579730891639205,0.2579730891639205,203.05140948196703
Canadian Grand Prix,2026-05-24,HUL,Audi,35,True,0.25891436351362884,0.25891436351362884,0.2838788104510126,167.01428474518053
Canadian Grand Prix,2026-05-24,HUL,Audi,36,True,0.23466119062645063,0.23466119062645063,0.23466119062645063,193.71233064931735
Canadian Grand Prix,2026-05-24,HUL,Audi,37,True,0.2378134163368948,0.2378134163368948,0.2378134163368948,181.9016237647207
Canadian Grand Prix,2026-05-24,HUL,Audi,38,True,0.3252692732617213,0.3252692732617213,0.3252692732617213,205.31247626363808
Canadian Grand Prix,2026-05-24,HUL,Audi,40,True,0.31396217206631505,0.2824633867704023,0.31396217206631505,192.9078972615598
Canadian Grand Prix,2026-05-24,HUL,Audi,41,True,0.24029337474061663,0.24029337474061663,0.24029337474061663,180.38537333826517
Canadian Grand Prix,2026-05-24,HUL,Audi,42,True,0.27307105807533105,0.2493024720722694,0.27307105807533105,177.59377947461667
Canadian Grand Prix,2026-05-24,HUL,Audi,44,True,0.1391271862514767,0.1276868916553795,0.1391271862514767,
Canadian Grand Prix,2026-05-24,HUL,Audi,47,True,0.34992151054765586,0.34992151054765586,0.34992151054765586,182.81205747413267
Canadian Grand Prix,2026-05-24,HUL,Audi,48,True,0.3939031959089725,0.3939031959089725,0.3939031959089725,220.12003862450015
Canadian Grand Prix,2026-05-24,HUL,Audi,50,True,0.3513557877466216,0.3513557877466216,0.3513557877466216,219.17683620478138
Canadian Grand Prix,2026-05-24,HUL,Audi,55,True,0.28583647062531803,0.2664920874623071,0.28583647062531803,207.15145303521422
Canadian Grand Prix,2026-05-24,HUL,Audi,56,True,0.37591275584595607,0.37591275584595607,0.37591275584595607,258.0788216809018
Canadian Grand Prix,2026-05-24,HUL,Audi,58,True,0.20621227904250894,0.20621227904250894,0.20621227904250894,199.3427915331964
Canadian Grand Prix,2026-05-24,HUL,Audi,62,True,0.028805310980574816,0.028805310980574816,0.028805310980574816,166.824307980623
Canadian Grand Prix,2026-05-24,HUL,Audi,64,True,-0.037736856170921484,-0.04182082992919689,-0.03508501723617741,
Canadian Grand Prix,2026-05-24,HUL,Audi,65,True,0.04069312338285869,0.030048546677766907,0.0408197702738331,227.97586045705117
Canadian Grand Prix,2026-05-24,HUL,Audi,66,False,0.0,0.0,0.0,
Canadian Grand Prix,2026-05-24,BOR,Audi,4,True,0.23790068089818917,0.23373497491962425,0.23790068089818917,161.19030665026605
Canadian Grand Prix,2026-05-24,BOR,Audi,5,True,0.2749501565168746,0.2749501565168746,0.2749501565168746,164.9993758871087
Canadian Grand Prix,2026-05-24,BOR,Audi,7,True,0.42211711520095996,0.32059683020345986,0.42211711520095996,145.47651631780417
Canadian Grand Prix,2026-05-24,BOR,Audi,8,True,0.3606014244176752,0.3606014244176752,0.3606014244176752,164.32672296848142
Canadian Grand Prix,2026-05-24,BOR,Audi,9,True,0.4276668435140376,0.3770418422393096,0.4276668435140376,163.27299667448273
Canadian Grand Prix,2026-05-24,BOR,Audi,10,True,0.26188386486593274,0.26188386486593274,0.26188386486593274,121.65670935936039
Canadian Grand Prix,2026-05-24,BOR,Audi,11,True,0.11261612279600364,0.11261612279600364,0.12987471439021725,235.53100179987908
Canadian Grand Prix,2026-05-24,BOR,Audi,12,True,0.22743904702468143,0.22743904702468143,0.22743904702468143,150.07051076901777
Canadian Grand Prix,2026-05-24,BOR,Audi,13,True,0.3134526364566508,0.3134526364566508,0.3256839495640449,144.3844683773833
Canadian Grand Prix,2026-05-24,BOR,Audi,14,True,0.46771644898931264,0.46771644898931264,0.46771644898931264,136.24954746498182
Canadian Grand Prix,2026-05-24,BOR,Audi,16,True,0.365757474611355,0.34015660751625987,0.365757474611355,158.0485440525114
Canadian Grand Prix,2026-05-24,BOR,Audi,17,True,0.233403380767518,0.22620877219854663,0.233403380767518,155.0681612955215
Canadian Grand Prix,2026-05-24,BOR,Audi,20,True,0.40057520771811106,0.3967608778017109,0.40057520771811106,173.55190933023084
Canadian Grand Prix,2026-05-24,BOR,Audi,21,True,0.39825584070674935,0.39825584070674935,0.39825584070674935,150.8276297507492
Canadian Grand Prix,2026-05-24,BOR,Audi,22,True,0.4084928695078318,0.37846332030909124,0.4084928695078318,198.22036804637028
Canadian Grand Prix,2026-05-24,BOR,Audi,27,True,-0.03948475734522461,-0.05332444056849006,-0.03948475734522461,308.6478998419625
Canadian Grand Prix,2026-05-24,BOR,Audi,28,True,0.05845461544342534,0.036732131495027076,0.0849471363264378,154.08308691976367
Canadian Grand Prix,2026-05-24,BOR,Audi,34,True,0.5415256354833033,0.4387822973723541,0.5415256354833033,252.54928522772582
Canadian Grand Prix,2026-05-24,BOR,Audi,37,True,0.426155480442846,0.39489138624170117,0.426155480442846,228.8762547732819
Canadian Grand Prix,2026-05-24,BOR,Audi,38,True,0.47687075582137695,0.47687075582137695,0.47687075582137695,237.1993341612884
Canadian Grand Prix,2026-05-24,BOR,Audi,40,True,0.4374233405440222,0.3683432920047842,0.4374233405440222,239.73481005159212
Canadian Grand Prix,2026-05-24,BOR,Audi,41,True,0.4362819958050732,0.4362819958050732,0.4362819958050732,278.60322709039866
Canadian Grand Prix,2026-05-24,BOR,Audi,42,True,0.22617569675857396,0.22617569675857396,0.22617569675857396,168.4797925547401
Canadian Grand Prix,2026-05-24,BOR,Audi,46,True,0.30897760447052747,0.30897760447052747,0.30897760447052747,210.7089519562072
Canadian Grand Prix,2026-05-24,BOR,Audi,47,True,0.567938198821075,0.567938198821075,0.567938198821075,237.60832013607555
Canadian Grand Prix,2026-05-24,BOR,Audi,49,True,0.28305338710774564,0.28305338710774564,0.28305338710774564,248.61718825886769
Canadian Grand Prix,2026-05-24,BOR,Audi,50,True,0.3093072735226876,0.3093072735226876,0.3093072735226876,201.91493500014755
Canadian Grand Prix,2026-05-24,BOR,Audi,53,True,0.4762423897590953,0.40534465090009064,0.4762423897590953,280.97028570253474
Canadian Grand Prix,2026-05-24,BOR,Audi,56,True,0.5208878936253232,0.5208878936253232,0.5208878936253232,265.1652232806362
Canadian Grand Prix,2026-05-24,BOR,Audi,58,True,0.3138733421130535,0.3138733421130535,0.3138733421130535,254.09285395863594
Canadian Grand Prix,2026-05-24,BOR,Audi,61,True,0.1195482372876171,0.1195482372876171,0.1195482372876171,134.8628899735056
Canadian Grand Prix,2026-05-24,BOR,Audi,62,True,0.33788370188477757,0.33788370188477757,0.33788370188477757,191.22507689781085
Canadian Grand Prix,2026-05-24,BOR,Audi,65,True,0.29792167007769166,0.29792167007769166,0.29792167007769166,319.1362363166069
Canadian Grand Prix,2026-05-24,BOR,Audi,66,True,0.23917455809739785,0.23917455809739785,0.2479987499529681,206.4989488576263
Canadian Grand Prix,2026-05-24,OCO,Haas F1 Team,3,True,0.017589836242160928,-0.022286535990513556,0.017838804587588797,340.1588839795543
Canadian Grand Prix,2026-05-24,OCO,Haas F1 Team,5,True,0.04177251030675322,0.030317934205392305,0.05700615092488448,187.85324937343765
Canadian Grand Prix,2026-05-24,OCO,Haas F1 Team,7,True,0.0034560691674894173,-0.002442374663560898,0.0034560691674894173,263.2307268174945
Canadian Grand Prix,2026-05-24,OCO,Haas F1 Team,9,True,0.3588335114980037,0.3154373068109848,0.3588335114980037,180.17001262111577
Canadian Grand Prix,2026-05-24,OCO,Haas F1 Team,11,True,0.2859524004646641,0.25845447827270007,0.2859524004646641,181.44906052279777
Canadian Grand Prix,2026-05-24,OCO,Haas F1 Team,14,True,0.23312789623382457,0.23312789623382457,0.23312789623382457,
Canadian Grand Prix,2026-05-24,OCO,Haas F1 Team,15,True,0.03964976317568336,-0.019097580713149043,0.03964976317568336,
Canadian Grand Prix,2026-05-24,OCO,Haas F1 Team,18,True,0.24579747998882695,0.24579747998882695,0.24579747998882695,195.47456372475406
Canadian Grand Prix,2026-05-24,OCO,Haas F1 Team,20,True,0.33919919484090677,0.33919919484090677,0.33919919484090677,199.59149084241744
Canadian Grand Prix,2026-05-24,OCO,Haas F1 Team,21,True,0.24301546552401376,0.24301546552401376,0.24352723277123012,168.5254778052692
Canadian Grand Prix,2026-05-24,OCO,Haas F1 Team,22,True,0.3540993779057722,0.3540993779057722,0.3540993779057722,210.67477547954016
Canadian Grand Prix,2026-05-24,OCO,Haas F1 Team,24,True,0.39892528691873963,0.39892528691873963,0.39892528691873963,166.57436849531365
Canadian Grand Prix,2026-05-24,OCO,Haas F1 Team,27,True,0.03146980811281708,0.03146980811281708,0.03146980811281708,222.95917897385652
Canadian Grand Prix,2026-05-24,OCO,Haas F1 Team,28,True,0.043823747378368694,0.038814630831490504,0.0438277819315136,445.3374744720059
Canadian Grand Prix,2026-05-24,OCO,Haas F1 Team,32,True,0.21475993157640616,0.1849086821974062,0.24868118606545409,424.0040416433284
Canadian Grand Prix,2026-05-24,OCO,Haas F1 Team,33,True,0.053658255321142434,0.04324957558871034,0.06091887724847922,201.2960980846049
Canadian Grand Prix,2026-05-24,OCO,Haas F1 Team,35,True,0.12989613009184708,0.12379855353276348,0.12989613009184708,480.65995005764023
Canadian Grand Prix,2026-05-24,OCO,Haas F1 Team,36,True,0.0975751502321387,0.0749872123334594,0.12923389054864565,199.78927483837126
Canadian Grand Prix,2026-05-24,OCO,Haas F1 Team,39,False,0.0,0.0,0.0,319.6581292942778
Canadian Grand Prix,2026-05-24,OCO,Haas F1 Team,40,True,0.13035476595541162,0.12232503776423265,0.13569013252785034,372.69823769473436
Canadian Grand Prix,2026-05-24,OCO,Haas F1 Team,42,True,0.061708702444063235,0.03834342782826283,0.08437567243587196,158.20164617001998
Canadian Grand Prix,2026-05-24,OCO,Haas F1 Team,43,True,0.08466043814984836,0.07604837163888867,0.09322785286781787,446.6339196977442
Canadian Grand Prix,2026-05-24,OCO,Haas F1 Team,46,True,0.0807842184670946,0.06995964426526058,0.09512594814108688,159.5993211301389
Canadian Grand Prix,2026-05-24,OCO,Haas F1 Team,47,True,0.09203367234185933,0.09203367234185933,0.09203367234185933,334.4254621124277
Canadian Grand Prix,2026-05-24,OCO,Haas F1 Team,54,True,0.05527243892714573,0.055014652483173165,0.05527243892714573,190.79236766987864
Canadian Grand Prix,2026-05-24,OCO,Haas F1 Team,55,True,0.15717993272986952,0.15717993272986952,0.15717993272986952,313.1599272641187
Canadian Grand Prix,2026-05-24,OCO,Haas F1 Team,56,True,0.07979417240272646,0.07799397462628654,0.08189446595907945,194.92022460800007
Canadian Grand Prix,2026-05-24,OCO,Haas F1 Team,57,True,0.1065881994859108,0.10093398239299489,0.11061044609450121,213.1671628752478
Canadian Grand Prix,2026-05-24,OCO,Haas F1 Team,58,True,0.09140789271875249,0.06952998913338426,0.12258086726892614,228.00243073282343
Canadian Grand Prix,2026-05-24,OCO,Haas F1 Team,60,True,0.519637384236626,0.4667555703183499,0.519637384236626,206.8889260186569
Canadian Grand Prix,2026-05-24,OCO,Haas F1 Team,61,True,0.36125914382975033,0.36125914382975033,0.36125914382975033,232.593767739494
Canadian Grand Prix,2026-05-24,OCO,Haas F1 Team,62,True,0.3522169403884128,0.3522169403884128,0.3522169403884128,227.7985717842328
Canadian Grand Prix,2026-05-24,OCO,Haas F1 Team,63,True,0.3193441790673077,0.3193441790673077,0.3193441790673077,239.2911840522539
Canadian Grand Prix,2026-05-24,OCO,Haas F1 Team,65,True,0.23573429869420082,0.23573429869420082,0.23573429869420082,209.89868515271948
Canadian Grand Prix,2026-05-24,STR,Aston Martin,7,True,0.24151921062955495,0.24151921062955495,0.2557857294938728,220.64737237874536
Canadian Grand Prix,2026-05-24,STR,Aston Martin,8,True,0.23238926461508136,0.23238926461508136,0.23238926461508136,259.73242171883606
Canadian Grand Prix,2026-05-24,STR,Aston Martin,10,True,0.18413759942538732,0.18413759942538732,0.18413759942538732,239.72206164224107
Canadian Grand Prix,2026-05-24,STR,Aston Martin,11,True,0.3964740326457381,0.34531752700631557,0.3964740326457381,165.80232370404653
Canadian Grand Prix,2026-05-24,STR,Aston Martin,18,True,0.2825617993394136,0.19884535631425493,0.2825617993394136,315.8206930525854
Canadian Grand Prix,2026-05-24,STR,Aston Martin,24,False,0.0,0.0,0.0,227.733708347558
Canadian Grand Prix,2026-05-24,STR,Aston Martin,33,False,0.0,0.0,0.0,203.0122139831165
Canadian Grand Prix,2026-05-24,STR,Aston Martin,36,True,0.3547694463486888,0.18132551566119837,0.3613704099132793,143.250687426011
Canadian Grand Prix,2026-05-24,STR,Aston Martin,39,True,0.31325500143849183,0.31325500143849183,0.42834180736873684,253.05009271959517
Canadian Grand Prix,2026-05-24,STR,Aston Martin,40,True,0.46013712673572726,0.24777263452016385,0.46490432653003566,196.2754419686377
Canadian Grand Prix,2026-05-24,STR,Aston Martin,41,True,0.2680840496385688,0.2680840496385688,0.3093521905966323,146.95052766125346
Canadian Grand Prix,2026-05-24,STR,Aston Martin,42,True,0.24622839852074563,0.24622839852074563,0.2856293534589085,216.3660861926369
Canadian Grand Prix,2026-05-24,STR,Aston Martin,53,True,0.26003054477678056,0.26003054477678056,0.3167009211756113,275.8685100802641
Canadian Grand Prix,2026-05-24,STR,Aston Martin,54,True,0.3426316962519085,0.3426316962519085,0.3612263192742322,330.2073096540517
Canadian Grand Prix,2026-05-24,STR,Aston Martin,56,True,0.21750356889947753,0.21750356889947753,0.26071428432382504,303.1743534230839
Canadian Grand Prix,2026-05-24,STR,Aston Martin,59,True,0.577018678966768,0.5439889481679749,0.577018678966768,303.54539456789223
Canadian Grand Prix,2026-05-24,BOT,Cadillac,5,True,0.38216185019904714,0.37873756233372546,0.38216185019904714,247.352419946264
Canadian Grand Prix,2026-05-24,BOT,Cadillac,6,True,0.44126082954943335,0.44126082954943335,0.44126082954943335,351.80423829130245
Canadian Grand Prix,2026-05-24,BOT,Cadillac,7,True,0.4511215473355623,0.4511215473355623,0.4511215473355623,348.0545893378939
Canadian Grand Prix,2026-05-24,BOT,Cadillac,8,True,0.5205306146269137,0.5205306146269137,0.5205306146269137,317.5688737266078
Canadian Grand Prix,2026-05-24,BOT,Cadillac,11,True,0.3402423152543026,0.3402423152543026,0.3402423152543026,238.0018049084203
Canadian Grand Prix,2026-05-24,BOT,Cadillac,12,True,0.3199557340533179,0.3014472405643893,0.3199557340533179,185.70188065567385
Canadian Grand Prix,2026-05-24,BOT,Cadillac,13,True,0.15231962165749913,0.15231962165749913,0.1744785587194322,240.611829951621
Canadian Grand Prix,2026-05-24,BOT,Cadillac,15,True,0.3227371415168907,0.3227371415168907,0.3227371415168907,313.30606826877687
Canadian Grand Prix,2026-05-24,BOT,Cadillac,17,True,0.3229692219398448,0.31985060445186164,0.3229692219398448,197.8553787892827
Canadian Grand Prix,2026-05-24,BOT,Cadillac,18,True,0.3401555059101842,0.3401555059101842,0.3401555059101842,337.75320221812143
Canadian Grand Prix,2026-05-24,BOT,Cadillac,19,True,0.2496601221596837,0.2496601221596837,0.3134707135254633,216.37311046425748
Canadian Grand Prix,2026-05-24,BOT,Cadillac,20,False,0.0,0.0,0.0,
Canadian Grand Prix,2026-05-24,BOT,Cadillac,23,True,0.23300126621162853,0.23300126621162853,0.23300126621162853,175.65225662204432
Canadian Grand Prix,2026-05-24,BOT,Cadillac,24,True,0.01716855964636288,0.00012650866824870377,0.04909574422793028,369.04648782028323
Canadian Grand Prix,2026-05-24,BOT,Cadillac,25,True,0.4122944127708372,0.4122944127708372,0.4122944127708372,281.7028366827904
Canadian Grand Prix,2026-05-24,BOT,Cadillac,26,True,0.533224568838703,0.533224568838703,0.5437464733130799,314.17858713514516
Canadian Grand Prix,2026-05-24,BOT,Cadillac,27,True,0.48642144387454955,0.48642144387454955,0.48642144387454955,321.2424480984135
Canadian Grand Prix,2026-05-24,BOT,Cadillac,31,True,0.26150093323395396,0.26150093323395396,0.2630151343569338,368.0780257694984
Canadian Grand Prix,2026-05-24,BOT,Cadillac,37,True,0.3858738128492636,0.3858738128492636,0.41949630022952533,219.81701018277187
Canadian Grand Prix,2026-05-24,BOT,Cadillac,39,True,0.48684910812556303,0.48684910812556303,0.49252621951179876,358.85374185734264
Canadian Grand Prix,2026-05-24,BOT,Cadillac,42,True,0.4628784795728311,0.4628784795728311,0.5339834162623038,327.14178237605165
Canadian Grand Prix,2026-05-24,BOT,Cadillac,45,True,0.3334608133584851,0.3334608133584851,0.33653595806415737,319.4548562497233
Canadian Grand Prix,2026-05-24,BOT,Cadillac,46,True,0.11111932069746544,0.11111932069746544,0.11111932069746544,223.03004254864314
Canadian Grand Prix,2026-05-24,BOT,Cadillac,47,True,0.1911492291992456,0.1911492291992456,0.1911492291992456,335.137236101461
Canadian Grand Prix,2026-05-24,BOT,Cadillac,48,True,0.3900872614041191,0.3900872614041191,0.3900872614041191,271.28927601162906
Canadian Grand Prix,2026-05-24,BOT,Cadillac,51,True,0.44486591833318734,0.44486591833318734,0.44486591833318734,367.51006026957543
Canadian Grand Prix,2026-05-24,BOT,Cadillac,52,True,0.5152117214343601,0.3888127325073807,0.5152117214343601,353.7861735710238
Canadian Grand Prix,2026-05-24,BOT,Cadillac,55,True,0.4206216133995895,0.4206216133995895,0.4206216133995895,340.6479025516737
Canadian Grand Prix,2026-05-24,BOT,Cadillac,58,True,0.16786169938428053,0.1665806396840015,0.16786169938428053,260.9533336968617
Canadian Grand Prix,2026-05-24,BOT,Cadillac,59,True,0.3315158058574603,0.3315158058574603,0.3315158058574603,346.2386758243174
Canadian Grand Prix,2026-05-24,BOT,Cadillac,61,True,0.6527372553164366,0.6527372553164366,0.6527372553164366,320.5019045442282
Canadian Grand Prix,2026-05-24,BOT,Cadillac,63,True,0.410602891799174,0.410602891799174,0.410602891799174,294.4320613490242
Canadian Grand Prix,2026-05-24,BOT,Cadillac,64,True,0.5101562702410352,0.5101562702410352,0.5101562702410352,315.0737637368666
Canadian Grand Prix,2026-05-24,PER,Cadillac,4,True,0.08953176696161336,0.08953176696161336,0.09221991775060445,198.04282758165908
Canadian Grand Prix,2026-05-24,PER,Cadillac,5,False,0.0,0.0,0.0,
Canadian Grand Prix,2026-05-24,PER,Cadillac,7,True,0.1830428063820868,0.1830428063820868,0.1830428063820868,177.68105273082895
Canadian Grand Prix,2026-05-24,PER,Cadillac,8,True,0.267370350001789,0.267370350001789,0.2989364020664915,181.64589696147485
Canadian Grand Prix,2026-05-24,PER,Cadillac,9,True,0.29703639450655395,0.29703639450655395,0.29703639450655395,256.4753173674404
Canadian Grand Prix,2026-05-24,PER,Cadillac,10,True,0.2995627162715735,0.2995627162715735,0.2995627162715735,242.5530825496529
Canadian Grand Prix,2026-05-24,PER,Cadillac,11,True,0.15508752065320586,0.15508752065320586,0.1790860886649881,220.0680659649176
Canadian Grand Prix,2026-05-24,PER,Cadillac,12,True,0.21437717473368956,0.21437717473368956,0.21437717473368956,216.0589482909105
Canadian Grand Prix,2026-05-24,PER,Cadillac,13,True,0.027304820532842555,0.02253248182493195,0.02772546231143913,260.01104987088723
Canadian Grand Prix,2026-05-24,PER,Cadillac,14,True,0.32784674685447257,0.32784674685447257,0.32784674685447257,204.22589004607812
Canadian Grand Prix,2026-05-24,PER,Cadillac,18,True,0.2805164450498481,0.27697764578344675,0.2805164450498481,249.75350216530325
Canadian Grand Prix,2026-05-24,PER,Cadillac,19,True,0.36721891811325413,0.36721891811325413,0.36721891811325413,273.721663991819
Canadian Grand Prix,2026-05-24,PER,Cadillac,20,True,0.3236417831028344,0.3236417831028344,0.393636408464749,259.1613141877455
Canadian Grand Prix,2026-05-24,PER,Cadillac,22,True,0.37408635673745216,0.37408635673745216,0.37408635673745216,191.99701851285135
Canadian Grand Prix,2026-05-24,PER,Cadillac,25,True,0.3443453870962756,0.3443453870962756,0.3443453870962756,311.4834980784608
Canadian Grand Prix,2026-05-24,PER,Cadillac,26,True,0.24534733669338316,0.24534733669338316,0.24534733669338316,250.05859439384747
Canadian Grand Prix,2026-05-24,PER,Cadillac,27,True,0.2873849239621755,0.2873849239621755,0.2961170416165686,238.82287898579636
Canadian Grand Prix,2026-05-24,PER,Cadillac,28,True,0.3239502092953508,0.3239502092953508,0.3388517292033484,246.94001210044007
Canadian Grand Prix,2026-05-24,PER,Cadillac,31,True,0.12226737177648594,0.12226737177648594,0.12226737177648594,315.3501686193421
Canadian Grand Prix,2026-05-24,PER,Cadillac,32,True,0.009697543392254815,0.009697543392254815,0.009697543392254815,
Canadian Grand Prix,2026-05-24,PER,Cadillac,33,False,0.0,0.0,0.0,716.1953481252248
Canadian Grand Prix,2026-05-24,PER,Cadillac,35,True,0.026199539397197213,0.01739093414447801,0.03654732022482854,232.5377671625435
Canadian Grand Prix,2026-05-24,PER,Cadillac,36,True,0.18791066942907797,0.18791066942907797,0.18791066942907797,126.16632480210754
Canadian Grand Prix,2026-05-24,PER,Cadillac,39,True,-0.03941352916147345,-0.03941352916147345,-0.037718101062560905,
Canadian Grand Prix,2026-05-24,NOR,McLaren,5,True,0.20738256775773145,0.20738256775773145,0.20738256775773145,
Canadian Grand Prix,2026-05-24,NOR,McLaren,7,True,0.04893138278161224,0.04893138278161224,0.04893138278161224,
Canadian Grand Prix,2026-05-24,NOR,McLaren,8,True,0.22885403782374247,0.19466245474495025,0.22885403782374247,199.09159103806948
Canadian Grand Prix,2026-05-24,NOR,McLaren,9,True,0.26671869403471504,0.2510549666654942,0.26671869403471504,149.70882347684005
Canadian Grand Prix,2026-05-24,NOR,McLaren,10,True,0.0015484989280540873,-0.01704942072025517,0.022516379929877317,
Canadian Grand Prix,2026-05-24,NOR,McLaren,12,True,0.38070646425883936,0.38070646425883936,0.393536990464904,198.8860392922599
Canadian Grand Prix,2026-05-24,NOR,McLaren,13,True,0.361586414031958,0.361586414031958,0.361586414031958,162.22368873094211
Canadian Grand Prix,2026-05-24,NOR,McLaren,17,True,0.0876489048176694,0.0876489048176694,0.0876489048176694,183.06859246666735
Canadian Grand Prix,2026-05-24,NOR,McLaren,18,True,0.2506582067497529,0.1941221906520152,0.2506582067497529,170.69812324129498
Canadian Grand Prix,2026-05-24,NOR,McLaren,19,True,0.16959145517676077,0.16959145517676077,0.16959145517676077,195.22122665834218
Canadian Grand Prix,2026-05-24,NOR,McLaren,20,True,0.2456450112531421,0.2456450112531421,0.2565967841796173,190.78212973590834
Canadian Grand Prix,2026-05-24,NOR,McLaren,22,True,0.3084369108229854,0.3084369108229854,0.3084369108229854,179.05317376027102
Canadian Grand Prix,2026-05-24,NOR,McLaren,25,True,0.17526999449195735,0.17526999449195735,0.20286182525429197,180.7424262106907
Canadian Grand Prix,2026-05-24,NOR,McLaren,26,True,0.25169712093786245,0.22829461491987146,0.25169712093786245,171.2855682504989
Canadian Grand Prix,2026-05-24,NOR,McLaren,27,True,0.31178983425084894,0.31178983425084894,0.31178983425084894,148.89364749975027
Canadian Grand Prix,2026-05-24,NOR,McLaren,28,True,0.20652739144754761,0.20652739144754761,0.20652739144754761,177.9046342595832
Canadian Grand Prix,2026-05-24,NOR,McLaren,29,True,0.3201133107029701,0.19020448874000273,0.3229230168236068,156.87534854050767
Canadian Grand Prix,2026-05-24,NOR,McLaren,32,True,0.15799181964177578,0.15799181964177578,0.15799181964177578,234.6231942830573
Canadian Grand Prix,2026-05-24,NOR,McLaren,33,True,0.3660977476741607,0.2928530981912729,0.3660977476741607,164.60860503049844
Canadian Grand Prix,2026-05-24,NOR,McLaren,34,True,0.2437775664873172,0.1962958184636978,0.2437775664873172,
Canadian Grand Prix,2026-05-24,NOR,McLaren,36,True,-0.005395044065638288,-0.027450693005620863,-0.005255755949294283,314.4049001863195
Canadian Grand Prix,2026-05-24,NOR,McLaren,37,True,0.5023645245667812,0.4822127511730976,0.5023645245667812,173.57779318618762
Canadian Grand Prix,2026-05-24,RUS,Mercedes,3,True,0.15994310297109315,0.13801261787532226,0.15994310297109315,
Canadian Grand Prix,2026-05-24,RUS,Mercedes,4,True,0.23638408380963583,0.23638408380963583,0.23638408380963583,244.7875027413593
Canadian Grand Prix,2026-05-24,RUS,Mercedes,5,True,0.19289166192698737,0.14291792912977996,0.19289166192698737,236.46377153682673
Canadian Grand Prix,2026-05-24,RUS,Mercedes,6,True,0.07494870390641495,0.06229267269012162,0.07502686594432895,460.6689845212559
Canadian Grand Prix,2026-05-24,RUS,Mercedes,7,True,0.12239063795735738,0.12239063795735738,0.17142768304046818,276.2683023883385
Canadian Grand Prix,2026-05-24,RUS,Mercedes,8,True,0.21245451511081548,0.21245451511081548,0.21245451511081548,238.19181709182692
Canadian Grand Prix,2026-05-24,RUS,Mercedes,9,True,0.24691338539928687,0.21386758879026502,0.24691338539928687,277.9951772618314
Canadian Grand Prix,2026-05-24,RUS,Mercedes,10,True,0.08027412693372682,0.08027412693372682,0.13884347767423222,224.17017405361503
Canadian Grand Prix,2026-05-24,RUS,Mercedes,11,True,0.1290074243110073,0.1290074243110073,0.1290074243110073,247.3800310273525
Canadian Grand Prix,2026-05-24,RUS,Mercedes,12,True,0.1541797228695181,0.1541797228695181,0.1541797228695181,360.1081092676231
Canadian Grand Prix,2026-05-24,RUS,Mercedes,13,True,0.07971288035476043,0.0761761994961887,0.07971288035476043,180.50854698286224
Canadian Grand Prix,2026-05-24,RUS,Mercedes,15,True,0.29446334285835185,0.275753535969093,0.29446334285835185,312.84613025993195
Canadian Grand Prix,2026-05-24,RUS,Mercedes,16,True,0.04238122052818838,0.04238122052818838,0.04238122052818838,271.36560223252025
Canadian Grand Prix,2026-05-24,RUS,Mercedes,17,True,0.10215562124658106,0.10215562124658106,0.10215562124658106,230.593308846561
Canadian Grand Prix,2026-05-24,RUS,Mercedes,18,True,0.08664051808566953,0.0714293363322831,0.08664051808566953,202.59972744206033
Canadian Grand Prix,2026-05-24,RUS,Mercedes,23,True,0.020723614841648086,0.018467493938251422,0.021401930403479597,195.47632915069855
Canadian Grand Prix,2026-05-24,RUS,Mercedes,26,True,0.057447855559059846,0.057447855559059846,0.07610807372417128,183.6531073781288
Canadian Grand Prix,2026-05-24,RUS,Mercedes,27,True,0.3066162091344502,0.28275901860261143,0.3066162091344502,247.095510628836
Canadian Grand Prix,2026-05-24,RUS,Mercedes,28,True,0.04308393272125599,0.04308393272125599,0.053715860603476884,203.05963286251838
Canadian Grand Prix,2026-05-24,ALB,Williams,3,True,0.286320342161849,0.286320342161849,0.286320342161849,
Canadian Grand Prix,2026-05-24,ALB,Williams,5,True,0.1331374451637366,0.08853994971609502,0.1331374451637366,
Canadian Grand Prix,2026-05-24,ALB,Williams,8,True,0.21195335631852963,0.18786315072878423,0.21195335631852963,
Canadian Grand Prix,2026-05-24,ALB,Williams,9,True,0.2863577302010203,0.20254197779420124,0.2863577302010203,254.67904138818062
Canadian Grand Prix,2026-05-24,ALB,Williams,10,True,0.2063669719096115,0.2063669719096115,0.2063669719096115,221.19747665741448
Austrian Grand Prix,2026-06-28,RUS,Mercedes,70,True,-0.019706427712447905,-0.01975172774846623,-0.019706427712447905,477.40288547182274
Austrian Grand Prix,2026-06-28,VER,Red Bull Racing,11,False,0.0,0.0,0.0,
Austrian Grand Prix,2026-06-28,VER,Red Bull Racing,13,False,0.0,0.0,0.0,
Austrian Grand Prix,2026-06-28,VER,Red Bull Racing,24,False,0.0,0.0,0.0,
Austrian Grand Prix,2026-06-28,VER,Red Bull Racing,33,False,0.0,0.0,0.0,
Austrian Grand Prix,2026-06-28,VER,Red Bull Racing,37,False,0.0,0.0,0.0,
Austrian Grand Prix,2026-06-28,ANT,Mercedes,5,False,0.0,0.0,0.0,
Austrian Grand Prix,2026-06-28,ANT,Mercedes,42,False,0.0,0.0,0.0,
Austrian Grand Prix,2026-06-28,ANT,Mercedes,53,True,-0.0449959851566506,-0.04811786352207026,-0.043923523998308234,
Austrian Grand Prix,2026-06-28,PIA,McLaren,5,False,0.0,0.0,0.0,
Austrian Grand Prix,2026-06-28,PIA,McLaren,8,False,0.0,0.0,0.0,
Austrian Grand Prix,2026-06-28,PIA,McLaren,10,False,0.0,0.0,0.0,
Austrian Grand Prix,2026-06-28,PIA,McLaren,12,False,0.0,0.0,0.0,
Austrian Grand Prix,2026-06-28,PIA,McLaren,27,False,0.0,0.0,0.0,
Austrian Grand Prix,2026-06-28,PIA,McLaren,32,False,0.0,0.0,0.0,
Austrian Grand Prix,2026-06-28,PIA,McLaren,36,False,0.0,0.0,0.0,
Austrian Grand Prix,2026-06-28,PIA,McLaren,37,False,0.0,0.0,0.0,
Austrian Grand Prix,2026-06-28,PIA,McLaren,38,False,0.0,0.0,0.0,
Austrian Grand Prix,2026-06-28,PIA,McLaren,48,False,0.0,0.0,0.0,
Austrian Grand Prix,2026-06-28,PIA,McLaren,53,False,0.0,0.0,0.0,
Austrian Grand Prix,2026-06-28,HAM,Ferrari,24,False,0.0,0.0,0.0,
Austrian Grand Prix,2026-06-28,HAM,Ferrari,27,False,0.0,0.0,0.0,
Austrian Grand Prix,2026-06-28,HAM,Ferrari,28,False,0.0,0.0,0.0,
Austrian Grand Prix,2026-06-28,HAM,Ferrari,30,False,0.0,0.0,0.0,
Austrian Grand Prix,2026-06-28,HAM,Ferrari,31,False,0.0,0.0,0.0,
Austrian Grand Prix,2026-06-28,HAM,Ferrari,39,False,0.0,0.0,0.0,
Austrian Grand Prix,2026-06-28,HAM,Ferrari,44,False,0.0,0.0,0.0,
Austrian Grand Prix,2026-06-28,HAM,Ferrari,49,False,0.0,0.0,0.0,
Austrian Grand Prix,2026-06-28,HAM,Ferrari,50,False,0.0,0.0,0.0,
Austrian Grand Prix,2026-06-28,HAM,Ferrari,51,False,0.0,0.0,0.0,
Austrian Grand Prix,2026-06-28,HAM,Ferrari,53,True,0.059506492091092156,0.059506492091092156,0.059506492091092156,468.6577100355561
Austrian Grand Prix,2026-06-28,HAM,Ferrari,71,False,0.0,0.0,0.0,
Austrian Grand Prix,2026-06-28,HAD,Red Bull Racing,5,False,0.0,0.0,0.0,
Austrian Grand Prix,2026-06-28,HAD,Red Bull Racing,12,False,0.0,0.0,0.0,
Austrian Grand Prix,2026-06-28,HAD,Red Bull Racing,13,False,0.0,0.0,0.0,
Austrian Grand Prix,2026-06-28,HAD,Red Bull Racing,15,False,0.0,0.0,0.0,
Austrian Grand Prix,2026-06-28,HAD,Red Bull Racing,16,False,0.0,0.0,0.0,
Austrian Grand Prix,2026-06-28,HAD,Red Bull Racing,17,False,0.0,0.0,0.0,
Austrian Grand Prix,2026-06-28,HAD,Red Bull Racing,24,False,0.0,0.0,0.0,
Austrian Grand Prix,2026-06-28,HAD,Red Bull Racing,27,False,0.0,0.0,0.0,
Austrian Grand Prix,2026-06-28,HAD,Red Bull Racing,31,False,0.0,0.0,0.0,
Austrian Grand Prix,2026-06-28,HAD,Red Bull Racing,32,False,0.0,0.0,0.0,
Austrian Grand Prix,2026-06-28,HAD,Red Bull Racing,33,False,0.0,0.0,0.0,
Austrian Grand Prix,2026-06-28,HAD,Red Bull Racing,34,False,0.0,0.0,0.0,
Austrian Grand Prix,2026-06-28,HAD,Red Bull Racing,46,False,0.0,0.0,0.0,
Austrian Grand Prix,2026-06-28,HAD,Red Bull Racing,47,False,0.0,0.0,0.0,
Austrian Grand Prix,2026-06-28,HAD,Red Bull Racing,49,False,0.0,0.0,0.0,
Austrian Grand Prix,2026-06-28,HAD,Red Bull Racing,50,False,0.0,0.0,0.0,
Austrian Grand Prix,2026-06-28,HAD,Red Bull Racing,56,False,0.0,0.0,0.0,
Austrian Grand Prix,2026-06-28,HAD,Red Bull Racing,61,False,0.0,0.0,0.0,
Austrian Grand Prix,2026-06-28,HAD,Red Bull Racing,70,False,0.0,0.0,0.0,
Austrian Grand Prix,2026-06-28,NOR,McLaren,4,False,0.0,0.0,0.0,
Austrian Grand Prix,2026-06-28,NOR,McLaren,5,False,0.0,0.0,0.0,
Austrian Grand Prix,2026-06-28,NOR,McLaren,6,False,0.0,0.0,0.0,
Austrian Grand Prix,2026-06-28,LEC,Ferrari,8,False,0.0,0.0,0.0,
Austrian Grand Prix,2026-06-28,LAW,Racing Bulls,2,False,0.0,0.0,0.0,
Austrian Grand Prix,2026-06-28,LAW,Racing Bulls,3,False,0.0,0.0,0.0,
Austrian Grand Prix,2026-06-28,LAW,Racing Bulls,4,False,0.0,0.0,0.0,
Austrian Grand Prix,2026-06-28,LAW,Racing Bulls,5,False,0.0,0.0,0.0,
Austrian Grand Prix,2026-06-28,LAW,Racing Bulls,6,False,0.0,0.0,0.0,
Austrian Grand Prix,2026-06-28,LAW,Racing Bulls,7,False,0.0,0.0,0.0,
Austrian Grand Prix,2026-06-28,LAW,Racing Bulls,9,False,0.0,0.0,0.0,
Austrian Grand Prix,2026-06-28,LAW,Racing Bulls,10,False,0.0,0.0,0.0,
Austrian Grand Prix,2026-06-28,LAW,Racing Bulls,11,False,0.0,0.0,0.0,
Austrian Grand Prix,2026-06-28,LAW,Racing Bulls,13,False,0.0,0.0,0.0,
Austrian Grand Prix,2026-06-28,LAW,Racing Bulls,15,False,0.0,0.0,0.0,
Austrian Grand Prix,2026-06-28,LAW,Racing Bulls,17,False,0.0,0.0,0.0,
Austrian Grand Prix,2026-06-28,LAW,Racing Bulls,18,False,0.0,0.0,0.0,
Austrian Grand Prix,2026-06-28,LAW,Racing Bulls,22,False,0.0,0.0,0.0,
Austrian Grand Prix,2026-06-28,LAW,Racing Bulls,23,False,0.0,0.0,0.0,
Austrian Grand Prix,2026-06-28,LAW,Racing Bulls,27,False,0.0,0.0,0.0,
Austrian Grand Prix,2026-06-28,LAW,Racing Bulls,28,False,0.0,0.0,0.0,
Austrian Grand Prix,2026-06-28,LAW,Racing Bulls,29,False,0.0,0.0,0.0,
Austrian Grand Prix,2026-06-28,LAW,Racing Bulls,30,False,0.0,0.0,0.0,
Austrian Grand Prix,2026-06-28,LAW,Racing Bulls,32,False,0.0,0.0,0.0,
Austrian Grand Prix,2026-06-28,LAW,Racing Bulls,33,False,0.0,0.0,0.0,
Austrian Grand Prix,2026-06-28,LAW,Racing Bulls,35,False,0.0,0.0,0.0,
Austrian Grand Prix,2026-06-28,LAW,Racing Bulls,36,False,0.0,0.0,0.0,
Austrian Grand Prix,2026-06-28,LAW,Racing Bulls,38,False,0.0,0.0,0.0,
Austrian Grand Prix,2026-06-28,LAW,Racing Bulls,41,False,0.0,0.0,0.0,
Austrian Grand Prix,2026-06-28,LAW,Racing Bulls,42,False,0.0,0.0,0.0,
Austrian Grand Prix,2026-06-28,LAW,Racing Bulls,44,False,0.0,0.0,0.0,
Austrian Grand Prix,2026-06-28,LAW,Racing Bulls,47,False,0.0,0.0,0.0,
Austrian Grand Prix,2026-06-28,LAW,Racing Bulls,48,False,0.0,0.0,0.0,
Austrian Grand Prix,2026-06-28,LAW,Racing Bulls,49,False,0.0,0.0,0.0,
Austrian Grand Prix,2026-06-28,LAW,Racing Bulls,50,False,0.0,0.0,0.0,
Austrian Grand Prix,2026-06-28,LAW,Racing Bulls,53,False,0.0,0.0,0.0,
Austrian Grand Prix,2026-06-28,LAW,Racing Bulls,60,False,0.0,0.0,0.0,
Austrian Grand Prix,2026-06-28,LAW,Racing Bulls,63,False,0.0,0.0,0.0,
Austrian Grand Prix,2026-06-28,LAW,Racing Bulls,64,False,0.0,0.0,0.0,
Austrian Grand Prix,2026-06-28,LAW,Racing Bulls,65,False,0.0,0.0,0.0,
Austrian Grand Prix,2026-06-28,LAW,Racing Bulls,67,False,0.0,0.0,0.0,
Austrian Grand Prix,2026-06-28,LAW,Racing Bulls,68,False,0.0,0.0,0.0,
Austrian Grand Prix,2026-06-28,LAW,Racing Bulls,70,False,0.0,0.0,0.0,
Austrian Grand Prix,2026-06-28,LIN,Racing Bulls,2,False,0.0,0.0,0.0,
Austrian Grand Prix,2026-06-28,LIN,Racing Bulls,3,False,0.0,0.0,0.0,
Austrian Grand Prix,2026-06-28,LIN,Racing Bulls,4,False,0.0,0.0,0.0,
Austrian Grand Prix,2026-06-28,LIN,Racing Bulls,5,False,0.0,0.0,0.0,
Austrian Grand Prix,2026-06-28,LIN,Racing Bulls,6,False,0.0,0.0,0.0,
Austrian Grand Prix,2026-06-28,LIN,Racing Bulls,7,False,0.0,0.0,0.0,
Austrian Grand Prix,2026-06-28,LIN,Racing Bulls,8,False,0.0,0.0,0.0,
Austrian Grand Prix,2026-06-28,LIN,Racing Bulls,9,False,0.0,0.0,0.0,
Austrian Grand Prix,2026-06-28,LIN,Racing Bulls,10,False,0.0,0.0,0.0,
Austrian Grand Prix,2026-06-28,LIN,Racing Bulls,11,False,0.0,0.0,0.0,
Austrian Grand Prix,2026-06-28,LIN,Racing Bulls,13,False,0.0,0.0,0.0,
Austrian Grand Prix,2026-06-28,LIN,Racing Bulls,14,False,0.0,0.0,0.0,
Austrian Grand Prix,2026-06-28,LIN,Racing Bulls,16,False,0.0,0.0,0.0,
Austrian Grand Prix,2026-06-28,LIN,Racing Bulls,22,False,0.0,0.0,0.0,
Austrian Grand Prix,2026-06-28,LIN,Racing Bulls,23,False,0.0,0.0,0.0,
Austrian Grand Prix,2026-06-28,LIN,Racing Bulls,28,False,0.0,0.0,0.0,
Austrian Grand Prix,2026-06-28,LIN,Racing Bulls,32,False,0.0,0.0,0.0,
Austrian Grand Prix,2026-06-28,LIN,Racing Bulls,33,False,0.0,0.0,0.0,
Austrian Grand Prix,2026-06-28,LIN,Racing Bulls,38,False,0.0,0.0,0.0,
Austrian Grand Prix,2026-06-28,LIN,Racing Bulls,48,False,0.0,0.0,0.0,
Austrian Grand Prix,2026-06-28,LIN,Racing Bulls,50,False,0.0,0.0,0.0,
Austrian Grand Prix,2026-06-28,LIN,Racing Bulls,51,False,0.0,0.0,0.0,
Austrian Grand Prix,2026-06-28,LIN,Racing Bulls,53,False,0.0,0.0,0.0,
Austrian Grand Prix,2026-06-28,LIN,Racing Bulls,55,False,0.0,0.0,0.0,
Austrian Grand Prix,2026-06-28,LIN,Racing Bulls,60,False,0.0,0.0,0.0,
Austrian Grand Prix,2026-06-28,LIN,Racing Bulls,62,False,0.0,0.0,0.0,
Austrian Grand Prix,2026-06-28,LIN,Racing Bulls,63,False,0.0,0.0,0.0,
Austrian Grand Prix,2026-06-28,LIN,Racing Bulls,65,False,0.0,0.0,0.0,
Austrian Grand Prix,2026-06-28,LIN,Racing Bulls,70,False,0.0,0.0,0.0,
Austrian Grand Prix,2026-06-28,BOR,Audi,5,False,0.0,0.0,0.0,
Austrian Grand Prix,2026-06-28,BOR,Audi,8,False,0.0,0.0,0.0,
Austrian Grand Prix,2026-06-28,BOR,Audi,10,False,0.0,0.0,0.0,
Austrian Grand Prix,2026-06-28,BOR,Audi,14,False,0.0,0.0,0.0,
Austrian Grand Prix,2026-06-28,BOR,Audi,16,False,0.0,0.0,0.0,
Austrian Grand Prix,2026-06-28,BOR,Audi,20,False,0.0,0.0,0.0,
Austrian Grand Prix,2026-06-28,BOR,Audi,69,False,0.0,0.0,0.0,
Austrian Grand Prix,2026-06-28,HUL,Audi,2,False,0.0,0.0,0.0,
Austrian Grand Prix,2026-06-28,HUL,Audi,3,False,0.0,0.0,0.0,
Austrian Grand Prix,2026-06-28,HUL,Audi,4,False,0.0,0.0,0.0,
Austrian Grand Prix,2026-06-28,HUL,Audi,5,False,0.0,0.0,0.0,
Austrian Grand Prix,2026-06-28,HUL,Audi,6,False,0.0,0.0,0.0,
Austrian Grand Prix,2026-06-28,HUL,Audi,10,False,0.0,0.0,0.0,
Austrian Grand Prix,2026-06-28,HUL,Audi,11,False,0.0,0.0,0.0,
Austrian Grand Prix,2026-06-28,HUL,Audi,12,False,0.0,0.0,0.0,
Austrian Grand Prix,2026-06-28,HUL,Audi,14,False,0.0,0.0,0.0,
Austrian Grand Prix,2026-06-28,HUL,Audi,23,False,0.0,0.0,0.0,
Austrian Grand Prix,2026-06-28,HUL,Audi,50,False,0.0,0.0,0.0,
Austrian Grand Prix,2026-06-28,HUL,Audi,52,False,0.0,0.0,0.0,
Austrian Grand Prix,2026-06-28,HUL,Audi,62,False,0.0,0.0,0.0,
Austrian Grand Prix,2026-06-28,HUL,Audi,63,False,0.0,0.0,0.0,
Austrian Grand Prix,2026-06-28,HUL,Audi,64,False,0.0,0.0,0.0,
Austrian Grand Prix,2026-06-28,HUL,Audi,65,False,0.0,0.0,0.0,
Austrian Grand Prix,2026-06-28,GAS,Alpine,4,False,0.0,0.0,0.0,
Austrian Grand Prix,2026-06-28,GAS,Alpine,5,False,0.0,0.0,0.0,
Austrian Grand Prix,2026-06-28,GAS,Alpine,6,False,0.0,0.0,0.0,
Austrian Grand Prix,2026-06-28,GAS,Alpine,7,False,0.0,0.0,0.0,
Austrian Grand Prix,2026-06-28,GAS,Alpine,8,False,0.0,0.0,0.0,
Austrian Grand Prix,2026-06-28,GAS,Alpine,9,False,0.0,0.0,0.0,
Austrian Grand Prix,2026-06-28,GAS,Alpine,10,False,0.0,0.0,0.0,
Austrian Grand Prix,2026-06-28,GAS,Alpine,11,True,-0.011694420601417121,-0.01827878204672917,-0.011694420601417121,
Austrian Grand Prix,2026-06-28,GAS,Alpine,12,False,0.0,0.0,0.0,
Austrian Grand Prix,2026-06-28,GAS,Alpine,18,False,0.0,0.0,0.0,
Austrian Grand Prix,2026-06-28,GAS,Alpine,21,False,0.0,0.0,0.0,
Austrian Grand Prix,2026-06-28,GAS,Alpine,23,False,0.0,0.0,0.0,
Austrian Grand Prix,2026-06-28,GAS,Alpine,28,False,0.0,0.0,0.0,
Austrian Grand Prix,2026-06-28,GAS,Alpine,44,False,0.0,0.0,0.0,
Austrian Grand Prix,2026-06-28,GAS,Alpine,48,False,0.0,0.0,0.0,
Austrian Grand Prix,2026-06-28,GAS,Alpine,49,False,0.0,0.0,0.0,
Austrian Grand Prix,2026-06-28,GAS,Alpine,50,True,-0.03187275404394452,-0.03187275404394452,-0.03187275404394452,
Austrian Grand Prix,2026-06-28,GAS,Alpine,53,False,0.0,0.0,0.0,
Austrian Grand Prix,2026-06-28,GAS,Alpine,55,False,0.0,0.0,0.0,
Austrian Grand Prix,2026-06-28,GAS,Alpine,56,False,0.0,0.0,0.0,
Austrian Grand Prix,2026-06-28,GAS,Alpine,59,False,0.0,0.0,0.0,
Austrian Grand Prix,2026-06-28,GAS,Alpine,63,False,0.0,0.0,0.0,
Austrian Grand Prix,2026-06-28,GAS,Alpine,70,False,0.0,0.0,0.0,
Austrian Grand Prix,2026-06-28,BEA,Haas F1 Team,2,False,0.0,0.0,0.0,
Austrian Grand Prix,2026-06-28,BEA,Haas F1 Team,4,False,0.0,0.0,0.0,
Austrian Grand Prix,2026-06-28,BEA,Haas F1 Team,5,False,0.0,0.0,0.0,
Austrian Grand Prix,2026-06-28,BEA,Haas F1 Team,6,False,0.0,0.0,0.0,
Austrian Grand Prix,2026-06-28,BEA,Haas F1 Team,12,False,0.0,0.0,0.0,
Austrian Grand Prix,2026-06-28,BEA,Haas F1 Team,13,False,0.0,0.0,0.0,
Austrian Grand Prix,2026-06-28,BEA,Haas F1 Team,27,False,0.0,0.0,0.0,
Austrian Grand Prix,2026-06-28,BEA,Haas F1 Team,32,False,0.0,0.0,0.0,
Austrian Grand Prix,2026-06-28,BEA,Haas F1 Team,34,False,0.0,0.0,0.0,
Austrian Grand Prix,2026-06-28,BEA,Haas F1 Team,38,False,0.0,0.0,0.0,
Austrian Grand Prix,2026-06-28,BEA,Haas F1 Team,41,False,0.0,0.0,0.0,
Austrian Grand Prix,2026-06-28,COL,Alpine,3,False,0.0,0.0,0.0,
Austrian Grand Prix,2026-06-28,COL,Alpine,5,False,0.0,0.0,0.0,
Austrian Grand Prix,2026-06-28,COL,Alpine,6,False,0.0,0.0,0.0,
Austrian Grand Prix,2026-06-28,COL,Alpine,7,False,0.0,0.0,0.0,
Austrian Grand Prix,2026-06-28,COL,Alpine,10,False,0.0,0.0,0.0,
Austrian Grand Prix,2026-06-28,COL,Alpine,11,False,0.0,0.0,0.0,
Austrian Grand Prix,2026-06-28,COL,Alpine,13,False,0.0,0.0,0.0,
Austrian Grand Prix,2026-06-28,COL,Alpine,14,False,0.0,0.0,0.0,
Austrian Grand Prix,2026-06-28,COL,Alpine,15,False,0.0,0.0,0.0,
Austrian Grand Prix,2026-06-28,COL,Alpine,16,False,0.0,0.0,0.0,
Austrian Grand Prix,2026-06-28,COL,Alpine,17,False,0.0,0.0,0.0,
Austrian Grand Prix,2026-06-28,COL,Alpine,22,False,0.0,0.0,0.0,
Austrian Grand Prix,2026-06-28,COL,Alpine,23,False,0.0,0.0,0.0,
Austrian Grand Prix,2026-06-28,COL,Alpine,28,False,0.0,0.0,0.0,
Austrian Grand Prix,2026-06-28,COL,Alpine,31,False,0.0,0.0,0.0,
Austrian Grand Prix,2026-06-28,COL,Alpine,32,False,0.0,0.0,0.0,
Austrian Grand Prix,2026-06-28,COL,Alpine,33,False,0.0,0.0,0.0,
Austrian Grand Prix,2026-06-28,COL,Alpine,34,False,0.0,0.0,0.0,
Austrian Grand Prix,2026-06-28,COL,Alpine,35,False,0.0,0.0,0.0,
Austrian Grand Prix,2026-06-28,COL,Alpine,36,False,0.0,0.0,0.0,
Austrian Grand Prix,2026-06-28,COL,Alpine,37,False,0.0,0.0,0.0,
Austrian Grand Prix,2026-06-28,COL,Alpine,38,False,0.0,0.0,0.0,
Austrian Grand Prix,2026-06-28,COL,Alpine,39,False,0.0,0.0,0.0,
Austrian Grand Prix,2026-06-28,COL,Alpine,43,False,0.0,0.0,0.0,
Austrian Grand Prix,2026-06-28,COL,Alpine,45,False,0.0,0.0,0.0,
Austrian Grand Prix,2026-06-28,COL,Alpine,48,False,0.0,0.0,0.0,
Austrian Grand Prix,2026-06-28,COL,Alpine,52,False,0.0,0.0,0.0,
Austrian Grand Prix,2026-06-28,COL,Alpine,61,False,0.0,0.0,0.0,
Austrian Grand Prix,2026-06-28,COL,Alpine,62,False,0.0,0.0,0.0,
Austrian Grand Prix,2026-06-28,COL,Alpine,68,True,-0.026002610096044876,-0.026002610096044876,-0.026002610096044876,
Austrian Grand Prix,2026-06-28,OCO,Haas F1 Team,2,False,0.0,0.0,0.0,
Austrian Grand Prix,2026-06-28,OCO,Haas F1 Team,4,False,0.0,0.0,0.0,
Austrian Grand Prix,2026-06-28,OCO,Haas F1 Team,26,False,0.0,0.0,0.0,
Austrian Grand Prix,2026-06-28,OCO,Haas F1 Team,43,False,0.0,0.0,0.0,
Austrian Grand Prix,2026-06-28,OCO,Haas F1 Team,65,False,0.0,0.0,0.0,
Austrian Grand Prix,2026-06-28,ALB,Williams,2,True,-0.018402665761780845,-0.018402665761780845,-0.018402665761780845,
Austrian Grand Prix,2026-06-28,ALB,Williams,3,False,0.0,0.0,0.0,
Austrian Grand Prix,2026-06-28,ALB,Williams,4,False,0.0,0.0,0.0,
Austrian Grand Prix,2026-06-28,ALB,Williams,5,False,0.0,0.0,0.0,
Austrian Grand Prix,2026-06-28,ALB,Williams,6,False,0.0,0.0,0.0,
Austrian Grand Prix,2026-06-28,ALB,Williams,7,False,0.0,0.0,0.0,
Austrian Grand Prix,2026-06-28,ALB,Williams,10,True,-0.015563013365456513,-0.015563013365456513,-0.015563013365456513,
Austrian Grand Prix,2026-06-28,ALB,Williams,11,False,0.0,0.0,0.0,
Austrian Grand Prix,2026-06-28,ALB,Williams,12,True,-0.017827858143132147,-0.017827858143132147,-0.017827858143132147,
Austrian Grand Prix,2026-06-28,ALB,Williams,13,True,-0.03656337647608421,-0.03656337647608421,-0.03656337647608421,
Austrian Grand Prix,2026-06-28,ALB,Williams,14,False,0.0,0.0,0.0,
Austrian Grand Prix,2026-06-28,ALB,Williams,15,False,0.0,0.0,0.0,
Austrian Grand Prix,2026-06-28,ALB,Williams,16,False,0.0,0.0,0.0,
Austrian Grand Prix,2026-06-28,ALB,Williams,17,False,0.0,0.0,0.0,
Austrian Grand Prix,2026-06-28,ALB,Williams,20,False,0.0,0.0,0.0,
Austrian Grand Prix,2026-06-28,ALB,Williams,22,False,0.0,0.0,0.0,
Austrian Grand Prix,2026-06-28,ALB,Williams,23,False,0.0,0.0,0.0,
Austrian Grand Prix,2026-06-28,ALB,Williams,27,False,0.0,0.0,0.0,
Austrian Grand Prix,2026-06-28,ALB,Williams,28,False,0.0,0.0,0.0,
Austrian Grand Prix,2026-06-28,ALB,Williams,29,False,0.0,0.0,0.0,
Austrian Grand Prix,2026-06-28,ALB,Williams,30,False,0.0,0.0,0.0,
Austrian Grand Prix,2026-06-28,ALB,Williams,32,False,0.0,0.0,0.0,
Austrian Grand Prix,2026-06-28,ALB,Williams,33,False,0.0,0.0,0.0,
Austrian Grand Prix,2026-06-28,ALB,Williams,34,False,0.0,0.0,0.0,
Austrian Grand Prix,2026-06-28,ALB,Williams,35,False,0.0,0.0,0.0,
Austrian Grand Prix,2026-06-28,ALB,Williams,39,False,0.0,0.0,0.0,
Austrian Grand Prix,2026-06-28,ALB,Williams,40,False,0.0,0.0,0.0,
Austrian Grand Prix,2026-06-28,ALB,Williams,41,False,0.0,0.0,0.0,
Austrian Grand Prix,2026-06-28,ALB,Williams,42,False,0.0,0.0,0.0,
Austrian Grand Prix,2026-06-28,ALB,Williams,45,False,0.0,0.0,0.0,
Austrian Grand Prix,2026-06-28,ALB,Williams,50,False,0.0,0.0,0.0,
Austrian Grand Prix,2026-06-28,ALB,Williams,52,False,0.0,0.0,0.0,
Austrian Grand Prix,2026-06-28,ALB,Williams,53,False,0.0,0.0,0.0,
Austrian Grand Prix,2026-06-28,ALB,Williams,60,False,0.0,0.0,0.0,
Austrian Grand Prix,2026-06-28,ALB,Williams,61,False,0.0,0.0,0.0,
Austrian Grand Prix,2026-06-28,ALB,Williams,62,False,0.0,0.0,0.0,
Austrian Grand Prix,2026-06-28,ALB,Williams,65,False,0.0,0.0,0.0,
Austrian Grand Prix,2026-06-28,ALB,Williams,66,False,0.0,0.0,0.0,
Austrian Grand Prix,2026-06-28,ALB,Williams,67,False,0.0,0.0,0.0,
Austrian Grand Prix,2026-06-28,ALB,Williams,68,False,0.0,0.0,0.0,
Austrian Grand Prix,2026-06-28,ALB,Williams,69,False,0.0,0.0,0.0,
Austrian Grand Prix,2026-06-28,ALO,Aston Martin,2,True,0.019852604140607966,0.019422133691556986,0.019852604140607966,426.1941825953331
Austrian Grand Prix,2026-06-28,ALO,Aston Martin,26,False,0.0,0.0,0.0,
Austrian Grand Prix,2026-06-28,ALO,Aston Martin,28,False,0.0,0.0,0.0,
Austrian Grand Prix,2026-06-28,ALO,Aston Martin,30,False,0.0,0.0,0.0,
Austrian Grand Prix,2026-06-28,ALO,Aston Martin,32,False,0.0,0.0,0.0,
Austrian Grand Prix,2026-06-28,ALO,Aston Martin,39,False,0.0,0.0,0.0,
Austrian Grand Prix,2026-06-28,ALO,Aston Martin,40,False,0.0,0.0,0.0,
Austrian Grand Prix,2026-06-28,ALO,Aston Martin,41,False,0.0,0.0,0.0,
Austrian Grand Prix,2026-06-28,ALO,Aston Martin,44,False,0.0,0.0,0.0,
Austrian Grand Prix,2026-06-28,ALO,Aston Martin,48,False,0.0,0.0,0.0,
Austrian Grand Prix,2026-06-28,ALO,Aston Martin,51,False,0.0,0.0,0.0,
Austrian Grand Prix,2026-06-28,ALO,Aston Martin,61,False,0.0,0.0,0.0,
Austrian Grand Prix,2026-06-28,ALO,Aston Martin,63,False,0.0,0.0,0.0,
Austrian Grand Prix,2026-06-28,STR,Aston Martin,2,False,0.0,0.0,0.0,
Austrian Grand Prix,2026-06-28,STR,Aston Martin,3,False,0.0,0.0,0.0,
Austrian Grand Prix,2026-06-28,STR,Aston Martin,5,False,0.0,0.0,0.0,
Austrian Grand Prix,2026-06-28,STR,Aston Martin,18,False,0.0,0.0,0.0,
Austrian Grand Prix,2026-06-28,STR,Aston Martin,20,False,0.0,0.0,0.0,
Austrian Grand Prix,2026-06-28,STR,Aston Martin,23,False,0.0,0.0,0.0,
Austrian Grand Prix,2026-06-28,STR,Aston Martin,26,False,0.0,0.0,0.0,
Austrian Grand Prix,2026-06-28,STR,Aston Martin,27,False,0.0,0.0,0.0,
Austrian Grand Prix,2026-06-28,STR,Aston Martin,28,False,0.0,0.0,0.0,
Austrian Grand Prix,2026-06-28,STR,Aston Martin,29,False,0.0,0.0,0.0,
Austrian Grand Prix,2026-06-28,STR,Aston Martin,30,False,0.0,0.0,0.0,
Austrian Grand Prix,2026-06-28,STR,Aston Martin,39,False,0.0,0.0,0.0,
Austrian Grand Prix,2026-06-28,SAI,Williams,3,False,0.0,0.0,0.0,
Austrian Grand Prix,2026-06-28,SAI,Williams,4,False,0.0,0.0,0.0,
Austrian Grand Prix,2026-06-28,SAI,Williams,5,False,0.0,0.0,0.0,
Austrian Grand Prix,2026-06-28,SAI,Williams,6,False,0.0,0.0,0.0,
Austrian Grand Prix,2026-06-28,SAI,Williams,7,False,0.0,0.0,0.0,
Austrian Grand Prix,2026-06-28,SAI,Williams,10,False,0.0,0.0,0.0,
Austrian Grand Prix,2026-06-28,SAI,Williams,11,False,0.0,0.0,0.0,
Austrian Grand Prix,2026-06-28,SAI,Williams,12,False,0.0,0.0,0.0,
Austrian Grand Prix,2026-06-28,SAI,Williams,13,False,0.0,0.0,0.0,
Austrian Grand Prix,2026-06-28,SAI,Williams,20,False,0.0,0.0,0.0,
Austrian Grand Prix,2026-06-28,PER,Cadillac,3,False,0.0,0.0,0.0,
Belgian Grand Prix,2026-07-19,ANT,Mercedes,7,True,-0.1174771038287794,-0.1174771038287794,0.16719171496478324,49.69537431900487
Belgian Grand Prix,2026-07-19,ANT,Mercedes,8,True,-0.07708550308654694,-0.07708550308654694,0.22399965570637548,45.10772223788677
Belgian Grand Prix,2026-07-19,ANT,Mercedes,10,True,-0.061197272828888316,-0.061197272828888316,0.23675301444177776,55.0437743958061
Belgian Grand Prix,2026-07-19,ANT,Mercedes,12,True,-0.08503442265510586,-0.08503442265510586,0.21808257761877314,51.97235371366301
Belgian Grand Prix,2026-07-19,ANT,Mercedes,13,True,-0.08237790630856878,-0.08237790630856878,0.2477243852654425,52.07411099290279
Belgian Grand Prix,2026-07-19,ANT,Mercedes,14,True,-0.09211546743117083,-0.09211546743117083,0.2017749019411461,58.01688954254751
Belgian Grand Prix,2026-07-19,ANT,Mercedes,23,True,-0.1552722043269874,-0.1552722043269874,0.2462700551297914,73.4344140361984
Belgian Grand Prix,2026-07-19,ANT,Mercedes,26,True,-0.22116316367811706,-0.29310527229685945,0.11219114791358109,98.91289941251054
Belgian Grand Prix,2026-07-19,ANT,Mercedes,27,True,-0.15899354228383444,-0.15899354228383444,0.18812686494985087,
Belgian Grand Prix,2026-07-19,ANT,Mercedes,28,True,0.4426413738856816,0.4426413738856816,0.5662664220823004,39.83750376661922
Belgian Grand Prix,2026-07-19,ANT,Mercedes,29,True,-0.18045426747044502,-0.18045426747044502,0.17735554296085354,
Belgian Grand Prix,2026-07-19,ANT,Mercedes,31,True,-0.19543976967742083,-0.21238788162481015,0.18375404843550314,
Belgian Grand Prix,2026-07-19,ANT,Mercedes,33,True,-0.27087543644083567,-0.27087543644083567,0.1107385052596257,
Belgian Grand Prix,2026-07-19,ANT,Mercedes,34,True,-0.2664154499835085,-0.31764458684448726,0.1162808990925761,191.98971754670197
Belgian Grand Prix,2026-07-19,ANT,Mercedes,37,True,-0.06526394323319806,-0.06526394323319806,0.2771364772032605,50.1447526147462
Belgian Grand Prix,2026-07-19,ANT,Mercedes,38,True,-0.2487205674618025,-0.2487205674618025,0.06171845785218366,55.014273050905636
Belgian Grand Prix,2026-07-19,ANT,Mercedes,39,True,-0.09388700173777664,-0.09388700173777664,0.25295389567963866,58.137845929388945
Belgian Grand Prix,2026-07-19,ANT,Mercedes,40,True,0.45119086532831787,0.45119086532831787,0.46107121292228115,54.796833250021514
Belgian Grand Prix,2026-07-19,ANT,Mercedes,43,True,-0.2709663935285569,-0.2709663935285569,0.10829973168742768,55.05298313448191
Belgian Grand Prix,2026-07-19,ANT,Mercedes,44,True,-0.16371905388003327,-0.16371905388003327,0.2225988861027801,51.722654670898876
Belgian Grand Prix,2026-07-19,LEC,Ferrari,7,True,-0.2799282476180558,-0.2799282476180558,0.0893369579075518,131.23108968540018
Belgian Grand Prix,2026-07-19,LEC,Ferrari,8,True,-0.18328607125769025,-0.2570092920603493,0.09983756289517132,169.5222946882405
Belgian Grand Prix,2026-07-19,LEC,Ferrari,12,True,-0.07425605044464945,-0.3555951668035391,-0.052394577024969635,173.38130486818662
Belgian Grand Prix,2026-07-19,LEC,Ferrari,13,True,-0.05411944977572958,-0.26827920869272504,0.023929735533140928,149.06112400406866
Belgian Grand Prix,2026-07-19,LEC,Ferrari,19,True,-0.031771670094137505,-0.031771670094137505,0.31310031226949064,96.7440872885262
Belgian Grand Prix,2026-07-19,LEC,Ferrari,26,True,-0.18886355431651225,-0.18886355431651225,0.19280414956558545,64.69218024585928
Belgian Grand Prix,2026-07-19,LEC,Ferrari,27,True,-0.06738292366327059,-0.134627611867014,0.2232025791615584,65.96908703413943
Belgian Grand Prix,2026-07-19,LEC,Ferrari,28,True,-0.12911262712086113,-0.1933749894170944,0.14600253833153687,67.96865377869176
Belgian Grand Prix,2026-07-19,LEC,Ferrari,29,True,-0.13459627447881672,-0.13459627447881672,0.19423235943386175,64.41721915872321
Belgian Grand Prix,2026-07-19,LEC,Ferrari,32,True,-0.06560585786221651,-0.06560585786221651,0.28473129541844955,64.6726141844867
Belgian Grand Prix,2026-07-19,LEC,Ferrari,33,True,-0.08926892782941209,-0.08926892782941209,0.25458375346628515,51.86188454869445
Belgian Grand Prix,2026-07-19,LEC,Ferrari,34,True,-0.13508505839014973,-0.13508505839014973,0.18209587133505423,71.05642910588219
Belgian Grand Prix,2026-07-19,LEC,Ferrari,36,True,-0.2906605084278553,-0.37829808836029954,0.0056345522683614035,160.87946366210056
Belgian Grand Prix,2026-07-19,LEC,Ferrari,37,True,-0.13049053690229684,-0.2461962446289725,0.11505794936474345,116.79549648349916
Belgian Grand Prix,2026-07-19,LEC,Ferrari,38,True,-0.24915660948294516,-0.3271345175804079,0.06682748056937982,118.92056950416662
Belgian Grand Prix,2026-07-19,LEC,Ferrari,39,True,-0.15458752664991238,-0.17518164777326817,0.18164981764626376,121.5542269973622
Belgian Grand Prix,2026-07-19,LEC,Ferrari,40,True,0.680602253218705,0.680602253218705,0.680602253218705,173.85162335604235
Belgian Grand Prix,2026-07-19,LEC,Ferrari,43,True,-0.14089981258104345,-0.14089981258104345,0.20657568261676929,48.38830881738021
Belgian Grand Prix,2026-07-19,VER,Red Bull Racing,7,True,-0.2847669817283318,-0.2847669817283318,0.018510568623074874,150.36420703084988
Belgian Grand Prix,2026-07-19,VER,Red Bull Racing,8,True,-0.2493409805848188,-0.26102635232100013,0.048867764111733436,165.39662528041313
Belgian Grand Prix,2026-07-19,VER,Red Bull Racing,10,True,-0.23597591523807537,-0.23597591523807537,0.037369445570732296,173.38763629798865
Belgian Grand Prix,2026-07-19,VER,Red Bull Racing,12,True,-0.2708628232326973,-0.2708628232326973,-0.007456849050075931,146.86222168065578
Belgian Grand Prix,2026-07-19,VER,Red Bull Racing,13,True,-0.23008715664363422,-0.23008715664363422,0.07527532172157336,74.97274436067423
Belgian Grand Prix,2026-07-19,VER,Red Bull Racing,14,True,-0.21697703371994592,-0.21697703371994592,0.08389950828039971,74.79648120505516
Belgian Grand Prix,2026-07-19,VER,Red Bull Racing,19,True,-0.2765005228701334,-0.28018606995955153,0.005673529699169677,170.0620969367094
Belgian Grand Prix,2026-07-19,VER,Red Bull Racing,23,True,-0.21832434447778581,-0.21832434447778581,0.1027774114999751,71.29500172695933
Belgian Grand Prix,2026-07-19,VER,Red Bull Racing,25,True,-0.23829007571462313,-0.23829007571462313,0.09091962686829547,79.47685682823943
Belgian Grand Prix,2026-07-19,VER,Red Bull Racing,26,True,-0.22192156068746272,-0.25172925778291244,0.08582809309203299,66.48959753564537
Belgian Grand Prix,2026-07-19,VER,Red Bull Racing,27,True,-0.3202357576435553,-0.3202357576435553,0.019865606955896453,131.28878127200718
Belgian Grand Prix,2026-07-19,VER,Red Bull Racing,28,True,-0.363253305514462,-0.44119788861603126,-0.05694514267235462,166.95739946387758
Belgian Grand Prix,2026-07-19,VER,Red Bull Racing,30,True,-0.2313640395363059,-0.2313640395363059,0.09229383107219746,68.9599620065223
Belgian Grand Prix,2026-07-19,VER,Red Bull Racing,31,True,-0.2063914121209507,-0.2063914121209507,0.12272814922291886,68.81635117345152
Belgian Grand Prix,2026-07-19,VER,Red Bull Racing,33,True,-0.1836603546064488,-0.1836603546064488,0.136157866549091,69.44627322361087
Belgian Grand Prix,2026-07-19,VER,Red Bull Racing,34,True,0.5913852729843079,0.5913852729843079,0.5913852729843079,51.51097148336964
Belgian Grand Prix,2026-07-19,VER,Red Bull Racing,35,True,0.6676851377125566,0.6676851377125566,0.6676851377125566,61.152348487492084
Belgian Grand Prix,2026-07-19,VER,Red Bull Racing,36,True,-0.04608523667180009,-0.04608523667180009,0.290443707924517,60.71396333712671
Belgian Grand Prix,2026-07-19,VER,Red Bull Racing,37,True,0.7315146150002825,0.7315146150002825,0.7315146150002825,53.45639495081507
Belgian Grand Prix,2026-07-19,VER,Red Bull Racing,39,True,-0.06449712505212091,-0.06449712505212091,0.2898385677532005,67.84091264600778
Belgian Grand Prix,2026-07-19,VER,Red Bull Racing,40,True,1.1261233421104215,1.1261233421104215,1.1581430726155446,77.97315462243944
Belgian Grand Prix,2026-07-19,VER,Red Bull Racing,41,True,0.7566281566102724,0.7566281566102724,0.7566281566102724,66.63002913679615
Belgian Grand Prix,2026-07-19,VER,Red Bull Racing,42,True,1.2821126119911739,1.1475395449471861,1.284635535092253,80.99982698378444
Belgian Grand Prix,2026-07-19,HAM,Ferrari,8,True,-0.12430585819630835,-0.37816605135876813,-0.03872365371573139,
Belgian Grand Prix,2026-07-19,HAM,Ferrari,10,True,-0.13761019886009862,-0.40003281946951574,-0.12020247494269043,
Belgian Grand Prix,2026-07-19,HAM,Ferrari,13,True,-0.33011317977552324,-0.5997715885024029,-0.21150595334286848,160.95875551447918
Belgian Grand Prix,2026-07-19,HAM,Ferrari,14,True,-0.18163748617489617,-0.3855965711066247,-0.06643369604890026,
Belgian Grand Prix,2026-07-19,HAM,Ferrari,23,True,-0.18582745375596943,-0.21586255870916204,0.14290442377195944,68.42511213039646
Belgian Grand Prix,2026-07-19,HAM,Ferrari,31,True,-0.17619973173897563,-0.17619973173897563,0.19574563280085755,64.16113510654083
Belgian Grand Prix,2026-07-19,HAM,Ferrari,33,True,-0.1238976623905792,-0.1238976623905792,0.27294803900724673,48.378770761684784
Belgian Grand Prix,2026-07-19,HAM,Ferrari,34,True,-0.1478676288852867,-0.1478676288852867,0.23997578743037096,51.11798142149486
Belgian Grand Prix,2026-07-19,HAM,Ferrari,35,True,-0.1659310529596958,-0.1659310529596958,0.21141114532032645,41.44592912720419
Belgian Grand Prix,2026-07-19,HAM,Ferrari,36,True,-0.11644589327885768,-0.17525216462109938,0.21601395248478283,45.65469698129438
Belgian Grand Prix,2026-07-19,HAM,Ferrari,37,True,-0.18207591470892126,-0.18207591470892126,0.21435743561334064,46.105366151364656
Belgian Grand Prix,2026-07-19,HAM,Ferrari,39,True,-0.3822156756182906,-0.5466391380150242,-0.13004175163885634,
Belgian Grand Prix,2026-07-19,HAM,Ferrari,40,True,-0.1316726533621626,-0.5048397791342332,-0.09941830467708002,126.38515965652164
Belgian Grand Prix,2026-07-19,HAM,Ferrari,41,True,-0.07428794295366004,-0.09604523156616196,0.3083815579497333,65.89860433607772
Belgian Grand Prix,2026-07-19,HAM,Ferrari,42,True,-0.0697776511067012,-0.0697776511067012,0.29879423665761706,73.62806036901131
Belgian Grand Prix,2026-07-19,HAM,Ferrari,44,True,-0.16438134035443142,-0.18976188193804688,0.21286522683361753,55.506782132514395
Belgian Grand Prix,2026-07-19,PIA,McLaren,7,False,0.0,0.0,0.0,
Belgian Grand Prix,2026-07-19,PIA,McLaren,8,True,-0.32274420389845204,-0.32274420389845204,0.10433695813850719,73.10802193431597
Belgian Grand Prix,2026-07-19,PIA,McLaren,10,True,-0.2317799858758498,-0.2317799858758498,0.16131756423016697,
Belgian Grand Prix,2026-07-19,PIA,McLaren,12,True,-0.1752561321517696,-0.1752561321517696,0.2292069184879466,
Belgian Grand Prix,2026-07-19,PIA,McLaren,13,True,-0.153045119517639,-0.15706031838774237,0.20616299792038362,53.252668987834
Belgian Grand Prix,2026-07-19,PIA,McLaren,14,True,-0.14764202573389795,-0.15180922165977861,0.2372638098683062,154.43544523850275
Belgian Grand Prix,2026-07-19,PIA,McLaren,15,True,-0.1472030857826212,-0.1472030857826212,0.20540651482001238,62.17490954943144
Belgian Grand Prix,2026-07-19,PIA,McLaren,23,True,-0.17553890110811565,-0.17553890110811565,0.2010707464874173,56.40598352654978
Belgian Grand Prix,2026-07-19,PIA,McLaren,25,True,-0.19795203415718632,-0.19795203415718632,0.21331465278892026,126.60045036830982
Belgian Grand Prix,2026-07-19,PIA,McLaren,26,True,-0.17142453638057376,-0.20223617528679583,0.2121321589329206,124.90050427709144
Belgian Grand Prix,2026-07-19,PIA,McLaren,28,True,-0.22509942798013327,-0.2327914904221693,0.14421851519686868,115.99977185752485
Belgian Grand Prix,2026-07-19,PIA,McLaren,29,True,-0.1823665086946349,-0.21821935463866282,0.2066224978565394,114.07274431859118
Belgian Grand Prix,2026-07-19,PIA,McLaren,31,True,-0.14408650168097026,-0.16058918334491779,0.22727817395758976,64.26829760371211
Belgian Grand Prix,2026-07-19,PIA,McLaren,33,True,-0.1034577209395593,-0.1034577209395593,0.3051285171339728,63.45646942279304
Belgian Grand Prix,2026-07-19,PIA,McLaren,34,True,-0.14388138075916146,-0.14388138075916146,0.22586965036259343,48.69870672339622
Belgian Grand Prix,2026-07-19,PIA,McLaren,35,True,-0.10741860207435394,-0.10741860207435394,0.2632812877046433,53.25694853312155
Belgian Grand Prix,2026-07-19,PIA,McLaren,36,True,-0.08421544411098836,-0.08421544411098836,0.26687021944035294,59.28639377706566
Belgian Grand Prix,2026-07-19,PIA,McLaren,37,True,-0.08962533105950499,-0.11935599819446097,0.235148661843688,55.43626968270668
Belgian Grand Prix,2026-07-19,PIA,McLaren,39,True,-0.10267080958937314,-0.10267080958937314,0.26219150454606677,62.70763722355849
Belgian Grand Prix,2026-07-19,PIA,McLaren,44,True,-0.13869831304597469,-0.13869831304597469,0.2534923086978367,64.66204613107762
Belgian Grand Prix,2026-07-19,HAD,Red Bull Racing,5,True,-0.17234783319445768,-0.39140644411011394,-0.07572680958865874,
Belgian Grand Prix,2026-07-19,HAD,Red Bull Racing,10,False,0.0,0.0,0.0,152.61154842083624
Belgian Grand Prix,2026-07-19,HAD,Red Bull Racing,13,True,0.012451615140925298,-0.3438549115755727,0.012451615140925298,221.6285986268946
Belgian Grand Prix,2026-07-19,HAD,Red Bull Racing,14,True,-0.3089575711286834,-0.31661932394507275,-0.002493877643818365,117.13863268578059
Belgian Grand Prix,2026-07-19,HAD,Red Bull Racing,15,True,-0.004801041487692004,-0.32957107317486134,0.04453542894552953,265.8193437087015
Belgian Grand Prix,2026-07-19,HAD,Red Bull Racing,16,True,-0.27137325170555116,-0.30380166925687746,0.017029851402334373,196.72704208531704
Belgian Grand Prix,2026-07-19,HAD,Red Bull Racing,19,True,-0.2602346937300233,-0.2602346937300233,0.05032703217176859,139.8274671932024
Belgian Grand Prix,2026-07-19,HAD,Red Bull Racing,23,True,-0.18038547221510726,-0.18038547221510726,0.16316795529274586,75.55918713956919
Belgian Grand Prix,2026-07-19,HAD,Red Bull Racing,30,True,-0.09696805213208393,-0.2278050824036839,0.06131742965110831,129.0632811345446
Belgian Grand Prix,2026-07-19,HAD,Red Bull Racing,31,True,-0.10837434760320619,-0.21171498663226274,0.07613398445108643,140.6637769370964
Belgian Grand Prix,2026-07-19,HAD,Red Bull Racing,33,True,0.7787004835238633,0.7787004835238633,0.7787004835238633,58.88828318826979
Belgian Grand Prix,2026-07-19,HAD,Red Bull Racing,34,True,-0.2365078908971583,-0.2365078908971583,0.09867077624661036,59.87212038138571
Belgian Grand Prix,2026-07-19,HAD,Red Bull Racing,35,True,1.1644588921775636,1.1644588921775636,1.1644588921775636,68.66780876978902
Belgian Grand Prix,2026-07-19,HAD,Red Bull Racing,36,True,1.27801312799226,1.2644055957556155,1.27801312799226,64.83958307499374
Belgian Grand Prix,2026-07-19,HAD,Red Bull Racing,37,True,0.4920043987161975,0.4920043987161975,0.4920043987161975,138.38485213305466
Belgian Grand Prix,2026-07-19,HAD,Red Bull Racing,42,True,-0.18523008839108002,-0.31232864009405503,-0.04825199170894123,142.93256698866543
Belgian Grand Prix,2026-07-19,HAD,Red Bull Racing,44,True,0.636365186276695,0.630338547905474,0.636365186276695,140.88338768897202
Belgian Grand Prix,2026-07-19,NOR,McLaren,10,True,-0.12645945486096366,-0.19506161625238505,0.06129117043571597,
Belgian Grand Prix,2026-07-19,NOR,McLaren,12,True,-0.20406060741162335,-0.20406060741162335,0.17537593221153358,132.46014908091337
Belgian Grand Prix,2026-07-19,NOR,McLaren,13,True,-0.17809911101892695,-0.17809911101892695,0.0811495093414969,46.35360666306589
Belgian Grand Prix,2026-07-19,NOR,McLaren,14,True,-0.2570624771695158,-0.2570624771695158,0.024703728430957028,61.190266845094506
Belgian Grand Prix,2026-07-19,NOR,McLaren,15,True,-0.19196813989395523,-0.19196813989395523,0.08691215279913322,42.15191122648807
Belgian Grand Prix,2026-07-19,NOR,McLaren,16,True,-0.06912971641306243,-0.06912971641306243,0.24831962820920594,37.31241785616752
Belgian Grand Prix,2026-07-19,NOR,McLaren,26,True,-0.09257794042292034,-0.09257794042292034,0.23172770263728992,67.227264332062
Belgian Grand Prix,2026-07-19,NOR,McLaren,27,True,-0.1697577648586801,-0.1697577648586801,0.19069147976065182,187.06612189506072
Belgian Grand Prix,2026-07-19,NOR,McLaren,28,True,-0.13536296968969097,-0.13536296968969097,0.22747792554716284,60.36224906545395
Belgian Grand Prix,2026-07-19,NOR,McLaren,29,True,-0.2713944369640906,-0.2713944369640906,0.042826057059002665,54.20077570348256
Belgian Grand Prix,2026-07-19,NOR,McLaren,32,True,-0.2078721128459371,-0.2078721128459371,0.2219096663669866,116.85417611893718
Belgian Grand Prix,2026-07-19,NOR,McLaren,33,True,-0.009226166420127413,-0.009226166420127413,0.33066348501198917,60.15901951092537
Belgian Grand Prix,2026-07-19,NOR,McLaren,36,True,0.545407296940482,0.545407296940482,0.6139762835150684,391.643408518807
Belgian Grand Prix,2026-07-19,NOR,McLaren,38,True,0.5556924405514927,0.5556924405514927,0.5556924405514927,387.6999825116202
Belgian Grand Prix,2026-07-19,NOR,McLaren,42,True,0.7989121722344663,0.7989121722344663,0.7989121722344663,390.86409747673565
Belgian Grand Prix,2026-07-19,NOR,McLaren,44,True,0.6091011214590409,0.6091011214590409,0.6470698637780679,149.7372312578731
Belgian Grand Prix,2026-07-19,BOR,Audi,7,False,0.0,0.0,0.0,
Belgian Grand Prix,2026-07-19,BOR,Audi,10,True,0.4011670623630259,0.4011670623630259,0.5625241535629435,
Belgian Grand Prix,2026-07-19,BOR,Audi,11,True,0.49015614666996044,0.49015614666996044,0.49015614666996044,
Belgian Grand Prix,2026-07-19,BOR,Audi,12,True,0.5809500385679875,0.5809500385679875,0.5809500385679875,
Belgian Grand Prix,2026-07-19,BOR,Audi,13,True,0.4221768268729278,0.4221768268729278,0.4221768268729278,
Belgian Grand Prix,2026-07-19,BOR,Audi,14,False,0.0,0.0,0.0,
Belgian Grand Prix,2026-07-19,BOR,Audi,15,True,-0.09041663050751225,-0.3213133139083659,-0.04534711525471735,124.55392242161479
Belgian Grand Prix,2026-07-19,BOR,Audi,16,True,0.5194818652539119,0.5194818652539119,0.7674979098299914,
Belgian Grand Prix,2026-07-19,BOR,Audi,19,True,-0.04566685478774346,-0.04566685478774346,0.2836550181304318,56.14295567359107
Belgian Grand Prix,2026-07-19,BOR,Audi,23,True,-0.1678909911873241,-0.1678909911873241,0.1440178499738991,50.43914990843166
Belgian Grand Prix,2026-07-19,BOR,Audi,24,True,-0.026787238927784784,-0.026787238927784784,0.2627006815449917,50.50231666990059
Belgian Grand Prix,2026-07-19,BOR,Audi,32,False,0.0,0.0,0.0,
Belgian Grand Prix,2026-07-19,BOR,Audi,33,True,-0.134736591154077,-0.134736591154077,0.20748936113393057,52.13915358225042
Belgian Grand Prix,2026-07-19,BOR,Audi,38,True,-0.13210033095104734,-0.13210033095104734,0.19573995486186746,50.23002303015595
Belgian Grand Prix,2026-07-19,BOR,Audi,40,True,0.6190408359160564,0.6190408359160564,0.6384580413539886,125.15206717957835
Belgian Grand Prix,2026-07-19,BOR,Audi,41,True,-0.0276784988975578,-0.0276784988975578,0.311129228586541,67.11859454345448
Belgian Grand Prix,2026-07-19,BOR,Audi,43,True,0.06731753049190203,0.06731753049190203,0.3944795285572589,59.77217695324419
Belgian Grand Prix,2026-07-19,LIN,Racing Bulls,8,True,0.9286272689221811,0.9181864339155617,0.9286272689221811,485.0850435043817
Belgian Grand Prix,2026-07-19,LIN,Racing Bulls,10,True,1.217605505054891,1.217605505054891,1.217605505054891,423.93687321289815
Belgian Grand Prix,2026-07-19,LIN,Racing Bulls,14,True,1.2574283283536722,1.2574283283536722,1.2574283283536722,361.82612096129174
Belgian Grand Prix,2026-07-19,LIN,Racing Bulls,15,True,1.0380366305893212,1.0380366305893212,1.0380366305893212,430.31527345762726
Belgian Grand Prix,2026-07-19,LIN,Racing Bulls,19,True,0.9646569371971623,0.9566935283150784,0.9646569371971623,357.98278882347756
Belgian Grand Prix,2026-07-19,LIN,Racing Bulls,23,True,0.638517036208782,0.638517036208782,0.638517036208782,352.32134508591054
Belgian Grand Prix,2026-07-19,LIN,Racing Bulls,28,True,0.5187771012900164,0.5187771012900164,0.5748458930258202,351.2231848371131
Belgian Grand Prix,2026-07-19,LIN,Racing Bulls,29,True,0.6824200354685495,0.6824200354685495,0.6824200354685495,420.21586586044106
Belgian Grand Prix,2026-07-19,LIN,Racing Bulls,32,True,1.0785098366067274,0.7169096489637106,1.0787056346137973,429.433745537453
Belgian Grand Prix,2026-07-19,LIN,Racing Bulls,33,True,1.050585255630665,1.050585255630665,1.050585255630665,399.6731410495344
Belgian Grand Prix,2026-07-19,LIN,Racing Bulls,36,True,1.1276143978293582,1.0129152771897694,1.1292304041643888,430.01333897238555
Belgian Grand Prix,2026-07-19,LIN,Racing Bulls,38,True,1.146782353047218,1.1220837550473135,1.146782353047218,397.50676734735936
Belgian Grand Prix,2026-07-19,LIN,Racing Bulls,40,True,1.1504667569962415,1.1181168860862805,1.1523147879886864,301.05985011317387
Belgian Grand Prix,2026-07-19,LIN,Racing Bulls,41,True,0.5936221869325564,0.5936221869325564,0.5936221869325564,272.3784555315991
Belgian Grand Prix,2026-07-19,LIN,Racing Bulls,42,True,0.3150864836913527,0.3150864836913527,0.343553622027418,202.38395102175943
Belgian Grand Prix,2026-07-19,LIN,Racing Bulls,43,True,0.5946661348693212,0.5946661348693212,0.5946661348693212,331.6996420364057
Belgian Grand Prix,2026-07-19,COL,Alpine,12,False,0.0,0.0,0.0,
Belgian Grand Prix,2026-07-19,COL,Alpine,29,False,0.0,0.0,0.0,
Belgian Grand Prix,2026-07-19,COL,Alpine,32,False,0.0,0.0,0.0,46.97672832151829
Belgian Grand Prix,2026-07-19,COL,Alpine,35,True,0.6641623273944788,0.6641623273944788,0.9193042708223871,354.1444149065457
Belgian Grand Prix,2026-07-19,GAS,Alpine,10,False,0.0,0.0,0.0,
Belgian Grand Prix,2026-07-19,GAS,Alpine,16,False,0.0,0.0,0.0,
Belgian Grand Prix,2026-07-19,GAS,Alpine,19,False,0.0,0.0,0.0,
Belgian Grand Prix,2026-07-19,GAS,Alpine,24,False,0.0,0.0,0.0,
Belgian Grand Prix,2026-07-19,GAS,Alpine,32,False,0.0,0.0,0.0,
Belgian Grand Prix,2026-07-19,GAS,Alpine,35,False,0.0,0.0,0.0,50.64637708095174
Belgian Grand Prix,2026-07-19,GAS,Alpine,42,False,0.0,0.0,0.0,
Belgian Grand Prix,2026-07-19,LAW,Racing Bulls,7,True,-0.1991886799618996,-0.1991886799618996,0.12146466955158175,126.76531151875784
Belgian Grand Prix,2026-07-19,LAW,Racing Bulls,8,True,-0.19463869632721753,-0.19463869632721753,0.11800806254543872,79.70013007987058
Belgian Grand Prix,2026-07-19,LAW,Racing Bulls,10,False,0.0,0.0,0.0,568.9349153446923
Belgian Grand Prix,2026-07-19,LAW,Racing Bulls,14,True,0.64587625999933,0.64587625999933,0.64587625999933,392.75843150789
Belgian Grand Prix,2026-07-19,LAW,Racing Bulls,17,True,1.1476261909580323,1.1476261909580323,1.1476261909580323,386.5744892682929
Belgian Grand Prix,2026-07-19,LAW,Racing Bulls,19,True,0.5567574481745154,0.5567574481745154,0.5567574481745154,52.86696237546645
Belgian Grand Prix,2026-07-19,LAW,Racing Bulls,24,True,0.8215608161565804,0.8215608161565804,0.8215608161565804,248.23011018345343
Belgian Grand Prix,2026-07-19,LAW,Racing Bulls,42,True,0.6738050227706935,0.6367935668380298,0.6774141636927169,405.9760356523241
Belgian Grand Prix,2026-07-19,LAW,Racing Bulls,44,True,-0.35289974297623417,-0.35289974297623417,-0.01124520001252094,
Belgian Grand Prix,2026-07-19,HUL,Audi,7,True,0.6971986285915612,0.6971986285915612,0.6971986285915612,330.1147187286268
Belgian Grand Prix,2026-07-19,HUL,Audi,11,False,0.0,0.0,0.0,
Belgian Grand Prix,2026-07-19,HUL,Audi,12,False,0.0,0.0,0.0,
Belgian Grand Prix,2026-07-19,HUL,Audi,13,True,0.9023009375410425,0.9023009375410425,0.9023009375410425,350.6105839400387
Belgian Grand Prix,2026-07-19,HUL,Audi,14,True,0.49792499676778235,0.49792499676778235,0.8148435495775139,
Belgian Grand Prix,2026-07-19,HUL,Audi,15,True,-0.16623209774365222,-0.16623209774365222,0.1272593768749175,36.5843222761729
Belgian Grand Prix,2026-07-19,HUL,Audi,16,True,1.0039099161494356,1.0039099161494356,1.0039099161494356,26.16932700593769
Belgian Grand Prix,2026-07-19,HUL,Audi,19,True,0.865313435933686,0.865313435933686,0.865313435933686,172.65074529455802
Belgian Grand Prix,2026-07-19,HUL,Audi,24,True,-0.09254892945238069,-0.3721956657429395,-0.05366494448639969,150.5410779228843
Belgian Grand Prix,2026-07-19,HUL,Audi,29,True,-0.1420710641591718,-0.1420710641591718,0.19612297406443702,
Belgian Grand Prix,2026-07-19,HUL,Audi,32,True,-0.27500434182016065,-0.27500434182016065,0.02762375651798621,48.4861311830422
Belgian Grand Prix,2026-07-19,HUL,Audi,34,True,-0.21114369629901475,-0.21114369629901475,0.10035277168586276,53.88504664653811
Belgian Grand Prix,2026-07-19,HUL,Audi,35,True,0.9568680832466008,0.9332719461370402,0.9568680832466008,34.05617400501948
Belgian Grand Prix,2026-07-19,HUL,Audi,40,True,0.623378639727683,0.623378639727683,0.623378639727683,427.0489981204039
Belgian Grand Prix,2026-07-19,HUL,Audi,42,True,-0.24105833252208342,-0.24105833252208342,0.05687098521712031,43.66026756946795
Belgian Grand Prix,2026-07-19,HUL,Audi,44,True,1.2187884904967277,1.2187884904967277,1.2187884904967277,406.42251127620824
Belgian Grand Prix,2026-07-19,BEA,Haas F1 Team,7,True,-0.09596988783615501,-0.3202398701187015,-0.051391304516378966,110.09242892587983
Belgian Grand Prix,2026-07-19,BEA,Haas F1 Team,10,True,-0.2290977744164273,-0.3014212150223976,0.006486838121002592,281.5721780828835
Belgian Grand Prix,2026-07-19,BEA,Haas F1 Team,11,True,-0.10090357163255348,-0.35636130361977436,-0.07985160336728114,137.45822367133698
Belgian Grand Prix,2026-07-19,BEA,Haas F1 Team,12,True,-0.11433419220671226,-0.36066165182674936,-0.09511152933937339,
Belgian Grand Prix,2026-07-19,BEA,Haas F1 Team,15,True,-0.07706044165309933,-0.3253373650498439,-0.053260364793477066,146.04712660380173
Belgian Grand Prix,2026-07-19,BEA,Haas F1 Team,16,True,-0.44677761036828656,-0.5261196625454971,-0.1955682527931728,167.5945917191339
Belgian Grand Prix,2026-07-19,BEA,Haas F1 Team,17,True,-0.14417703428566497,-0.4062432937208129,-0.10708359066844508,142.21221344449444
Belgian Grand Prix,2026-07-19,BEA,Haas F1 Team,19,True,-0.1382747922260883,-0.1382747922260883,0.12123027414210341,76.96196193875231
Belgian Grand Prix,2026-07-19,BEA,Haas F1 Team,22,True,-0.21753612854569226,-0.29536201294850173,0.004736052343307762,161.54585549779853
Belgian Grand Prix,2026-07-19,BEA,Haas F1 Team,23,True,-0.2321117908538426,-0.3059142029537796,-0.03133242373662526,178.6942099775552
Belgian Grand Prix,2026-07-19,BEA,Haas F1 Team,24,True,-0.21441612399856425,-0.26944548658911316,0.029514625548905826,158.0879390158946
Belgian Grand Prix,2026-07-19,BEA,Haas F1 Team,28,True,-0.18834142274483412,-0.2584233611949749,0.0158748213689357,177.3063403691642
Belgian Grand Prix,2026-07-19,BEA,Haas F1 Team,29,True,-0.09926319006238771,-0.17632640618652218,0.12506792908914122,211.5286982073906
Belgian Grand Prix,2026-07-19,BEA,Haas F1 Team,32,True,-0.150491706713062,-0.18549706721535486,0.10397404996622939,186.17285781512962
Belgian Grand Prix,2026-07-19,BEA,Haas F1 Team,33,True,-0.12669420038616863,-0.2028041353988712,0.09294277215285263,162.0378900014625
Belgian Grand Prix,2026-07-19,BEA,Haas F1 Team,34,True,-0.17682311882555624,-0.24820328051494656,0.031232206288628106,164.7799985716739
Belgian Grand Prix,2026-07-19,BEA,Haas F1 Team,35,True,-0.15181915988950934,-0.2250127545330507,0.06044721007450349,212.83028962645488
Belgian Grand Prix,2026-07-19,BEA,Haas F1 Team,36,True,-0.11070408488642514,-0.1826899177138479,0.08720303229397786,167.85083124086503
Belgian Grand Prix,2026-07-19,BEA,Haas F1 Team,38,True,-0.14447730626762478,-0.2214144579581756,0.056336894767149204,229.77515592004642
Belgian Grand Prix,2026-07-19,BEA,Haas F1 Team,40,True,0.025029165489364402,-0.0464046058582781,0.21161514726038178,78.56593125192565
Belgian Grand Prix,2026-07-19,BEA,Haas F1 Team,42,True,-0.1608169050543502,-0.23643218360668428,0.04347439777404816,189.56918092120273
Belgian Grand Prix,2026-07-19,ALB,Williams,10,False,0.0,0.0,0.0,
Belgian Grand Prix,2026-07-19,ALB,Williams,11,False,0.0,0.0,0.0,107.25432943609239
Belgian Grand Prix,2026-07-19,ALB,Williams,12,False,0.0,0.0,0.0,
Belgian Grand Prix,2026-07-19,ALB,Williams,15,True,-0.19815501579040884,-0.2243130346330524,0.08990504546455469,106.35739317058065
Belgian Grand Prix,2026-07-19,ALB,Williams,17,True,-0.1846305601077809,-0.1846305601077809,0.09126348069873202,94.34505073369539
Belgian Grand Prix,2026-07-19,ALB,Williams,29,True,-0.23948313055356607,-0.24378710458151076,0.09840583820936644,130.73699451481485
Belgian Grand Prix,2026-07-19,ALB,Williams,32,True,-0.18830211534336172,-0.263263880602544,0.05557346657316842,160.08773679922163
Belgian Grand Prix,2026-07-19,ALB,Williams,35,True,-0.20617677557151737,-0.21047727980611342,0.154846031379563,169.28845702239585
Belgian Grand Prix,2026-07-19,ALB,Williams,40,True,-0.23647635110303966,-0.23647635110303966,0.037352293866096176,42.65717880430904
Belgian Grand Prix,2026-07-19,ALB,Williams,43,False,0.0,0.0,0.0,127.41181486612642
Belgian Grand Prix,2026-07-19,SAI,Williams,23,False,0.0,0.0,0.0,
Belgian Grand Prix,2026-07-19,SAI,Williams,25,True,-0.11193162909830434,-0.18438479618322745,0.07615274833312569,124.66912190947224
Belgian Grand Prix,2026-07-19,SAI,Williams,28,False,0.0,0.0,0.0,81.57580664808147
Belgian Grand Prix,2026-07-19,SAI,Williams,32,True,-0.31018653469824997,-0.31018653469824997,-0.0466088763157515,
Belgian Grand Prix,2026-07-19,SAI,Williams,33,False,0.0,0.0,0.0,127.30567402603197
Belgian Grand Prix,2026-07-19,SAI,Williams,36,True,-0.14171847263189719,-0.14171847263189719,0.14286986899065468,
Belgian Grand Prix,2026-07-19,SAI,Williams,38,False,0.0,0.0,0.0,83.47808388201491
Belgian Grand Prix,2026-07-19,SAI,Williams,43,True,-0.2611879148973024,-0.2611879148973024,0.06088136243231901,
Belgian Grand Prix,2026-07-19,SAI,Williams,44,True,-0.2464129093897114,-0.2464129093897114,0.06500149774498709,
Belgian Grand Prix,2026-07-19,OCO,Haas F1 Team,5,True,-0.2793850181020794,-0.3509444386256604,-0.02673570408656545,
Belgian Grand Prix,2026-07-19,OCO,Haas F1 Team,6,True,-0.34893586402031573,-0.42830663731640684,-0.05677518523249958,186.5216654814211
Belgian Grand Prix,2026-07-19,OCO,Haas F1 Team,7,False,0.0,0.0,0.0,392.54240001657257
Belgian Grand Prix,2026-07-19,OCO,Haas F1 Team,10,True,-0.2343414654289404,-0.29905636030848015,-0.05031925385273439,184.96221990020948
Belgian Grand Prix,2026-07-19,OCO,Haas F1 Team,11,False,0.0,0.0,0.0,158.55576978266936
Belgian Grand Prix,2026-07-19,OCO,Haas F1 Team,12,False,0.0,0.0,0.0,191.83658544493716
Belgian Grand Prix,2026-07-19,OCO,Haas F1 Team,14,False,0.0,0.0,0.0,164.42064785148042
Belgian Grand Prix,2026-07-19,OCO,Haas F1 Team,23,True,-0.13886959670546162,-0.20151769568986921,0.03650479321674993,175.67097469431747
Belgian Grand Prix,2026-07-19,OCO,Haas F1 Team,24,True,-0.10585416544176951,-0.1718695675737436,0.07185039706671148,171.6031538027458
Belgian Grand Prix,2026-07-19,OCO,Haas F1 Team,25,True,-0.2837251636869702,-0.3590930147473905,-0.05839219795733541,178.9296127622455
Belgian Grand Prix,2026-07-19,OCO,Haas F1 Team,28,True,-0.39125024948879883,-0.46707378270597744,-0.15549482821510452,175.42017478260973
Belgian Grand Prix,2026-07-19,OCO,Haas F1 Team,29,True,-0.2296857344190748,-0.309460874437697,-0.008121720334568039,151.57270923405144
Belgian Grand Prix,2026-07-19,OCO,Haas F1 Team,32,True,-0.31740765771034773,-0.3959671486351013,-0.05692981717217904,167.96874587054248
Belgian Grand Prix,2026-07-19,OCO,Haas F1 Team,33,True,-0.2842749562775957,-0.36343922317503186,-0.027639615211867863,163.27138493109308
Belgian Grand Prix,2026-07-19,OCO,Haas F1 Team,36,True,-0.15551366218636886,-0.15551366218636886,0.135061368231014,136.32371820865885
Belgian Grand Prix,2026-07-19,OCO,Haas F1 Team,38,True,-0.1288970442012598,-0.2060712090472201,0.10221304205635917,203.573921922666
Belgian Grand Prix,2026-07-19,OCO,Haas F1 Team,42,True,-0.07392234062750802,-0.1530190637132307,0.1572727021404674,89.447520360313
Belgian Grand Prix,2026-07-19,OCO,Haas F1 Team,44,True,-0.1282272129640667,-0.2023425221084949,0.09076702478246901,215.6272729000496
Belgian Grand Prix,2026-07-19,BOT,Cadillac,7,True,-0.13211954391152858,-0.39382797891187593,-0.10248295370143623,144.19409595885276
Belgian Grand Prix,2026-07-19,BOT,Cadillac,10,True,-0.21324110418864706,-0.28724329970950535,0.012317606099777834,155.93996576314612
Belgian Grand Prix,2026-07-19,BOT,Cadillac,14,True,-0.263762344118053,-0.33534873398934906,-0.06699308049034514,163.58171113510093
Belgian Grand Prix,2026-07-19,BOT,Cadillac,24,True,-0.2092032045899117,-0.2790134456188653,-0.012503199239713325,163.83121653049025
Belgian Grand Prix,2026-07-19,BOT,Cadillac,25,True,-0.1159617902805401,-0.24837955001056145,0.016431835923189198,165.32498097307155
Belgian Grand Prix,2026-07-19,BOT,Cadillac,26,True,-0.22413162104813011,-0.2889781769198052,-0.043741898384094924,164.94226169510137
Belgian Grand Prix,2026-07-19,BOT,Cadillac,27,True,-0.10298572901760394,-0.22366096443172978,0.021224283294053237,196.76466039232852
Belgian Grand Prix,2026-07-19,BOT,Cadillac,31,True,-0.1668664407238083,-0.24137156100733392,0.03131193805856469,206.37085773667096
Belgian Grand Prix,2026-07-19,BOT,Cadillac,35,True,-0.23519116000321105,-0.315617297903799,-0.004951685107556614,192.10046269363056
Belgian Grand Prix,2026-07-19,BOT,Cadillac,37,True,-0.1688773288850811,-0.2426762774104283,0.03943942867411465,187.61715156139948
Belgian Grand Prix,2026-07-19,BOT,Cadillac,39,True,-0.20649866070756673,-0.27557580256895875,0.02924202815604815,147.73338572977372
Belgian Grand Prix,2026-07-19,BOT,Cadillac,40,True,-0.08070505112851123,-0.15816072725044705,0.15074110071511626,165.18814983897605
Belgian Grand Prix,2026-07-19,BOT,Cadillac,41,True,-0.18577283753737106,-0.25978674423136994,0.022825172248069237,196.82842131072937
Belgian Grand Prix,2026-07-19,BOT,Cadillac,42,True,-0.23965001367713867,-0.308605347204125,-0.04200631528254917,184.51532424867793
Belgian Grand Prix,2026-07-19,BOT,Cadillac,43,True,-0.15767399038399077,-0.23056828453891853,0.04411850681870533,195.35206957115707
Belgian Grand Prix,2026-07-19,ALO,Aston Martin,15,True,0.11861158669469063,0.11861158669469063,0.29652949361594594,52.68501222831033
Belgian Grand Prix,2026-07-19,ALO,Aston Martin,25,True,0.07808203169163619,0.07808203169163619,0.28884182591005114,62.19935168317661
Belgian Grand Prix,2026-07-19,ALO,Aston Martin,27,False,0.0,0.0,0.0,71.16332767216618
Belgian Grand Prix,2026-07-19,ALO,Aston Martin,28,True,-0.1674406809802349,-0.1674406809802349,0.08517214357766534,49.26414037701992
Belgian Grand Prix,2026-07-19,ALO,Aston Martin,29,True,-0.17664001382160777,-0.25240029570860045,0.01935761225005095,
Belgian Grand Prix,2026-07-19,ALO,Aston Martin,33,True,-0.16247386214828197,-0.16247386214828197,0.07206051338629038,76.61518067415768
Belgian Grand Prix,2026-07-19,ALO,Aston Martin,34,True,-0.14197065171893186,-0.19547518597585878,0.15008443868623544,70.72616218815699
Belgian Grand Prix,2026-07-19,PER,Cadillac,9,True,-0.2923541848429281,-0.35970471443961216,-0.10613399139606372,152.53695787186567
Belgian Grand Prix,2026-07-19,PER,Cadillac,10,True,-0.28216584679074685,-0.3568977585848714,-0.08175146537427835,150.65214785190122
