event,date,driver,team,lap,deploy_frac,clip_start_frac,harvest_kw,swing_fit_kw,energy_used_kj,rmse_kmh,swing_independent_kw,period
Australian Grand Prix,2026-03-08,RUS,Mercedes,2,0.42968864114478833,0.8231427051509688,285.97421087920054,351.9640678978743,1176.6348102394606,5.356589523396025,280.56615568669883,before
Australian Grand Prix,2026-03-08,RUS,Mercedes,3,0.0418585183695824,0.4762446922217014,75.44370759278092,88.47075813958557,-358.78552872295035,2.449818430431246,79.68750266293425,before
Australian Grand Prix,2026-03-08,RUS,Mercedes,5,0.29915742110827276,0.669375284096577,78.66280344669377,133.54354205963963,818.8605434286369,3.519634759152396,142.50377867908944,before
Australian Grand Prix,2026-03-08,RUS,Mercedes,45,0.4051764837054815,0.7310586594264761,97.40769763386577,159.74509170714708,1020.5870993521514,5.114231201622838,131.54914675131573,before
Australian Grand Prix,2026-03-08,RUS,Mercedes,54,0.3653332221587449,0.6878071229999276,85.38075563407631,144.8062300985344,931.011487226883,3.413906236251833,194.0851578881097,before
Australian Grand Prix,2026-03-08,ANT,Mercedes,5,0.2506342556311997,0.6057589929983145,60.9539867100005,112.10619788218243,525.0718430421871,2.0650103928239636,156.7788337442183,before
Australian Grand Prix,2026-03-08,ANT,Mercedes,11,0.28744791516882595,0.65860568601265,53.22366917945567,106.81236369943475,674.0734723033406,2.26447250163659,150.33428870444226,before
Australian Grand Prix,2026-03-08,ANT,Mercedes,25,0.2758588598848303,0.6182392574087675,80.69042900070136,133.7908889466642,536.0444702086181,1.6060862226507955,147.93466523267296,before
Australian Grand Prix,2026-03-08,LEC,Ferrari,36,0.2766573889351948,0.6813744014688752,31.003164700610256,81.36150444780407,608.6755322253942,2.5385780875272888,229.68407853044977,before
Australian Grand Prix,2026-03-08,HAM,Ferrari,5,0.2763656628387029,0.7055347333853241,146.14014660613628,198.07353919231286,412.5867228984514,1.8428576202758085,216.00904298220885,before
Australian Grand Prix,2026-03-08,HAM,Ferrari,11,0.32778240363615674,0.7449024559669544,143.11930656794814,199.31669634481378,647.3235972432112,3.042945500932629,255.48232853810657,before
Australian Grand Prix,2026-03-08,HAM,Ferrari,14,0.22693083560995622,0.22195257002898633,0.00019696266973586167,79.42598942615442,332.17187912393246,1.1522749747682501,261.4605824771711,before
Australian Grand Prix,2026-03-08,HAM,Ferrari,35,0.3442384316515246,0.6917267960823644,118.99315109305763,177.2008425415366,616.8814560376912,2.4272179853548748,217.83998173567164,before
Australian Grand Prix,2026-03-08,HAM,Ferrari,37,0.3251618080586043,0.7244207544551916,132.87803303347948,187.99029953822094,636.0339573086861,2.6306629251564964,237.7626287962921,before
Australian Grand Prix,2026-03-08,HAM,Ferrari,41,0.3400130892497396,0.7581291329210684,158.65010965489364,214.54812725448363,598.3467025789162,2.370427346791675,243.19187730929076,before
Australian Grand Prix,2026-03-08,HAM,Ferrari,44,0.2924184639464687,0.6850035450149645,125.41116121494836,177.53316881015004,421.51554371773176,2.2589412760307783,221.9083522189197,before
Australian Grand Prix,2026-03-08,HAM,Ferrari,45,0.3344315272033635,0.7461688247370405,176.9743173063424,232.3595405354551,492.749514320819,2.812936014764234,223.99654139668942,before
Australian Grand Prix,2026-03-08,HAM,Ferrari,51,0.30302995929721877,0.7146913168760554,146.08173514421173,198.17597296068317,431.68006274315053,2.427789555156344,231.1575138858974,before
Australian Grand Prix,2026-03-08,NOR,McLaren,3,0.18460782325268843,0.8957229916106803,124.61243244197848,159.72723351214606,744.0199027414394,4.216089132756532,,before
Australian Grand Prix,2026-03-08,NOR,McLaren,5,0.28364504993380696,0.2550184006875951,131.45303551093966,230.7288029877721,397.0617113542332,1.3380366578447949,209.12379990238853,before
Australian Grand Prix,2026-03-08,NOR,McLaren,6,0.3318518432788327,0.7193246012647183,57.15807077150773,113.9852255823303,903.6438601464777,2.731450523414855,181.53226601092814,before
Australian Grand Prix,2026-03-08,VER,Red Bull Racing,3,0.36655346842302866,0.7382566401550456,6.715149709143313,66.07034934525049,1183.2067709496812,4.0116858728163916,,before
Australian Grand Prix,2026-03-08,VER,Red Bull Racing,7,0.183582935298765,0.5811394830311863,42.06112295705611,84.16195253383277,371.71465990229694,2.2051151468358716,,before
Australian Grand Prix,2026-03-08,VER,Red Bull Racing,29,0.27325737713062964,0.6213899097525247,82.41352407873562,135.47488592559793,439.5599727047091,2.240074507433556,174.44504258938412,before
Australian Grand Prix,2026-03-08,VER,Red Bull Racing,32,0.2685159083775295,0.6021199194348897,80.99826347069275,133.7786775417142,401.0548179845537,1.814414366414074,138.70347878409123,before
Australian Grand Prix,2026-03-08,VER,Red Bull Racing,40,0.31978970867870277,0.6486182071416381,68.91603339406193,126.26748145605056,678.0641385275474,2.3593366509135527,186.8049753484386,before
Australian Grand Prix,2026-03-08,VER,Red Bull Racing,47,0.35055657917469735,0.6907231084288119,66.69908271388053,124.39230948990799,792.915752490017,3.34820639331027,220.64518826417847,before
Australian Grand Prix,2026-03-08,VER,Red Bull Racing,49,0.3135562094767527,0.6464422249647874,52.74026919264778,107.5021112214236,684.8966349762686,2.06994815437678,145.36017295591336,before
Australian Grand Prix,2026-03-08,VER,Red Bull Racing,50,0.30630817759268997,0.6689117100148445,79.12145623668088,132.62635944699943,594.8833108728516,2.109536769834115,196.76564150919071,before
Australian Grand Prix,2026-03-08,VER,Red Bull Racing,52,0.34988297149137115,0.7092183953163417,104.47856448608215,161.84977256870084,700.1593346457591,2.847654923137306,234.68748497498373,before
Australian Grand Prix,2026-03-08,VER,Red Bull Racing,58,0.2944687849291573,0.641997941077056,130.77422178690443,183.97162821611542,316.26219790976774,2.439220740879763,230.8907731058707,before
Australian Grand Prix,2026-03-08,BEA,Haas F1 Team,3,0.3643417256066982,0.7779924891314873,55.58462988628791,113.91744651450085,1122.3489855667003,5.418389276539666,220.4757438734069,before
Australian Grand Prix,2026-03-08,BEA,Haas F1 Team,6,0.3402656980047622,0.7806673823165083,96.49048537292013,152.36146682734102,908.4378322454779,3.3042017671585238,178.73588538388742,before
Australian Grand Prix,2026-03-08,BEA,Haas F1 Team,25,0.37306598740541214,0.6657960804637115,90.77661779623932,154.29427567013872,833.9015670293285,2.6158325498042143,188.5639747554905,before
Australian Grand Prix,2026-03-08,BEA,Haas F1 Team,28,0.3880092604739511,0.8005796503480741,102.0842356524978,161.41394743912494,1070.3652688778777,4.456938671296783,205.29674570694468,before
Australian Grand Prix,2026-03-08,BEA,Haas F1 Team,29,0.34631938619373986,0.8346067803906234,128.0383297199756,183.03979916359853,1029.5707242518802,5.886123156599682,1278.425546030892,before
Australian Grand Prix,2026-03-08,BEA,Haas F1 Team,32,0.3868213061799539,0.8111476886296239,176.10777261794956,235.7769031197836,890.371661863308,4.171941833503947,250.60989179681462,before
Australian Grand Prix,2026-03-08,BEA,Haas F1 Team,33,0.30190942091040096,0.6778823145279964,125.65449056463278,180.37761909433286,469.2290965327341,2.432816348275288,221.57536282688594,before
Australian Grand Prix,2026-03-08,BEA,Haas F1 Team,35,0.2517663594250575,0.6226131186767039,105.79920530289068,155.54718256306793,308.02126841008544,1.96577998035161,228.32616605600663,before
Australian Grand Prix,2026-03-08,BEA,Haas F1 Team,37,0.33856115964432515,0.6743830353770958,103.93555289950969,163.14758680959773,665.1846050831956,2.3598278140291935,197.87528391012012,before
Australian Grand Prix,2026-03-08,BEA,Haas F1 Team,38,0.3863377524708561,0.6912072872443448,82.06435710116509,144.6298131460945,921.7433642798322,2.5625308598001575,175.951270951655,before
Australian Grand Prix,2026-03-08,BEA,Haas F1 Team,39,0.41901164702038196,0.7819407155123027,78.57893374019018,139.90299037910677,1125.367372566531,4.615106241893095,155.7026037821944,before
Australian Grand Prix,2026-03-08,BEA,Haas F1 Team,42,0.28170569194379874,0.6450240367064529,143.76074012136053,196.10767685628764,253.54800241127194,2.106015045374805,230.76034191413774,before
Australian Grand Prix,2026-03-08,LIN,Racing Bulls,3,0.37344093625725117,0.719479867826957,66.14013902661115,127.36464864745852,1028.2896539870378,3.023234612206785,151.98432238620072,before
Australian Grand Prix,2026-03-08,LIN,Racing Bulls,17,0.34236369933274696,0.6558394454460736,88.45704512068077,149.2287831702852,718.7960377431078,2.039560722111395,161.8535308497057,before
Australian Grand Prix,2026-03-08,LIN,Racing Bulls,20,0.2428531864066358,0.5409198512107972,93.59814342772111,147.13563705353874,227.45168931016045,2.349800962696412,151.89967981762467,before
Australian Grand Prix,2026-03-08,LIN,Racing Bulls,22,0.34151381429714533,0.6718325021836783,77.8626170891771,136.6452982092624,749.8704258627096,2.416153276099281,178.97959355844256,before
Australian Grand Prix,2026-03-08,LIN,Racing Bulls,25,0.31294088002118586,0.6482372652466707,97.89961974193,154.57230252383846,541.7232052006989,1.7028137399918786,167.90462058811372,before
Australian Grand Prix,2026-03-08,LIN,Racing Bulls,28,0.3072939345982759,0.6360706884756583,101.32384549734269,158.24398467435552,507.88282756959524,1.6833417874138568,171.3361235414901,before
Australian Grand Prix,2026-03-08,LIN,Racing Bulls,29,0.3001956493470849,0.5991494825095355,73.24473012097108,130.47057171036766,661.9229254081549,1.8050475935367396,160.19007181485563,before
Australian Grand Prix,2026-03-08,LIN,Racing Bulls,32,0.371345484398477,0.6478393541911278,84.780090236681,147.97491197126948,761.1077981681899,2.1794619195351324,173.83068928607787,before
Australian Grand Prix,2026-03-08,LIN,Racing Bulls,35,0.2990110489298929,0.620074033346848,106.55632676251629,162.1779238727051,398.233095719391,1.703571806431754,185.8059968887094,before
Australian Grand Prix,2026-03-08,LIN,Racing Bulls,37,0.29877890904698784,0.6319400399171055,105.847357006147,161.05275134619984,415.7269970911052,1.5175820859333313,169.4234978658185,before
Australian Grand Prix,2026-03-08,LIN,Racing Bulls,38,0.29517600294148977,0.6327062099982332,110.21077108946929,165.06515451445821,398.46038100768783,1.4823275156534665,188.23363367455767,before
Australian Grand Prix,2026-03-08,LIN,Racing Bulls,39,0.3503039113844647,0.6680401962341016,71.39867464941045,130.421387116491,796.9691272647184,2.2772759427415608,152.9522941613962,before
Australian Grand Prix,2026-03-08,LIN,Racing Bulls,41,0.34331027399789527,0.6089766396957091,71.43264473499802,133.10559078759354,685.554828275271,2.2274450843140157,157.8067734068781,before
Australian Grand Prix,2026-03-08,LIN,Racing Bulls,43,0.3281004393819898,0.670895699754296,85.41424534081116,142.2536536290637,680.9586410886395,1.6752213892665508,169.72047477166188,before
Australian Grand Prix,2026-03-08,LIN,Racing Bulls,50,0.31120434315481504,0.6481104485708581,98.6666222125111,154.51631472525995,532.2732760712132,1.8569852304451215,189.42203743440334,before
Australian Grand Prix,2026-03-08,LIN,Racing Bulls,53,0.32452347108476676,0.8567906047944723,95.83869840638913,146.70077089804317,908.1420741554358,1.9761094215666926,424.7005816969933,before
Australian Grand Prix,2026-03-08,LIN,Racing Bulls,54,0.29240678698578954,0.992199526927406,13.070297086860766,58.116554959617616,1043.0965519302192,6.517835536031191,,before
Australian Grand Prix,2026-03-08,LIN,Racing Bulls,55,0.4028745886173455,0.6883277815116084,68.88630484320514,131.48289041778156,917.9873885165136,2.6461120279131656,150.29816374805839,before
Australian Grand Prix,2026-03-08,LIN,Racing Bulls,56,0.34903652637358984,0.6492686625177693,86.78972248424238,146.16621092187515,657.8639013144616,2.1239376447130627,166.47408898324616,before
Australian Grand Prix,2026-03-08,BOR,Audi,3,0.349470632020817,0.9098292597149463,31.004694575814625,84.17514756876976,1020.1162989047292,5.537221609592997,334.89162026760783,before
Australian Grand Prix,2026-03-08,BOR,Audi,6,0.3113304407675839,0.6965385863932975,58.34237383246286,114.29061072739026,908.698461268577,2.34024243738907,237.00149427816592,before
Australian Grand Prix,2026-03-08,BOR,Audi,7,0.24836589972683498,0.9125033063479034,202.6641670513515,246.46246325167652,830.4210486621165,14.109754450124745,215.20235738548263,before
Australian Grand Prix,2026-03-08,BOR,Audi,10,0.33063469549921115,0.7774600834018262,162.59236630517574,218.78970156064378,759.2789095440392,3.8182449518428467,272.25657297024446,before
Australian Grand Prix,2026-03-08,BOR,Audi,26,0.21408429188971,0.5853748047103478,125.31866336046069,171.19989052241522,-32.796092501283596,2.550955218684435,200.52928143415792,before
Australian Grand Prix,2026-03-08,BOR,Audi,49,0.25586797763417457,0.6201649701381043,112.30550510698944,162.41958160940064,308.7648948688593,1.5175794448797697,208.73285844548988,before
Australian Grand Prix,2026-03-08,BOR,Audi,54,0.3540845469458339,0.7023119192828036,128.38539682523117,187.1611536472097,676.1818994498449,2.4882041475067385,225.044653908904,before
Australian Grand Prix,2026-03-08,BOR,Audi,55,0.23620899590340674,0.7033444978450097,158.04237582799297,203.06704704902722,172.23679013827922,3.644835149762692,224.19187607915254,before
Australian Grand Prix,2026-03-08,GAS,Alpine,31,0.3016413164520531,0.644261524954348,80.9505557120609,136.1841281844954,570.0828892260791,2.0784117932645425,145.12863897051366,before
Australian Grand Prix,2026-03-08,GAS,Alpine,34,0.23601224550104816,0.5438933345951277,78.89961530583633,130.284014618822,263.65788150531614,1.7178547552432315,115.79411591448283,before
Australian Grand Prix,2026-03-08,GAS,Alpine,40,0.33830506287149636,0.6569531317927737,29.775200416234874,87.92935444507783,946.5637624104068,1.914637664002338,135.1343810059476,before
Australian Grand Prix,2026-03-08,GAS,Alpine,41,0.3383706082473138,0.2394350514293099,131.5962343106283,247.49542138180038,423.1673998029544,2.342965139619122,154.41335459119438,before
Australian Grand Prix,2026-03-08,GAS,Alpine,44,0.2969160301318011,0.8103694964422871,272.0338034677599,323.1672249931939,796.0703229273147,2.0321234347434887,161.05011560699216,before
Australian Grand Prix,2026-03-08,GAS,Alpine,49,0.31592811592353826,0.43605463502320263,18.14142079962227,88.9661767736563,729.4627329911627,3.1466650706179715,130.3177716851082,before
Australian Grand Prix,2026-03-08,GAS,Alpine,50,0.31390051640725136,0.5778603411136919,72.92516504891678,132.90937156796085,662.9737392318887,2.289511262792746,144.69403842061067,before
Australian Grand Prix,2026-03-08,OCO,Haas F1 Team,5,0.2812761803304406,0.6429754483823519,48.78396003616036,102.96251028542771,653.9785104164625,2.357842223369386,130.7517296992059,before
Australian Grand Prix,2026-03-08,OCO,Haas F1 Team,6,0.2754159530781619,0.6125933505939811,124.06372301425247,179.08382263379013,306.67418329274886,9.75417759881807,1068.466147134902,before
Australian Grand Prix,2026-03-08,OCO,Haas F1 Team,14,0.25112265319247085,0.7106233394973172,150.32140993013496,198.04601342571513,369.3098205711973,2.0531436119423647,226.59908829180944,before
Australian Grand Prix,2026-03-08,OCO,Haas F1 Team,15,0.26391762667730484,0.6864738127809107,124.34425106217027,175.0535783182551,430.6954743144171,3.9254334660737515,200.39736914766343,before
Australian Grand Prix,2026-03-08,OCO,Haas F1 Team,22,0.42523037561246807,0.7994723116649689,164.10746229200643,227.86882702880766,1051.5083777848156,4.017526622937126,233.13601613965142,before
Australian Grand Prix,2026-03-08,OCO,Haas F1 Team,25,0.2906615343994485,0.7456155952542016,136.62464491789132,187.72271059072114,547.9900451544289,3.352818537775949,233.80648997724148,before
Australian Grand Prix,2026-03-08,OCO,Haas F1 Team,29,0.2893732671992436,0.723379276333694,128.72858926594782,179.75909139513524,537.8592189114869,3.213794032617395,216.38155499592872,before
Australian Grand Prix,2026-03-08,OCO,Haas F1 Team,31,0.41441118698556617,0.832449674968134,187.0428033722083,248.70833638766445,1095.2760494491363,5.547671307035722,221.07344761261572,before
Australian Grand Prix,2026-03-08,OCO,Haas F1 Team,34,0.3117962027251138,0.7214355053271613,142.38227581172163,196.15125956806935,550.3822464752416,2.9096413648482398,266.50088423430606,before
Australian Grand Prix,2026-03-08,OCO,Haas F1 Team,40,0.3655396373339432,0.7614585694846961,111.90357886651144,170.1890500835232,842.0485483640826,2.99050875611155,253.34963506519532,before
Australian Grand Prix,2026-03-08,OCO,Haas F1 Team,44,0.42127243849728746,0.8090893221356218,157.0452263274418,219.7260735228375,1080.4098828963058,4.039202749094632,255.2011733270041,before
Australian Grand Prix,2026-03-08,OCO,Haas F1 Team,46,0.4702041515402589,0.9906436468870468,103.78337651183858,166.14471674529173,1451.0567847828793,6.443168388783243,,before
Australian Grand Prix,2026-03-08,OCO,Haas F1 Team,47,0.27840222983066354,0.7106460746702535,124.47256187338012,174.58779071289464,457.55909698527523,2.1621707862694284,234.3922333724738,before
Australian Grand Prix,2026-03-08,OCO,Haas F1 Team,49,0.2530930632539088,0.6774302842570372,124.01966945316549,171.9078793951751,328.83780031343736,2.1529827922738543,205.64373984845932,before
Australian Grand Prix,2026-03-08,OCO,Haas F1 Team,50,0.2597266002034799,0.7416937590923791,30.795481039087438,76.47655529719863,751.776634883493,2.2668872494310097,,before
Australian Grand Prix,2026-03-08,OCO,Haas F1 Team,52,0.3148955117652934,0.744916790067654,142.1030480007902,195.03436719795957,595.1290267499791,3.693517988083385,257.62439441835636,before
Australian Grand Prix,2026-03-08,OCO,Haas F1 Team,54,0.4144911629134898,0.803676570440594,91.99112924172542,152.4051252053259,1130.979008691367,4.617601516034097,183.06006708323454,before
Australian Grand Prix,2026-03-08,ALB,Williams,3,0.3563985251450878,0.660257973803492,62.45095669221362,126.75798957287965,942.6936133147899,3.2862740817052845,164.92525127903104,before
Australian Grand Prix,2026-03-08,ALB,Williams,5,0.32614102716032317,0.7280174359488465,13.752882152684752,70.13642735807849,1093.860735194084,3.6140413071756816,,before
Australian Grand Prix,2026-03-08,ALB,Williams,24,0.16341475041878412,0.5917782683260865,74.94635431714036,112.39101916987508,184.61789718250662,1.8246881156614736,119.35057843335345,before
Australian Grand Prix,2026-03-08,ALB,Williams,25,0.18475954248286722,0.5990811191677903,80.13697334307268,121.77346808290335,235.35815652663706,3.350433751218185,114.43067527967345,before
Australian Grand Prix,2026-03-08,ALB,Williams,29,0.259268339005865,0.651260174582291,64.47183897831951,114.76392169177609,659.5175367403025,1.8484172251197268,,before
Australian Grand Prix,2026-03-08,ALB,Williams,30,0.17436157082683454,0.556070085953474,91.86464586886419,132.54343135092645,94.38086236288972,1.9078873513510861,136.57174107825833,before
Australian Grand Prix,2026-03-08,ALB,Williams,31,0.14380947120463775,0.538619781295204,80.28746264184849,116.00287496544951,4.390803660969396,1.3959166618321908,107.2232093188298,before
Australian Grand Prix,2026-03-08,ALB,Williams,35,0.19609577059031522,0.5716707701977811,75.19062550210647,118.45255144451372,342.0958298069818,1.5632413087859098,126.7679067021551,before
Australian Grand Prix,2026-03-08,ALB,Williams,37,0.20698805152149483,0.5686175260059015,86.83896047866352,132.68704316483684,208.3545205865622,1.768617088863427,130.77650288333285,before
Australian Grand Prix,2026-03-08,ALB,Williams,38,0.17176786145457348,0.5869318982870134,90.80906277680157,129.83840881155663,110.06786287700976,1.9502082954134206,123.84993281306065,before
Australian Grand Prix,2026-03-08,ALB,Williams,39,0.2915842188856374,0.5994692281777837,79.76540511067918,135.7591583722211,521.4763009820778,1.7855146664466286,155.11392616367047,before
Australian Grand Prix,2026-03-08,ALB,Williams,40,0.2505940854733295,0.5793629096095945,86.59675808079463,138.48552724166598,324.7890964668425,1.7844615939726463,143.6899678624407,before
Australian Grand Prix,2026-03-08,ALB,Williams,42,0.20337670043907508,0.5892863480285226,92.27901456678684,136.1317135976302,188.1915136543067,1.6170032068030624,143.98286489355004,before
Australian Grand Prix,2026-03-08,ALB,Williams,43,0.19876432761798962,0.5619428215254098,82.57275400348837,127.0116119642442,187.3786419947053,2.244439943167494,123.79052454459813,before
Australian Grand Prix,2026-03-08,ALB,Williams,44,0.21435025736598168,0.5558340422829934,87.66966820608657,134.94569731368645,180.0687660660611,2.8427265899375094,133.64899234138355,before
Australian Grand Prix,2026-03-08,ALB,Williams,47,0.17855815576524856,0.5660728755462321,89.06245191876906,129.29407532973826,78.84196206686698,1.712590302884446,140.42702338925957,before
Australian Grand Prix,2026-03-08,ALB,Williams,48,0.17719586349542565,0.573792779272201,95.32091784851784,134.9527819862623,60.59838060196518,1.5183119195703867,133.96794784941338,before
Australian Grand Prix,2026-03-08,ALB,Williams,50,0.19934603314873947,0.5945323862420312,87.67423172409374,130.14686098866252,188.11652901126433,1.2933308071165566,146.25092700315778,before
Australian Grand Prix,2026-03-08,ALB,Williams,51,0.1900219417708718,0.5704565629938353,87.26514140879071,129.105804263024,125.9406350187868,1.6281146193157272,137.09367744215984,before
Australian Grand Prix,2026-03-08,ALB,Williams,57,0.2806436311724396,0.6027325006158746,60.572932965206704,113.75284382984925,538.4398097669019,1.8957265268962147,161.88549022958665,before
Australian Grand Prix,2026-03-08,LAW,Racing Bulls,4,0.36042064217868164,0.7261813386133461,91.72832122788242,151.6667597245033,970.347017411881,3.641585827133786,199.54329370653332,before
Australian Grand Prix,2026-03-08,LAW,Racing Bulls,5,0.32981982391601045,0.737095319275871,43.37059222461355,99.18240570847571,996.967915498718,3.1132926295208727,181.03021419401398,before
Australian Grand Prix,2026-03-08,LAW,Racing Bulls,6,0.3115704803692546,0.7575562911970609,71.50157686860645,125.21883600019576,936.2067616165303,2.8467168892316206,200.44023558417248,before
Australian Grand Prix,2026-03-08,LAW,Racing Bulls,7,0.34173371909554595,0.7652644329604369,51.6500668887402,108.27283376472533,1071.0085920589004,2.6454400128839177,,before
Australian Grand Prix,2026-03-08,LAW,Racing Bulls,8,0.2903865371335041,0.6622107579446389,104.66694414940581,159.66433265955314,531.8632318094461,1.810006789938802,192.77944711165733,before
Australian Grand Prix,2026-03-08,LAW,Racing Bulls,9,0.3129533656031233,0.6529087943998291,77.39013254521537,135.36106789571795,695.5305113939461,1.9709099567968604,168.70022539310384,before
Australian Grand Prix,2026-03-08,LAW,Racing Bulls,15,0.4067505009183983,0.6705112108060391,53.69014790976983,120.70992610804743,1091.946727195452,2.496090441119565,146.12103402187546,before
Australian Grand Prix,2026-03-08,LAW,Racing Bulls,16,0.30546686869915884,0.6713216997141405,71.1533507138435,127.27778951832842,769.3612790637463,2.3130209409613074,154.16742493290255,before
Australian Grand Prix,2026-03-08,LAW,Racing Bulls,17,0.28201927530721993,0.5809048592357773,109.50954904872302,167.18799374303973,298.3415694911868,3.2059303712975287,179.52495538843976,before
Australian Grand Prix,2026-03-08,LAW,Racing Bulls,21,0.23951058423408025,0.6547258295796963,119.28754413061937,166.97730790694476,315.27933873598226,7.993352942843995,230.8629745380451,before
Australian Grand Prix,2026-03-08,LAW,Racing Bulls,22,0.2809559856424466,0.6271746407898022,109.22697476880131,164.16836293141776,396.16768593418027,1.3240815598345372,183.47950018482751,before
Australian Grand Prix,2026-03-08,LAW,Racing Bulls,23,0.2830739626452577,0.6297016828107141,122.57359299693086,176.90226959834388,256.2200651981291,1.8457897411998314,225.5003969113976,before
Australian Grand Prix,2026-03-08,LAW,Racing Bulls,26,0.3336229444736119,0.5864598787074301,109.46802989563223,173.55290800424294,438.56642314301115,3.4606123922934895,194.5315291554915,before
Australian Grand Prix,2026-03-08,LAW,Racing Bulls,27,0.2308715410240224,0.6076532655724284,120.25577325345655,167.85831832623572,133.210410604087,1.8719186466167246,212.00043465380816,before
Australian Grand Prix,2026-03-08,LAW,Racing Bulls,29,0.26558805718758577,0.6712432335711563,150.35812150880886,201.0320541823366,227.84299978472717,1.8753458057076098,237.1776737773129,before
Australian Grand Prix,2026-03-08,LAW,Racing Bulls,30,0.25251062181743933,0.6558308137315507,155.7429928767012,205.20078794112396,104.55129884119992,2.193210045209676,238.03424255240725,before
Australian Grand Prix,2026-03-08,LAW,Racing Bulls,31,0.26665613939293004,0.6497705691368773,133.90819976244904,185.7478505126314,278.35178863531826,1.9064155020446265,231.38390188204468,before
Australian Grand Prix,2026-03-08,LAW,Racing Bulls,32,0.28444636654135436,0.618521618837904,93.54152410874114,147.96762116394285,653.420367974152,1.8155370616863191,276.9580079372246,before
Australian Grand Prix,2026-03-08,LAW,Racing Bulls,35,0.3263676339572428,0.6966083141117422,147.19103721232042,203.27941817358666,479.103223046525,2.260286425799043,253.3154157868116,before
Australian Grand Prix,2026-03-08,LAW,Racing Bulls,40,0.270620658852034,0.5968613372305003,122.13797386497411,175.4045091103431,209.7342135791318,2.0615101046542965,210.71303780182598,before
Australian Grand Prix,2026-03-08,LAW,Racing Bulls,41,0.27947429827329373,0.6357755301621436,144.0632929967985,197.1278782907457,209.74007738109873,2.047496043112987,222.97044224423385,before
Australian Grand Prix,2026-03-08,LAW,Racing Bulls,43,0.2936133981278262,0.6257221593402467,127.17594514471917,181.70205938389398,300.74758482276036,1.948902143285808,222.02441303110925,before
Australian Grand Prix,2026-03-08,LAW,Racing Bulls,44,0.2979880165179106,0.7064874052400144,166.05689616567545,218.5387378495985,328.00511985800506,2.2322635266488686,255.1928725945188,before
Australian Grand Prix,2026-03-08,LAW,Racing Bulls,49,0.2690307758209483,0.642611622952472,112.03009906040224,162.62554629936056,326.7692048754588,2.1324339116273014,211.2082398903632,before
Australian Grand Prix,2026-03-08,LAW,Racing Bulls,51,0.3214822839791276,0.674155408231475,85.77727736581578,141.2080963560869,661.626049545192,2.437604904575425,196.37935723704894,before
Australian Grand Prix,2026-03-08,LAW,Racing Bulls,53,0.3478633181946799,0.6685177998653298,44.761883426667474,101.96425229094113,856.37225082064,2.920144232043214,148.43395624365422,before
Australian Grand Prix,2026-03-08,LAW,Racing Bulls,54,0.383256379174205,0.697034008530666,70.52876633247918,131.39223507218134,940.5030806781031,2.5369674660097394,169.24269775160644,before
Australian Grand Prix,2026-03-08,LAW,Racing Bulls,56,0.4204464448933865,0.6968138012990199,89.84291160626543,154.67763349673274,988.5133592583725,3.001737677708201,195.8554489343881,before
Australian Grand Prix,2026-03-08,LAW,Racing Bulls,57,0.3069775137326127,0.6695558914087464,62.09945496562338,115.54995683022871,702.1282010388787,3.181484493261735,163.3892498222193,before
Australian Grand Prix,2026-03-08,COL,Alpine,3,0.2994928654081297,0.6674069773515544,72.87243151017972,130.25670222061666,815.0691018350639,2.139862663958826,131.50565772998837,before
Australian Grand Prix,2026-03-08,COL,Alpine,6,0.36302958940259594,0.7528246272412332,48.71697171720637,107.75217321766588,1174.9792928325637,2.897102804182669,146.69884545417392,before
Australian Grand Prix,2026-03-08,COL,Alpine,7,0.30629913456367736,0.6491359429485425,72.30408510924346,129.50677660240294,704.4281576516298,1.719334104673601,151.57586300014427,before
Australian Grand Prix,2026-03-08,COL,Alpine,24,0.2750288447527863,0.5892219362325251,101.42882080571951,156.79116293063637,320.79922637009275,1.439576010497183,161.3863733954294,before
Australian Grand Prix,2026-03-08,COL,Alpine,25,0.27904629373297324,0.5865604920784152,95.36281402464014,151.443682841105,317.3868551244857,1.582621293951542,152.16673111275458,before
Australian Grand Prix,2026-03-08,COL,Alpine,32,0.3297102395585629,0.618756083844372,91.42809762591719,151.72817881129234,567.5634557845508,1.892539456985525,154.88541616686,before
Australian Grand Prix,2026-03-08,COL,Alpine,35,0.311034799151996,0.587148256785961,79.33455783309617,138.6153458393237,511.4026671144757,2.050505434297529,148.57316934144268,before
Australian Grand Prix,2026-03-08,COL,Alpine,36,0.31644817662698227,0.6028150190728507,83.19560796955732,142.69055316849557,686.9054392231671,1.755059953324422,138.11986224071453,before
Australian Grand Prix,2026-03-08,COL,Alpine,37,0.1216648300717596,0.467265143660782,84.13014985325749,117.7835337691861,-124.42240481789753,2.4792199226811076,,before
Australian Grand Prix,2026-03-08,COL,Alpine,42,0.27061531664926214,0.5318289625931144,90.75288640704666,148.14235431567363,262.4236489701948,1.8967627585332913,146.02557485504775,before
Australian Grand Prix,2026-03-08,COL,Alpine,43,0.2520897388134169,0.5662621378203831,86.17850778971724,138.04289778555315,332.8257252110304,1.7858554695642104,143.56321936810284,before
Australian Grand Prix,2026-03-08,COL,Alpine,48,0.5089141443498297,0.8098825108247878,114.73432566928929,182.97515022672033,1228.9853548094763,7.662351316146901,286.1776987936167,before
Australian Grand Prix,2026-03-08,SAI,Williams,3,0.3394551866829695,0.7958813867707082,28.778780138888294,83.97465493671487,1136.3181508000555,4.323109084862127,,before
Australian Grand Prix,2026-03-08,SAI,Williams,4,0.27993959029258314,0.6532004902704731,49.60972006040342,104.34839899036699,735.3778894010651,2.8334123281722263,146.25732398254914,before
Australian Grand Prix,2026-03-08,SAI,Williams,6,0.30428993552161404,0.7148837548775425,3.1623453343824153,57.15650191573831,1021.0944721989007,2.683534925947608,,before
Australian Grand Prix,2026-03-08,SAI,Williams,7,0.20231885873274347,0.5553269144561036,57.75733882585649,105.04498029938688,319.73888327144414,2.923070951482952,,before
Australian Grand Prix,2026-03-08,SAI,Williams,10,0.20143118029435414,0.5750393509388414,66.1992429815793,112.67563050537272,339.9467211513415,2.0461047422576257,100.68692993829389,before
Australian Grand Prix,2026-03-08,SAI,Williams,14,0.31434952283007106,0.5937640669199883,56.38830766659583,118.39847594460112,707.2218119680891,2.6429162742908425,129.29748745736669,before
Australian Grand Prix,2026-03-08,SAI,Williams,15,0.27003738696031876,0.6154511326727113,50.20435525001199,104.36008399830284,627.8706474156613,1.359199252257234,125.46736867204935,before
Australian Grand Prix,2026-03-08,SAI,Williams,23,0.25970991311756825,0.5721627846470846,73.61135726906839,129.56111413896855,425.79741864091915,2.265162172247706,118.45292214047981,before
Australian Grand Prix,2026-03-08,SAI,Williams,25,0.2362691828818942,0.5700675800094889,82.65828302735461,133.91624018755016,288.8177579669508,1.589083140579464,126.81933296286698,before
Australian Grand Prix,2026-03-08,SAI,Williams,29,0.2220782236955647,0.5523864522303669,89.76860528856545,139.79612488521693,168.71415628657397,2.1919256315345184,118.65236699208427,before
Australian Grand Prix,2026-03-08,SAI,Williams,30,0.2891777614723365,0.6725842992025081,84.29482655966244,137.69865938806686,635.0177303017274,2.2241254092204104,169.17784245111704,before
Australian Grand Prix,2026-03-08,SAI,Williams,31,0.3039497272630572,0.6115330353452023,70.13247336222283,128.42988018298195,613.7191645429336,1.6386961246610947,141.24485152775733,before
Australian Grand Prix,2026-03-08,SAI,Williams,35,0.2704868578150487,0.6073174943361935,75.85791521260688,129.67074328420605,482.5491781897836,1.624977273640103,124.30012708613248,before
Australian Grand Prix,2026-03-08,SAI,Williams,40,0.33318357839920293,0.683444015010101,22.84726367619303,79.2671460676626,951.5446583670577,2.4504130706856047,,before
Australian Grand Prix,2026-03-08,SAI,Williams,43,0.32002921510382,0.6663034332684004,38.560879521025065,94.44569695132357,836.321734180019,3.01091464485781,152.14616777509485,before
Australian Grand Prix,2026-03-08,SAI,Williams,44,0.3188269987967617,0.6460662669046875,60.37724803366401,118.08342622484491,751.700571539758,2.13505843307669,142.18028771978476,before
Australian Grand Prix,2026-03-08,SAI,Williams,48,0.2086331515257367,0.5207385616845869,43.96497839701472,91.43778721698084,459.6691028349311,2.0005919036841764,112.44547841811273,before
Australian Grand Prix,2026-03-08,SAI,Williams,51,0.2775247566545437,0.5584556048571563,78.34659906930551,134.4006229128103,376.3213924638106,2.0234873474476602,126.62806114254786,before
Australian Grand Prix,2026-03-08,PER,Cadillac,3,0.47531403610686085,0.7751119005722412,127.73187514865066,197.2025120011965,1267.0421227318839,5.543135613138696,280.93747306269296,before
Australian Grand Prix,2026-03-08,PER,Cadillac,4,0.27614195955039544,0.7446701646520142,113.57301994453334,164.13412441927423,626.0673846165063,4.0846173673916955,209.02673035535054,before
Australian Grand Prix,2026-03-08,PER,Cadillac,5,0.24958033347743327,0.676423821756651,108.58039145124515,159.2859870856851,459.4212792756177,1.8192581639526653,190.61220338832678,before
Australian Grand Prix,2026-03-08,PER,Cadillac,7,0.23000735578246953,0.6903087442671119,120.65088240211877,166.85809906100113,342.08887407115424,1.5969926780979788,214.55798611694954,before
Australian Grand Prix,2026-03-08,PER,Cadillac,9,0.26521458670487214,0.7176761510552147,152.8796287368846,203.11574741914032,376.4271945539506,2.2377154124118674,235.35658413037368,before
Australian Grand Prix,2026-03-08,PER,Cadillac,15,0.24941947201548043,0.6716832867427578,129.55484567697098,179.6702581151923,306.7664932832984,1.7390119398973456,197.1999531561032,before
Australian Grand Prix,2026-03-08,PER,Cadillac,16,0.09957416788108675,0.4806161268847593,115.01090469555953,143.58816268561523,-440.2104483730125,2.23266109736362,106.2507171459261,before
Australian Grand Prix,2026-03-08,PER,Cadillac,23,0.28095411709609025,0.7063386776971085,138.98623311954054,190.81080270394077,456.0568112945516,2.431294372831742,232.10350266880317,before
Australian Grand Prix,2026-03-08,PER,Cadillac,24,0.25079696195555157,0.7392180105138302,10437.191273206194,10524.970209890636,775.3705653645128,2.2658893629150043,,before
Australian Grand Prix,2026-03-08,PER,Cadillac,25,0.2604828922859096,0.7163868569411425,163.399940783215,212.19700804805353,324.0944811159098,2.240160248500491,229.98183228827327,before
Australian Grand Prix,2026-03-08,PER,Cadillac,26,0.26536917931421394,0.7155692681841472,125.66886821422115,174.6592148604558,483.16838383774916,2.437781928197482,232.45716209772033,before
Australian Grand Prix,2026-03-08,PER,Cadillac,28,0.27042430533574496,0.7378497458999295,143.83539537204632,192.9369304252997,476.5190577093096,2.673749859063379,225.48493983742932,before
Australian Grand Prix,2026-03-08,PER,Cadillac,29,0.2622560527758378,0.7359400554823456,146.88581949710306,195.1375384623678,452.01711820655896,2.49440250156205,220.12920606227158,before
Australian Grand Prix,2026-03-08,PER,Cadillac,31,0.21374401328095743,0.639905853749235,120.03377534781445,164.3150331311172,215.57687670999798,1.534562186187017,185.33836447691021,before
Australian Grand Prix,2026-03-08,PER,Cadillac,33,0.2631062948972556,0.7296561223750604,176.75535786062997,226.00677858028098,334.8320900765277,2.3986517614031118,250.24581050425093,before
Australian Grand Prix,2026-03-08,PER,Cadillac,35,0.23972151458827778,0.658852257838029,128.3773721259235,176.1142723797523,311.0162433869111,1.3850260812098638,189.15802015233407,before
Australian Grand Prix,2026-03-08,PER,Cadillac,37,0.2890408810742172,0.6883292714399272,143.47713532209826,196.95028987466142,420.6798065774703,2.653719997193579,247.90466461652716,before
Australian Grand Prix,2026-03-08,PER,Cadillac,39,0.15080175447475325,0.5893034093307383,137.9518067689988,173.47363174962462,-246.46968899862568,2.5803050576039213,194.0895726055483,before
Australian Grand Prix,2026-03-08,PER,Cadillac,40,0.25481639181239274,0.6944525026747874,117.29763245610536,165.30849949971713,420.0487446437597,1.9013771253977105,207.96714141488394,before
Australian Grand Prix,2026-03-08,PER,Cadillac,42,0.24789731116791416,0.7100368320530205,151.35465277787475,198.26005405714582,330.9596791000665,2.0914464151456738,229.91900087019803,before
Australian Grand Prix,2026-03-08,PER,Cadillac,45,0.24261692099833285,0.6837753707880823,145.7114088576348,192.4643692617437,261.20569393478297,1.8251120226120756,240.9716118457379,before
Australian Grand Prix,2026-03-08,PER,Cadillac,46,0.2373355143831836,0.683459997661779,152.87330025441128,198.94307505781063,184.5111188001451,2.1095323667473966,221.1438295233389,before
Australian Grand Prix,2026-03-08,PER,Cadillac,47,0.25305453187666255,0.6991082282232397,148.9257731503297,196.54841133805456,273.87258009075174,2.530932313483923,251.86274097524065,before
Australian Grand Prix,2026-03-08,PER,Cadillac,48,0.22162930166476574,0.7329177991670981,183.17380999079415,225.39623311399563,143.0957427134022,2.6342471642508114,263.239946543572,before
Australian Grand Prix,2026-03-08,PER,Cadillac,50,0.248699799511886,0.7005976555538808,154.0316459503314,200.89441697711825,267.0735738560793,2.8400222205707526,228.66689957831824,before
Australian Grand Prix,2026-03-08,PER,Cadillac,53,0.23403756043409313,0.7484474269340895,186.40058772635788,229.95678078497073,229.38139645089097,2.668444124090049,244.15635959681916,before
Australian Grand Prix,2026-03-08,PER,Cadillac,54,0.19587950795559728,0.6527405335464241,141.50350772068683,181.81340946573573,35.21123477050537,1.5499864204653353,213.32988023072403,before
Australian Grand Prix,2026-03-08,STR,Aston Martin,4,0.19297808263310345,0.7114540917689484,87.69891275125467,127.87721318548888,463.107672162078,3.0156114231086417,146.17675582005228,before
Australian Grand Prix,2026-03-08,STR,Aston Martin,5,0.19003810761955467,0.6552122137378386,132.6748930870077,174.71193445044236,87.97336914037186,2.263325435966104,211.3788007133323,before
Australian Grand Prix,2026-03-08,STR,Aston Martin,6,0.15116165175525711,0.6451961975807438,148.73272526244835,184.2113730631792,-105.26775259138259,2.430243094848736,224.50376214359838,before
Australian Grand Prix,2026-03-08,STR,Aston Martin,7,0.13342639727899602,0.599835798509175,105.87777655594415,138.6468859442153,-80.76036760122707,2.013457337784168,140.70032827710563,before
Australian Grand Prix,2026-03-08,STR,Aston Martin,14,0.1023492828093289,0.6179816132381414,214.08406660336058,240.08299837864317,-768.1525717304675,3.9614605295033014,242.91447603279957,before
Australian Grand Prix,2026-03-08,ALO,Aston Martin,5,0.11964498251973363,0.6265729262449434,116.17477977563298,145.20097349943077,-95.62673433763891,2.6007484434870998,148.4879968026766,before
Australian Grand Prix,2026-03-08,ALO,Aston Martin,6,0.1476635467779267,0.6405703259416027,130.90309435143794,165.5595996415627,-16.089593629665718,2.882574499548255,195.7203652191477,before
Australian Grand Prix,2026-03-08,ALO,Aston Martin,7,0.19616314272207555,0.8344893949870372,140.28567314796516,178.12506986453064,507.8300816998038,2.2804112042375424,203.05379846479448,before
Australian Grand Prix,2026-03-08,ALO,Aston Martin,8,0.15722933633201733,0.5494753184557964,19120.01977278481,19175.050040501017,385.18977942278275,1.9818886494061383,215.98430527109576,before
Australian Grand Prix,2026-03-08,ALO,Aston Martin,9,0.11534511754831672,0.5234818740396053,100.98437091145803,131.89789610237509,-236.23172037472867,1.9791747495539425,104.03328374447496,before
Australian Grand Prix,2026-03-08,BOT,Cadillac,4,0.0962457002064699,0.5622763240097649,90.4470945776416,115.81155896880138,-183.3393465160029,1.6307520271291318,108.0267147085967,before
Australian Grand Prix,2026-03-08,BOT,Cadillac,5,0.20108691277303248,0.6074418409430249,86.72189016480397,131.14783903877714,240.2986551228397,1.5422643843254737,154.264839085682,before
Australian Grand Prix,2026-03-08,BOT,Cadillac,6,0.17823966880870926,0.6034371375475452,67.05995048333286,107.36203160077665,413.53423697107735,1.9289261155863602,183.89715649063595,before
Australian Grand Prix,2026-03-08,BOT,Cadillac,7,0.22367473753783398,0.7316460459001906,139.48740282401295,183.4715375553397,372.9266634340219,1.9265233858043789,194.69386620592311,before
Australian Grand Prix,2026-03-08,BOT,Cadillac,9,0.261635135755601,0.766391290396056,157.48620084637278,205.5768414846184,529.3835151075177,2.735669943335485,208.21580912067216,before
Australian Grand Prix,2026-03-08,BOT,Cadillac,14,0.2588152556022826,0.7310585786363738,97.4076984178796,145.69556942389005,565.8791481831835,2.8653783751085604,,before
Chinese Grand Prix,2026-03-15,HAM,Ferrari,21,0.2717804113655332,0.5487261424249114,51.14827502357926,108.56554784284367,768.355067869704,4.752827825012836,153.60997475702945,before
Chinese Grand Prix,2026-03-15,HAM,Ferrari,38,0.2780149574147275,0.5291519329694385,91.99947953065102,151.82421258748982,318.5973590199705,4.0455726534749665,174.22402288859246,before
Chinese Grand Prix,2026-03-15,LEC,Ferrari,19,0.3028439673526908,0.5520679690979733,58.74363961526546,120.64190998019868,599.6363033463655,3.8289129102891035,159.65695161839926,before
Chinese Grand Prix,2026-03-15,LEC,Ferrari,27,0.3196297100312355,0.5923203386112246,99.40744540003811,160.6610361808625,515.9021991549087,5.181307891791221,264.19009177518626,before
Chinese Grand Prix,2026-03-15,LEC,Ferrari,28,0.27385708880069,0.5809406947672638,92.5354260255033,148.85794487980328,383.4885465704634,4.311570951859851,186.61844102421907,before
Chinese Grand Prix,2026-03-15,HUL,Audi,54,0.23044575575944684,0.46802188348982715,75.50236915507395,130.96445398036107,444.96916336106244,4.316576754781827,141.1068906144005,before
Chinese Grand Prix,2026-03-15,PER,Cadillac,5,0.47479045349931354,0.4539406357660113,53.389289227432876,139.53071048464003,831.3913044550516,1.672498148321969,478.2535930459381,before
Chinese Grand Prix,2026-03-15,PER,Cadillac,17,2.651073986355041e-06,3.193294128882872e-18,62.95327336951131,62.95420124540653,-834.3556199605473,6.052148759670658,,before
Chinese Grand Prix,2026-03-15,PER,Cadillac,43,0.22927864832083103,0.33974914181041665,78.73376844674196,135.7723742605676,-21.248945549816316,0.7505796404889438,310.0439122027489,before
Japanese Grand Prix,2026-03-29,ANT,Mercedes,38,0.20012825022726682,0.2726622763206867,169.10999999415722,239.15488757370062,-594.0251520253786,1.3231144539257724,,before
Japanese Grand Prix,2026-03-29,PIA,McLaren,30,0.7776338477794301,0.14558935721377908,163.44598841287382,435.61783513567434,-493.325162191549,2.4315829944273784,,before
Japanese Grand Prix,2026-03-29,PIA,McLaren,31,1.3835324324541356e-10,0.2338574516815612,186.1113741593253,186.11137420774892,-757.7907583760497,1.496631086697134,,before
Japanese Grand Prix,2026-03-29,PIA,McLaren,32,9.751985395597349e-08,0.10000794866099014,183.83757694823848,183.83761108018737,-804.0601034555178,0.6650122971841803,,before
Japanese Grand Prix,2026-03-29,PIA,McLaren,33,0.37238624559372235,0.18773966136268205,165.26425868757525,295.59944464537807,-618.0721175149756,2.8235441172637255,,before
Japanese Grand Prix,2026-03-29,RUS,Mercedes,5,1.2512679134014646e-08,0.14960795378195765,164.7846149076428,164.7846192870805,-811.7017701086679,1.1164629961851065,,before
Japanese Grand Prix,2026-03-29,RUS,Mercedes,6,0.18263008080550588,0.23791141983610942,160.63550473782686,224.5560330197539,-644.1581397284705,1.3355090315985103,,before
Japanese Grand Prix,2026-03-29,RUS,Mercedes,28,8.3986956016677e-09,0.09552150148154805,168.73608752780765,168.73609046735112,-943.984719825262,1.3916032201542612,,before
Japanese Grand Prix,2026-03-29,NOR,McLaren,28,0.06762853957703428,0.24247336426040197,190.5826359953239,214.2526248472859,-725.5933560468239,0.7282583228669629,172.48392601946836,before
Japanese Grand Prix,2026-03-29,HAM,Ferrari,6,0.13574026623900504,0.22340080242217264,163.86727451897914,211.37636770263092,-761.2686196463978,1.6969561614783837,197.3178711741395,before
Japanese Grand Prix,2026-03-29,VER,Red Bull Racing,28,0.24913328138625074,0.0741012174132486,159.26011581136126,246.456764296549,-666.2803002174813,1.136350064504542,,before
Japanese Grand Prix,2026-03-29,VER,Red Bull Racing,29,0.2060189929037402,0.2935731689361109,167.74954841572918,239.85619593203825,-491.45960035172044,1.1710841847617455,,before
Japanese Grand Prix,2026-03-29,VER,Red Bull Racing,51,0.25842038449646426,0.298746061774229,164.84970399507975,255.29683856884228,-403.3998711452227,1.178868632990911,189.56090245867347,before
Japanese Grand Prix,2026-03-29,OCO,Haas F1 Team,6,0.25651867884558505,0.3194253433175905,158.44517660953935,248.2267142054941,-355.40864270784334,1.6730558532055306,,before
Japanese Grand Prix,2026-03-29,OCO,Haas F1 Team,28,0.388277101856969,0.4267376263431882,184.22245149473244,320.11943714467156,-87.36250145596769,2.046608165882513,263.8482092328546,before
Japanese Grand Prix,2026-03-29,HUL,Audi,28,0.3364953057878784,0.2549810543466385,136.0755444009981,253.84890142675553,-341.2069967627356,1.4509793044777326,,before
Japanese Grand Prix,2026-03-29,HUL,Audi,45,0.3868358531021376,0.7577655231886862,2.4472117277275584e-05,88.94028272861813,1013.4361294148753,2.0214655083709667,,before
Japanese Grand Prix,2026-03-29,HAD,Red Bull Racing,8,0.3067126596918134,0.6138063389186804,48.28293444024805,141.5021449657869,652.0746169193158,1.4512848062978223,,before
Japanese Grand Prix,2026-03-29,HAD,Red Bull Racing,12,0.3389054341054937,0.29575493716343787,148.35483732612343,266.97173926304623,-329.9871224725166,2.2501438188925125,,before
Japanese Grand Prix,2026-03-29,HAD,Red Bull Racing,45,0.24752301810664687,0.3954477957698364,153.04395796956015,239.67701430688652,-254.32051793178118,2.1129757107014258,,before
Japanese Grand Prix,2026-03-29,BOR,Audi,28,9.210612568906593e-09,0.19502655867699425,204.99095814425263,204.990961367967,-688.5072162376074,1.3554338315692527,,before
Japanese Grand Prix,2026-03-29,BOR,Audi,29,0.19822586259861832,0.6912369037090307,0.03448190028708027,58.74214568437541,497.9569684378055,2.7970469544112655,,before
Japanese Grand Prix,2026-03-29,LIN,Racing Bulls,17,0.99999999933331,5.232308120593911e-08,180.24876168676874,530.2487614534272,-638.3280401873646,0.6713665390945555,,before
Japanese Grand Prix,2026-03-29,LIN,Racing Bulls,36,0.17780406911846985,0.1659118148470726,170.81182245438652,233.04324664585096,-526.1011426041854,0.8682547099960378,,before
Japanese Grand Prix,2026-03-29,LIN,Racing Bulls,39,0.10554387386831522,0.1461328614443486,167.81679025564438,204.75714610955472,-540.3747658466103,0.7583023904002056,,before
Japanese Grand Prix,2026-03-29,LIN,Racing Bulls,46,0.2478651055634332,0.38018659808307204,161.95377123575045,248.70655818295208,-226.35546218113834,1.1465130940821315,201.57917263002759,before
Japanese Grand Prix,2026-03-29,LIN,Racing Bulls,49,0.00042155524157804663,0.04515763630124084,154.8809532612099,155.0284975957622,-510.77960463949034,0.7487962280829122,,before
Japanese Grand Prix,2026-03-29,PER,Cadillac,20,0.2774355396154251,0.37126730506052014,169.68375357588968,266.7861924412885,-353.03954021107927,1.1650844438953598,138.28773071398035,before
Japanese Grand Prix,2026-03-29,PER,Cadillac,28,0.29257711411706167,0.46430916497505204,144.64897580468713,247.05096574565874,156.65961624276306,1.4926228200835776,159.4226407782224,before
Japanese Grand Prix,2026-03-29,PER,Cadillac,29,0.2650263090842399,0.39540036875982404,176.87643763041905,269.635645809903,-236.09852496296517,0.6451319730312238,185.16900291285882,before
Japanese Grand Prix,2026-03-29,PER,Cadillac,30,0.31080220036031175,0.43160627080290165,155.16411762131926,263.94488774742837,-96.30250646547915,1.1527760614206113,122.49453252462432,before
Japanese Grand Prix,2026-03-29,PER,Cadillac,31,0.2592473988865822,0.4215114530179181,165.91747791244478,256.65406752274856,-207.34594782510698,1.084983400300409,164.0280824823188,before
Japanese Grand Prix,2026-03-29,ALO,Aston Martin,10,1.0586566363691412e-09,0.12523849410333587,190.4173733418251,190.41737371235496,-1040.0193355279862,1.3200026709779846,,before
Japanese Grand Prix,2026-03-29,ALO,Aston Martin,14,0.2043084378087456,0.2864035917823838,187.85771183659463,259.36566506965556,-742.2333332399835,1.5311013607557509,,before
Japanese Grand Prix,2026-03-29,BOT,Cadillac,5,0.362128603932311,0.35876091940835453,135.9599594706002,262.704970846909,-101.39584498406145,2.131976755441928,,before
Japanese Grand Prix,2026-03-29,BOT,Cadillac,7,0.31812171552264146,0.3304472258208692,151.41450113898233,262.75710157190684,-265.50073518599413,1.7410813878684108,,before
Japanese Grand Prix,2026-03-29,BOT,Cadillac,8,0.3771205379015426,0.35145122736874973,144.39767418344414,276.38986244898405,-139.82503240897586,1.9707910490112417,,before
Japanese Grand Prix,2026-03-29,BOT,Cadillac,13,0.40369569345799633,0.4730847738430069,190.556118286517,328.6913300982735,61.880206161781665,3.400522883638511,283.333333821712,before
Japanese Grand Prix,2026-03-29,BOT,Cadillac,15,0.3124119301414911,0.4881632875515186,250.7392799760962,360.0834555256181,-354.23760494488477,3.443433425705095,321.53630363247066,before
Japanese Grand Prix,2026-03-29,BOT,Cadillac,27,0.33277155043207196,0.5222404726397596,211.86919312624067,320.49423432318713,-20.06846401497253,2.417265421793624,317.71614283844536,before
Japanese Grand Prix,2026-03-29,BOT,Cadillac,29,0.3189946231138107,0.41641661543527053,148.01828359223538,259.66640168206914,-58.4817714309212,1.7956407436568464,132.17665934496966,before
Japanese Grand Prix,2026-03-29,BOT,Cadillac,30,0.3756020406363904,0.39074029478318245,139.6546573345921,271.11537155732873,-10.806049280326857,2.4944077062051853,170.26993690272465,before
Japanese Grand Prix,2026-03-29,BOT,Cadillac,34,0.29816036922362954,0.39985455705107237,160.6725084061072,265.0286376343775,-207.47710808303657,1.4711406407454393,141.08287720978544,before
Japanese Grand Prix,2026-03-29,BOT,Cadillac,36,0.31245657462666376,0.4204261291988018,161.0594543607005,270.4192554800328,-136.69337477751517,1.9042452316135943,158.8301448695838,before
Japanese Grand Prix,2026-03-29,BOT,Cadillac,37,0.35298611209377406,0.43328260361981064,164.75472837284795,288.29986760566885,-75.66210401028208,2.033263408591646,177.8552740604417,before
Japanese Grand Prix,2026-03-29,BOT,Cadillac,39,0.34353364800266134,0.4353401556027662,159.3078838942309,279.54466069516235,-52.53488957578116,1.6021779403131144,188.06077658803196,before
Japanese Grand Prix,2026-03-29,BOT,Cadillac,41,0.3418450598738374,0.43938102886713776,168.86399601417764,288.50976697002073,-98.95629986623835,1.5298569573459533,209.30318834577227,before
Japanese Grand Prix,2026-03-29,BOT,Cadillac,42,0.3268332938984341,0.4072838876941676,159.23592129574834,273.6275741602003,-136.22453641282237,1.5600177985586825,155.6349732930252,before
Japanese Grand Prix,2026-03-29,BOT,Cadillac,48,0.3913735386348788,0.47481550581260407,173.00323134159675,301.58802514775607,106.8119372734637,2.6607802054214496,259.5698404142221,before
Japanese Grand Prix,2026-03-29,BOT,Cadillac,52,0.3404806590652115,0.5322153312850876,132.98329742697243,237.53180405155976,296.2460384148932,1.6389831895697575,196.2414181626031,before
Miami Grand Prix,2026-05-03,ANT,Mercedes,5,0.5651143837546205,0.44259643291253603,0.0007029701552837972,112.04089311367014,1418.6174322594266,1.521907934770407,161.62761814921512,after
Miami Grand Prix,2026-05-03,ANT,Mercedes,12,0.8064255526683208,0.9999995114765828,4.473711061541155,85.64598635499952,2441.0086475568974,2.691942984932144,,after
Miami Grand Prix,2026-05-03,ANT,Mercedes,13,0.8110896399907319,0.8720190657605102,43.64848860462308,127.8326866720824,2380.257911694593,9.114676747147536,229.25418007354253,after
Miami Grand Prix,2026-05-03,ANT,Mercedes,21,0.566054419648167,0.7012710001511361,46.52106010267058,125.1775579666817,1564.721087881326,1.9308735123672607,122.17485336031736,after
Miami Grand Prix,2026-05-03,ANT,Mercedes,22,0.5798823228468188,0.707235225258952,44.118643274689326,123.16777624307595,1595.5953928072754,1.857153934755787,133.0053919535664,after
Miami Grand Prix,2026-05-03,ANT,Mercedes,23,0.5822490574563363,0.7135084196048472,39.465351363766686,118.32294576768857,1634.1585154222928,2.1177811051237536,125.32699551807538,after
Miami Grand Prix,2026-05-03,ANT,Mercedes,25,0.5858096148371843,0.7493551841422891,28.92326963855006,106.09633630648152,1726.0999011776737,2.1118214442548027,109.89497884403315,after
Miami Grand Prix,2026-05-03,ANT,Mercedes,29,0.8052209815154624,0.6720933641471355,70.14552526406226,161.97767984551675,1809.41108069977,7.467296691999747,301.4708659822624,after
Miami Grand Prix,2026-05-03,ANT,Mercedes,30,0.5633281674826596,0.5810683995960269,57.358356064798755,144.35784346973497,1257.6953136774316,1.5188902553639319,140.649397859628,after
Miami Grand Prix,2026-05-03,ANT,Mercedes,34,0.569810402982474,0.5831157563318542,56.82782854537896,143.33273965185202,1261.939998521674,2.024811796111508,145.9078666160918,after
Miami Grand Prix,2026-05-03,NOR,McLaren,3,0.7935799063182385,0.7768253251057256,50.43268522751681,138.9492946768636,2192.6031057990945,7.705751242042944,261.404107060341,after
Miami Grand Prix,2026-05-03,NOR,McLaren,12,0.5784825973801532,0.583363403576589,19.789770532029845,109.24778143907623,1549.2381518745954,2.9428510480378263,151.68509301314333,after
Miami Grand Prix,2026-05-03,NOR,McLaren,13,0.748047588021191,0.625245541344497,103.84961889202543,198.87393728776888,1481.8351781223364,5.02574413973183,298.56781665427417,after
Miami Grand Prix,2026-05-03,NOR,McLaren,17,0.4931602397688116,0.432323122143669,85.10475083642679,193.45412228795058,621.7940296818273,1.906688730777429,176.46879806754183,after
Miami Grand Prix,2026-05-03,NOR,McLaren,18,0.5105305079216972,0.43687867146246606,84.96730747610557,193.82401065302417,678.1157020319014,1.6579608518234628,176.91812513879947,after
Miami Grand Prix,2026-05-03,NOR,McLaren,20,0.497306824754871,0.4294167709604726,86.32742476915723,195.36459167509662,619.3741122530108,1.583537516090949,184.88585932908555,after
Miami Grand Prix,2026-05-03,NOR,McLaren,21,0.5061378479074796,0.4440894975489706,84.21697421449404,190.05489512603086,686.8528153135654,1.6682315008923123,187.86979469759956,after
Miami Grand Prix,2026-05-03,NOR,McLaren,22,0.5172896566722581,0.46309336793588607,84.03106134357199,187.45104939334018,761.6028765871515,1.6431171013862442,187.73542427001672,after
Miami Grand Prix,2026-05-03,NOR,McLaren,24,0.5218010511756687,0.43266882217123603,78.95828752166898,188.33756986884126,707.7672964267873,1.50205236548604,198.25252704321687,after
Miami Grand Prix,2026-05-03,NOR,McLaren,26,0.5112155349578654,0.46935396277514496,74.83784531851383,175.09538984910958,824.3182517783476,1.7550981302595443,176.54492613984797,after
Miami Grand Prix,2026-05-03,NOR,McLaren,29,0.8448547202559993,0.7445342513039254,5.195449645021732e-06,89.42199885231841,2256.4149884859953,8.732910915612731,278.6492102401564,after
Miami Grand Prix,2026-05-03,NOR,McLaren,30,0.5758942617790148,0.5659011274895575,49.740113778268416,139.39163897850338,1320.1079107920132,2.4115624227691597,158.87393327886514,after
Miami Grand Prix,2026-05-03,NOR,McLaren,31,0.5716840243548088,0.5321539851801871,52.30713941749187,146.167815380605,1229.369632424411,2.3748715302016095,169.99103011673628,after
Miami Grand Prix,2026-05-03,NOR,McLaren,33,0.5790622329242902,0.5056657916202373,42.60212848455415,140.20942939147847,1234.9463182103468,2.465885204077795,163.5446167353039,after
Miami Grand Prix,2026-05-03,NOR,McLaren,34,0.5833973687440778,0.48837951948057073,48.10992599782707,148.32224353910024,1150.5775364989418,2.195901980360572,166.34641931307536,after
Miami Grand Prix,2026-05-03,NOR,McLaren,40,0.6328645560543763,0.6546015836585457,19.027707340511977,102.82516825285667,1762.9413108477515,2.74246281150167,136.32189289296957,after
Miami Grand Prix,2026-05-03,NOR,McLaren,42,0.6144410656820439,0.5565151020339284,37.46974580752644,128.9528762344482,1412.0989434480605,2.186758245685285,153.46327126516542,after
Miami Grand Prix,2026-05-03,NOR,McLaren,47,0.5858745063609168,0.5790083741308522,51.092193727245814,138.28640237407723,1327.3028424223016,2.054626444639834,161.5690248649002,after
Miami Grand Prix,2026-05-03,NOR,McLaren,51,0.6056795749341607,0.5303290553356339,31.76448560396412,125.6086583071992,1383.95984691566,2.6923377398548927,158.47548403353534,after
Miami Grand Prix,2026-05-03,NOR,McLaren,52,0.6574655842409859,0.5631106819928744,55.36460565002582,148.16751575997927,1405.2476863595296,4.105364049110552,240.5814823096008,after
Miami Grand Prix,2026-05-03,NOR,McLaren,57,0.562912724417324,0.6024672001149589,66.97613031747211,150.20717257239775,1249.6323518034703,2.155833194532873,155.72962026182086,after
Miami Grand Prix,2026-05-03,PIA,McLaren,3,0.6264006725943384,0.7855044215575594,30.863465719040068,109.96228154964088,1629.7638160307617,2.934141085362804,142.13480294097693,after
Miami Grand Prix,2026-05-03,PIA,McLaren,13,0.5790995464128487,0.4950968212434153,65.73333544098074,167.59908110765647,1096.0194873206106,2.0541058185937997,184.4276759037776,after
Miami Grand Prix,2026-05-03,PIA,McLaren,18,0.6606583053420114,0.5615712245283777,11.315590433954144,106.0710306655762,1650.5632609821828,3.7878563523550928,165.97205218702118,after
Miami Grand Prix,2026-05-03,PIA,McLaren,20,0.6157739129233716,0.495218816469224,30.71920618141033,132.96598793769587,1351.763159773626,2.961149366137704,165.0529309674456,after
Miami Grand Prix,2026-05-03,PIA,McLaren,21,0.6444498622899129,0.5290548042928214,16.172435200844806,114.86095017283061,1562.819879925911,3.248591610594476,196.10405736658961,after
Miami Grand Prix,2026-05-03,PIA,McLaren,23,0.5326338117991648,0.40919181764240975,75.69941038442641,190.8133395349956,691.873055336508,1.3389262850664518,151.4450246959397,after
Miami Grand Prix,2026-05-03,PIA,McLaren,25,0.5257814451288798,0.46577547848319045,80.3337870174141,182.01437319941013,824.3491608893603,1.3534241944093335,186.5420829281526,after
Miami Grand Prix,2026-05-03,PIA,McLaren,30,0.556157761035604,0.48666065360551847,63.384231902205315,162.84164638297443,1019.8709136315427,1.5445213361115488,169.3422227417078,after
Miami Grand Prix,2026-05-03,PIA,McLaren,33,0.7178792653736034,0.6604967921227658,3.325263527739905e-05,86.43891239282907,1905.0404269465203,5.636357889318968,183.96873506906192,after
Miami Grand Prix,2026-05-03,PIA,McLaren,34,0.6640795005449434,0.5826147045862465,0.0001155902482769676,90.70821517419226,1717.5337827171647,4.192646777491532,159.93135134357954,after
Miami Grand Prix,2026-05-03,PIA,McLaren,35,0.5220358541827591,0.38580627519165744,79.35413695660719,196.15381273225867,555.4214100336412,1.2244115534356113,203.6851019086378,after
Miami Grand Prix,2026-05-03,PIA,McLaren,40,0.5247676867232193,0.45031680288422615,72.83662569690038,174.46162540635157,775.9063674359741,1.580655092220482,170.9366862376714,after
Miami Grand Prix,2026-05-03,PIA,McLaren,46,0.5412473975352659,0.5062922523008199,68.00301987081329,161.17899113736976,981.5544768935891,2.060253957260938,182.2567236910469,after
Miami Grand Prix,2026-05-03,PIA,McLaren,51,0.5544075014717145,0.4846963947994041,62.74284133860255,159.13160901646845,962.946464588362,1.7044937574953618,170.8239374668498,after
Miami Grand Prix,2026-05-03,PIA,McLaren,52,0.5826207029857088,0.5077436496864448,58.26766242893313,151.50365532696736,1061.689568828901,1.803174957785536,175.04022442138518,after
Miami Grand Prix,2026-05-03,PIA,McLaren,55,0.6501876996522552,0.5709048741575385,18.30468271097772,107.5066010909218,1536.2831069217439,5.024405153485384,190.2294459091771,after
Miami Grand Prix,2026-05-03,PIA,McLaren,56,0.6902382486652899,0.5449638029432952,8.242187941724056,102.75433115733593,1642.2325027514105,3.7800466312588936,189.20083854698356,after
Miami Grand Prix,2026-05-03,RUS,Mercedes,13,0.7782276539170074,0.8201603851776601,821.5947171178112,926.4363789943653,1967.612248434962,7.587486080120658,191.0107682227803,after
Miami Grand Prix,2026-05-03,RUS,Mercedes,22,0.7520858132478798,0.9955351991351463,905.9835304220419,1006.5921666880195,2128.26359871761,6.290192647436509,198.3184742375991,after
Miami Grand Prix,2026-05-03,RUS,Mercedes,23,0.709701325367558,0.5679676705680876,2.449079290788584e-05,96.08383396231282,1808.9001594366632,4.963826294440495,157.66115084731962,after
Miami Grand Prix,2026-05-03,RUS,Mercedes,24,0.7929754631277459,0.8340978201560538,879.9398618043716,986.1053683122345,1916.35712138913,7.400452021214458,289.9505469613789,after
Miami Grand Prix,2026-05-03,RUS,Mercedes,27,0.5450260839626657,0.7118694299733366,52.3137892854728,128.88634116566345,1513.01474745808,1.921497136353251,138.7524140292678,after
Miami Grand Prix,2026-05-03,RUS,Mercedes,28,0.5778486606971376,0.6949020310130459,41.315014042318595,119.74658393513171,1530.6522867383894,1.6981508848907072,135.98733902638466,after
Miami Grand Prix,2026-05-03,RUS,Mercedes,29,0.5672917724185407,0.7262962729142229,42.003660260094065,118.9783906805165,1601.0441853138416,1.8791330073154975,123.47753694857212,after
Miami Grand Prix,2026-05-03,RUS,Mercedes,30,0.5735670564612331,0.7462630185138378,35.887476355312614,112.39499283235592,1674.913528668417,2.7402109442712117,136.89573972345283,after
Miami Grand Prix,2026-05-03,RUS,Mercedes,33,0.6061950734610303,0.9435557856248611,246.10969949100524,321.93388976746786,1973.661335943104,2.5359568515393867,,after
Miami Grand Prix,2026-05-03,RUS,Mercedes,34,0.589208473287516,0.6315540809520175,43.720347117744204,127.32352645762896,1493.1258701655495,1.945074453798666,132.62097029472275,after
Miami Grand Prix,2026-05-03,RUS,Mercedes,35,0.6454679427734783,0.9999881610642248,2970.4795144273653,3110.4162435959656,2050.9099259290524,3.855119158861278,197.97300164453395,after
Miami Grand Prix,2026-05-03,RUS,Mercedes,36,0.8333432073465662,0.9999999999999284,0.00014280164892809324,81.81014804497664,2494.99557546424,8.970339052546214,,after
Miami Grand Prix,2026-05-03,RUS,Mercedes,40,0.5831251165680087,0.691269383554902,354.73308599025836,439.8191434631062,1543.0144126823893,2.754029855960462,146.13435600190573,after
Miami Grand Prix,2026-05-03,RUS,Mercedes,41,0.5935960430760175,0.6490495702624902,43.59460003252976,125.16925326023801,1507.391109635095,2.060857671313667,142.47821768188484,after
Miami Grand Prix,2026-05-03,RUS,Mercedes,43,0.578142901892736,0.6501344696038235,50.997170439023655,131.59207028738652,1428.6701171501127,1.8642951384959199,131.52709888283735,after
Miami Grand Prix,2026-05-03,RUS,Mercedes,50,0.5414825780522224,0.6218137515245288,44.40063010644176,123.88751334259526,1322.1742555971284,2.5675596489780474,125.57882595242278,after
Miami Grand Prix,2026-05-03,RUS,Mercedes,51,0.5736596521916666,0.6424004655238698,48.88056466458642,129.25414416760918,1424.0218165598808,2.156091293877154,129.98215108163134,after
Miami Grand Prix,2026-05-03,RUS,Mercedes,56,0.8015418061291989,0.988067975224335,88.58126844554435,170.94048423182218,2157.434212431959,9.542634309566083,214.3356580799393,after
Miami Grand Prix,2026-05-03,VER,Red Bull Racing,3,0.597382651623601,0.4202553857323872,45.017852318124284,167.37069086167872,1135.208563090817,2.581350517136952,144.46738956059446,after
Miami Grand Prix,2026-05-03,VER,Red Bull Racing,5,0.6750386878714678,0.6165423713105834,18.923179480947056,110.6255558778058,1786.975231043022,4.470605399310955,179.346796219024,after
Miami Grand Prix,2026-05-03,VER,Red Bull Racing,12,0.6419414080667556,0.712338835037272,1.2419608125341003e-06,82.36887085459817,1911.8144673586341,4.639652575838485,,after
Miami Grand Prix,2026-05-03,VER,Red Bull Racing,14,0.6489042352358692,0.5439799227322935,6.420374855244919,104.24451554756394,1671.5749224467868,2.9168155022257496,180.99667622707324,after
Miami Grand Prix,2026-05-03,VER,Red Bull Racing,16,0.6693655252097879,0.7062192040157922,5.497070588340675e-05,83.71813965847623,1944.2604473353565,3.901651474248698,,after
Miami Grand Prix,2026-05-03,VER,Red Bull Racing,17,0.6259908894340509,0.5176688260915833,16.771872794725763,117.14848262563166,1525.5747124952866,3.210197782016804,161.49736427412492,after
Miami Grand Prix,2026-05-03,VER,Red Bull Racing,20,0.698976572248261,0.6205831115823838,20.19220510073617,112.16717093164843,1863.3462760653952,4.573497372147415,201.22120861719492,after
Miami Grand Prix,2026-05-03,VER,Red Bull Racing,21,0.5442838270043596,0.4154153119497816,62.52173653396497,176.88511563571154,865.9864638576869,1.585254743964812,172.0518202609938,after
Miami Grand Prix,2026-05-03,VER,Red Bull Racing,22,0.5699839714328664,0.5788671836780778,57.491229080987715,146.5152873816532,1320.3260241287344,1.278176429508424,168.4561923340853,after
Miami Grand Prix,2026-05-03,VER,Red Bull Racing,23,0.561995545428595,0.5227128198859089,51.82502738688319,147.4326335393696,1220.0363366145616,1.6930494993518923,169.66783101637978,after
Miami Grand Prix,2026-05-03,VER,Red Bull Racing,25,0.5944949723285861,0.5607697595462562,22.537873941342088,114.09135444447601,1507.2636680269031,2.280293141921943,150.37167278776832,after
Miami Grand Prix,2026-05-03,VER,Red Bull Racing,27,0.5338628322677164,0.5066212646499283,63.14149562424234,158.53529915770872,1030.869254966722,1.4236886322645497,163.86749557450383,after
Miami Grand Prix,2026-05-03,VER,Red Bull Racing,29,0.5129010955716364,0.4381421443725921,72.00396168802203,177.2937359658234,765.0280176520768,1.6279118432825903,180.02121776443343,after
Miami Grand Prix,2026-05-03,VER,Red Bull Racing,30,0.6072213504280521,0.5496156926318163,36.09942756961557,129.12135073762724,1418.6830020389798,2.301489722164327,171.72059497288612,after
Miami Grand Prix,2026-05-03,VER,Red Bull Racing,31,0.5696989510914917,0.5958885817615711,55.31341775833608,141.07612765101644,1340.8716867398082,1.7931501780775378,168.19812689745257,after
Miami Grand Prix,2026-05-03,VER,Red Bull Racing,32,0.554064115514157,0.570081795156241,63.9149210241725,151.92733594901676,1217.9408686750862,1.6129118508709945,175.870703406198,after
Miami Grand Prix,2026-05-03,VER,Red Bull Racing,34,0.5516966571491762,0.5021839410089186,70.09650433069794,166.87684740108054,989.6023347129754,1.3104939913498963,173.74346799870986,after
Miami Grand Prix,2026-05-03,VER,Red Bull Racing,36,0.5332668258957647,0.5088587724839894,75.16023628081082,169.4015733271002,956.0443966885949,1.6102534252534744,192.83868626437555,after
Miami Grand Prix,2026-05-03,VER,Red Bull Racing,37,0.5385756713061549,0.5182006351051407,70.2591889331471,163.17953462317044,987.4328365368358,1.912483991156166,178.40746003285898,after
Miami Grand Prix,2026-05-03,VER,Red Bull Racing,40,0.5606487481970891,0.5838935454690442,60.1816317421968,146.13066869285632,1250.243429933348,1.8686310034995655,174.44410019875792,after
Miami Grand Prix,2026-05-03,VER,Red Bull Racing,41,0.5869768886117179,0.584009697571539,44.6766982513245,131.8646868810333,1381.444270424351,2.3459466841568575,153.6555407296202,after
Miami Grand Prix,2026-05-03,VER,Red Bull Racing,42,0.5473203191467715,0.5530263977807824,67.6601095514481,156.25686586250131,1113.3815789705118,1.4959696817918688,180.30101764117165,after
Miami Grand Prix,2026-05-03,VER,Red Bull Racing,46,0.538450337412453,0.5204289067778196,68.7980252061344,160.18490255522954,1002.0895486766832,1.4173167701106315,166.8965387127543,after
Miami Grand Prix,2026-05-03,VER,Red Bull Racing,51,0.5782146356548957,0.6296675362346142,38.25877724750918,119.70167604898542,1469.480392038451,2.6529596040818433,142.9941021495464,after
Miami Grand Prix,2026-05-03,VER,Red Bull Racing,52,0.5651881719020103,0.5818103628346886,59.88612770669405,145.20861163583322,1240.6107153682644,2.0083487246610887,168.2555432573408,after
Miami Grand Prix,2026-05-03,VER,Red Bull Racing,55,0.5458120811773215,0.5674266173843946,66.25849456966937,152.07486587379984,1175.439392392511,1.2351580897790866,166.87155245771294,after
Miami Grand Prix,2026-05-03,VER,Red Bull Racing,56,0.5416247418410207,0.5246531979822869,72.1218152241747,162.57169810494423,1022.7804385666449,1.179766531000851,169.29376191831284,after
Miami Grand Prix,2026-05-03,HAM,Ferrari,12,0.6041940528665682,0.5198384613328209,7.967753097842968e-05,100.03759696637634,1627.3412680838708,3.403156370498967,108.45355305414016,after
Miami Grand Prix,2026-05-03,HAM,Ferrari,14,0.6827072315254789,0.7022605430491234,5.026626655771713e-07,84.55361982030314,1956.8221621409284,5.549413434202557,238.26255215478875,after
Miami Grand Prix,2026-05-03,HAM,Ferrari,18,0.6757052919660498,0.6920849355747472,102.15102146114958,188.1560862544628,1527.9471599029275,5.3411464855237805,347.48814050527704,after
Miami Grand Prix,2026-05-03,HAM,Ferrari,20,0.48876977893825213,0.5476728452803026,29.173788049117487,115.89769896844251,1250.9141112439963,5.2359760150835175,165.7146761578167,after
Miami Grand Prix,2026-05-03,HAM,Ferrari,34,0.5535914472860398,0.5122658288949917,46.95192581613399,142.09670895631595,1180.6106774387365,1.7233638693858966,163.0694708614967,after
Miami Grand Prix,2026-05-03,HAM,Ferrari,39,0.5242341689541202,0.45096498047994904,65.55889759345816,168.33493151434828,843.0532182377776,1.9040729890839283,196.07808103239861,after
Miami Grand Prix,2026-05-03,COL,Alpine,3,0.6395952798158472,0.6698191818071241,12.149514895509153,96.98670195594167,1806.3346433031586,3.1249571081771097,131.76411165664393,after
Miami Grand Prix,2026-05-03,COL,Alpine,5,0.6153919092793805,0.5334126382706736,39.6360173016797,138.7124469156431,1427.6289493017405,2.257996149359986,181.94248755533516,after
Miami Grand Prix,2026-05-03,COL,Alpine,14,0.6320309013552723,0.5969546056101517,29.04692896677765,119.69871741791198,1611.1717851646176,2.7193324785550237,164.59344431758598,after
Miami Grand Prix,2026-05-03,COL,Alpine,16,0.595572729107983,0.5819966103649743,21.638384043608067,112.03743165995381,1627.017473489143,2.870674646787593,158.30091280488162,after
Miami Grand Prix,2026-05-03,COL,Alpine,18,0.5766146693441806,0.5819201437306961,47.44968425208852,136.40003300029844,1375.9262626965772,2.224253234148297,151.468593578153,after
Miami Grand Prix,2026-05-03,COL,Alpine,20,0.5609661764400985,0.5445563560845189,48.353868256213886,141.22268878741218,1288.8802238527953,2.711479894467335,171.064298448341,after
Miami Grand Prix,2026-05-03,COL,Alpine,22,0.6075706927840083,0.5715232609472148,27.953385188531293,119.8243690401838,1533.4172195683088,2.306752600968436,146.03961811888382,after
Miami Grand Prix,2026-05-03,COL,Alpine,23,0.6076029095698846,0.57317743325666,34.32735537860273,125.86315890313264,1500.8490179623366,2.3617601318506387,142.4828664072499,after
Miami Grand Prix,2026-05-03,COL,Alpine,24,0.5730146314860766,0.5383610499530639,37.28978857880658,130.78406970571461,1343.9311897469263,2.4120116080384326,159.63776477083005,after
Miami Grand Prix,2026-05-03,COL,Alpine,25,0.5842624113512564,0.5260935664197242,45.15535029630019,141.17247099630183,1296.377220813202,1.7582416274871444,151.72989395255775,after
Miami Grand Prix,2026-05-03,COL,Alpine,26,0.5943140917074562,0.5290942558234624,48.28273597818619,144.90213430097822,1312.9712262563246,1.6842806386696945,161.83954953644658,after
Miami Grand Prix,2026-05-03,COL,Alpine,27,0.6077291257049133,0.5547829592411063,35.156960565266814,127.90894318453019,1435.0065798794662,2.3090725332566144,159.010654710075,after
Miami Grand Prix,2026-05-03,COL,Alpine,29,0.5607019311325881,0.5280302912508086,56.20807596228337,150.2060085100569,1184.9337807397978,2.035500078683193,173.07954529072646,after
Miami Grand Prix,2026-05-03,COL,Alpine,30,0.5562442095056036,0.5260796624880656,60.93909337996444,155.11382416145125,1341.2677089306958,2.488042863333015,167.9877639626693,after
Miami Grand Prix,2026-05-03,COL,Alpine,35,0.5723173424964086,0.5528015509821695,70.27693145577624,161.22618683015335,1161.5859510779803,1.5280052314225117,173.33306438822189,after
Miami Grand Prix,2026-05-03,COL,Alpine,36,0.574184403706917,0.5256699409324797,60.787593188006916,155.27018362086557,1171.0733767528911,1.6121455529985829,175.8168411763841,after
Miami Grand Prix,2026-05-03,COL,Alpine,37,0.583860809434536,0.5724596601018531,51.576411113172036,140.81216294509807,1340.3670391175428,2.478198174875767,165.01194615348638,after
Miami Grand Prix,2026-05-03,COL,Alpine,43,0.5601300785483264,0.5324182835940235,55.476738066739316,146.23540441623857,1144.4614484402257,2.4064229320304453,170.05948877813404,after
Miami Grand Prix,2026-05-03,COL,Alpine,50,0.5978815590384213,0.6020035735729024,42.314729951180254,127.64000959239708,1454.7070387077736,2.9929539476271394,145.23927984870244,after
Miami Grand Prix,2026-05-03,COL,Alpine,51,0.5771003571129166,0.5322606113500402,73.9683851201355,166.58660125159886,1094.0896925258528,3.1302949366320263,215.96890324620088,after
Miami Grand Prix,2026-05-03,COL,Alpine,52,0.4928735034373747,0.5178370894928506,74.43299568234944,162.27824586459298,881.6652359659068,2.6863975026217144,165.1316732140527,after
Miami Grand Prix,2026-05-03,COL,Alpine,53,0.558831977915166,0.5181374338610956,74.1289701029119,166.46541309910663,992.106388312093,1.873018119523396,182.61261457034323,after
Miami Grand Prix,2026-05-03,COL,Alpine,54,0.5389339908966627,0.5319324394087668,73.49843498066375,162.90021598580427,987.2486019906343,1.8666076450141125,163.3007381791444,after
Miami Grand Prix,2026-05-03,COL,Alpine,55,0.5507349358310237,0.5297380922514917,67.06504042758239,157.10296664863654,1056.2750538950158,1.5988198549719452,159.86406425963446,after
Miami Grand Prix,2026-05-03,COL,Alpine,56,0.5374318044443235,0.5598456929024792,58.6356294569989,143.8991773639162,1144.2901302119094,2.6616887643288334,157.92294811460332,after
Miami Grand Prix,2026-05-03,COL,Alpine,57,0.603021283681631,0.5484872919993633,73.98637236054864,165.60485940254148,1160.185560141536,3.709127158358098,242.725455537674,after
Miami Grand Prix,2026-05-03,LEC,Ferrari,13,0.5047396754826186,0.44235676666160795,81.490981863463,189.13981394024378,714.8716737114592,1.7113033004777645,184.2554890194108,after
Miami Grand Prix,2026-05-03,LEC,Ferrari,18,0.5137458534474224,0.5312875712547616,80.42326902233503,172.3207958826299,946.2102198492998,1.4108770364837437,182.72463691492078,after
Miami Grand Prix,2026-05-03,LEC,Ferrari,20,0.5046408475297651,0.5068487708279925,79.21611502931209,173.8594440922626,884.2162573729295,1.6693244188861929,199.51319903333444,after
Miami Grand Prix,2026-05-03,LEC,Ferrari,25,0.68126816219037,0.691394416453485,9.475214205719174e-05,84.06307038400972,1930.6901901801227,5.7704474068855856,205.3136116262817,after
Miami Grand Prix,2026-05-03,LEC,Ferrari,28,0.6369101917058053,0.6060829823523293,26.513198418044443,114.82434921271145,1604.265769437224,4.7355011379272325,233.9849477491965,after
Miami Grand Prix,2026-05-03,LEC,Ferrari,30,0.6713202316161893,0.6804538834079318,0.0002273878849176164,83.76403567933134,1900.912011729024,5.463018674116077,191.53677626151952,after
Miami Grand Prix,2026-05-03,LEC,Ferrari,41,0.5440736472129123,0.4818415168934705,72.29276455653684,171.30081681739404,910.1482682268214,1.1295604479570112,196.4799739276547,after
Miami Grand Prix,2026-05-03,LEC,Ferrari,43,0.5081228213506921,0.49935078382863063,73.9999275917069,167.32424029640242,883.7351003204484,1.8789856484897622,184.72148669264075,after
Miami Grand Prix,2026-05-03,LEC,Ferrari,52,0.5001635666524836,0.4962535294957966,74.62905554782836,165.4924630115614,811.2357442762609,2.1941338712009917,172.06757417024076,after
Miami Grand Prix,2026-05-03,LEC,Ferrari,56,0.4983171536405857,0.47057796803494234,85.11846912967424,180.17834592273167,681.5546390832383,1.3977969370384216,185.6523424004013,after
Miami Grand Prix,2026-05-03,SAI,Williams,3,0.7614448244501137,0.7768004222140097,0.000505967766319128,85.8438437856205,2234.3105232421854,7.562347777002728,199.91852611324606,after
Miami Grand Prix,2026-05-03,SAI,Williams,4,0.803034796392557,0.7797127469920065,0.0004147756330255352,87.27748727680125,2274.0407854382165,7.311504741113684,237.5467879021087,after
Miami Grand Prix,2026-05-03,SAI,Williams,5,0.7730402418848787,0.7200759450164677,0.0011177262916242665,88.8101286449014,2166.054543000646,6.843634676507672,236.53378956244322,after
Miami Grand Prix,2026-05-03,SAI,Williams,14,0.7328618507492393,0.8586308604399415,96.15302099502385,178.16611773931353,1850.5740349987157,8.08126823204467,147.18020582857602,after
Miami Grand Prix,2026-05-03,SAI,Williams,16,0.57064732655531,0.5370783984219853,35.177785668869845,129.4903917173578,1355.123004193643,2.291431113224364,167.1380538181448,after
Miami Grand Prix,2026-05-03,SAI,Williams,17,0.566147447144668,0.5443105439521665,34.73540954596957,127.733654494479,1366.2646929296438,1.9464128570033747,141.75990266162833,after
Miami Grand Prix,2026-05-03,SAI,Williams,21,0.5550942404834327,0.5114841391805902,46.485632036798464,143.591678711511,1208.2341985464875,1.9387991702401473,159.5680965007743,after
Miami Grand Prix,2026-05-03,SAI,Williams,22,0.5786054643603793,0.5351789579752335,46.9564137836488,141.9952714392268,1310.0494975933013,1.5684466300838105,155.91080297407143,after
Miami Grand Prix,2026-05-03,SAI,Williams,23,0.5816902220128456,0.5681228597682261,44.00480931613313,135.07074110925896,1394.2634254759002,1.4198407051674409,140.21386825300328,after
Miami Grand Prix,2026-05-03,SAI,Williams,24,0.5592489211823187,0.5402206533576582,41.8624787938232,134.02016237302607,1273.214134143927,1.9286450871843113,151.55858153183848,after
Miami Grand Prix,2026-05-03,SAI,Williams,25,0.5499711879445273,0.5185819968388942,46.98779582071931,141.82068499692267,1195.5081307499534,1.409655897544653,159.17573298093404,after
Miami Grand Prix,2026-05-03,SAI,Williams,27,0.6498748453790852,0.6332238591607037,20.295003396000965,107.18639364302811,1717.4056863904245,5.31412414281258,212.84255890299693,after
Miami Grand Prix,2026-05-03,SAI,Williams,35,0.5542553197164308,0.5398694239367207,60.14203557502816,152.08833134898188,1181.0163297708507,1.3075697999528038,157.689831052298,after
Miami Grand Prix,2026-05-03,SAI,Williams,36,0.5535775616085097,0.5585278504399075,58.408036956869275,146.8728266403288,1193.6967316288496,1.3133003725602428,147.9116048026209,after
Miami Grand Prix,2026-05-03,SAI,Williams,39,0.5435062887144965,0.596632162814583,39.59262030698845,122.55357435052483,1341.206205105467,2.788607499985255,138.41151320969252,after
Miami Grand Prix,2026-05-03,SAI,Williams,40,0.6248423388892461,0.6007911990811462,32.45361436117885,120.30346525294503,1568.3858291805957,4.245726681423297,260.2298080159844,after
Miami Grand Prix,2026-05-03,SAI,Williams,41,0.5421552377426587,0.5283723348734265,64.83771409906196,155.92364407242985,1071.9126147229986,2.0152059032639635,167.57013532131202,after
Miami Grand Prix,2026-05-03,SAI,Williams,42,0.521675508906103,0.5450784135563265,62.678785239746425,150.3207242101655,1088.5625952007745,2.1110519836073927,178.95189006288626,after
Miami Grand Prix,2026-05-03,SAI,Williams,43,0.5341931730634977,0.5526686905750827,62.00042360455768,149.44373794044282,1126.8703920560552,1.6025497732680931,171.3076833301385,after
Miami Grand Prix,2026-05-03,SAI,Williams,44,0.5580963348008591,0.6018711256003454,52.31916929478065,135.85400103863353,1315.2076074996353,1.752609498100925,142.7182098224335,after
Miami Grand Prix,2026-05-03,SAI,Williams,45,0.5399607700738077,0.5821420818029566,55.51242805310665,139.22216855224121,1200.410119762059,1.964254802794983,152.56615512995847,after
Miami Grand Prix,2026-05-03,SAI,Williams,46,0.531826418596997,0.5708655973767218,56.00368333082212,140.4840725369107,1170.7852753139543,2.06756102053507,146.8567122156724,after
Miami Grand Prix,2026-05-03,SAI,Williams,47,0.5736906297194713,0.5280353845457093,50.46380282961754,141.88519322936042,1179.3502133771717,1.2384018275950222,144.36876724426935,after
Miami Grand Prix,2026-05-03,SAI,Williams,51,0.5773486360585053,0.5735228515355277,53.80633224195707,140.88717786156352,1287.2644801964107,1.461490452692009,149.56088478079113,after
Miami Grand Prix,2026-05-03,SAI,Williams,52,0.5848063495004946,0.5988465914436615,44.20482144814281,128.72859168848763,1396.6701709375864,1.5676730012693973,152.4162177835034,after
Miami Grand Prix,2026-05-03,SAI,Williams,56,0.5925326034636867,0.6180468029050923,20.668635582534176,102.89849215490437,1521.010310047484,2.5290548546066827,145.9860658002036,after
Miami Grand Prix,2026-05-03,SAI,Williams,57,0.5790724012116537,0.592826230755722,54.291135667476055,138.5623663062808,1304.3287608384603,1.531149751578345,137.85028327313015,after
Miami Grand Prix,2026-05-03,ALB,Williams,14,0.7478506958455332,0.6750893734186051,1.2323345389343459,90.01467001256432,2044.9494903071163,6.4682192049673874,239.6608900571796,after
Miami Grand Prix,2026-05-03,ALB,Williams,19,0.5578121639715781,0.5245265098835494,29.25250493501133,124.49182676090092,1347.0240212259052,2.7169432333243666,158.8944978823954,after
Miami Grand Prix,2026-05-03,ALB,Williams,25,0.7370717383257699,0.6508099013976205,20.130498916014616,109.94754656489464,1916.7761178708577,5.073396671881328,207.1905030651923,after
Miami Grand Prix,2026-05-03,ALB,Williams,38,0.5508663476852776,0.5793147617107975,54.18584926058184,139.21547982463213,1227.2861352807915,1.3485327542585552,147.8546676922672,after
Miami Grand Prix,2026-05-03,ALB,Williams,39,0.5427252420918545,0.6178136503617861,55.42822654923041,136.72129066099725,1306.9263813832895,1.9448723326616402,159.07385762756545,after
Miami Grand Prix,2026-05-03,ALB,Williams,41,0.5522760599950289,0.5978152720128177,59.62735081369809,143.16389975947527,1259.3856602626306,1.6583796623027145,157.78156631568595,after
Miami Grand Prix,2026-05-03,ALB,Williams,56,0.5342866074783819,0.6398489108469864,20.17896878288641,97.55062500763975,1473.3822445810197,1.7031527601184409,132.24160751970192,after
Miami Grand Prix,2026-05-03,BEA,Haas F1 Team,3,0.597556832032151,0.4917316034329981,27.547665488918,133.0752270239161,1393.48477987324,2.5377886929222946,150.82801352380096,after
Miami Grand Prix,2026-05-03,BEA,Haas F1 Team,5,0.6061202070136993,0.5027056016104784,30.705506137987708,132.8058250641052,1362.5493984095212,4.511656581810774,238.73899649825069,after
Miami Grand Prix,2026-05-03,BEA,Haas F1 Team,20,0.7181010953705482,0.6869074077000227,0.0003464463647099998,86.885551706759,2058.761633228104,5.095732513333321,211.27045269993994,after
Miami Grand Prix,2026-05-03,BEA,Haas F1 Team,25,0.5391883532420096,0.5824250329199337,41.63861117577879,127.50564538217769,1336.1040872505328,2.8321036261570907,167.0770843451695,after
Miami Grand Prix,2026-05-03,BEA,Haas F1 Team,37,0.5286012884596457,0.5752179314734183,34.93116754410566,119.67481751770907,1336.4763438183973,2.5915976313865907,168.4266854652529,after
Miami Grand Prix,2026-05-03,BEA,Haas F1 Team,38,0.6576572196530085,0.6111850909803411,23.81596894703736,111.30268339657258,1620.3037085008039,3.9811305830912542,181.17841845706707,after
Miami Grand Prix,2026-05-03,BEA,Haas F1 Team,39,0.6697414107184001,0.6817093604302868,13.381736680876855,96.61045830631231,1834.7663450013347,5.835218162485166,243.42633185648674,after
Miami Grand Prix,2026-05-03,BEA,Haas F1 Team,40,0.6836732154186975,0.661426827735815,20.15753400111645,105.70929713144905,1834.6461094099034,5.200160535423717,216.58568781680864,after
Miami Grand Prix,2026-05-03,BEA,Haas F1 Team,41,0.6633538807644644,0.673958842335655,24.796381300280252,108.11932895196057,1749.4710896281376,6.0513869219714485,245.87507256270118,after
Miami Grand Prix,2026-05-03,BEA,Haas F1 Team,50,0.502319701191355,0.5212591318595594,82.42078056620981,170.78238211338993,855.7360801655292,1.74082039298205,182.83174014845895,after
Miami Grand Prix,2026-05-03,BOR,Audi,2,0.7209646994877877,0.7429717238026081,0.0007265940491824035,86.07956822718585,2160.321487673781,6.412420612580364,199.47451695327044,after
Miami Grand Prix,2026-05-03,BOR,Audi,3,0.7654505933528406,0.9988625866252682,14110.650241442423,14378.557949115917,2408.201392313709,7.514520896742053,174.61869493921145,after
Miami Grand Prix,2026-05-03,BOR,Audi,14,0.5423402313022639,0.7067338376346927,25.148153980648477,102.42919001204017,1642.1719481186688,2.056496979097279,117.12800794486694,after
Miami Grand Prix,2026-05-03,BOR,Audi,19,0.6657394023300347,0.7647493830620136,0.0003639571747790734,80.9806408896159,2019.374601269798,6.768998276530924,227.60755918491958,after
Miami Grand Prix,2026-05-03,BOR,Audi,20,0.49945000216744667,0.45178521385008047,80.64664828655803,184.57635889742883,769.6430834589656,1.6579772514114997,203.06241307083755,after
Miami Grand Prix,2026-05-03,BOR,Audi,21,0.5055473663810244,0.5320411408302449,65.69179997628055,156.61439405223425,1077.6119742564742,1.8845571767284808,175.88440499909638,after
Miami Grand Prix,2026-05-03,BOR,Audi,22,0.5258818314454833,0.48188980545353427,70.65930642962074,171.37397314357437,946.0718260392242,1.5952075173554445,183.9340452888794,after
Miami Grand Prix,2026-05-03,BOR,Audi,24,0.4799229473420047,0.4985881007313762,62.2603471048288,154.5144355118199,906.924720471517,2.3730673781947216,165.59064558780452,after
Miami Grand Prix,2026-05-03,BOR,Audi,27,0.525237627021961,0.4855834049294498,69.19892569974887,167.81561595621898,944.0088167770754,1.4334104600848039,160.2967456607381,after
Miami Grand Prix,2026-05-03,BOR,Audi,28,0.49184929172522107,0.42362892620784387,68.71465845840964,176.10665586922934,720.0143210677147,1.8579212400100236,178.83812247881892,after
Miami Grand Prix,2026-05-03,BOR,Audi,29,0.4627062588999591,0.372737279021985,64.4853517849119,180.9620211792797,563.0198890345331,2.067815377880661,,after
Miami Grand Prix,2026-05-03,BOR,Audi,30,0.48007132849086254,0.435340759478646,68.32984141007489,171.85865195966755,735.9762876768273,2.4648118284084677,198.96918251947025,after
Miami Grand Prix,2026-05-03,BOR,Audi,35,0.4565989690610041,0.35914356872710756,70.64774464091958,188.1479846787957,446.223597625114,1.248229134750247,126.99200590143019,after
Miami Grand Prix,2026-05-03,BOR,Audi,37,0.44257830673996357,0.3705000848654692,66.00564703404947,177.88910441736505,501.2672799784052,1.5299184848950518,131.2285943206708,after
Miami Grand Prix,2026-05-03,BOR,Audi,40,0.5234375081884206,0.4079087697896372,54.48382676067521,166.78706060306052,844.5927983579752,1.6874405441086848,157.9510747022456,after
Miami Grand Prix,2026-05-03,BOR,Audi,41,0.5080750842112273,0.37391991417331877,48.42823882150933,167.55844743996002,769.1594418167845,1.9469098383907582,,after
Miami Grand Prix,2026-05-03,BOR,Audi,43,0.5725436460135905,0.4590253274788556,22.748039155371632,126.67253375207477,1276.5063427519024,3.2658448020735373,153.09791924859155,after
Miami Grand Prix,2026-05-03,BOR,Audi,44,0.5358435289455052,0.7506242180575216,0.0001681057372873763,72.60645518800494,1705.9074789248434,6.907779337968628,212.55244359408232,after
Miami Grand Prix,2026-05-03,BOR,Audi,45,0.6201499222806581,0.525874953672023,13.940780597498653,108.92065837035346,1494.9035542382264,4.157714946354365,170.11851844984864,after
Miami Grand Prix,2026-05-03,BOR,Audi,46,0.5948261591897228,0.49010671815656204,4.3570293775414735,102.72587823070837,1448.6057497954926,3.9032053182468567,159.57594838911137,after
Miami Grand Prix,2026-05-03,BOR,Audi,48,0.42772836734733055,0.41720662642727513,73.21472234643775,171.61640369385114,520.8585894043956,2.931172536049901,204.76626901212725,after
Miami Grand Prix,2026-05-03,BOR,Audi,50,0.4415643565611002,0.30401231261537875,69.64789091830382,201.9909318471279,259.3733419274389,1.514519831737175,,after
Miami Grand Prix,2026-05-03,BOR,Audi,51,0.3770626311908841,0.4253549702481123,78.05256472518937,168.14463731708943,502.9768940581517,1.259681747805937,169.1116270264425,after
Miami Grand Prix,2026-05-03,BOR,Audi,52,0.5909000855652019,0.6397951252703845,16.547289794276754,97.61852467098491,1620.1185666625724,3.3342435152778416,140.68146214442143,after
Miami Grand Prix,2026-05-03,BOR,Audi,53,0.5303375082898,0.44859571243756,64.81297414182123,166.89816321534414,869.4797432966697,1.9313157090512252,184.57491947927596,after
Miami Grand Prix,2026-05-03,BOR,Audi,55,0.49257366869992014,0.46301835693865984,62.01977980758328,157.69717471235091,835.9766575644026,2.4339106562211663,152.53172652511964,after
Miami Grand Prix,2026-05-03,BOR,Audi,56,0.5053123896971388,0.42454135615332345,71.7878351711716,176.1290644590282,709.0394013487579,2.095163147388625,178.56520459793632,after
Miami Grand Prix,2026-05-03,OCO,Haas F1 Team,3,0.6963115677299396,0.6603177468132055,0.0002916280002735075,88.08066783278431,1939.8537075887568,5.152571253636758,199.62719158276488,after
Miami Grand Prix,2026-05-03,OCO,Haas F1 Team,5,0.6279416338793898,0.6012698248957747,32.56555772143572,123.12726757769978,1589.4114463526726,4.51123313499885,208.36271098358964,after
Miami Grand Prix,2026-05-03,OCO,Haas F1 Team,14,0.703977241267679,0.6426194516069315,1.0766501249661529,90.30186682842347,1914.5069495395196,5.520711462268789,218.64847339740578,after
Miami Grand Prix,2026-05-03,OCO,Haas F1 Team,20,0.5443042037727454,0.5130563640873953,50.42511149967957,146.88846742684294,1179.033866134516,2.1702162829014497,187.49626523031043,after
Miami Grand Prix,2026-05-03,OCO,Haas F1 Team,21,0.5614132893285363,0.5055751292325477,42.569293180186726,140.39571728054136,1221.1378294695016,2.0806246108383224,168.30317126429608,after
Miami Grand Prix,2026-05-03,OCO,Haas F1 Team,24,0.5758542037551976,0.5078892575036169,39.64215851283855,138.15923579555832,1282.9931499613333,1.7211210674308421,172.41510197576366,after
Miami Grand Prix,2026-05-03,OCO,Haas F1 Team,27,0.5080818510993083,0.5085017630002818,67.59998047491509,161.6627380082254,986.8409127226249,1.6049436655787508,173.14261171373283,after
Miami Grand Prix,2026-05-03,OCO,Haas F1 Team,28,0.5377073974451229,0.5044020478499786,54.09300999057735,149.98164754916763,1107.8854854256258,1.6717980464683513,174.06688139032465,after
Miami Grand Prix,2026-05-03,OCO,Haas F1 Team,34,0.4855994160908794,0.47519686974951647,90.01390742233522,185.84890709174005,657.911423225899,1.5180896580610455,181.9882254182495,after
Miami Grand Prix,2026-05-03,OCO,Haas F1 Team,35,0.4880899660294022,0.4716632738091283,90.86620160765158,187.45812850681418,642.8192962332363,1.3257287029146958,216.52712642549548,after
Miami Grand Prix,2026-05-03,OCO,Haas F1 Team,41,0.5017966577218979,0.46365563680010907,82.61773012542025,181.0063932184538,728.0375660014353,1.2669447950116186,200.34557625222618,after
Miami Grand Prix,2026-05-03,OCO,Haas F1 Team,43,0.5188369740570038,0.4732597002385711,63.41494649510998,161.62054437231737,928.9680648356732,1.5474077831300266,163.15136333626333,after
Miami Grand Prix,2026-05-03,OCO,Haas F1 Team,45,0.4788713081741655,0.4874241968643477,89.92884164473996,182.17127067185817,674.6056269804805,1.9306369746140803,192.03388112676055,after
Miami Grand Prix,2026-05-03,OCO,Haas F1 Team,48,0.5946727625735506,0.6190856449225515,46.435161118323414,130.0258008318287,1450.959528265928,4.730375668752823,219.49692736278578,after
Miami Grand Prix,2026-05-03,LIN,Racing Bulls,3,0.5919112361059611,0.46050521487501417,10.861389711087192,123.72309420902636,1480.5367057921605,3.2276901144635275,,after
Miami Grand Prix,2026-05-03,LIN,Racing Bulls,5,0.5783172861785736,0.517892724639754,31.19725353539362,130.68651405234831,1391.4103943407981,2.6490022645554427,181.18395933001943,after
Miami Grand Prix,2026-05-03,LIN,Racing Bulls,14,0.5439144470387436,0.39812007758205115,44.292124174735996,165.02412160705848,962.6674976599268,1.4281230477174611,,after
Miami Grand Prix,2026-05-03,LIN,Racing Bulls,19,0.5087474273092916,0.5077679014669066,72.33507137579132,167.36287550773395,984.143636385193,1.9164457715766916,188.44979016054884,after
Miami Grand Prix,2026-05-03,LIN,Racing Bulls,20,0.6065331705233068,0.6802775329364302,51.76692741775015,134.21263477627792,1642.4305895592809,5.437403922382934,218.85309664645402,after
Miami Grand Prix,2026-05-03,LIN,Racing Bulls,21,0.6240563956204767,0.6965465713139476,50.971112881935,133.7259837751946,1732.05634324506,5.7990195412796455,258.2852451681774,after
Miami Grand Prix,2026-05-03,LIN,Racing Bulls,23,0.4927454906060291,0.7675270343203203,36.023693969377995,106.69999030778676,1582.8502536513497,2.8249469265468217,,after
Miami Grand Prix,2026-05-03,LIN,Racing Bulls,24,0.5214161489499756,0.7287232992134844,29.053567070307732,103.30125508997082,1595.539217146494,1.934289267667611,113.6696995556519,after
Miami Grand Prix,2026-05-03,LIN,Racing Bulls,25,0.5035513941506227,0.6819826737269318,9.76230400743177,84.11893325590637,1547.3378021811848,2.119220471867182,,after
Miami Grand Prix,2026-05-03,LIN,Racing Bulls,27,0.560627520472952,0.41770754595421045,70.97843354258998,169.68885633258824,687.6502869019356,0.9576304064073207,164.9772990137306,after
Miami Grand Prix,2026-05-03,LIN,Racing Bulls,30,0.5263408434658584,0.529693759257919,67.84822546222607,158.43460418658987,1046.788748007934,1.773169918917246,170.57961202551382,after
Miami Grand Prix,2026-05-03,LIN,Racing Bulls,31,0.5342404890441137,0.5496367604531966,61.97457433038918,151.33181399871427,1183.0040956608507,1.610320325826019,157.0014970133996,after
Miami Grand Prix,2026-05-03,LIN,Racing Bulls,32,0.5608320160191117,0.5543150367299008,50.5591854807308,139.7355755477441,1255.2767541864766,1.8160353318130342,160.67203404920997,after
Miami Grand Prix,2026-05-03,LIN,Racing Bulls,33,0.6081955435186907,0.8605586158099199,0.0005815549748091861,72.664620007895,1999.7282160394045,3.5183850141228215,,after
Miami Grand Prix,2026-05-03,LIN,Racing Bulls,34,0.5284526144196424,0.49313775187043557,77.43164717100818,174.1807861711313,957.8074467452227,1.4862489135410455,179.5346972541481,after
Miami Grand Prix,2026-05-03,LIN,Racing Bulls,35,0.5265013227333846,0.5495245639981015,74.4182872326242,162.59786250185846,1063.6353148852727,1.5352949143006425,177.93606193027483,after
Miami Grand Prix,2026-05-03,LIN,Racing Bulls,36,0.517426026995022,0.5350626827438233,79.13429156872517,168.47665184013576,971.6563079642002,1.531610433639871,177.6452279596671,after
Miami Grand Prix,2026-05-03,LIN,Racing Bulls,37,0.5212461008601103,0.530081553751259,74.23987899258283,165.069561297856,1058.103977109613,1.5338424082929374,185.68987991826705,after
Miami Grand Prix,2026-05-03,LIN,Racing Bulls,38,0.49928641573365534,0.526302109041069,76.41352697908299,165.0866829795087,940.451577604859,1.3762847005510328,174.0447112782664,after
Miami Grand Prix,2026-05-03,LIN,Racing Bulls,40,0.5176033379479061,0.532076853804122,77.41097070844462,166.94313953243423,987.10176745219,1.4210910490232072,170.6355362156709,after
Miami Grand Prix,2026-05-03,LIN,Racing Bulls,42,0.6101232948169586,0.5239374876628877,75.47532906882505,173.56374001690426,1222.1173544270018,2.9587580694706412,181.87833819550428,after
Miami Grand Prix,2026-05-03,LIN,Racing Bulls,44,0.4454596328068723,0.6044867710305248,53.962030296406795,129.33997152382454,1118.7379240856765,4.591219957189921,164.6642637119062,after
Miami Grand Prix,2026-05-03,LIN,Racing Bulls,48,0.5004918448091358,0.5786128565773796,72.88662739666204,154.5705519030201,1044.3229501229048,1.5632619378286399,169.85101430378202,after
Miami Grand Prix,2026-05-03,LIN,Racing Bulls,49,0.5243749627563689,0.5761690206972939,71.1240822713393,154.85061803607056,1139.2811065987175,1.0172940197580274,168.17767017473687,after
Miami Grand Prix,2026-05-03,LIN,Racing Bulls,50,0.5046853772343696,0.606398596782093,72.98001222022856,152.06496404893468,1138.6495849988362,1.5653141751207953,175.7590293345119,after
Miami Grand Prix,2026-05-03,LIN,Racing Bulls,51,0.500765113047046,0.5752979626490318,78.18663467373779,160.41518100672354,1063.5342398454018,1.6325305054896304,174.0020531831738,after
Miami Grand Prix,2026-05-03,LIN,Racing Bulls,52,0.4989947217010708,0.6047316517379173,82.69802229401168,161.56902463651952,1079.8147076016442,1.7024139740970352,176.99303094701312,after
Miami Grand Prix,2026-05-03,LIN,Racing Bulls,55,0.5195630600485313,0.5562300391136289,72.7446195835563,157.507225762746,1043.913035730302,1.6087543487008578,170.32545911640483,after
Miami Grand Prix,2026-05-03,ALO,Aston Martin,2,0.521450443081915,0.6515666896275317,64.73038740144283,145.09881819408812,1546.3287449897791,6.08913184310429,183.30221214193043,after
Miami Grand Prix,2026-05-03,ALO,Aston Martin,3,0.4695197290230292,0.5020084670472545,60.78986238946258,154.52372253095038,987.9482035436334,3.4667447969971596,181.83632594606817,after
Miami Grand Prix,2026-05-03,ALO,Aston Martin,5,0.5419413565079686,0.536175260538672,39.19503645660763,132.93609571854049,1324.3796773937038,3.5248410727389294,194.69564237964144,after
Miami Grand Prix,2026-05-03,ALO,Aston Martin,19,0.4684169493194129,0.5132904133027263,75.19319500233827,165.95091974447254,1120.8679022807037,3.2298334945783025,159.85963993685826,after
Miami Grand Prix,2026-05-03,ALO,Aston Martin,22,0.38335303409607924,0.4538093650516086,95.94125120082266,186.24252562801743,381.54984335825117,2.4919215573684768,166.825327881601,after
Miami Grand Prix,2026-05-03,ALO,Aston Martin,25,0.39362683273256227,0.4265462890686994,15.363239499644012,109.28654913752237,1006.2687953694547,2.6368751906090155,174.3817681419499,after
Miami Grand Prix,2026-05-03,ALO,Aston Martin,26,0.4201041744555966,0.42102596859646446,21.201595173382618,120.84541309581999,1062.8252128582224,1.9875057322145309,180.14533401725564,after
Miami Grand Prix,2026-05-03,ALO,Aston Martin,27,0.42558809312222523,0.4491411346373879,97.88839147266374,192.88998145576724,441.9486386091318,1.858779161528771,197.52187833557363,after
Miami Grand Prix,2026-05-03,ALO,Aston Martin,32,0.4284776138696518,0.4392375948241292,113.38135007895103,212.02369272817361,319.6873217280281,1.1989400744379322,188.1778548391263,after
Miami Grand Prix,2026-05-03,ALO,Aston Martin,33,0.40138427296031776,0.45592460801041435,99.19529266291885,191.1612685774542,475.95376913808565,2.551108059156495,172.51345326652594,after
Miami Grand Prix,2026-05-03,ALO,Aston Martin,34,0.49231479472314116,0.7931860796195034,30.720773933996547,99.43784403098891,1348.4750178144327,4.0323287675004345,219.31901548932422,after
Miami Grand Prix,2026-05-03,ALO,Aston Martin,35,0.44263475952602743,0.46124784119076506,99.3875726969616,194.54579094093722,548.509146129381,1.402342648552668,207.53231067942062,after
Miami Grand Prix,2026-05-03,ALO,Aston Martin,39,0.4036521001892637,0.41685718648624026,31.468123585582248,127.15764811673586,998.8522786742683,2.4095662374905236,188.54910821967258,after
Miami Grand Prix,2026-05-03,ALO,Aston Martin,43,0.4430318150261115,0.6119066226379959,100.30355569619188,174.88213701389176,868.6942432298631,1.7078412742458964,172.69757938625838,after
Miami Grand Prix,2026-05-03,ALO,Aston Martin,44,0.5506482398536858,0.5281439431542935,35.99031894955727,126.79957671433631,1253.9048362904489,3.434670885163516,191.8778591036722,after
Miami Grand Prix,2026-05-03,ALO,Aston Martin,49,0.5427377653764437,0.774309140902515,151814.64776094301,152004.60597882478,1551.4873571463588,7.416733680308798,345.6854436435924,after
Miami Grand Prix,2026-05-03,ALO,Aston Martin,50,0.5473990037657727,0.527552162466846,53.136328510529786,143.88435514721047,1167.0713047813442,3.238674721728995,186.25626696703978,after
Miami Grand Prix,2026-05-03,ALO,Aston Martin,51,0.5877304986521497,0.5438630460038159,61.38533296979719,151.62217468527106,1385.6288102921162,4.407814146918424,235.53271958491317,after
Miami Grand Prix,2026-05-03,ALO,Aston Martin,52,0.4449655912523012,0.37601348703991655,118.14962301010097,227.18060283865617,95.84441976842365,1.0809820379900053,227.82002937898355,after
Miami Grand Prix,2026-05-03,ALO,Aston Martin,54,0.3812926823925242,0.36627943586031003,119.8592522942449,220.92511244691437,-115.39443562142391,1.7924698783206199,210.14833902095864,after
Miami Grand Prix,2026-05-03,ALO,Aston Martin,55,0.3844547361522579,0.34900745694367696,125.1826281291974,231.71262630457616,-176.41298338176222,1.5990393826887845,216.34827404214337,after
Miami Grand Prix,2026-05-03,PER,Cadillac,12,0.5931501146978689,0.531597659746652,0.00012819060268579822,96.08375711842713,1576.6239817181713,3.6896740053340373,,after
Miami Grand Prix,2026-05-03,PER,Cadillac,18,0.47142644599243577,0.48613895555675385,91.61954915742763,186.29823511994874,788.0078806008952,2.0088779177583245,191.23954823174526,after
Miami Grand Prix,2026-05-03,PER,Cadillac,22,0.4932311985447501,0.4381900678653324,95.49373033974707,200.68156816066482,649.6008289502387,1.4592870693112954,202.6718550766041,after
Miami Grand Prix,2026-05-03,PER,Cadillac,23,0.4915943764979161,0.47023793449957846,89.78618441248778,188.67806745517873,746.185209125858,1.283110763174691,173.93889226145973,after
Miami Grand Prix,2026-05-03,PER,Cadillac,26,0.47877535766847634,0.4544551694418338,93.82115420846553,194.40837703168717,651.6091565178866,1.4056769583818434,179.52881404315252,after
Miami Grand Prix,2026-05-03,PER,Cadillac,27,0.5069107049499685,0.4378177663890005,90.41487283613802,196.71731170448498,683.827879365366,1.2895505119297541,206.45444831044657,after
Miami Grand Prix,2026-05-03,PER,Cadillac,32,0.46085167458375054,0.44304840526186573,112.27130932879119,211.74388507709665,433.78781353360273,1.2669168825422736,220.78630126690788,after
Miami Grand Prix,2026-05-03,PER,Cadillac,33,0.46363396210600516,0.41981121356939255,108.53039622160651,211.9272470260554,395.99459376386636,1.261605964027179,219.48553775686486,after
Miami Grand Prix,2026-05-03,PER,Cadillac,34,0.4748450957836307,0.41787136073575354,110.77789137953317,216.38425508108975,379.87186539710524,1.1642019569439401,227.48915724856317,after
Miami Grand Prix,2026-05-03,PER,Cadillac,38,0.4667026852575602,0.44176426282308306,103.34151268430836,202.7701212423267,517.1065432065532,1.641378291698134,227.71097741435725,after
Miami Grand Prix,2026-05-03,PER,Cadillac,39,0.46997056482830885,0.4574634255301329,103.04089081409477,199.59860427609064,549.8992089257562,1.2305467965265338,199.09751115719817,after
Miami Grand Prix,2026-05-03,PER,Cadillac,40,0.4695763041695906,0.44571106085172496,98.51205649818506,196.3429370997303,540.1550828697802,1.4643413358988226,214.18900839776774,after
Miami Grand Prix,2026-05-03,PER,Cadillac,42,0.5116439154994686,0.46489758415203725,93.34427983849724,192.49305665183599,930.7056312803833,1.5822724670742103,215.43119074149087,after
Miami Grand Prix,2026-05-03,PER,Cadillac,44,0.5642364816020318,0.5401503853977754,79.74553196305827,170.63398579591285,1091.841417926309,3.3315533128898394,251.73023177483358,after
Miami Grand Prix,2026-05-03,PER,Cadillac,49,0.45107122234360336,0.4117082292703823,61.23171481532095,162.77244384605206,646.0873772674443,2.157095997565068,197.9932378697385,after
Miami Grand Prix,2026-05-03,PER,Cadillac,50,0.5060848667354763,0.4260986289210903,7.301834594584283e-05,102.28444487639851,1216.942959448854,2.787539564067757,,after
Miami Grand Prix,2026-05-03,PER,Cadillac,51,0.49411986242525235,0.4446443736010786,17.651146996762424,115.56668123027923,1108.9332684554759,2.679766170868108,116.05137568002309,after
Miami Grand Prix,2026-05-03,PER,Cadillac,52,0.5525214504105352,0.5114400649177763,85.8987085815328,179.33575287906152,999.9828871954473,3.069809710773571,256.6295567181944,after
Miami Grand Prix,2026-05-03,PER,Cadillac,54,0.5223145648807823,0.4803408759621666,84.68871976893118,180.21924121718843,786.9197969552571,1.227025339521611,179.3532561678347,after
Miami Grand Prix,2026-05-03,PER,Cadillac,55,0.4898108995674327,0.4434819894329356,96.87568525939014,195.13012292495446,522.9082832751553,1.4988474730471517,200.44870073849665,after
Miami Grand Prix,2026-05-03,STR,Aston Martin,5,0.39717268634781777,0.39739042853868545,77.60248015210607,182.14151983551687,661.0777551291319,2.557205222011916,156.4472344876029,after
Miami Grand Prix,2026-05-03,STR,Aston Martin,12,0.5616946247817328,0.9335977649844626,478.7819511637191,556.8803203883199,1850.6166902163197,6.623620292768286,,after
Miami Grand Prix,2026-05-03,STR,Aston Martin,14,0.5048226294176819,0.5649976871317856,68.14838655017957,154.9406995753917,1311.6305937345167,5.453900678581441,233.4714232694516,after
Miami Grand Prix,2026-05-03,STR,Aston Martin,17,0.36231388918164914,0.4341804093287242,85.62013191283211,176.83037029169788,364.400668489033,2.5386160038086243,177.13176418486336,after
Miami Grand Prix,2026-05-03,STR,Aston Martin,18,0.41400955359622305,0.40120720197351306,30.241721001804617,132.9197062696182,984.6984482600229,2.126935327000993,169.05291211715956,after
Miami Grand Prix,2026-05-03,STR,Aston Martin,19,0.3808878837719038,0.46421780085592623,88.2655624957779,176.5450761322339,718.885559638079,2.9407624696908767,164.15819734574848,after
Miami Grand Prix,2026-05-03,STR,Aston Martin,20,0.3782450055482616,0.48447632240861194,118.67428830379241,203.90301610984193,1035.8531262982412,2.9187333930178743,180.36261076406933,after
Miami Grand Prix,2026-05-03,STR,Aston Martin,23,0.467121992636699,0.502440984574725,64.35244182450431,155.26018296327715,913.5847321691049,2.844806524605738,195.0135345974835,after
Miami Grand Prix,2026-05-03,STR,Aston Martin,24,0.36084144215321917,0.3717015120614493,121.82100521294542,223.78766622732638,-126.40312292146136,1.137426532325773,187.32084895218006,after
Miami Grand Prix,2026-05-03,STR,Aston Martin,28,0.34761996004393003,0.4310775615601447,122.32316085791055,209.1028412602699,-0.9525528717554116,2.018532959791055,203.61332702168488,after
Miami Grand Prix,2026-05-03,STR,Aston Martin,30,0.38399766779065625,0.4681741276459973,89.82374319070634,176.876044928825,460.1449325223555,2.5384982380132897,173.65324002444711,after
Miami Grand Prix,2026-05-03,STR,Aston Martin,31,0.3827469214552038,0.44388548824709195,95.65785347907745,186.04981785992587,337.558019952376,2.1460252200013894,166.67995950706444,after
Miami Grand Prix,2026-05-03,STR,Aston Martin,32,0.39840533773441406,0.45429924602872696,101.41350374525649,191.77087445729757,341.9692229376445,2.0587819729416292,181.60237126058468,after
Miami Grand Prix,2026-05-03,STR,Aston Martin,33,0.40074442260946946,0.4620173377763734,103.56870418946507,193.14523188328752,356.8101079686143,1.8453062991565818,182.86564102271993,after
Miami Grand Prix,2026-05-03,STR,Aston Martin,34,0.4151854405128106,0.41779199604021616,0.7745094482854304,99.33493579980066,1073.3566051080745,1.760822418520954,199.2134234541469,after
Miami Grand Prix,2026-05-03,STR,Aston Martin,35,0.40159419449739503,0.421485784572108,19.085165899952205,114.81082339692409,1007.0935939162767,2.448370734982361,203.7695237579099,after
Miami Grand Prix,2026-05-03,STR,Aston Martin,36,0.38976633188260823,0.44693500757297955,105.31834119078806,196.68383975608916,268.52364862350936,2.287030917216432,196.06504299167818,after
Miami Grand Prix,2026-05-03,STR,Aston Martin,39,0.42399984240771965,0.44879838424638246,91.22072839744682,185.57011456538498,467.8567012026972,1.908940539945445,179.2880086353275,after
Miami Grand Prix,2026-05-03,STR,Aston Martin,41,0.45962209022829176,0.4352859735806335,105.02948696412423,205.87928784167778,411.39007554637703,1.3458161742051726,189.8702917947861,after
Miami Grand Prix,2026-05-03,STR,Aston Martin,42,0.38441327986994217,0.4475738744960373,107.48955343522482,196.87994277651663,252.97138592968307,1.788500520049326,183.90429879670577,after
Miami Grand Prix,2026-05-03,STR,Aston Martin,43,0.40170127848552006,0.4203328203095527,8.663037455443419,102.58041526073607,1015.5838339101808,1.8953135447529406,191.13497297234392,after
Miami Grand Prix,2026-05-03,STR,Aston Martin,50,0.3949569432036048,0.44803177702544644,112.18108778877979,200.9011483555527,606.6432953493354,1.772915354652416,189.6405910128366,after
Miami Grand Prix,2026-05-03,STR,Aston Martin,51,0.40104539261422445,0.4511921060754648,109.98115076673542,198.6556995307487,652.2750709778303,2.5023683356194373,204.29361506232829,after
Miami Grand Prix,2026-05-03,STR,Aston Martin,53,0.38198886052974007,0.4579100025453751,151.99288509828475,236.83440859614015,911.9833909816757,3.154469419351924,199.8887861220114,after
Miami Grand Prix,2026-05-03,STR,Aston Martin,55,0.4058719238023638,0.4330958721740709,58.10383343495969,147.99972442051424,963.59677239199,2.7312012737264313,197.6591946511664,after
Miami Grand Prix,2026-05-03,STR,Aston Martin,56,0.5579732704208152,0.5381082124195453,51.358985493527484,139.74097417625873,1164.7261585824083,3.6811215864262814,202.57491602874723,after
Miami Grand Prix,2026-05-03,BOT,Cadillac,2,0.6464096305246001,0.6633237536862592,49.133087465443964,135.23181252373186,1678.883679401376,4.518932212423416,225.6674652106327,after
Miami Grand Prix,2026-05-03,BOT,Cadillac,3,0.6552276387304846,0.621549719497655,22.870878005081572,112.96060447079444,1737.3270330343926,3.7622838552242817,234.92810023172123,after
Miami Grand Prix,2026-05-03,BOT,Cadillac,5,0.538027817472544,0.5003728926441197,62.09135817746826,160.87668357067463,1087.0165257914384,1.8429247722648172,213.67475078584894,after
Miami Grand Prix,2026-05-03,BOT,Cadillac,12,0.5504146889116613,0.5219443192852299,28.656101228952647,123.59065355200951,1329.8304402255644,2.2955455233980366,132.65000315058842,after
Miami Grand Prix,2026-05-03,BOT,Cadillac,14,0.6633990481726172,0.620781564743169,23.674387037064907,113.21663175068107,1730.8087119564593,4.436525799400979,211.93458810777875,after
Miami Grand Prix,2026-05-03,BOT,Cadillac,18,0.5021870958334292,0.48224829887086995,94.4353812565393,192.39308202953183,762.1936779793341,0.989774502996893,212.89509842047767,after
Miami Grand Prix,2026-05-03,BOT,Cadillac,19,0.4724101984917078,0.46676254413883617,89.13277525858491,186.40029162189936,683.474242725796,1.6821101332803166,174.11620263628643,after
Miami Grand Prix,2026-05-03,BOT,Cadillac,23,0.46643793807386724,0.41770628727939974,115.83393090072225,223.05150546477515,286.8154414618674,1.0455502570194686,187.04516686734365,after
Miami Grand Prix,2026-05-03,BOT,Cadillac,24,0.534452190327624,0.5160600266492578,59.276715296455194,153.52837072189263,1154.022869284826,2.1187893415145362,177.5356345360597,after
Miami Grand Prix,2026-05-03,BOT,Cadillac,25,0.5430954426719308,0.5600014619297146,83.76672527980602,172.7870166041441,1129.1992338713626,1.982592892893416,243.13409776123783,after
Miami Grand Prix,2026-05-03,BOT,Cadillac,26,0.5052440864407534,0.47758032587827304,84.44533090369038,182.837990627978,809.8409503452763,0.8490460168837934,170.07777392396855,after
Miami Grand Prix,2026-05-03,BOT,Cadillac,45,0.46433552390109956,0.4921117000484795,114.90350655106973,205.44248814840097,614.0592272094342,0.9940651051142216,202.85092052250667,after
Miami Grand Prix,2026-05-03,BOT,Cadillac,50,0.4952137538553374,0.528236607446455,96.80749747254613,183.68966781560928,793.9306272401387,1.434114017613497,196.61933653810308,after
Miami Grand Prix,2026-05-03,HUL,Audi,3,0.49545285075857115,0.5826129700982795,67.23124705672863,152.23129718047775,1128.197477858224,1.4320405671109095,145.47870333130248,after
Miami Grand Prix,2026-05-03,HUL,Audi,5,0.49570803466536534,0.6416321056921128,45.94590272053199,124.93792698696564,1356.946010461728,1.7321009771162337,121.12130349158586,after
Miami Grand Prix,2026-05-03,LAW,Racing Bulls,3,0.5715642437795223,0.521961438873092,53.7422080800136,152.7495519889115,1263.7529802323904,2.1456918476833975,175.10621845868184,after
Miami Grand Prix,2026-05-03,LAW,Racing Bulls,4,0.5504945794292009,0.49373190418520907,63.28581381047891,165.7131649789405,1094.354487092891,1.8794478430516355,214.28623803049453,after
Miami Grand Prix,2026-05-03,HAD,Red Bull Racing,2,0.8094377411101564,0.907425877818871,36.99982309011268,120.59851542484174,2492.466912626032,10.193707383230647,196.88246985071504,after
Miami Grand Prix,2026-05-03,HAD,Red Bull Racing,3,0.7393261699120599,0.7498791138817723,24.16102477056775,110.93440735447686,2091.5098939743507,4.746231818975442,213.628812007996,after
Canadian Grand Prix,2026-05-24,ANT,Mercedes,17,0.7668423320124973,0.686383395162489,135.18305642485842,241.32427942253167,1607.6489488521017,6.573298606594478,406.33417000063054,after
Canadian Grand Prix,2026-05-24,ANT,Mercedes,57,0.4962219543865585,0.5960360261933645,106.30830896546782,201.99752317257088,909.9234819359706,2.9882091099402053,271.67636837553135,after
Canadian Grand Prix,2026-05-24,HAM,Ferrari,6,0.5222459954881316,0.700618628538227,150.09504649473456,241.65152340590907,1140.4328371715994,4.49954784006119,311.08904882037837,after
Canadian Grand Prix,2026-05-24,HAM,Ferrari,7,0.5792512042098876,0.8734771040633877,123.40706643490482,205.52622784507025,1762.87100408876,3.7014239985035173,,after
Canadian Grand Prix,2026-05-24,HAM,Ferrari,11,0.5651583859809387,0.6879613295976437,92.5331267654079,186.6212818077164,1369.8209426951428,5.150862304128956,261.44336913591616,after
Canadian Grand Prix,2026-05-24,HAM,Ferrari,13,0.5769830360406485,0.6926338674294006,21.027010935265977,113.83180102906954,1608.2870451077358,4.87759305333463,158.46633361103642,after
Canadian Grand Prix,2026-05-24,HAM,Ferrari,16,0.6119498379862975,0.749852615778758,90.00480643485255,180.34484809335353,1581.216294909003,5.006538603671235,204.38397362005176,after
Canadian Grand Prix,2026-05-24,HAM,Ferrari,18,0.5798988313325892,0.7156635480501222,90.14309423414511,181.10784030987443,1419.9584652374447,4.311620565662869,259.61089906790573,after
Canadian Grand Prix,2026-05-24,HAM,Ferrari,19,0.5687615916794904,0.750378893819707,92.60413073656488,180.3737738927657,1508.4924398399876,5.684388243082723,231.709262198999,after
Canadian Grand Prix,2026-05-24,HAM,Ferrari,25,0.4627082841061428,0.5366656839918149,84.40282299056214,189.0909048076326,824.1858284338051,1.757448911563673,197.08254184075068,after
Canadian Grand Prix,2026-05-24,HAM,Ferrari,27,0.477099159708612,0.5442948932341095,110.44086817699467,215.9040916967849,742.6266730037023,1.9961094748302337,253.27571137235438,after
Canadian Grand Prix,2026-05-24,HAM,Ferrari,35,0.4619272296948881,0.5465275468476756,92.79114513288056,193.97895513255483,811.9600322135898,2.5229539350780477,222.1884895654078,after
Canadian Grand Prix,2026-05-24,HAM,Ferrari,37,0.49413597746119803,0.5636655382864568,55.34834222201511,155.12557000934333,1054.2279081279776,3.3658240877297207,199.0876234067231,after
Canadian Grand Prix,2026-05-24,HAM,Ferrari,38,0.4898573559846419,0.6824933291944321,140.99340927025233,227.74918242437087,982.8135519206587,3.813976370472171,316.3598389990033,after
Canadian Grand Prix,2026-05-24,HAM,Ferrari,40,0.49690798634724265,0.5517126403809232,78.67800344911717,181.40020428525662,936.0714068454249,2.162092323428684,226.4159778851739,after
Canadian Grand Prix,2026-05-24,HAM,Ferrari,44,0.44007988285807376,0.5380798099228307,110.68682527963199,209.2542306488455,610.666017155575,2.38647540044629,253.10213183870792,after
Canadian Grand Prix,2026-05-24,HAM,Ferrari,50,0.4490217509787159,0.5367602380350056,98.65144799809761,198.08587683272256,713.686152809693,2.3310693395709903,187.687392930266,after
Canadian Grand Prix,2026-05-24,HAM,Ferrari,57,0.622262882560969,0.6507633946771805,25.618588037241324,119.94462425117936,1536.1532185457781,4.218253087934891,178.3236103573519,after
Canadian Grand Prix,2026-05-24,HAM,Ferrari,59,0.6138791679664979,0.780917796226459,25.725627156361995,108.50611975136951,1662.9487052004154,5.829556328511559,163.20611633199644,after
Canadian Grand Prix,2026-05-24,HAM,Ferrari,61,0.6338490126186144,0.8454851121738702,317.0383509338514,404.63606348099586,1423.083389510756,6.241608060449301,318.97645337029667,after
Canadian Grand Prix,2026-05-24,HAM,Ferrari,62,0.48416314797012494,0.5758720969372073,149.48001966001243,245.7129984968202,590.4889182195925,2.9312498289334123,344.3028766880753,after
Canadian Grand Prix,2026-05-24,HAM,Ferrari,63,0.4427194734756836,0.6841935627332366,163.95233345926587,245.12981846874848,769.9673749527275,2.104678937415522,284.72270904082274,after
Canadian Grand Prix,2026-05-24,HAM,Ferrari,64,0.45551868344770335,0.6567277752738906,139.8267647659898,224.10467530157294,789.6682150564459,2.0139979181469414,271.6600582696489,after
Canadian Grand Prix,2026-05-24,HAM,Ferrari,65,0.4372634184016762,0.6714154415543071,131.8472119951798,213.7724156075343,856.7028435310749,3.471844773677554,258.9240376034513,after
Canadian Grand Prix,2026-05-24,HAM,Ferrari,67,0.5367003169175609,0.6259514418164726,98.11764607361695,190.58148151943087,1046.4099617921247,2.6547693082083734,229.94559956006685,after
Canadian Grand Prix,2026-05-24,HAM,Ferrari,68,0.4867466423975629,0.7399183909257636,124.17625963592344,203.6595312682594,1102.183402415371,2.009725073017668,205.05348664895126,after
Canadian Grand Prix,2026-05-24,VER,Red Bull Racing,3,0.5046611904170978,0.5515238908363811,53.40610266474537,162.60043539434997,1133.9975146542445,2.6841130657366294,154.45370683430698,after
Canadian Grand Prix,2026-05-24,VER,Red Bull Racing,6,0.5704592508270246,0.6539131895548139,49.20541965171693,147.97862799141836,1487.5929964903778,3.5636248977842144,182.77283095295624,after
Canadian Grand Prix,2026-05-24,VER,Red Bull Racing,7,0.6089798722854013,0.6596360282905793,27.343754262556327,126.03979915252127,1585.671394704935,3.6588908678898453,155.0736498603912,after
Canadian Grand Prix,2026-05-24,VER,Red Bull Racing,10,0.487165778751967,0.5274294765291133,76.48336083349993,188.4748292940608,920.7883531021286,2.415738135616521,161.81407219985,after
Canadian Grand Prix,2026-05-24,VER,Red Bull Racing,12,0.4730721141072213,0.523889023906684,91.17695455686359,203.0604029057339,835.7652968544509,1.433310421426972,186.48272316609695,after
Canadian Grand Prix,2026-05-24,VER,Red Bull Racing,13,0.5083477594330306,0.5046902720200305,81.37102916166097,201.02287542711514,946.4091339401546,1.4553829956104671,194.0403247883863,after
Canadian Grand Prix,2026-05-24,VER,Red Bull Racing,15,0.5292197739715323,0.5947701275956397,57.918866992035994,161.4770832132561,1255.824870945067,2.2566363937232268,166.71002635307974,after
Canadian Grand Prix,2026-05-24,VER,Red Bull Racing,16,0.5478037399124064,0.5787603617055062,98.35070193098647,205.4246346429965,1066.9778785296794,1.8211365556709491,272.87515685240464,after
Canadian Grand Prix,2026-05-24,VER,Red Bull Racing,18,0.48816703896707225,0.5054776937619248,86.24228303922263,202.20355119485967,832.0179526250772,1.2803530733859956,181.24292524527186,after
Canadian Grand Prix,2026-05-24,VER,Red Bull Racing,19,0.47910169311309125,0.5158445570148698,84.87040954478512,197.0323167392331,836.2427276951976,1.9740964450960967,197.12336590632046,after
Canadian Grand Prix,2026-05-24,VER,Red Bull Racing,25,0.45305668718032055,0.508330303314827,89.09072581838076,195.45215185731632,691.3037183582052,1.6851593085087218,215.14520810411955,after
Canadian Grand Prix,2026-05-24,VER,Red Bull Racing,26,0.46691575452224715,0.512645341969139,100.01700402605381,210.6698631270322,714.456818540212,1.6795978414109345,196.05022976019194,after
Canadian Grand Prix,2026-05-24,VER,Red Bull Racing,27,0.49278840070222873,0.5266709168314123,96.06145380415687,206.0020134380127,822.3582341797626,0.918978891100497,211.67719445375462,after
Canadian Grand Prix,2026-05-24,VER,Red Bull Racing,28,0.4725512129229652,0.5763375947838254,96.698681571264,196.53667011986474,895.3428432032895,1.847260492367591,207.4811968238848,after
Canadian Grand Prix,2026-05-24,VER,Red Bull Racing,29,0.4848396051734486,0.5327508587788987,98.10382686767694,205.62719257565445,811.3043732153026,1.3050743228304544,216.7463926392216,after
Canadian Grand Prix,2026-05-24,VER,Red Bull Racing,30,0.5131885725258113,0.5980259596701544,86.35688551888485,184.8298258197928,1034.408891976968,2.2200581599374223,207.29251578158488,after
Canadian Grand Prix,2026-05-24,VER,Red Bull Racing,34,0.4809811018236583,0.5089723306784018,97.59163891051261,209.30386569899997,748.4989982348077,1.7766696938088855,221.9497698164036,after
Canadian Grand Prix,2026-05-24,VER,Red Bull Racing,35,0.5098393607298894,0.5712609706133378,67.83831916258227,169.77773688633442,1095.0933853379213,1.8896186155624362,156.46854395153017,after
Canadian Grand Prix,2026-05-24,VER,Red Bull Racing,37,0.4771561289084653,0.5708219500378507,83.88128182185244,182.63672189024982,929.6987793586139,1.5625026157009165,182.96407351768855,after
Canadian Grand Prix,2026-05-24,VER,Red Bull Racing,38,0.4909868461844285,0.5232676626915539,67.49986261730004,175.55001688884067,965.4104333263731,1.9498226493823394,151.75459707431355,after
Canadian Grand Prix,2026-05-24,VER,Red Bull Racing,39,0.46192897768262786,0.5316353598457771,114.7096112553903,217.57799840575066,634.9133233142242,1.5814758456300049,236.8381545884177,after
Canadian Grand Prix,2026-05-24,VER,Red Bull Racing,40,0.4486721943227493,0.5390302536132624,108.38801804923904,208.40590176355022,671.8390397213918,1.6917623885307604,218.265165781599,after
Canadian Grand Prix,2026-05-24,VER,Red Bull Racing,41,0.46474830976905807,0.5367477894059697,104.62764260729745,206.52103911904223,704.4600669611468,1.8607899008682578,227.32055699829522,after
Canadian Grand Prix,2026-05-24,VER,Red Bull Racing,42,0.5312087957712001,0.5853928294137517,72.58821131128032,171.2662299327958,1104.8922650816196,1.8431983418479072,197.30719859635076,after
Canadian Grand Prix,2026-05-24,VER,Red Bull Racing,44,0.42943853426384465,0.49719478332042955,112.1585452300732,216.51538035208335,481.03068639569864,1.241013364074343,210.93487387404056,after
Canadian Grand Prix,2026-05-24,VER,Red Bull Racing,45,0.44424790574079387,0.4988964461532267,100.0716239011926,205.99261914168997,616.5646168098111,1.6800921088843264,184.7658554660523,after
Canadian Grand Prix,2026-05-24,VER,Red Bull Racing,47,0.4716506981554262,0.48078508029873296,99.44154913374965,211.593072075765,595.5067723442627,1.618416574791415,212.57056643048514,after
Canadian Grand Prix,2026-05-24,VER,Red Bull Racing,49,0.4678501038189697,0.5700236414850355,83.44004594295573,179.9656883282105,915.0024101471049,1.891400945576548,198.3313800269403,after
Canadian Grand Prix,2026-05-24,VER,Red Bull Racing,50,0.4639513966346253,0.5838312903830452,126.56247947571146,220.35612896668823,688.0648684248985,2.2605475134119746,303.0488897128618,after
Canadian Grand Prix,2026-05-24,VER,Red Bull Racing,57,0.5487356469875561,0.5585148816791721,116.85813828149972,223.11361704383418,895.6762628583738,1.9309388471741582,278.1728304583968,after
Canadian Grand Prix,2026-05-24,VER,Red Bull Racing,59,0.46997126371025516,0.5140311792831714,99.55067342948287,203.06681433279942,659.3241802389376,1.5323990928226368,221.21811160761268,after
Canadian Grand Prix,2026-05-24,VER,Red Bull Racing,61,0.49575100407434214,0.5929426623388672,79.62657344991395,172.9528742429463,994.4118145510121,1.5797082386008936,200.30361407641288,after
Canadian Grand Prix,2026-05-24,VER,Red Bull Racing,62,0.5649914978166465,0.624454713592847,63.05975853294214,157.32066333906852,1227.7543214494208,3.143773987470259,208.5676150970186,after
Canadian Grand Prix,2026-05-24,VER,Red Bull Racing,63,0.5760394688253342,0.6328030858205902,45.0586157710095,139.99091971640826,1390.6798170001143,2.994566576629872,156.06573532819442,after
Canadian Grand Prix,2026-05-24,VER,Red Bull Racing,64,0.5568259240508118,0.622925337693929,75.34642565116,170.34465990054125,1209.0148276134694,3.255052078122013,225.53386776420967,after
Canadian Grand Prix,2026-05-24,VER,Red Bull Racing,65,0.5862892535321085,0.6874806194464207,49.138977798297965,139.32081444737454,1487.8136577122016,3.7801062798471783,220.03334753982287,after
Canadian Grand Prix,2026-05-24,VER,Red Bull Racing,67,0.5996175103856748,0.6474509379212067,59.18665528447207,152.89002163225936,1351.3144772515598,3.7342725543078696,224.9178846599724,after
Canadian Grand Prix,2026-05-24,VER,Red Bull Racing,68,0.6983203452748096,0.7897360320654255,42.09554588138901,129.6786612471119,1844.1293518085326,5.351885555958798,224.70835394138467,after
Canadian Grand Prix,2026-05-24,LEC,Ferrari,5,0.49116712315185024,0.5453420629410827,48.733739073625955,155.54082177360308,1088.851735879988,3.477752434495664,,after
Canadian Grand Prix,2026-05-24,LEC,Ferrari,10,0.5478322146478174,0.5669653884070324,35.90238939955927,145.425578975022,1327.0138503304725,2.8067780487034453,145.28909668323024,after
Canadian Grand Prix,2026-05-24,LEC,Ferrari,13,0.518272096403295,0.5276110832036538,47.95983203535657,160.60944368800276,1116.0370541919299,3.3429780108064127,132.2297177658152,after
Canadian Grand Prix,2026-05-24,LEC,Ferrari,17,0.5086902718597842,0.5242690297424865,77.88320025872642,190.5030666537293,947.7187814771437,2.1154500648056014,176.10979558375993,after
Canadian Grand Prix,2026-05-24,LEC,Ferrari,19,0.4993042342035144,0.5217007269160259,81.1845613352459,191.44875551688548,888.993244451909,1.9868665062582729,183.86201212964414,after
Canadian Grand Prix,2026-05-24,LEC,Ferrari,20,0.49049800733165766,0.5451595522227833,84.84721203855952,191.6225027594552,915.0665223265428,2.732534110957164,243.97301012173241,after
Canadian Grand Prix,2026-05-24,LEC,Ferrari,25,0.49279299886793526,0.5607436085260469,57.05250033903069,160.89469847003767,1092.279495218612,3.135725681765356,215.47961244183895,after
Canadian Grand Prix,2026-05-24,LEC,Ferrari,29,0.48977403968013905,0.5538521645569451,82.03137460258856,185.50148718416324,922.6329107339772,3.122272949821164,257.5489975958262,after
Canadian Grand Prix,2026-05-24,LEC,Ferrari,38,0.7017815818251353,0.9054163172506693,492.4689491381966,587.3630643598864,1880.981651573595,6.655745761158284,253.50160993440537,after
Canadian Grand Prix,2026-05-24,LEC,Ferrari,39,0.6495621972019657,0.635558673693104,72.70469082010788,173.23728891164086,1406.9939621307274,6.6690366416962314,358.9584514390035,after
Canadian Grand Prix,2026-05-24,LEC,Ferrari,42,0.4717798376839091,0.5249513587347721,104.9293483658281,209.2452640600261,671.2837776162398,1.9690373749404781,225.31363185838376,after
Canadian Grand Prix,2026-05-24,LEC,Ferrari,43,0.43869251278707677,0.5404180170960825,93.8912225015682,192.70811307818153,713.6821241600217,3.425143526898738,242.6814737012706,after
Canadian Grand Prix,2026-05-24,LEC,Ferrari,48,0.4361892308519849,0.5454060329845067,97.19329599694099,193.7254894761647,692.8168341693998,4.522428914448548,251.65148919211026,after
Canadian Grand Prix,2026-05-24,LEC,Ferrari,50,0.4279048066949032,0.514976421834974,117.41454585537743,217.75322194380564,494.01334084232934,2.715457724913221,257.132260295022,after
Canadian Grand Prix,2026-05-24,LEC,Ferrari,57,0.47561568995783005,0.5204281098801575,118.26073135361644,222.4348474197841,603.3592877577302,2.14876973612948,251.39948275161524,after
Canadian Grand Prix,2026-05-24,LEC,Ferrari,58,0.4511537006177416,0.5228025860339025,118.1327116016811,219.9842798115677,568.9938619213563,2.1110948818921895,251.59546464487488,after
Canadian Grand Prix,2026-05-24,LEC,Ferrari,62,0.5244111084574044,0.5525434332086815,108.16113313129136,211.04990052951476,837.7294431634548,2.9585911560480658,293.82600296313734,after
Canadian Grand Prix,2026-05-24,LEC,Ferrari,65,0.4550052585707853,0.5281316238299956,116.38676948331356,215.9648125507835,579.4533830437716,2.865858528148364,218.8855815966569,after
Canadian Grand Prix,2026-05-24,HAD,Red Bull Racing,5,0.5512371702475393,0.6235824703900873,56.99917079849364,159.20392508030682,1369.185842073367,2.3621620560415497,190.46415900559361,after
Canadian Grand Prix,2026-05-24,HAD,Red Bull Racing,7,0.5372246722875947,0.5650810550098583,61.35824449174772,171.40394089359307,1203.4069848658457,1.6358927134974495,173.60373709314555,after
Canadian Grand Prix,2026-05-24,HAD,Red Bull Racing,10,0.5530885931968089,0.5882940583128311,68.49028060446862,174.766596074666,1218.5514501986074,1.820931108906963,198.72675557584677,after
Canadian Grand Prix,2026-05-24,HAD,Red Bull Racing,12,0.5330738070199443,0.5634272242120986,71.5469931802997,180.30944420259627,1123.4638065160168,1.9365334091286226,188.64933048945434,after
Canadian Grand Prix,2026-05-24,HAD,Red Bull Racing,19,0.5873098447535791,0.7354600700411495,94.13774779068525,184.30585665947623,1507.5047712580129,3.655848440513781,242.33412533062878,after
Canadian Grand Prix,2026-05-24,HAD,Red Bull Racing,20,0.6026389931735336,0.7198261988804123,88.10448516972174,180.21996593169595,1516.3716551920343,3.9964696643365976,269.43476841305704,after
Canadian Grand Prix,2026-05-24,HAD,Red Bull Racing,24,0.5476104298997475,0.6333929623841674,39.013918141471656,134.98979478551337,1363.8666553473183,2.2401700116339924,182.81848005375343,after
Canadian Grand Prix,2026-05-24,HAD,Red Bull Racing,25,0.5180290370103685,0.6049599025142224,59.66669585132538,157.90871153099707,1195.6522967644896,1.9505357594082793,199.98940047617003,after
Canadian Grand Prix,2026-05-24,HAD,Red Bull Racing,27,0.5364307764485549,0.583290724273113,64.81894814051027,168.7780702452986,1191.919804901202,2.4124270694297736,226.88245516081136,after
Canadian Grand Prix,2026-05-24,HAD,Red Bull Racing,36,0.48024139232166496,0.5652292890697429,92.08826896176788,192.828862763621,900.2949889635387,1.3513941755490206,208.13151532176545,after
Canadian Grand Prix,2026-05-24,HAD,Red Bull Racing,39,0.47653731960536755,0.4609459371689135,50.23334289864694,167.19575495985885,872.412527881057,1.9011588559586188,145.2053692700187,after
Canadian Grand Prix,2026-05-24,HAD,Red Bull Racing,40,0.5607129885335458,0.7362615867989946,125.27732566763179,212.27464001786166,1320.0604187444476,3.8728842789300364,266.00094641263667,after
Canadian Grand Prix,2026-05-24,HAD,Red Bull Racing,42,0.5219824032022031,0.6369917908633786,77.60481535311096,170.8557131135469,1191.3193034363633,1.6300393025114424,201.14884296224463,after
Canadian Grand Prix,2026-05-24,HAD,Red Bull Racing,43,0.5372328481059144,0.6334839246627963,68.27776531049113,163.3468473045532,1269.7139669819621,1.8098266408867099,192.77778822332692,after
Canadian Grand Prix,2026-05-24,HAD,Red Bull Racing,44,0.5063356030592625,0.6115622564363282,90.01231221679942,183.44768166300705,1002.5244200760936,2.02953159678932,230.09084602514574,after
Canadian Grand Prix,2026-05-24,HAD,Red Bull Racing,48,0.495599273134929,0.6361228163998282,55.90751383333923,145.2130249652566,1183.1890288885413,2.4039543953114935,171.22465378946384,after
Canadian Grand Prix,2026-05-24,HAD,Red Bull Racing,58,0.4950235485783754,0.614681460974991,61.82466931504129,153.6981545537676,1135.976167410446,2.780079870866534,184.8038655435528,after
Canadian Grand Prix,2026-05-24,COL,Alpine,6,0.48145318916426044,0.5511140885099224,71.29403302151071,179.1758754382434,1038.2239579619268,5.7592529472431035,187.9076257043824,after
Canadian Grand Prix,2026-05-24,COL,Alpine,14,0.4373218869781816,0.5166467140383312,82.23439512910284,187.92170940670766,770.6175848849072,5.918885361852646,183.46774801362756,after
Canadian Grand Prix,2026-05-24,COL,Alpine,15,0.4701798468672418,0.5102191295941741,80.27585745449124,191.7187584100127,850.0617414253303,5.203783656806102,182.95878086453075,after
Canadian Grand Prix,2026-05-24,COL,Alpine,16,0.4837036565552541,0.5219086046069823,82.05483869608727,191.65114656583296,878.9660388245851,5.061028758161049,166.51804106721053,after
Canadian Grand Prix,2026-05-24,COL,Alpine,21,0.5062066352789922,0.5390078874786649,52.72465451717662,158.87623762043594,1083.4237474277143,5.316283738753043,,after
Canadian Grand Prix,2026-05-24,COL,Alpine,23,0.49472407369235444,0.5151399105866684,60.12691592821568,172.15252083047517,1010.1156772699715,4.784941873892537,,after
Canadian Grand Prix,2026-05-24,COL,Alpine,26,0.5006576937392034,0.5348784658945122,82.86238025709953,190.74559411323233,944.3400906166814,5.193669795200042,198.13124614983036,after
Canadian Grand Prix,2026-05-24,COL,Alpine,28,0.5095823426590699,0.5428327626967495,76.12591118914192,183.73159068236026,1034.3604656278414,4.2125181819159065,179.45125893115485,after
Canadian Grand Prix,2026-05-24,COL,Alpine,29,0.5350130530228935,0.5882441725913122,45.47546444645437,145.89724734397134,1256.678694805269,5.61370415844716,122.38535651650544,after
Canadian Grand Prix,2026-05-24,COL,Alpine,43,0.42915798097651203,0.49736394432002357,95.90586963781122,199.17387964332266,616.3133743591123,4.015701163017572,180.30757956128042,after
Canadian Grand Prix,2026-05-24,COL,Alpine,44,0.40208715117626875,0.5182651542251208,105.00327928009506,201.67860107584846,572.9001709843545,4.550230288057567,185.96790843051593,after
Canadian Grand Prix,2026-05-24,COL,Alpine,49,0.4472634302973253,0.5084263314558831,99.57878773972551,202.77684048930757,661.1836524597579,4.642714975099511,191.54884396780403,after
Canadian Grand Prix,2026-05-24,COL,Alpine,50,0.42820715776599977,0.5275173256421455,102.35784892511303,200.53246289334098,675.6722457150705,5.203181832227322,202.8917387309144,after
Canadian Grand Prix,2026-05-24,COL,Alpine,55,0.4723557813743262,0.5379409404841128,84.9575565298053,185.5492083142206,866.9945097479787,4.465599547533264,193.45640675989463,after
Canadian Grand Prix,2026-05-24,COL,Alpine,63,0.5119479136573807,0.5480676902430941,79.31351505359368,180.75840343157847,964.9504358614589,5.014962363488803,213.66019558636566,after
Canadian Grand Prix,2026-05-24,COL,Alpine,64,0.4884330810982386,0.4973356712606608,78.80593151183974,186.33917471421836,798.5345995285259,4.3614160067770715,157.56347372410124,after
Canadian Grand Prix,2026-05-24,LAW,Racing Bulls,4,0.5237200983886837,0.5652655236157739,62.25970766419455,171.82850132917716,1221.2345143841749,2.1748227398003315,160.91403449325443,after
Canadian Grand Prix,2026-05-24,LAW,Racing Bulls,8,0.5315687063973678,0.5977021430675552,70.02777196268894,173.23749074405745,1229.9786531183172,1.5211556715523002,168.58096345594583,after
Canadian Grand Prix,2026-05-24,LAW,Racing Bulls,9,0.5161054152808212,0.5206804687312655,72.84071124665672,187.80609189072547,1021.8307253129996,1.8044722050655295,184.71336208778504,after
Canadian Grand Prix,2026-05-24,LAW,Racing Bulls,10,0.5081400359019479,0.49358391739157514,75.58587156623999,194.41030995440534,924.4976405024349,1.9103495779181052,187.06677236157236,after
Canadian Grand Prix,2026-05-24,LAW,Racing Bulls,11,0.4807468528304463,0.5240985960287573,83.28256688582388,194.08409897192917,909.8875781597328,1.8097295431295524,167.5651027531277,after
Canadian Grand Prix,2026-05-24,LAW,Racing Bulls,12,0.49249118922198265,0.5164889156625094,86.49286364046284,200.33554472585598,893.3029833166986,1.8776463524757814,158.42422884408367,after
Canadian Grand Prix,2026-05-24,LAW,Racing Bulls,18,0.4675268711692151,0.5132956897139216,91.98723386251189,202.84102607891217,814.6792917476024,1.4345563373001224,163.89918999284484,after
Canadian Grand Prix,2026-05-24,LAW,Racing Bulls,21,0.4636283031161503,0.6030785650849119,105.87289730643904,200.3522770499572,932.8370444521322,2.345484107649227,222.90178195036174,after
Canadian Grand Prix,2026-05-24,LAW,Racing Bulls,22,0.46352658627372495,0.5122553651226475,92.92922195429871,203.3506095753024,779.4957661834787,2.003446638637033,163.58854622615414,after
Canadian Grand Prix,2026-05-24,LAW,Racing Bulls,23,0.4616009654180867,0.5341197772091358,88.30163162549093,193.99388079523544,841.9816549105702,1.5219459990660542,197.5686097657626,after
Canadian Grand Prix,2026-05-24,LAW,Racing Bulls,26,0.46940056310767003,0.5594118374930516,100.26068319303133,201.62457019840872,875.2220732134574,1.8458682129767823,175.86808420463774,after
Canadian Grand Prix,2026-05-24,LAW,Racing Bulls,29,0.49745013158090284,0.5228670540303483,79.56426662356562,189.55993077343055,932.0236127727808,1.507941014170861,177.38571192211506,after
Canadian Grand Prix,2026-05-24,LAW,Racing Bulls,32,0.51238248610056,0.9979055568257753,191.6154777899345,264.4426728781487,1698.8991623217319,3.4880740858286687,,after
Canadian Grand Prix,2026-05-24,LAW,Racing Bulls,33,0.4857823786575349,0.5888211579569804,106.94327687244312,204.54970007801998,974.8647248666996,1.952005502887905,228.7133869782162,after
Canadian Grand Prix,2026-05-24,LAW,Racing Bulls,34,0.46597234502526674,0.5225967586259233,100.9165320418313,206.6643569285093,744.9214164430784,1.5781153661788525,190.62459420499204,after
Canadian Grand Prix,2026-05-24,LAW,Racing Bulls,36,0.4041920644467749,0.5157695284340381,106.96563663110315,206.47308219510595,566.0456171768839,2.6006641843090366,204.39594241073624,after
Canadian Grand Prix,2026-05-24,LAW,Racing Bulls,38,0.4482446641174648,0.5189996073471238,107.48902495224381,211.61702354267646,704.6185952655089,1.5183989967185447,211.17088120157464,after
Canadian Grand Prix,2026-05-24,LAW,Racing Bulls,40,0.4223089615443062,0.5417857152603162,106.30610657298425,203.35516812429304,684.0053381153822,1.7722510240030067,185.45535628221475,after
Canadian Grand Prix,2026-05-24,LAW,Racing Bulls,42,0.4390397722590691,0.5588537167399555,108.08842133570506,203.31326241673838,739.152765560639,1.972948784642682,199.04625100990168,after
Canadian Grand Prix,2026-05-24,LAW,Racing Bulls,44,0.4667553035646228,0.5329810705186181,81.577095520347,183.53926593299892,870.5920605894559,1.6670981234347617,179.28682581060423,after
Canadian Grand Prix,2026-05-24,LAW,Racing Bulls,46,0.40974703601609114,0.5281202185355036,0.0013619347287829014,94.32393965636703,1079.4716031380458,1.8347713289393197,888.5135350246823,after
Canadian Grand Prix,2026-05-24,LAW,Racing Bulls,48,0.4462198226059727,0.5055763370974136,103.17286313356382,207.90194940145068,634.2021920699472,1.6429715820212079,194.56238474931234,after
Canadian Grand Prix,2026-05-24,LAW,Racing Bulls,49,0.5176214989272264,0.6578418505995886,54.12159173994688,142.71463250595792,1331.1709585813728,3.5688582374530977,140.0452613923919,after
Canadian Grand Prix,2026-05-24,LAW,Racing Bulls,50,0.5412075363991169,0.5638816873201483,76.64222334207271,179.41804544137216,1108.3339009001443,2.3022165948430997,201.98505393419606,after
Canadian Grand Prix,2026-05-24,LAW,Racing Bulls,53,0.4494065023682659,0.7297581144922999,67.70358160177868,144.72044555612956,1252.8740197793131,2.3144243089362,161.50514375482135,after
Canadian Grand Prix,2026-05-24,LAW,Racing Bulls,54,0.46185585369410925,0.5931704552930084,101.91857857022755,193.67310426361865,868.3843624694656,1.719023575080112,208.2741259422046,after
Canadian Grand Prix,2026-05-24,LAW,Racing Bulls,55,0.4503962413815969,0.5607198864971318,96.15526736352263,190.89745103745932,789.1723063881943,2.376542258703058,192.2026222485316,after
Canadian Grand Prix,2026-05-24,LAW,Racing Bulls,58,0.49513766306976553,0.5611427744382484,76.29840915142617,173.514733078642,989.5722654201523,1.3028046460594707,180.09904864710694,after
Canadian Grand Prix,2026-05-24,LAW,Racing Bulls,59,0.5044216051433617,0.6829261682811557,118.58925231158102,204.23446423645458,1131.5624017188438,2.2972685027792292,254.62791502141727,after
Canadian Grand Prix,2026-05-24,LAW,Racing Bulls,60,0.45094191648168913,0.5836835611405081,103.42486473613016,195.0173824177078,824.7001287140322,1.6215775723194426,194.33897891902308,after
Canadian Grand Prix,2026-05-24,LAW,Racing Bulls,62,0.45754861498192523,0.5102069776093997,59.58621105469509,161.45661483863978,859.7915721159951,2.171987697302821,207.6262340624559,after
Canadian Grand Prix,2026-05-24,LAW,Racing Bulls,63,0.4496185051588344,0.6595758316223507,88.95985962757405,171.33282835363656,1028.309147216201,2.3728311301391414,162.4391535747796,after
Canadian Grand Prix,2026-05-24,LAW,Racing Bulls,67,0.49929657150917384,0.6164063214193304,2.965612283203667,93.06234154060404,1350.961705056289,1.457434097586881,143.30748125794477,after
Canadian Grand Prix,2026-05-24,GAS,Alpine,10,0.5933011399740408,0.676652294142141,30.31337567353271,127.01641442922157,1635.5313749512147,6.99260073418196,,after
Canadian Grand Prix,2026-05-24,GAS,Alpine,15,0.4534373167930387,0.5497938290399493,74.87441231032143,178.11516104487933,924.3164603494433,6.31584439828131,179.37971043776554,after
Canadian Grand Prix,2026-05-24,GAS,Alpine,16,0.4477101583177893,0.547683951661003,81.34451544508796,183.45934835740437,864.4909496462302,4.847157974146514,165.02276685519388,after
Canadian Grand Prix,2026-05-24,GAS,Alpine,42,0.4617016634938475,0.5508298114309033,111.46723189531654,209.90529088424321,712.2992914151183,4.503110576268189,261.3588787894512,after
Canadian Grand Prix,2026-05-24,GAS,Alpine,44,0.4816963731648049,0.58333523873304,60.16595237008939,155.4567411410151,1095.8656279307222,5.840936824764204,133.62428801931497,after
Canadian Grand Prix,2026-05-24,GAS,Alpine,47,0.42719093031697186,0.7943126892124462,304.26162193690493,378.9116843664356,934.8957574194393,8.861254853048324,542.4089968919855,after
Canadian Grand Prix,2026-05-24,GAS,Alpine,50,0.5621070287391178,0.7023772385457526,49.62421436887548,136.81551295548303,1460.8571850810574,6.317248652741281,203.35769350203745,after
Canadian Grand Prix,2026-05-24,GAS,Alpine,54,0.52644209721404,0.6770858076780735,92.4539600062267,179.75254560377448,1202.1620156261565,5.516541329472311,235.45637632578718,after
Canadian Grand Prix,2026-05-24,GAS,Alpine,60,0.5586889699700864,0.7703521369012599,342.20854810641873,429.34883118125475,1034.4066908802938,7.321166439515421,387.35962804924253,after
Canadian Grand Prix,2026-05-24,GAS,Alpine,61,0.5740676902686775,0.7701225884244577,284.9329636616812,371.6357906532077,1096.25485467048,7.3994082000532675,355.3095201087828,after
Canadian Grand Prix,2026-05-24,GAS,Alpine,63,0.5963361087262864,0.7733813735392311,294.4560705825684,383.1965116791492,1172.1359784680353,6.826656439089851,372.92610922792295,after
Canadian Grand Prix,2026-05-24,SAI,Williams,4,0.460578451253169,0.5488094158583752,84.7155135547833,191.19306512555562,902.4404950707772,3.903534162374886,176.07244215984358,after
Canadian Grand Prix,2026-05-24,SAI,Williams,5,0.47452999662067485,0.5523187906547814,69.10445919902526,175.75188703997716,1008.8592140901945,3.3119812591937765,173.44828762966813,after
Canadian Grand Prix,2026-05-24,SAI,Williams,6,0.4485754675163444,0.5092962005287314,87.73335015689521,197.35253207855905,759.0761098686494,3.2795577968007477,160.7584118800447,after
Canadian Grand Prix,2026-05-24,SAI,Williams,8,0.44461280143839166,0.5406060026587133,92.38151243530395,197.92042705018946,786.175976523032,3.623433835254056,205.20501477595815,after
Canadian Grand Prix,2026-05-24,SAI,Williams,9,0.4974590580500272,0.4921932717671377,92.18527397262972,213.57114696813053,787.0579443902901,1.7670824278724064,195.52207330460166,after
Canadian Grand Prix,2026-05-24,SAI,Williams,11,0.5294226598752269,0.48332429395229975,89.22423051811904,212.5736337868344,816.970810365398,1.553631557685598,192.91196443411158,after
Canadian Grand Prix,2026-05-24,SAI,Williams,14,0.5821982587736397,0.699182511868461,111.35953100203379,205.58596402225845,1377.2498364773471,4.146689726621085,276.4166347757451,after
Canadian Grand Prix,2026-05-24,SAI,Williams,15,0.41070349106658827,0.4429284381364771,107.7526850859475,226.30201170833467,357.1442669565386,2.9045776229811833,227.23692657404604,after
Canadian Grand Prix,2026-05-24,SAI,Williams,18,0.4868701787003099,0.5285410133327937,75.07357385624803,183.67194145271347,916.4133699759885,2.832020517221225,181.07342058008217,after
Canadian Grand Prix,2026-05-24,SAI,Williams,21,0.44440109582738024,0.5121763714902282,98.89814236454642,206.9037900236472,665.6494288366671,2.8891180018217266,207.10357542707416,after
Canadian Grand Prix,2026-05-24,SAI,Williams,23,0.48059136369682065,0.4955237027821206,91.83006470634079,205.37395490309322,714.3101299664278,1.8572233654350099,201.37687324757684,after
Canadian Grand Prix,2026-05-24,SAI,Williams,24,0.4333468845201745,0.5094155759765352,89.90840263534507,194.50893625760236,655.2042193340872,2.400794768581783,184.10429686961993,after
Canadian Grand Prix,2026-05-24,SAI,Williams,26,0.4938259655875153,0.5101706990114403,84.6926660684509,198.2746234278939,845.0432201898075,1.7103048461899841,199.88537984745957,after
Canadian Grand Prix,2026-05-24,SAI,Williams,27,0.5190080418722799,0.5961992538318528,70.98232907104637,170.43259388442436,1158.8614162404922,3.2408577405595667,194.30077914608788,after
Canadian Grand Prix,2026-05-24,SAI,Williams,29,0.4724168114134743,0.5077481984982429,98.37994009513525,209.31052592635376,689.0557800609421,3.779008763502967,269.17429606334287,after
Canadian Grand Prix,2026-05-24,SAI,Williams,34,0.5016734816093624,0.5395055494340422,53.03188389379373,158.2928230942905,1065.9992847790472,3.8401351927761667,,after
Canadian Grand Prix,2026-05-24,SAI,Williams,36,0.4243036735726377,0.5224392838759904,111.54793300778275,210.74205627292855,524.2581522134342,4.131318650820353,257.81642368450144,after
Canadian Grand Prix,2026-05-24,SAI,Williams,37,0.37964591417801946,0.14166335701942875,107.46166822770212,240.33773819000893,280.1676360491806,0.8566543708753139,,after
Canadian Grand Prix,2026-05-24,SAI,Williams,38,0.5160334979588961,0.6099011565974057,86.8262721924061,182.7980135810896,1070.6168959867848,4.008626429424833,223.3796099080387,after
Canadian Grand Prix,2026-05-24,SAI,Williams,39,0.4874967586296727,0.506955975041313,78.39184256839322,188.38568354425408,836.6731302979528,1.9008989350729175,152.06805985948978,after
Canadian Grand Prix,2026-05-24,SAI,Williams,40,0.49365581037470146,0.5703163233574706,82.06258419922072,182.4722541790578,997.7082538391493,3.603950285166786,236.36600996841398,after
Canadian Grand Prix,2026-05-24,SAI,Williams,43,0.4164544458944668,0.531771894507038,116.30789965864162,214.04157777148706,535.5358164368392,3.550807590839871,265.8101669542299,after
Canadian Grand Prix,2026-05-24,SAI,Williams,44,0.4437449515939929,0.5332370802456105,108.58592488017145,207.19040502621712,1020.3026011375331,2.537100454040863,,after
Canadian Grand Prix,2026-05-24,SAI,Williams,47,0.4540070411328083,0.5120739829686735,71.51495843181439,175.08338706554437,810.5875020111796,2.1799458183968565,156.5568934407488,after
Canadian Grand Prix,2026-05-24,SAI,Williams,49,0.4572918773218254,0.5038226692848967,104.92658504219017,211.23177160583003,586.6582228337007,3.0065777688942976,283.43957258243944,after
Canadian Grand Prix,2026-05-24,SAI,Williams,54,0.42424453762578596,0.538600814981455,101.28798636869206,196.72489164225513,631.0560411334293,3.1548560787749405,211.70516969442662,after
Canadian Grand Prix,2026-05-24,SAI,Williams,55,0.4716429832920548,0.5170152768540582,85.13445802128658,188.37443749997496,750.6973259376527,2.5046680433898465,216.7474446422407,after
Canadian Grand Prix,2026-05-24,SAI,Williams,56,0.4870513237078849,0.5346503870337922,72.95711754075242,175.47044301156504,912.4740742756542,3.890370421131097,209.57059242781628,after
Canadian Grand Prix,2026-05-24,SAI,Williams,57,0.44722455633706687,0.4903246766749239,102.99226067993752,208.61088622636836,553.2950204495625,2.9990292201901334,212.17650668813934,after
Canadian Grand Prix,2026-05-24,SAI,Williams,58,0.44743163544458314,0.5300599340674569,100.66047554914212,200.38405309788888,695.2747850703738,2.193595603652296,215.89917034391274,after
Canadian Grand Prix,2026-05-24,SAI,Williams,59,0.4330515165314226,0.5099895132137205,105.94692329325073,206.66010169121873,557.1850805700051,2.97593204988184,190.80719610863395,after
Canadian Grand Prix,2026-05-24,SAI,Williams,62,0.43604062774953145,0.5138825293666925,119.68306807609363,220.07996974769398,502.6327775269664,3.003024939113732,253.1889086248288,after
Canadian Grand Prix,2026-05-24,SAI,Williams,63,0.4317912768697429,0.4876419458329918,125.23283423184864,228.6948959549434,382.2179704910003,2.8742616407664783,260.4604626326815,after
Canadian Grand Prix,2026-05-24,SAI,Williams,64,0.5018759008188409,0.4904199258143409,109.17412951687237,220.40025685111644,633.5584376304375,2.315537478400174,209.35242062220706,after
Canadian Grand Prix,2026-05-24,SAI,Williams,65,0.48798305216950016,0.5094177299078353,109.9550109033098,218.07338586859686,639.8396514595631,2.1076813271769774,230.1251978906478,after
Canadian Grand Prix,2026-05-24,SAI,Williams,66,0.463889719833548,0.5118201151749462,99.70268597235601,204.51988504180778,674.6973199559299,2.135010361561063,193.5949423744944,after
Canadian Grand Prix,2026-05-24,SAI,Williams,67,0.4483194222093696,0.6986185244653397,111.88961678478384,191.78048790117802,1056.9467484114007,2.380510990351658,192.37626535567003,after
Canadian Grand Prix,2026-05-24,BEA,Haas F1 Team,12,0.48811865957235523,0.6111649110473124,62.137788531839206,159.51998874596308,1197.9266966737957,1.3865925028383546,185.52601514627332,after
Canadian Grand Prix,2026-05-24,BEA,Haas F1 Team,19,0.47127055820938096,0.5721389593991016,76.36358323698565,177.3606909249214,985.5412312898492,3.1547131463838767,217.59829291278794,after
Canadian Grand Prix,2026-05-24,BEA,Haas F1 Team,27,0.4648696359287554,0.5606337924836113,92.1104164343728,192.60112865459652,858.0817977639275,2.1201429270589967,198.2361834462532,after
Canadian Grand Prix,2026-05-24,BEA,Haas F1 Team,42,0.4787281643219446,0.5363711940561822,83.73251576987617,185.7595431989342,831.4898726165616,1.475845069635616,204.4652787339801,after
Canadian Grand Prix,2026-05-24,BEA,Haas F1 Team,43,0.44642128432312767,0.5443233233174216,97.92115850888794,196.3959020760259,742.3214395387766,2.5304790444778944,230.05112967634557,after
Canadian Grand Prix,2026-05-24,BEA,Haas F1 Team,56,0.47204406211182676,0.5425266720705522,116.84498799452722,216.59039663081583,649.4037422008225,2.10254830131967,259.2484550309094,after
Canadian Grand Prix,2026-05-24,BEA,Haas F1 Team,58,0.605263207030533,0.4968248337987104,31.227961793062203,148.70588355861716,1245.42992508427,3.968179206800514,,after
Canadian Grand Prix,2026-05-24,BEA,Haas F1 Team,64,0.4558941236904565,0.5463573528816854,122.01902372444708,221.1127962171861,614.4893920772388,2.531489772014547,281.35172589885684,after
Canadian Grand Prix,2026-05-24,BEA,Haas F1 Team,66,0.5115632290084435,0.5359806229991804,79.54496326154465,183.8214082377787,925.7857321883773,1.692527709897196,185.49512034520671,after
Canadian Grand Prix,2026-05-24,PIA,McLaren,8,0.6180243938896991,0.7433225997200167,2.226286432265362,93.06497652191281,1819.9811829580317,5.476502573637422,,after
Canadian Grand Prix,2026-05-24,PIA,McLaren,10,0.5534843632005894,0.5687908252752358,53.68310875802711,162.83013169026958,1248.4614066275517,3.4148628181574505,169.6566636023309,after
Canadian Grand Prix,2026-05-24,PIA,McLaren,17,0.5292603192194898,0.4947813529783074,67.67703665834286,187.67427991350792,967.2018737702857,1.7036797070599485,145.35408718735874,after
Canadian Grand Prix,2026-05-24,PIA,McLaren,37,0.5720911191420548,0.5453097138320654,50.793032194020874,161.40153479958386,1231.439718614356,1.6712747214174168,182.66964120071947,after
Canadian Grand Prix,2026-05-24,PIA,McLaren,46,0.45677941408621997,0.488417521726332,102.65803233907778,213.05878363360796,600.8379995598867,2.136649856515497,182.90216193682002,after
Canadian Grand Prix,2026-05-24,PIA,McLaren,48,0.482195115631988,0.5068510876017849,103.00085876818348,212.2130428712275,711.6679740345216,1.447812007704732,214.6466304361566,after
Canadian Grand Prix,2026-05-24,PIA,McLaren,49,0.43890373818020645,0.5221976136686596,103.69757102266159,204.55037845350617,618.7930142742825,2.5542636377867507,236.6413283781193,after
Canadian Grand Prix,2026-05-24,PIA,McLaren,54,0.5009209008430325,0.5115713980409364,102.69213262658495,211.12051010784617,740.7134661119579,1.5819348945122187,191.1697909580045,after
Canadian Grand Prix,2026-05-24,PIA,McLaren,58,0.513315645203038,0.4744203050554038,88.60305889232394,198.736435547448,673.2911138088958,2.3874642278195872,186.67636028845268,after
Canadian Grand Prix,2026-05-24,PIA,McLaren,60,0.521024127996565,0.5603893273771908,75.37824253694997,176.02597517582763,1013.5079418575511,4.0644807015993205,215.41559374185235,after
Canadian Grand Prix,2026-05-24,PIA,McLaren,61,0.48625969892221027,0.6164634559693103,56.24955768243011,146.55151839647294,1126.228846488338,3.001879669349553,163.8198734155055,after
Canadian Grand Prix,2026-05-24,PIA,McLaren,62,0.5553389623442122,0.6237621479234116,55.33651390941657,149.0954592942242,1277.653829580932,3.3349155117854306,180.01238734878228,after
Canadian Grand Prix,2026-05-24,PIA,McLaren,64,0.8305303062993395,0.9037276732641271,453.00582239672497,553.398093348633,2109.9332376774573,9.715668766621448,347.39124919264765,after
Canadian Grand Prix,2026-05-24,PIA,McLaren,65,0.5215539644727969,0.502969313051998,93.81444350790748,203.20480311265626,774.3958579263119,2.823937630848203,261.13185187599834,after
Canadian Grand Prix,2026-05-24,HUL,Audi,4,0.46073978533354387,0.5360869597806416,79.08180970610205,187.8877861218028,897.4783948947941,2.8335800706116294,169.87282186818794,after
Canadian Grand Prix,2026-05-24,HUL,Audi,14,0.47660847940724405,0.5364262490630516,69.1646389823805,175.890470433195,942.6332139718426,2.943266878729196,165.20528102037986,after
Canadian Grand Prix,2026-05-24,HUL,Audi,15,0.4977363101992773,0.5348400030266774,64.15947575039043,172.88997794893473,997.0757638059746,2.291599193325128,164.8218901674244,after
Canadian Grand Prix,2026-05-24,HUL,Audi,17,0.4977747939278032,0.5499433915681233,83.27869126814265,190.1895666409725,987.3132880155897,3.755035585965996,196.45064578377873,after
Canadian Grand Prix,2026-05-24,HUL,Audi,19,0.49134519738041743,0.5101587066946182,72.52187092734893,186.69924457446794,907.7962146873456,2.1033631831661403,161.96096018630635,after
Canadian Grand Prix,2026-05-24,HUL,Audi,22,0.45012599811889864,0.5051162281241564,86.36323301551501,195.30564123363723,714.424532299188,2.3811306941166133,167.72011797404335,after
Canadian Grand Prix,2026-05-24,HUL,Audi,28,0.47874397542071406,0.5674077277929368,102.91609318731267,203.89467952806044,866.6306886535612,2.2576224448430424,185.82352217154016,after
Canadian Grand Prix,2026-05-24,HUL,Audi,35,0.47300477657473167,0.5170444413289966,87.37826692395203,194.62964529893574,787.564758375159,2.074978533435294,167.01428474518053,after
Canadian Grand Prix,2026-05-24,HUL,Audi,37,0.48489457702060396,0.5649847084413991,80.41437914822427,180.57833444349134,940.2559100029343,1.9250362341650045,181.9016237647207,after
Canadian Grand Prix,2026-05-24,HUL,Audi,40,0.5351414759110288,0.5764074885667537,68.44686923823592,169.8234512452341,1112.7692468316814,2.312431296338802,192.9078972615598,after
Canadian Grand Prix,2026-05-24,HUL,Audi,44,0.4351365048262992,0.5158263889312843,92.92930977064051,194.40450156958187,895.1797398078568,2.0413004119346314,,after
Canadian Grand Prix,2026-05-24,HUL,Audi,47,0.45099130510933944,0.5333974999179226,104.00803362891288,204.99368488754962,679.1297173991395,1.4957473017083869,182.81205747413267,after
Canadian Grand Prix,2026-05-24,HUL,Audi,48,0.4496828101115125,0.5105046231220087,101.21740492910067,204.23595866266822,615.4897673744904,1.5947130944582744,220.12003862450015,after
Canadian Grand Prix,2026-05-24,HUL,Audi,50,0.4543609498119403,0.5467792400434714,98.14283276721554,197.1016538889751,737.6804589330757,2.3854306378495584,219.17683620478138,after
Canadian Grand Prix,2026-05-24,HUL,Audi,55,0.47712000783866315,0.5407536914436961,97.58018659359387,198.46262776531856,755.937213895732,1.9677013956073757,207.15145303521422,after
Canadian Grand Prix,2026-05-24,HUL,Audi,64,0.520506438409894,0.8068996808273268,104.3994223736618,182.06567346209195,1468.9377607633241,1.6966791311796499,,after
Canadian Grand Prix,2026-05-24,HUL,Audi,65,0.6796766115816008,0.8616163340093262,64.62162321726225,147.8379476491293,1823.389993069484,6.25736123844357,227.97586045705117,after
Canadian Grand Prix,2026-05-24,BOR,Audi,8,0.4968360775268718,0.5213411770148066,78.21025317143936,192.78785100346198,935.3847145778474,3.3100082896479934,164.32672296848142,after
Canadian Grand Prix,2026-05-24,BOR,Audi,10,0.4961487988240012,0.5123310521983057,60.035106716797515,173.4564982342936,967.3956023807705,2.727300198996157,121.65670935936039,after
Canadian Grand Prix,2026-05-24,BOR,Audi,11,0.5961642907932211,0.7071716788300373,78.58700171881357,172.89118912262424,1534.3350541283014,4.593969568357045,235.53100179987908,after
Canadian Grand Prix,2026-05-24,BOR,Audi,13,0.4390331195742766,0.522168075527894,82.44139763028763,189.12580203618325,779.1243882672889,2.4864038273784597,144.3844683773833,after
Canadian Grand Prix,2026-05-24,BOR,Audi,16,0.45519662732224797,0.5472174890242768,74.90618397680319,179.72149489562645,922.1802918083139,3.047376313138624,158.0485440525114,after
Canadian Grand Prix,2026-05-24,BOR,Audi,27,0.715637724052499,0.9999994705737206,0.5050267468741243,81.63554847964437,2115.514068578563,9.232356088440309,308.6478998419625,after
Canadian Grand Prix,2026-05-24,BOR,Audi,34,0.4378072945038475,0.5175026158352996,112.59880688231704,215.92436468309066,545.1021491406507,2.291453747058218,252.54928522772582,after
Canadian Grand Prix,2026-05-24,BOR,Audi,37,0.4329563760416014,0.522097264118855,94.6030560162761,197.20154587608982,672.8205541733004,2.7118436453559323,228.8762547732819,after
Canadian Grand Prix,2026-05-24,BOR,Audi,38,0.451056812458723,0.5094736223101013,108.05963928104934,214.04227199620533,573.4603878190577,2.22870848992269,237.1993341612884,after
Canadian Grand Prix,2026-05-24,BOR,Audi,41,0.46311391103229527,0.5493458831845646,108.7227565725857,209.59178466744657,713.7769844850046,2.3151555310104133,278.60322709039866,after
Canadian Grand Prix,2026-05-24,BOR,Audi,50,0.4472311428727279,0.5198089080350105,100.92699937154077,203.33252323665948,645.9215613823864,2.2304612361067306,201.91493500014755,after
Canadian Grand Prix,2026-05-24,BOR,Audi,58,0.4380795117583169,0.548857164190657,104.3232144441415,201.45421352634466,691.2984722830283,2.8157851019431974,254.09285395863594,after
Canadian Grand Prix,2026-05-24,OCO,Haas F1 Team,7,0.5714363799351456,0.8956192848306357,523.4264649933027,611.4190921961808,1700.669217751538,4.364265967491704,263.2307268174945,after
Canadian Grand Prix,2026-05-24,OCO,Haas F1 Team,21,0.4855227302151288,0.4832625156111927,81.49606278196998,195.73122948123822,747.5477150401038,1.4665952589222655,168.5254778052692,after
Canadian Grand Prix,2026-05-24,OCO,Haas F1 Team,24,0.43968807598461407,0.5248017783584321,94.26991021681249,198.5159269307552,718.6368485580911,1.5657264936637851,166.57436849531365,after
Canadian Grand Prix,2026-05-24,OCO,Haas F1 Team,28,0.5626200462695874,0.8676183114480795,505.4783292395984,592.6016887005748,1316.4148303022264,5.266134097700353,445.3374744720059,after
Canadian Grand Prix,2026-05-24,OCO,Haas F1 Team,35,0.5129226467500657,0.8539817739902534,449.01834010533133,531.3617040898239,1072.2670420558359,4.641797478876231,480.65995005764023,after
Canadian Grand Prix,2026-05-24,OCO,Haas F1 Team,36,0.48200910022816,0.6751711706622493,97.59219301857449,183.09999083016996,1087.613808238242,2.1790249648876343,199.78927483837126,after
Canadian Grand Prix,2026-05-24,OCO,Haas F1 Team,39,0.6943110622118134,0.9996757194494291,110.80764599577616,192.94304407770124,1988.233680445505,9.76248799416805,319.6581292942778,after
Canadian Grand Prix,2026-05-24,OCO,Haas F1 Team,40,0.5191117828136667,0.8064231502335446,289.3978271135299,370.28709609649326,1064.9695635679939,3.1735228056918636,372.69823769473436,after
Canadian Grand Prix,2026-05-24,OCO,Haas F1 Team,42,0.4855933742538179,0.6794201621147186,81.25567322546189,165.52610631521264,1218.544114731911,5.102801754223066,158.20164617001998,after
Canadian Grand Prix,2026-05-24,OCO,Haas F1 Team,43,0.5068127579637028,0.8704616262237906,455.72597067118414,536.7119672461064,1135.682217842628,4.630286103602887,446.6339196977442,after
Canadian Grand Prix,2026-05-24,OCO,Haas F1 Team,47,0.41905199997409903,0.7375204692488554,256.02321610677615,332.5421203333902,634.5215506594151,2.340538600964457,334.4254621124277,after
Canadian Grand Prix,2026-05-24,OCO,Haas F1 Team,54,0.46390947911840613,0.6841556988204708,101.32097809109327,183.10711260000957,1057.3793872397496,1.4148227012552284,190.79236766987864,after
Canadian Grand Prix,2026-05-24,OCO,Haas F1 Team,58,0.44877284296953585,0.6675387533675035,119.14418749301588,201.08891888872824,911.1759748387167,1.4747873178545785,228.00243073282343,after
Canadian Grand Prix,2026-05-24,OCO,Haas F1 Team,60,0.44750668617225176,0.48148682127169595,112.19570770551104,218.21707912425566,458.74510849397143,1.501473657129301,206.8889260186569,after
Canadian Grand Prix,2026-05-24,OCO,Haas F1 Team,63,0.4338860429371126,0.517988522878243,123.29474890957574,222.49399048952125,477.9943413418142,1.713306908462192,239.2911840522539,after
Canadian Grand Prix,2026-05-24,STR,Aston Martin,7,0.345253386108583,0.5475438554277128,116.11439676629489,206.92461872389222,478.2597093161788,5.829948912542112,220.64737237874536,after
Canadian Grand Prix,2026-05-24,STR,Aston Martin,10,0.4182485723594811,0.696025778171129,130.0962891221963,211.87220654240227,1005.7321082041474,7.730548394134462,239.72206164224107,after
Canadian Grand Prix,2026-05-24,STR,Aston Martin,24,0.35179234273319226,0.5887134887265756,2123.829585779672,2235.1299095545337,913.2383501464875,7.264494525362398,227.733708347558,after
Canadian Grand Prix,2026-05-24,STR,Aston Martin,33,0.3435192569708695,0.7906744599003075,30.87814753650354,94.55143492204334,966.2346313774816,10.142553028791252,203.0122139831165,after
Canadian Grand Prix,2026-05-24,STR,Aston Martin,36,0.2957153680433745,0.5876046678316421,97.97716172326972,171.82810343064594,505.6748177019036,8.018408291426015,143.250687426011,after
Canadian Grand Prix,2026-05-24,STR,Aston Martin,39,0.34875945449369516,0.5305461781107953,138.61501226634917,226.74232180697928,255.71830667940336,5.543150863038965,253.05009271959517,after
Canadian Grand Prix,2026-05-24,STR,Aston Martin,40,0.3431101591566045,0.5329017136427853,109.04532935513625,195.57603032569034,450.4342200889439,6.795255953781467,196.2754419686377,after
Canadian Grand Prix,2026-05-24,STR,Aston Martin,41,0.346956421454487,0.47995246912829537,61.84846690581423,156.8250178876724,845.9817888974881,6.357613132256168,146.95052766125346,after
Canadian Grand Prix,2026-05-24,STR,Aston Martin,42,0.45732997647388224,0.44697241019637723,106.98003065341193,221.98924337847723,438.0109724641017,2.971800346252895,216.3660861926369,after
Canadian Grand Prix,2026-05-24,STR,Aston Martin,53,0.340628778680137,0.5582458808042964,128.3411736809753,210.45480722803123,386.3741190130477,6.098151783456294,275.8685100802641,after
Canadian Grand Prix,2026-05-24,STR,Aston Martin,54,0.3075531663684805,0.5815268237591839,171.4709867577564,247.16068132771005,146.6400415083674,6.606974161980556,330.2073096540517,after
Canadian Grand Prix,2026-05-24,STR,Aston Martin,57,0.13996566965332236,0.19092025401643317,301.09929311114917,350.087277489812,53.818748002582176,6.572408131392076,242.26012162744394,after
Canadian Grand Prix,2026-05-24,STR,Aston Martin,59,0.3031438715373767,0.548002661162261,155.6892996104339,233.58348483090592,92.67538646731913,6.274102317691705,303.54539456789223,after
Canadian Grand Prix,2026-05-24,STR,Aston Martin,61,0.30927255863192843,0.5414373299355444,167.49193444697121,247.3389526026774,45.08993851022364,7.911238884136865,305.1637103719141,after
Canadian Grand Prix,2026-05-24,BOT,Cadillac,5,0.39632813672180345,0.5556309051028393,144.63236033317938,240.04716571905897,489.18014707465,1.4501344611334104,247.352419946264,after
Canadian Grand Prix,2026-05-24,BOT,Cadillac,7,0.38178775403417325,0.5494474377804013,217.42337872692764,311.84200012173716,38.00801464070656,3.4086731166508644,348.0545893378939,after
Canadian Grand Prix,2026-05-24,BOT,Cadillac,8,0.42274103757038767,0.5305168431515201,178.36123057961868,281.7928027542876,236.38430322193918,2.3995708454578746,317.5688737266078,after
Canadian Grand Prix,2026-05-24,BOT,Cadillac,11,0.40550340335659224,0.543127222649438,138.5242581522393,235.98666703590123,463.93452581884225,2.013050351131576,238.0018049084203,after
Canadian Grand Prix,2026-05-24,BOT,Cadillac,12,0.38722840484595356,0.5295145429710216,106.57257467914215,203.38573925963115,562.4729787381509,3.4670945651881886,185.70188065567385,after
Canadian Grand Prix,2026-05-24,BOT,Cadillac,13,0.46890995768803806,0.5225172255642525,92.36061717907018,200.15431663829415,779.202471686624,2.0599592875734176,240.611829951621,after
Canadian Grand Prix,2026-05-24,BOT,Cadillac,15,0.4230517654594603,0.5260232088276298,163.84477924654828,264.67218506591706,318.55693834346465,2.4337452150786776,313.30606826877687,after
Canadian Grand Prix,2026-05-24,BOT,Cadillac,18,0.44748094554244056,0.5731419861571642,199.71062570737058,298.313312772002,327.0588388271593,3.277048219345677,337.75320221812143,after
Canadian Grand Prix,2026-05-24,BOT,Cadillac,19,0.40218336766572654,0.5044677734524533,141.57028769158234,243.7286954070548,328.34782980826657,1.3047835462461388,216.37311046425748,after
Canadian Grand Prix,2026-05-24,BOT,Cadillac,23,0.512493688799912,0.49259332248196686,71.05024579099585,186.31974158124044,901.04840580754,1.6638408939476124,175.65225662204432,after
Canadian Grand Prix,2026-05-24,BOT,Cadillac,25,0.4078505695141151,0.5368344826579876,162.20658916106535,260.1542001570991,345.87103270915327,2.585914411681515,281.7028366827904,after
Canadian Grand Prix,2026-05-24,BOT,Cadillac,26,0.4034577905966861,0.5041442754040902,164.28573554296892,265.4428778716518,188.16780233923095,2.2936626824240856,314.17858713514516,after
Canadian Grand Prix,2026-05-24,BOT,Cadillac,27,0.3914442882137086,0.5164071665076686,178.45983601431627,276.98314918749537,108.95386025242426,2.410104946727595,321.2424480984135,after
Canadian Grand Prix,2026-05-24,BOT,Cadillac,31,0.40691732944698866,0.5947044996600276,192.67673856779854,282.58687347168245,391.69832165310277,3.3585878626931107,368.0780257694984,after
Canadian Grand Prix,2026-05-24,BOT,Cadillac,37,0.4381676925788292,0.47667379696456036,125.51104985888621,235.25505417675706,389.6079883780806,1.6652326654430187,219.81701018277187,after
Canadian Grand Prix,2026-05-24,BOT,Cadillac,39,0.38795426532099153,0.52728483956933,211.15970252207288,304.7263883578356,-70.91463831780287,3.01301444198244,358.85374185734264,after
Canadian Grand Prix,2026-05-24,BOT,Cadillac,42,0.38958271979888814,0.4972884634589979,205.1261863404204,303.8837081261038,-152.33438863533829,2.74540737457983,327.14178237605165,after
Canadian Grand Prix,2026-05-24,BOT,Cadillac,45,0.3783125201746438,0.5516308149233785,189.32955156124936,278.6591326139167,99.81672992494339,2.559912947339743,319.4548562497233,after
Canadian Grand Prix,2026-05-24,BOT,Cadillac,46,0.5027842939343103,0.4605439346629144,110.80560916110959,225.12300202842488,823.2723703612421,1.839778513507045,223.03004254864314,after
Canadian Grand Prix,2026-05-24,BOT,Cadillac,47,0.4724508475176666,0.6546119586100129,184.69006779347168,271.12998078049674,716.9000390953843,2.809952662739864,335.137236101461,after
Canadian Grand Prix,2026-05-24,BOT,Cadillac,48,0.421816821965684,0.49173984371379753,136.30262972628694,237.38128359778423,304.97601542115007,1.9000101939924048,271.28927601162906,after
Canadian Grand Prix,2026-05-24,BOT,Cadillac,51,0.37189042756265794,0.6071266813814885,249.03213915014052,331.0001908003562,5.204274673709792,3.6637491171858803,367.51006026957543,after
Canadian Grand Prix,2026-05-24,BOT,Cadillac,52,0.4549772863426929,0.5615274592720898,169.97618854963147,267.3981972322692,487.536684087832,3.0406240174679966,353.7861735710238,after
Canadian Grand Prix,2026-05-24,BOT,Cadillac,55,0.37839897934689576,0.5644655563554182,204.67905392023667,291.06017726442457,62.44600462611547,3.5309143830477607,340.6479025516737,after
Canadian Grand Prix,2026-05-24,BOT,Cadillac,58,0.43490177490770315,0.4678657136198486,144.10024833126582,250.1955269426856,481.792247345842,1.0516757088312783,260.9533336968617,after
Canadian Grand Prix,2026-05-24,BOT,Cadillac,59,0.43104824302970907,0.6282482438552287,202.4501158958499,287.0823685084552,458.63554662246037,2.8241741943512437,346.2386758243174,after
Canadian Grand Prix,2026-05-24,BOT,Cadillac,61,0.41413929920485065,0.4935770287254858,181.36281702862382,281.2604689151265,10.305042726740561,2.8101644559335264,320.5019045442282,after
Canadian Grand Prix,2026-05-24,BOT,Cadillac,63,0.4381485215354664,0.4958011724457758,163.76361267721788,267.85515759833123,222.61733398390615,2.202470616683815,294.4320613490242,after
Canadian Grand Prix,2026-05-24,BOT,Cadillac,64,0.40763570153334056,0.5143461410999237,174.54751382893946,270.2846415066491,99.16412415814949,2.832440692502053,315.0737637368666,after
Canadian Grand Prix,2026-05-24,PER,Cadillac,4,0.4872316330873652,0.5959630778789605,89.92117302283118,191.4488240059279,1058.906948882512,2.22987008537489,198.04282758165908,after
Canadian Grand Prix,2026-05-24,PER,Cadillac,8,0.48767526055916766,0.5249417570473162,86.4137830644989,196.75836815940355,864.2589715957242,1.8622921842642615,181.64589696147485,after
Canadian Grand Prix,2026-05-24,PER,Cadillac,10,0.4569571137700544,0.5209536771700813,110.3232897309315,219.1749039651681,671.0163938760827,2.377858347537399,242.5530825496529,after
Canadian Grand Prix,2026-05-24,PER,Cadillac,11,0.476548577269798,0.5111456605834923,94.63197193526987,207.52320658559702,774.8830860196088,2.6576289464746066,220.0680659649176,after
Canadian Grand Prix,2026-05-24,PER,Cadillac,13,0.6545628425607708,0.8577724288728452,798.1379073297486,899.7130765960857,1819.8494185482539,4.530730558254177,260.01104987088723,after
Canadian Grand Prix,2026-05-24,PER,Cadillac,19,0.42246162532664205,0.5205087660778109,143.8909502542127,249.01720789181078,375.33048088483895,1.627025183762617,273.721663991819,after
Canadian Grand Prix,2026-05-24,PER,Cadillac,20,0.4251566630965447,0.5003830122270052,144.65625560375562,251.698466092352,339.0223560150916,2.058091524598217,259.1613141877455,after
Canadian Grand Prix,2026-05-24,PER,Cadillac,22,0.46147388586354937,0.4980465049126118,100.17795824416068,211.74203825653163,671.7520231233459,1.80110316359015,191.99701851285135,after
Canadian Grand Prix,2026-05-24,PER,Cadillac,26,0.41656647503346644,0.5373979668276134,140.1418259407458,239.90351883207194,480.75834753854423,1.865203834406404,250.05859439384747,after
Canadian Grand Prix,2026-05-24,PER,Cadillac,27,0.4076428991750281,0.5219625957909922,144.342733795067,244.59451630745468,345.6720795960992,1.9151277210867288,238.82287898579636,after
Canadian Grand Prix,2026-05-24,PER,Cadillac,28,0.41818308499726287,0.5203721537924534,143.81269622142327,245.3321698591242,346.389980324105,2.6750927870583583,246.94001210044007,after
Canadian Grand Prix,2026-05-24,PER,Cadillac,32,0.6292118203225006,0.8031544624299768,64.81119667029293,150.66798627234797,1821.5456404458141,5.454073637964313,,after
Canadian Grand Prix,2026-05-24,PER,Cadillac,33,0.7808919377388639,0.6705377965520359,31.06667308740574,124.84994182189861,1251.2368992453175,2.8602317384825313,716.1953481252248,after
Canadian Grand Prix,2026-05-24,PER,Cadillac,35,0.4849352446440925,0.7999047065319841,156.1074184168612,232.92289526026423,1238.7522617328934,2.1796879131355364,232.5377671625435,after
Canadian Grand Prix,2026-05-24,PER,Cadillac,36,0.4781406944883936,0.468286595526328,62.340051146092634,178.13104672810283,815.1179409336459,1.497502951453159,126.16632480210754,after
Canadian Grand Prix,2026-05-24,PER,Cadillac,39,0.46288771712049415,0.7149537371602632,215.1343114898086,297.5473055337927,1268.1789315528083,2.67305471270719,,after
Canadian Grand Prix,2026-05-24,NOR,McLaren,8,0.5757171242100217,0.579733597166303,95.57326877684099,206.37225132687158,1183.5104236924158,4.070678851062766,199.09159103806948,after
Canadian Grand Prix,2026-05-24,NOR,McLaren,9,0.5373474862012165,0.5165484260935507,52.103295462829976,170.9796353544218,1141.0304214418845,2.763812927751827,149.70882347684005,after
Canadian Grand Prix,2026-05-24,NOR,McLaren,10,0.6199928500465279,0.8104958501833154,77.82297062165539,165.170198703644,1820.2838971427664,2.9847609379787143,,after
Canadian Grand Prix,2026-05-24,NOR,McLaren,13,0.4779054095998654,0.5004000627663379,88.28876365741642,204.13717749434403,794.0425626244067,2.0036928367724363,162.22368873094211,after
Canadian Grand Prix,2026-05-24,NOR,McLaren,17,0.5540644845061281,0.6022084061413787,59.94283307244742,163.21091864753444,1339.3192546393836,3.2941876142458146,183.06859246666735,after
Canadian Grand Prix,2026-05-24,NOR,McLaren,19,0.5539431667509342,0.59850404394915,78.17099272306409,182.6127861772573,1244.88254878576,3.022760840935562,195.22122665834218,after
Canadian Grand Prix,2026-05-24,NOR,McLaren,20,0.5305549393770568,0.5521322496461321,53.29824855770529,161.56361276695455,1159.0482782328663,2.9618272917773623,190.78212973590834,after
Canadian Grand Prix,2026-05-24,NOR,McLaren,22,0.44664044580927065,0.4953656048502326,98.70217467527274,211.1987935219729,678.1242671442076,2.0820032024312534,179.05317376027102,after
Canadian Grand Prix,2026-05-24,NOR,McLaren,25,0.6085270791207211,0.5439596228887051,59.120251973441626,173.996073451798,1266.6104394853346,1.7251635169272734,180.7424262106907,after
Canadian Grand Prix,2026-05-24,NOR,McLaren,26,0.520447540485662,0.5396500259213269,63.088786215535464,171.84256547789246,1066.2841876027594,2.909110966585223,171.2855682504989,after
Canadian Grand Prix,2026-05-24,NOR,McLaren,27,0.5504586212257742,0.541809394251539,58.399126829588766,169.02390312908932,1151.5907716665488,2.4178767256925324,148.89364749975027,after
Canadian Grand Prix,2026-05-24,NOR,McLaren,28,0.5602629298794821,0.5669195434663588,64.54573251714791,172.73782965508832,1222.0996063658993,2.6248385903032654,177.9046342595832,after
Canadian Grand Prix,2026-05-24,NOR,McLaren,29,0.5234201368405863,0.5442925530303611,64.40049477966434,172.41544312065025,1085.9077082616539,2.7847236196057934,156.87534854050767,after
Canadian Grand Prix,2026-05-24,NOR,McLaren,32,0.493542336786791,0.6101152010802743,109.27062512274111,206.02723046174788,1007.3404983257418,2.309639195776885,234.6231942830573,after
Canadian Grand Prix,2026-05-24,NOR,McLaren,33,0.4939875913830867,0.5238409776802403,71.11794534984526,179.92922631727888,938.747421481968,2.69826730686038,164.60860503049844,after
Canadian Grand Prix,2026-05-24,NOR,McLaren,36,0.6967706948170677,0.9988133745215984,28603.291526314042,28847.16126950002,1838.1270153479488,8.928359883928437,314.4049001863195,after
Canadian Grand Prix,2026-05-24,NOR,McLaren,37,0.4673035230993837,0.45592313484911934,79.0611377938229,199.8395897433863,686.0096438833082,1.9799020931202318,173.57779318618762,after
Canadian Grand Prix,2026-05-24,RUS,Mercedes,4,0.5513018466867002,0.636458779242489,72.48819805345052,171.45189101688317,1300.944652786785,4.643800909890185,244.7875027413593,after
Canadian Grand Prix,2026-05-24,RUS,Mercedes,5,0.5668222123681015,0.6824684912065265,62.45363041867494,156.93497045056964,1433.9553040035125,4.287551007017646,236.46377153682673,after
Canadian Grand Prix,2026-05-24,RUS,Mercedes,6,0.6698168210453014,0.9070045140421827,552.5944941824581,648.3079865288082,1632.3376596016487,6.865718325313678,460.6689845212559,after
Canadian Grand Prix,2026-05-24,RUS,Mercedes,7,0.48159260275507054,0.641080053086679,130.46513031203125,224.00629521026838,919.129599834717,3.3581593549277855,276.2683023883385,after
Canadian Grand Prix,2026-05-24,RUS,Mercedes,9,0.511804824886053,0.672569935506626,120.08393691030645,212.66409174613398,1089.4462477816933,3.0659215527081645,277.9951772618314,after
Canadian Grand Prix,2026-05-24,RUS,Mercedes,11,0.46788880146491735,0.6428048929377647,113.68927915183251,205.56390275934325,957.4989221565742,3.488175082957973,247.3800310273525,after
Canadian Grand Prix,2026-05-24,RUS,Mercedes,15,0.5121348558759399,0.626929019185386,171.1197347942549,269.891587010409,769.1339181081798,5.698572908586363,312.84613025993195,after
Canadian Grand Prix,2026-05-24,RUS,Mercedes,16,0.5012121025949102,0.7309452710651659,141.8227720362745,227.65062620616953,1154.1429596882613,4.913789032341209,271.36560223252025,after
Canadian Grand Prix,2026-05-24,RUS,Mercedes,23,0.6834714845229322,0.9999991721093238,3998.8947994128043,4175.690653399039,1995.8005162147247,7.949564615498196,195.47632915069855,after
Canadian Grand Prix,2026-05-24,RUS,Mercedes,26,0.47256092510633807,0.6653483899688135,101.88657428550694,190.17365512503463,1080.7955541452716,3.9386083675745756,183.6531073781288,after
Canadian Grand Prix,2026-05-24,ALB,Williams,5,0.5814231541416186,0.6860311647401609,5.88528540459582,100.31677410610723,1659.7849726990585,4.188801984966339,,after
Canadian Grand Prix,2026-05-24,ALB,Williams,8,0.5563040360545793,0.6071451194273285,24.064856547490702,125.12377781075944,1401.713471656856,4.329801397525758,,after
Canadian Grand Prix,2026-05-24,ALB,Williams,9,0.5225973134170553,0.6174800575801108,83.94019378799881,182.66437240573995,1153.8532121090109,3.7928365532818376,254.67904138818062,after
Canadian Grand Prix,2026-05-24,ALB,Williams,10,0.5028280825801661,0.5295850867923593,66.61886588261119,177.4031845320969,987.1958370636698,2.9597616522898247,221.19747665741448,after
Austrian Grand Prix,2026-06-28,RUS,Mercedes,6,0.5233264151732813,0.4128584411439084,148.58452901696919,277.8528697635781,240.21606912209495,2.0846885905989456,350.64383021709745,after
Austrian Grand Prix,2026-06-28,RUS,Mercedes,7,0.5918463406805335,0.4239465523589405,129.50370231791106,268.05061631359547,408.13525150407264,1.344099893011528,323.7525824992118,after
Austrian Grand Prix,2026-06-28,RUS,Mercedes,9,0.6035230573644823,0.4141456801708784,100.10418218087445,242.60245841340966,475.18538331443665,1.611170870537266,248.1386116313176,after
Austrian Grand Prix,2026-06-28,RUS,Mercedes,10,0.5860963723921482,0.4166379463571048,116.37183432591443,256.1562863110266,419.5045355393741,1.7237922206523477,327.3575676771223,after
Austrian Grand Prix,2026-06-28,RUS,Mercedes,11,0.5746570696127967,0.3996617740114846,86.56927929025117,225.0853303446148,445.6737285361927,1.0112012483446609,243.0828226298275,after
Austrian Grand Prix,2026-06-28,RUS,Mercedes,13,0.5278789563780986,0.41984036478851894,104.18670827039713,237.04672927075666,399.1819197607953,1.297371498468389,257.54591499853234,after
Austrian Grand Prix,2026-06-28,RUS,Mercedes,14,0.5610568242693661,0.38943505045246446,87.03731674136704,226.47879660899898,422.1575513817612,1.2172836440691988,255.1377002030398,after
Austrian Grand Prix,2026-06-28,RUS,Mercedes,15,0.6223721470619692,0.4044980134496201,99.18214414055771,244.92212353815196,477.9504938315335,1.0703121895634784,235.05815717320226,after
Austrian Grand Prix,2026-06-28,RUS,Mercedes,16,0.6604937752873012,0.39238479405480076,86.35756302555515,242.965156078303,536.277602024029,1.79351557942384,252.52050233978395,after
Austrian Grand Prix,2026-06-28,RUS,Mercedes,17,0.6768577238094512,0.40336691921919954,84.0441711797236,239.0841769341936,588.2385947527284,1.2974734707145856,221.6409450720505,after
Austrian Grand Prix,2026-06-28,RUS,Mercedes,21,0.6730023691062931,0.42826317329479885,91.93538533301057,233.04691455530218,562.6895452870883,1.4831103758883752,344.86072926648757,after
Austrian Grand Prix,2026-06-28,RUS,Mercedes,22,0.6906679118616533,0.4666893260427253,177.396082451062,320.5309467201398,469.03368316510415,2.493755914312905,341.9839258998201,after
Austrian Grand Prix,2026-06-28,RUS,Mercedes,23,0.6465641268246473,0.5024102547749826,301.2576969708987,434.010017120894,218.25429743595967,1.564432490108646,447.43449884631553,after
Austrian Grand Prix,2026-06-28,RUS,Mercedes,24,0.6163323406617562,0.4902603178731636,265.65355092478376,397.413698981297,237.2532931799431,1.8584530648474067,389.6943548335894,after
Austrian Grand Prix,2026-06-28,RUS,Mercedes,27,0.5468564556749936,0.4859827238757895,194.36766969717553,318.09870253927124,367.7839951447943,1.8657674702816114,418.0184130421132,after
Austrian Grand Prix,2026-06-28,RUS,Mercedes,29,0.7186771829638672,0.38446388498786227,43.832374791295784,201.36543040188965,670.8653518700471,1.307439257380358,173.6767993321085,after
Austrian Grand Prix,2026-06-28,RUS,Mercedes,30,0.7102531213846184,0.38921350884568673,81.71538777544971,234.47056165401247,540.3927663281258,1.4113918607787561,295.68161324603375,after
Austrian Grand Prix,2026-06-28,RUS,Mercedes,31,0.743516103949391,0.44118258157278334,79.05597642159425,223.94500398178346,681.4782875961579,1.2741064875308954,310.2480886713725,after
Austrian Grand Prix,2026-06-28,RUS,Mercedes,32,0.8222796922020671,0.48568956044169354,162.28492538803866,311.1334656096499,700.9469384612718,1.8570392362156853,346.3062226216125,after
Austrian Grand Prix,2026-06-28,RUS,Mercedes,33,0.670969998239144,0.5264587468834149,255.2792135470859,385.4091750152141,432.76137153117133,1.6030513128296144,409.75512214240325,after
Austrian Grand Prix,2026-06-28,RUS,Mercedes,34,0.6751961922050113,0.49870901038221616,244.63048500307175,378.3657530585375,434.9398370120949,1.4105334129017375,446.13125994565735,after
Austrian Grand Prix,2026-06-28,RUS,Mercedes,35,0.5554260668914887,0.49505768811205203,240.8976676510732,360.2910319055273,261.14369047746555,2.155517615225166,431.5781651184361,after
Austrian Grand Prix,2026-06-28,RUS,Mercedes,36,0.7115892963494502,0.5149369498030807,258.4397903490216,391.9413599164562,438.65111275973607,1.4154020296295602,377.39428882798006,after
Austrian Grand Prix,2026-06-28,RUS,Mercedes,37,0.7169260306976506,0.48932171782941336,177.5173779545039,314.52856706353543,540.8582276934471,1.7452551725911336,373.5317184301715,after
Austrian Grand Prix,2026-06-28,RUS,Mercedes,38,0.7839511717173175,0.4504277784213672,52.19996184195822,197.45890281662315,784.9330359210177,1.1776913384848207,383.74435113311876,after
Austrian Grand Prix,2026-06-28,RUS,Mercedes,39,0.6503922764282374,0.4869982169280128,115.49857753590243,244.76944681898533,595.168163153054,1.169143193770512,305.9070182255815,after
Austrian Grand Prix,2026-06-28,RUS,Mercedes,40,0.6813017042101235,0.3998384606471899,66.40272452483525,214.36109027380886,594.7784917678445,1.1898286703187404,213.02625588042196,after
Austrian Grand Prix,2026-06-28,RUS,Mercedes,41,0.6598683953038224,0.4712250604562761,111.75786934807776,243.35971923475137,586.3291776181629,1.5320753833886724,303.523425449201,after
Austrian Grand Prix,2026-06-28,RUS,Mercedes,42,0.6734590807390111,0.48381323828391054,107.13143861047739,237.45024110861186,628.2522196630568,1.4329200274960006,271.4520821636074,after
Austrian Grand Prix,2026-06-28,RUS,Mercedes,45,0.7106888056778192,0.4894012821814439,128.83365383253894,260.48121861040613,608.0962337882894,1.2985907830026453,305.43280037328566,after
Austrian Grand Prix,2026-06-28,RUS,Mercedes,47,0.6901015865992602,0.4535307501777451,65.28932372398427,199.93920777838733,678.41180393109,0.9437354130480198,226.53015284216926,after
Austrian Grand Prix,2026-06-28,RUS,Mercedes,49,0.7759284383685414,0.5555576000729795,288.2830622065059,420.8861653811254,630.8166117096504,0.9967070596935708,391.1207683443838,after
Austrian Grand Prix,2026-06-28,RUS,Mercedes,51,0.8105808076918235,0.5411316694171031,179.33992707525485,313.3884297954018,749.3800540068297,1.3743184605337124,433.0901477351481,after
Austrian Grand Prix,2026-06-28,RUS,Mercedes,52,0.7095164842859478,0.45978854334447,127.49803070050768,265.5205168983525,579.8168561594331,1.3147122653485601,311.3315963324559,after
Austrian Grand Prix,2026-06-28,RUS,Mercedes,54,0.7058053848650475,0.49511429573097165,166.37577503534268,296.09288322545746,514.3346220041926,1.591198034778159,345.5407127150233,after
Austrian Grand Prix,2026-06-28,RUS,Mercedes,55,0.772738474928144,0.500860858241956,155.6441510443439,290.1843900887461,634.123169154637,1.3905091079378862,357.5179931876345,after
Austrian Grand Prix,2026-06-28,RUS,Mercedes,56,0.7849791658065169,0.5475989892352036,297.4996922995221,430.25177674066884,549.2691180777947,0.8287657724407304,438.40733298691237,after
Austrian Grand Prix,2026-06-28,RUS,Mercedes,59,0.6853750889217797,0.464741235230539,125.51943742049443,259.0879273085229,564.9852025318763,1.4458010171775315,306.838458904787,after
Austrian Grand Prix,2026-06-28,RUS,Mercedes,60,0.620628062122072,0.40855354642228286,115.29449251177728,248.77712049948528,399.421126843172,1.539616199295452,303.2095351217194,after
Austrian Grand Prix,2026-06-28,RUS,Mercedes,61,0.6637299757481082,0.4705950383548131,128.39203484940634,257.62837620762207,541.3466054757014,1.281315547594595,296.13620269361627,after
Austrian Grand Prix,2026-06-28,RUS,Mercedes,63,0.7157343784462995,0.4727177221313683,88.23167234643532,222.41367443718218,683.9399659517287,1.047732236943508,308.58560941895064,after
Austrian Grand Prix,2026-06-28,RUS,Mercedes,65,0.817130438522188,0.5242679956710649,95.49746190210217,229.39299276394257,853.875502913833,1.0792157533662254,306.8490595182853,after
Austrian Grand Prix,2026-06-28,RUS,Mercedes,68,0.6816415159078589,0.4635677909981306,123.80696974526974,255.81917512048463,545.7248938372928,1.0893978039973766,255.94296622515012,after
Austrian Grand Prix,2026-06-28,RUS,Mercedes,69,0.7409475709080278,0.4614262960424342,82.96029592741272,219.6689913062785,696.3223997443209,0.8590769631169042,234.39883965658996,after
Austrian Grand Prix,2026-06-28,RUS,Mercedes,70,0.8171740145811388,0.7008438205229477,1136.0763210131697,1281.0656075122465,858.9838552478326,1.007089425440001,477.40288547182274,after
Austrian Grand Prix,2026-06-28,RUS,Mercedes,71,0.6278815056101674,0.4262127207459177,73.24855040092206,201.62140845111944,541.2073434629721,1.2530449299255677,208.48651874529384,after
Austrian Grand Prix,2026-06-28,VER,Red Bull Racing,2,0.9623683299809968,0.592995569137607,189.7863023560993,334.1236267348707,1083.7796914698006,1.5577651521793652,,after
Austrian Grand Prix,2026-06-28,VER,Red Bull Racing,6,0.6846149293103885,0.4660055090816495,110.74501309685894,251.12282298787574,640.685272999202,1.4038869335747322,444.74579594851645,after
Austrian Grand Prix,2026-06-28,VER,Red Bull Racing,7,0.7827211377720757,0.5037917989258849,123.14802023338092,266.90437227805154,782.452858861796,1.01580539073662,437.13486511039605,after
Austrian Grand Prix,2026-06-28,VER,Red Bull Racing,9,0.8818209958708921,0.580166221767852,297.75520139083557,440.2024846806476,928.8205462808647,1.087876509283308,458.3921522340159,after
Austrian Grand Prix,2026-06-28,VER,Red Bull Racing,10,0.8812827429891569,0.553513978845177,132.34200383060144,273.9344617034532,991.6052178436533,1.0176293209790188,374.9119618625098,after
Austrian Grand Prix,2026-06-28,VER,Red Bull Racing,11,0.9999999999287126,0.9802128959875726,87.35004204408881,217.18561594768448,1392.1100714945976,4.426317883702297,,after
Austrian Grand Prix,2026-06-28,VER,Red Bull Racing,12,0.6810529879179748,0.3441638899627968,2.887982427497255,165.2532603317324,689.703505110666,1.6152083768377252,415.00069078938077,after
Austrian Grand Prix,2026-06-28,VER,Red Bull Racing,13,0.5244803065750249,0.29154529117215355,41.69581490166736,194.0180085708552,365.75382922257006,0.8993281853563914,,after
Austrian Grand Prix,2026-06-28,VER,Red Bull Racing,14,0.615115740442323,0.4316989235100917,107.72658419664364,248.02826534053943,501.70441366671315,1.4777252483371064,278.36571057414704,after
Austrian Grand Prix,2026-06-28,VER,Red Bull Racing,15,0.647752533272113,0.40158507799204296,75.72252833133643,224.11843849535555,563.1456362485941,0.9470105552805036,192.34759279582815,after
Austrian Grand Prix,2026-06-28,VER,Red Bull Racing,17,0.6375207352031381,0.45941344954086577,97.34739034759892,232.7253391377728,610.7004087524558,0.9301860956132872,230.22882461868954,after
Austrian Grand Prix,2026-06-28,VER,Red Bull Racing,20,0.8130891411506538,0.43340929728762495,6.672466954038094,162.81143783913288,919.8192488194017,0.8637802402819265,,after
Austrian Grand Prix,2026-06-28,VER,Red Bull Racing,21,0.7161967736585427,0.5180714862167591,25.127658577221418,153.38757406949549,873.849089530459,1.3139686252730727,,after
Austrian Grand Prix,2026-06-28,VER,Red Bull Racing,22,0.9999999999999947,0.6575471311908214,610.6237033854119,760.5519553159469,1115.6026474562916,1.7384862617222279,400.59871306213387,after
Austrian Grand Prix,2026-06-28,VER,Red Bull Racing,23,0.5487741483503589,0.24906802484302867,19.41208148991207,178.78140644623602,377.2929128874614,1.1889526773986634,,after
Austrian Grand Prix,2026-06-28,VER,Red Bull Racing,24,0.7059305646020961,0.4059586094628479,24.436311109874385,174.5724774565167,751.5276654456445,0.717820671380002,,after
Austrian Grand Prix,2026-06-28,VER,Red Bull Racing,27,0.652415914354959,0.45859080713597994,119.4506296685543,257.1017419972669,582.0997125692603,1.5674836057611115,357.75424338486175,after
Austrian Grand Prix,2026-06-28,VER,Red Bull Racing,28,0.6456967872021349,0.4854133457452025,121.6946373414495,251.83896300880653,583.0209149521697,1.1567804020200794,291.9356075223277,after
Austrian Grand Prix,2026-06-28,VER,Red Bull Racing,29,0.6585417267437317,0.5015952834027051,136.7737366723775,265.4494952456343,585.5084887545459,1.2833832455801097,263.2810596128201,after
Austrian Grand Prix,2026-06-28,VER,Red Bull Racing,30,0.7170400559784882,0.42452257627988926,59.56149874576621,205.51610567047823,688.531267565372,0.6372676656266004,186.92033585467328,after
Austrian Grand Prix,2026-06-28,VER,Red Bull Racing,31,0.6719487425363363,0.4628723418376217,81.54149596718473,218.4344524038121,666.3349283872401,1.251810393852127,339.4235558071496,after
Austrian Grand Prix,2026-06-28,VER,Red Bull Racing,32,0.6897344799683776,0.4667387852244693,68.9833899629109,205.6178282607218,712.3321079679317,1.0351608348218857,261.1687373104781,after
Austrian Grand Prix,2026-06-28,VER,Red Bull Racing,33,0.794260710155221,0.47352570531343263,18.085958701773613,159.99559840949615,907.7915654715017,0.8478481725863293,,after
Austrian Grand Prix,2026-06-28,VER,Red Bull Racing,34,0.7191368579594924,0.4930666846135084,59.42761851931754,195.09232272162654,818.2460296374101,0.7729719600392335,,after
Austrian Grand Prix,2026-06-28,VER,Red Bull Racing,35,0.6966777068156949,0.4716395292923767,59.64803044832363,195.74283815804876,743.1782318986501,0.6735064146083658,229.05522312853708,after
Austrian Grand Prix,2026-06-28,VER,Red Bull Racing,36,0.7357495604773046,0.42928532894425064,56.64361357363311,204.25131273504329,709.4350391135154,0.9575077373572779,,after
Austrian Grand Prix,2026-06-28,VER,Red Bull Racing,37,0.7059002719641405,0.4209518199494714,14.914054354215823,158.680063073507,769.5771898079504,0.755752481191822,,after
Austrian Grand Prix,2026-06-28,VER,Red Bull Racing,38,0.7502904424108388,0.4422234904699841,19.658099254882824,163.69986230242648,826.7002297332298,0.8750710863071425,,after
Austrian Grand Prix,2026-06-28,VER,Red Bull Racing,39,0.7187559786623821,0.46838980506008254,37.56778017765691,178.93720336673925,832.9291063964139,1.0403935468851655,,after
Austrian Grand Prix,2026-06-28,VER,Red Bull Racing,40,0.759873678048014,0.46410330724032417,38.77841740431891,180.3926345563243,829.2993552248076,0.6851685979650398,,after
Austrian Grand Prix,2026-06-28,VER,Red Bull Racing,41,0.8041636238655543,0.46099662351069165,47.201542124098204,192.32778711400192,836.3967942239186,0.6228910282046729,,after
Austrian Grand Prix,2026-06-28,VER,Red Bull Racing,42,0.7954284125745754,0.48432086163784605,33.748497143211715,176.60794054444432,920.639114436913,0.7585951548648298,,after
Austrian Grand Prix,2026-06-28,VER,Red Bull Racing,43,0.7666369437147457,0.48851924239669126,46.466637354705554,185.04325916778325,856.0181788431761,0.9879425821852382,255.80160633652721,after
Austrian Grand Prix,2026-06-28,VER,Red Bull Racing,45,0.7160139628428015,0.48249282110401304,51.798790966983944,185.7975655343952,780.9850208272088,0.8086895309867068,239.54249966490383,after
Austrian Grand Prix,2026-06-28,VER,Red Bull Racing,47,0.6723658670006923,0.45836210971299224,56.27805166371457,191.20152720862174,724.2318113385041,0.3280241521370357,,after
Austrian Grand Prix,2026-06-28,VER,Red Bull Racing,48,0.7118946004294525,0.44311442406813467,49.7353192929083,191.7581044148211,741.2959658957941,0.7708692029699347,,after
Austrian Grand Prix,2026-06-28,VER,Red Bull Racing,51,0.8351522321454161,0.4650782002249274,48.28705746656706,189.8323430525719,818.4263344108397,1.0919704967979238,202.9649158125312,after
Austrian Grand Prix,2026-06-28,VER,Red Bull Racing,54,0.5589266023780004,0.2676915399418208,37.197548663428414,188.19361149019596,332.39850051216257,1.200308405658948,,after
Austrian Grand Prix,2026-06-28,VER,Red Bull Racing,55,0.7124235983770331,0.4287233978763836,54.2467378312535,195.73171781115454,695.1002155210355,0.5160669595760817,,after
Austrian Grand Prix,2026-06-28,VER,Red Bull Racing,56,0.7541752707224793,0.4139661670036797,30.414957138467567,175.41388644986472,743.3035574072481,0.5003583137884661,,after
Austrian Grand Prix,2026-06-28,VER,Red Bull Racing,57,0.742538415608747,0.44408736855813374,40.82025091860984,181.30218541947548,760.3650962293497,0.8573657955534306,,after
Austrian Grand Prix,2026-06-28,VER,Red Bull Racing,58,0.7848985690740009,0.4224614577319386,65.63181169837333,214.03433712323596,693.6955987331198,1.1052970407133558,250.8803117495734,after
Austrian Grand Prix,2026-06-28,VER,Red Bull Racing,60,0.7400346503318521,0.4755683293843933,64.6327827767971,198.19275157063015,741.7820315577276,1.053650233013511,293.86838857567636,after
Austrian Grand Prix,2026-06-28,VER,Red Bull Racing,61,0.802763714183125,0.4581266986561685,15.16760709568849,155.42144700990445,871.6855021054555,0.517820258382279,,after
Austrian Grand Prix,2026-06-28,VER,Red Bull Racing,62,0.7702593879658851,0.46832789503105066,55.82534132142327,193.1582490435905,775.3328900412264,0.8964310395174787,328.31711292610026,after
Austrian Grand Prix,2026-06-28,VER,Red Bull Racing,63,0.8704922817377887,0.43518315738153357,26.294196210825984,179.2633539725221,891.5031499171603,1.0091560312418328,,after
Austrian Grand Prix,2026-06-28,VER,Red Bull Racing,65,0.7229323461821451,0.46245518189515245,34.90729649329407,167.42967163703975,766.4387060735411,0.564313235089657,,after
Austrian Grand Prix,2026-06-28,VER,Red Bull Racing,66,0.7853287378126423,0.44122323290554694,38.06407766492067,182.1856508100212,793.7620614488985,0.8448623212463198,,after
Austrian Grand Prix,2026-06-28,VER,Red Bull Racing,67,0.7090704268802634,0.4481925571566941,68.32039139148415,204.42144354213613,665.2183842701284,0.7874922706120251,232.29338045997002,after
Austrian Grand Prix,2026-06-28,VER,Red Bull Racing,68,0.7640448093622532,0.3958723100156645,34.50353810968793,186.92757250348467,725.3553498141705,0.7050221078772584,,after
Austrian Grand Prix,2026-06-28,VER,Red Bull Racing,69,0.7469242578946943,0.4473025523728732,35.766754059648505,175.36410770055338,781.275064409166,0.590428121457857,,after
Austrian Grand Prix,2026-06-28,VER,Red Bull Racing,70,0.7950599213376739,0.4199686513165969,22.33268619923053,171.16631784763877,808.8496217431165,0.5844490451917468,,after
Austrian Grand Prix,2026-06-28,VER,Red Bull Racing,71,0.9157002117850155,0.5861476129518286,66.60024385961327,195.49110212804896,1055.6367893045356,1.7618107460157746,,after
Austrian Grand Prix,2026-06-28,ANT,Mercedes,5,0.9199486587116694,0.39885283976032554,5.310591836314438,186.6270488695964,994.7447745532611,1.3791972523442935,,after
Austrian Grand Prix,2026-06-28,ANT,Mercedes,6,0.9921545751999195,0.4990720890540706,32.40850370670369,192.38313582621942,1152.359635046748,1.2128788040335217,,after
Austrian Grand Prix,2026-06-28,ANT,Mercedes,7,0.8448716233489565,0.45797741108975243,52.6566924507769,212.70825553865348,930.2584647541113,1.0357264415174512,313.8890759427179,after
Austrian Grand Prix,2026-06-28,ANT,Mercedes,8,0.8037382033305783,0.5930212377373676,186.10293620808054,323.1703430448745,992.0878270593903,0.9854746115368985,284.79728599275944,after
Austrian Grand Prix,2026-06-28,ANT,Mercedes,9,0.6711320649499333,0.4361469138170269,57.81446726838653,205.8905837477275,729.826643079904,1.003285489291298,,after
Austrian Grand Prix,2026-06-28,ANT,Mercedes,10,0.5451362933028823,0.44177644250765424,97.934143857265,228.242927702101,491.714720562047,1.7870859934667687,333.7496133279945,after
Austrian Grand Prix,2026-06-28,ANT,Mercedes,11,0.5754843505291557,0.4541412895904201,90.64101604113485,222.63179169807506,562.2765437883079,1.04220331244227,293.75345003030867,after
Austrian Grand Prix,2026-06-28,ANT,Mercedes,12,0.5399067698053684,0.3690034282536211,35.93898578369789,176.7133484861093,528.7778947932394,1.0273349492146264,,after
Austrian Grand Prix,2026-06-28,ANT,Mercedes,13,0.608522092140126,0.33409636926618563,33.74227693002392,194.76229805870142,543.6893953764438,0.9159522860100364,,after
Austrian Grand Prix,2026-06-28,ANT,Mercedes,14,0.6035862856823949,0.3669056764659491,41.90818545437494,197.4165569984979,576.1336045744252,1.416852704441991,,after
Austrian Grand Prix,2026-06-28,ANT,Mercedes,15,0.5852517065018414,0.40863780266830524,73.30967707854028,212.36287032249186,521.4401945812821,1.5182633175686235,332.2550346154855,after
Austrian Grand Prix,2026-06-28,ANT,Mercedes,17,0.6125633943002834,0.4117454468128647,69.67155178427737,211.88688962161396,559.7209071670281,1.3464290580566445,372.69812631574473,after
Austrian Grand Prix,2026-06-28,ANT,Mercedes,18,0.5750842183718545,0.4099639980391995,51.20213290193652,191.55788131619116,592.7373356745902,1.0230395957373,,after
Austrian Grand Prix,2026-06-28,ANT,Mercedes,19,0.6254887322036851,0.4410581336009614,96.26049862874342,238.613172901081,576.6719158775691,1.1923904939319119,243.90312828250904,after
Austrian Grand Prix,2026-06-28,ANT,Mercedes,20,0.7092982097382629,0.37414553313863824,81.54578076567779,246.97875134652585,567.2246982365696,1.936524191736597,275.51045168362174,after
Austrian Grand Prix,2026-06-28,ANT,Mercedes,21,0.6066356106898737,0.4155862927687229,66.23711965200764,208.75972153446835,590.9646412036453,1.1335450313164168,,after
Austrian Grand Prix,2026-06-28,ANT,Mercedes,22,0.6638103685029392,0.45843880406175275,80.30263694718438,222.9226477087449,688.4450139493714,1.193901526043858,205.5943272383034,after
Austrian Grand Prix,2026-06-28,ANT,Mercedes,27,0.8923429722413982,0.6508066474189773,536.5853566079771,675.76121267906,965.0602682230042,2.4123986172835292,451.2589221534881,after
Austrian Grand Prix,2026-06-28,ANT,Mercedes,29,0.999999997092804,0.5900436512914458,68.7778354502383,205.33577745266248,1164.3174916858452,2.4992550838273417,,after
Austrian Grand Prix,2026-06-28,ANT,Mercedes,30,0.9943845043175219,0.613665141415322,254.007221825928,394.4320864765743,1075.0034290259946,1.9417942346401327,,after
Austrian Grand Prix,2026-06-28,ANT,Mercedes,32,0.6363351490697989,0.4647832774926097,165.45443230312375,299.4653818017685,449.29586001549035,1.6910184333857978,381.7134683739513,after
Austrian Grand Prix,2026-06-28,ANT,Mercedes,33,0.6430040332459781,0.43896202907389764,117.29727100388939,253.76786087652104,497.3039000330518,1.3955508748466467,291.45417195312916,after
Austrian Grand Prix,2026-06-28,ANT,Mercedes,34,0.6539030580887526,0.4459460529042909,116.0658476984698,251.80299103324882,532.8713870147534,1.3531347356505004,335.5337152998623,after
Austrian Grand Prix,2026-06-28,ANT,Mercedes,35,0.7347838762637985,0.4151090474870035,86.41148665220895,240.8847556673289,625.6705705447562,1.8148722606660823,260.0599133697513,after
Austrian Grand Prix,2026-06-28,ANT,Mercedes,36,0.6973776682339404,0.45006732390463255,54.813055013948606,195.83922520739148,742.4605597390224,1.393262184577078,,after
Austrian Grand Prix,2026-06-28,ANT,Mercedes,37,0.7619294949165449,0.42318345563156445,67.1608265708969,222.7289528006921,729.6838097362263,1.7068513057309922,260.4858227726875,after
Austrian Grand Prix,2026-06-28,ANT,Mercedes,38,0.6673994451269086,0.4682521776202674,63.804075620009904,198.14798921955958,710.790379481662,1.2716189850632276,291.10506244838894,after
Austrian Grand Prix,2026-06-28,ANT,Mercedes,39,0.6717540955185035,0.4299131452315933,71.80659307649022,215.7430540971147,639.7690263508725,1.3859222899087391,318.4253515751103,after
Austrian Grand Prix,2026-06-28,ANT,Mercedes,40,0.8531081179769123,0.40511991310686823,78.47129969579107,249.90870890268735,751.5890952303357,2.3892176581875924,281.084384964974,after
Austrian Grand Prix,2026-06-28,ANT,Mercedes,42,0.7267549615547241,0.37647976273982875,28.577914858274934,186.47247209390667,705.7153088265538,1.2442760688951786,,after
Austrian Grand Prix,2026-06-28,ANT,Mercedes,44,0.6741610559339194,0.40631794705583907,66.11310136827326,210.81850111354692,606.4395869081841,1.1440608786791835,198.38867374865345,after
Austrian Grand Prix,2026-06-28,ANT,Mercedes,45,0.6698952833352386,0.47983007071434797,124.31067461110459,255.53698571873025,579.5001037696975,1.5556539717375661,352.3217328661859,after
Austrian Grand Prix,2026-06-28,ANT,Mercedes,46,0.6762651323945214,0.42587349906574096,74.64807416624089,214.06553260743252,611.8113095321224,0.9731482860224957,,after
Austrian Grand Prix,2026-06-28,ANT,Mercedes,47,0.6792136167844879,0.46575668150273863,129.20883204764803,263.24434243811197,552.245968643554,1.551105956273725,364.77852555017955,after
Austrian Grand Prix,2026-06-28,ANT,Mercedes,48,0.6938335686467705,0.426946026245654,75.74681403036608,219.749725617835,633.8042740033676,1.5449023148911403,270.3109702927557,after
Austrian Grand Prix,2026-06-28,ANT,Mercedes,49,0.7187397926820853,0.4661996133873946,63.51232125487337,199.81695091797,734.3761119680771,1.2083244949037706,249.47078418263874,after
Austrian Grand Prix,2026-06-28,ANT,Mercedes,50,0.7347641999822189,0.5191563835165478,83.3957515218178,211.74066039577593,792.9342889460438,1.1128516693847517,302.0307189134022,after
Austrian Grand Prix,2026-06-28,ANT,Mercedes,53,0.2642771666138364,0.9828155035558156,274122.213476594,274214.7104849089,650.934952435888,3.10101850734695,,after
Austrian Grand Prix,2026-06-28,ANT,Mercedes,54,0.8927393583977488,0.5334449018342606,272.13552601703117,412.43246240983655,612.2694559194194,1.269892139493595,423.6563608836522,after
Austrian Grand Prix,2026-06-28,ANT,Mercedes,56,0.7022237832494916,0.48060771083854487,174.0129134583814,306.6611770140377,477.6068249567988,1.6627350181618175,350.955378925638,after
Austrian Grand Prix,2026-06-28,ANT,Mercedes,57,0.638772293611144,0.47579290898839216,113.23367872008114,237.38777592390147,560.54968227481,1.12455778094087,350.1717070743159,after
Austrian Grand Prix,2026-06-28,ANT,Mercedes,58,0.7228613558530376,0.44296577844734375,75.39349015885126,214.53921022314339,660.0010396064765,1.179333475041794,315.9750519625938,after
Austrian Grand Prix,2026-06-28,ANT,Mercedes,59,0.7957019979986054,0.5007580201621493,112.91953959285412,250.95119195543455,756.1335429638518,1.8779166440153443,461.8437466475143,after
Austrian Grand Prix,2026-06-28,ANT,Mercedes,60,0.9992199659698091,0.3682157091880149,89.20347826698837,288.6485090684108,780.795631412099,4.317083837641548,383.0908240724654,after
Austrian Grand Prix,2026-06-28,ANT,Mercedes,61,0.7137136827162732,0.4668797558990566,110.95265543120547,245.30662467735903,608.8514290901393,1.5602236411947574,367.08608985090825,after
Austrian Grand Prix,2026-06-28,ANT,Mercedes,62,0.6547390383833858,0.5049972710075983,148.2059332493915,271.84788384390146,564.5922362689008,1.3613061172593097,365.12474500124796,after
Austrian Grand Prix,2026-06-28,ANT,Mercedes,63,0.8832336546604277,0.41356058799480133,29.182747800461417,189.4431573486978,862.2305037489906,1.5430181491276773,320.9101655827062,after
Austrian Grand Prix,2026-06-28,ANT,Mercedes,64,0.8168433459082745,0.4229950534586725,29.749294549898725,181.4038681880671,822.7082276783524,0.8003560583055933,,after
Austrian Grand Prix,2026-06-28,ANT,Mercedes,65,0.8071665986571341,0.4453949939630719,105.13522761243848,253.43410766005434,665.5817741722651,2.0812400730714624,300.1999383782075,after
Austrian Grand Prix,2026-06-28,ANT,Mercedes,66,0.6643808291370188,0.4770557597778142,133.92624849090106,260.545968445653,521.407046225743,1.3769800674545152,320.5098644369155,after
Austrian Grand Prix,2026-06-28,ANT,Mercedes,67,0.6736310596364643,0.4572263703777877,99.82566107074074,231.70151589146747,575.3527090239459,1.5303964515579662,326.6014647118315,after
Austrian Grand Prix,2026-06-28,ANT,Mercedes,69,0.7599536174697252,0.5049779160706687,143.39686342472774,275.12111464115293,669.0104604590913,1.153959412582665,343.13796464716285,after
Austrian Grand Prix,2026-06-28,ANT,Mercedes,70,0.8738865821365404,0.49994794248450847,122.33237687402274,262.4032540552078,769.4881379158038,1.0921337019272368,363.46046315930954,after
Austrian Grand Prix,2026-06-28,ANT,Mercedes,71,1.0,0.7996714347338606,37284.65456009201,37634.65456009201,1126.941147014296,4.750919858609259,487.7923363424401,after
Austrian Grand Prix,2026-06-28,PIA,McLaren,2,0.9256082135646376,0.5281295758328052,143.99916885229206,295.03864794662076,985.7029274019519,1.009909998273128,,after
Austrian Grand Prix,2026-06-28,PIA,McLaren,5,0.7686539838352456,0.42158630970212585,21.435525820050938,176.8299556838634,833.039382083717,0.5308422007298699,,after
Austrian Grand Prix,2026-06-28,PIA,McLaren,6,0.8460480232544905,0.4799595630398653,48.36089913797343,200.19505512812412,958.5297583038571,0.5635091054049285,,after
Austrian Grand Prix,2026-06-28,PIA,McLaren,7,0.8457089797247298,0.4622155834849996,39.501399337127,195.13426262960053,942.891018339848,0.6126246450456581,,after
Austrian Grand Prix,2026-06-28,PIA,McLaren,8,0.8573415801998318,0.43548087155413556,9.453534699379305e-05,165.92407832803204,1012.2510725881934,0.8514516238796326,,after
Austrian Grand Prix,2026-06-28,PIA,McLaren,10,0.7200080764910316,0.40366002001614193,28.553007082700837,187.7463653059867,776.7153039318957,0.5766820825000476,,after
Austrian Grand Prix,2026-06-28,PIA,McLaren,11,0.7199256315760139,0.365143956155466,29.555231284603323,195.054507853993,692.1826975066708,0.821806664784467,,after
Austrian Grand Prix,2026-06-28,PIA,McLaren,12,0.715802125439972,0.36289548225769364,16.21654080687545,181.02961108075795,720.962106882188,0.8303608014856928,,after
Austrian Grand Prix,2026-06-28,PIA,McLaren,13,0.6523949037513906,0.39030045893619114,40.08485053688083,190.5923098131348,654.6890475041698,0.4720154616262149,,after
Austrian Grand Prix,2026-06-28,PIA,McLaren,14,0.598571238381023,0.35403621635695054,56.67573998372163,210.97831829911073,509.7918622385886,0.8538400896553252,,after
Austrian Grand Prix,2026-06-28,PIA,McLaren,15,0.6282005803500179,0.3595437905648306,66.14806875195612,222.36138161446817,505.6844952842423,0.5343615466156679,,after
Austrian Grand Prix,2026-06-28,PIA,McLaren,16,0.6193705244666976,0.36382417447643467,54.31202871621427,209.39029961805696,541.3943871223023,0.7023035352969988,,after
Austrian Grand Prix,2026-06-28,PIA,McLaren,17,0.6093355436992809,0.37838767550827956,67.25971433841337,214.6472896385302,513.9921733945862,0.6508389168691857,,after
Austrian Grand Prix,2026-06-28,PIA,McLaren,18,0.599557912272651,0.3697771747535231,52.41257619697223,201.53804542011048,539.0518604787849,0.8279402753259928,,after
Austrian Grand Prix,2026-06-28,PIA,McLaren,23,0.6148905752865229,0.3935283945141895,57.461881983646826,200.82612498145915,562.6922420141557,0.7114028446223822,,after
Austrian Grand Prix,2026-06-28,PIA,McLaren,24,0.7069301477015593,0.3351108990902643,42.49697250819391,212.26232811407237,591.0047028131909,1.1712452525809172,,after
Austrian Grand Prix,2026-06-28,PIA,McLaren,27,0.7908763195533415,0.743916955136022,9022.684612120676,9299.491323964347,1072.411573317154,0.8068050354296719,,after
Austrian Grand Prix,2026-06-28,PIA,McLaren,28,0.6989128678608313,0.40788594999312466,58.96072511843189,209.62374040438328,667.6325373077794,0.706071330698583,,after
Austrian Grand Prix,2026-06-28,PIA,McLaren,29,0.8221989832573449,0.3509551822097244,20.54244336577834,202.67126902732838,781.4075791230694,2.051329158372774,,after
Austrian Grand Prix,2026-06-28,PIA,McLaren,30,0.7141429531148614,0.47696840429373955,103.70528652125748,239.12298457417296,669.5811823700521,1.2684949804275696,287.8560980810547,after
Austrian Grand Prix,2026-06-28,PIA,McLaren,32,0.6907552465997316,0.3875624020271771,13.467951524414959,162.84372095953046,720.5668620793581,0.7839783697818673,,after
Austrian Grand Prix,2026-06-28,PIA,McLaren,35,0.8199620583711089,0.44076935599844547,21.60363298084404,171.16369620885692,868.8736132048081,0.5930489554140921,,after
Austrian Grand Prix,2026-06-28,PIA,McLaren,36,0.8348314681798445,0.4960366738409108,29.12826348869603,173.25089697370993,985.4618997507863,1.1695384797204487,,after
Austrian Grand Prix,2026-06-28,PIA,McLaren,37,0.9999998175860823,0.9598943917216544,91.31532878156455,218.73246756440182,1314.9541049067361,8.106064363248555,,after
Austrian Grand Prix,2026-06-28,PIA,McLaren,38,0.6923151222372574,0.28425455155579654,14.619952988788354,201.6888558702414,585.7178127758597,1.6763882355201856,,after
Austrian Grand Prix,2026-06-28,PIA,McLaren,39,0.6220519241077258,0.38941957386678133,53.70505102588417,196.62039932111455,566.8392619258209,0.7684990689446244,,after
Austrian Grand Prix,2026-06-28,PIA,McLaren,40,0.7475569428892325,0.38420357520429177,43.82874475130907,204.2146413447517,703.2554576292782,0.6545812955506901,,after
Austrian Grand Prix,2026-06-28,PIA,McLaren,41,0.6757838428403873,0.4107475782100754,44.107496848731785,185.1869649276627,649.5088385964932,0.7136665834869363,,after
Austrian Grand Prix,2026-06-28,PIA,McLaren,44,0.781892635424586,0.4469597090217245,63.21922718967357,206.84227658157187,754.1284890933698,0.5041781319082947,200.97966074200977,after
Austrian Grand Prix,2026-06-28,PIA,McLaren,45,0.701726621971873,0.35984315846532,37.7454135046877,181.47247900477993,568.396110633965,0.45249750526955207,,after
Austrian Grand Prix,2026-06-28,PIA,McLaren,46,0.7901829024537845,0.40101679934445855,34.006655145827885,186.41382044435676,741.2723046839341,0.43303873440959606,,after
Austrian Grand Prix,2026-06-28,PIA,McLaren,47,0.8281443015582349,0.4211756602703502,31.496885214960628,181.66470165742427,800.4857088557661,0.4356300788991009,,after
Austrian Grand Prix,2026-06-28,PIA,McLaren,48,0.9999999999953573,0.8957299880823663,94.61302391770758,218.22020530645105,1165.2012686784594,7.723096269917774,,after
Austrian Grand Prix,2026-06-28,PIA,McLaren,49,0.6735224999304626,0.3065433852612156,34.89891104839752,201.41927196438576,509.9149122530987,1.280200780758903,,after
Austrian Grand Prix,2026-06-28,PIA,McLaren,50,0.7870204168452324,0.34726786781709273,25.912278058790523,201.45887482183232,726.147788150203,1.1680654313969963,,after
Austrian Grand Prix,2026-06-28,PIA,McLaren,51,0.6571365842341227,0.3796231188356266,51.278275858981615,192.83071311431422,552.1222942018913,0.8408925398520727,194.72765905043508,after
Austrian Grand Prix,2026-06-28,PIA,McLaren,53,0.2167947708624628,0.9807624169348332,38.08575708985283,93.9432396568985,585.9942343928146,1.4962043509596197,,after
Austrian Grand Prix,2026-06-28,PIA,McLaren,54,0.7477982249176222,0.40525344296069093,38.84328748586454,185.11305269766274,701.2238072169911,0.5434132816850661,,after
Austrian Grand Prix,2026-06-28,PIA,McLaren,55,0.7167768400765057,0.43253761949651004,69.47030097673408,209.47130915500966,669.0951466383161,0.3624391911347159,,after
Austrian Grand Prix,2026-06-28,PIA,McLaren,56,0.725426645090811,0.3897656387978063,56.69572463461823,206.1456284920195,624.8981881167987,0.6586268133311817,216.37337004286772,after
Austrian Grand Prix,2026-06-28,PIA,McLaren,57,0.7027186613210493,0.3811609775352269,37.45234272808639,186.35046324274126,640.8914531070662,0.6487763086518186,,after
Austrian Grand Prix,2026-06-28,PIA,McLaren,58,0.6635416025141856,0.3847579079386645,48.463183780128084,190.65331437281483,574.0323114003576,0.7494427937290807,,after
Austrian Grand Prix,2026-06-28,PIA,McLaren,59,0.692920615678449,0.3825402701243855,52.426565557350116,199.64256854268268,599.9869654234353,0.6578328284120928,,after
Austrian Grand Prix,2026-06-28,PIA,McLaren,60,0.6808490295803215,0.3774896505093251,34.68055407766829,178.861935857775,611.4245602815199,0.6349678419789512,,after
Austrian Grand Prix,2026-06-28,PIA,McLaren,62,0.7322210155188561,0.40850974944916074,31.793913650480327,176.72880598344605,713.5862925622923,0.43893000501838986,,after
Austrian Grand Prix,2026-06-28,PIA,McLaren,64,0.8282957868215088,0.4163681151498785,27.487936783142022,179.72045334972333,816.196468331393,0.6184946309254694,,after
Austrian Grand Prix,2026-06-28,PIA,McLaren,65,0.6864424901521856,0.40013057106658917,43.15978023889623,183.9535428606082,627.1799709688164,0.5662410532747136,,after
Austrian Grand Prix,2026-06-28,PIA,McLaren,66,0.6753192365998119,0.3810922519306969,40.998148864303154,185.18131481717066,617.5954351771069,0.6155569372187346,,after
Austrian Grand Prix,2026-06-28,PIA,McLaren,67,0.7049971318940779,0.3898115278125,57.454323007617425,207.35230786967696,624.4427754967453,0.6643566242744084,,after
Austrian Grand Prix,2026-06-28,PIA,McLaren,68,0.7234673344903259,0.325726253262819,31.70963550269025,191.2184809582173,569.3471607361905,0.7750850588247177,,after
Austrian Grand Prix,2026-06-28,PIA,McLaren,69,0.7584056802557692,0.4268034549275021,32.01611592945535,174.95211049678048,760.9078094949303,0.26121988135155594,,after
Austrian Grand Prix,2026-06-28,PIA,McLaren,70,0.7363458657332915,0.44805788134106306,35.093471183360336,173.51836828129495,781.787847041372,0.45765341400488135,,after
Austrian Grand Prix,2026-06-28,PIA,McLaren,71,0.6269638263411746,0.3640781538642383,31.751475046316422,175.15622491893856,577.8890550584184,0.4229259563132173,,after
Austrian Grand Prix,2026-06-28,HAM,Ferrari,2,0.6688195326310513,0.48597330262753347,79.46067283806629,216.3243355294356,741.592265643865,1.194735032299596,,after
Austrian Grand Prix,2026-06-28,HAM,Ferrari,6,0.6744696434205838,0.4063533616148287,47.94652834615657,198.15209979418165,668.1224620689901,0.7059148838630155,,after
Austrian Grand Prix,2026-06-28,HAM,Ferrari,7,0.6503556236734864,0.407460421495741,46.55209391426237,195.27388068724775,663.4045006062047,0.5681302354956236,,after
Austrian Grand Prix,2026-06-28,HAM,Ferrari,9,0.6418243264446706,0.40912143916400895,56.63213751187439,204.84546989431598,626.8888788964589,0.7765743916072555,,after
Austrian Grand Prix,2026-06-28,HAM,Ferrari,10,0.6511026215886004,0.3880697768232203,57.37780473949501,213.03322829860699,605.4452466097792,0.9256543764731473,,after
Austrian Grand Prix,2026-06-28,HAM,Ferrari,11,0.688869530933609,0.43113650116519353,79.33000507532616,233.2285361630404,661.9671240477445,1.2681483670150473,226.81339512777902,after
Austrian Grand Prix,2026-06-28,HAM,Ferrari,14,0.688291987430288,0.39256321351364193,90.09152737890436,248.4479501656652,556.926848958187,1.6658732372130591,261.8254134637947,after
Austrian Grand Prix,2026-06-28,HAM,Ferrari,15,0.6657857013668934,0.4283325267439885,71.42073617063892,216.1877301991589,640.655987546769,0.8128250922687279,201.67778524605737,after
Austrian Grand Prix,2026-06-28,HAM,Ferrari,16,0.8763374306324766,0.5797003797839547,59.103900529581736,196.33959518119673,1124.8302247856636,1.2452146128029098,,after
Austrian Grand Prix,2026-06-28,HAM,Ferrari,17,0.6777808756325002,0.39418581414613124,57.819603383743335,212.19825760532368,629.0654830361868,0.8264714560405372,179.92198641415354,after
Austrian Grand Prix,2026-06-28,HAM,Ferrari,18,0.9189561921881326,0.6856423514498731,556.8498289460597,698.4053613189412,1173.2062349964613,1.9532130597004915,,after
Austrian Grand Prix,2026-06-28,HAM,Ferrari,19,0.5757840002837891,0.4099930317919173,84.47003061737803,221.49288427412097,510.8896570559126,0.5642491042844625,,after
Austrian Grand Prix,2026-06-28,HAM,Ferrari,20,0.6563645630737095,0.4208450399457148,50.9018076441616,196.68213709604203,679.8472518835797,0.5580864827898194,,after
Austrian Grand Prix,2026-06-28,HAM,Ferrari,21,0.7006411588427873,0.4058716866374537,31.550555358956558,185.83256414759555,745.5498388388817,0.7836971984942048,,after
Austrian Grand Prix,2026-06-28,HAM,Ferrari,22,0.6462730496806532,0.43426745177915477,52.8188946621661,192.2954299302833,666.380865650512,0.803371173934018,,after
Austrian Grand Prix,2026-06-28,HAM,Ferrari,23,0.7268056325343879,0.4390843834082,56.9822992671166,211.53006226085895,795.736636182309,1.0313051134357565,,after
Austrian Grand Prix,2026-06-28,HAM,Ferrari,24,0.645223028396692,0.33894209495952093,27.049602279236385,183.77432450819708,581.4589212303621,1.1554773421639026,,after
Austrian Grand Prix,2026-06-28,HAM,Ferrari,27,0.669864277508756,0.33835826524507917,21.157940745191908,181.2061274920767,615.2811567961628,0.7642582817565226,,after
Austrian Grand Prix,2026-06-28,HAM,Ferrari,28,0.856189305618101,0.4745808548116357,20.45621187945032,171.4540521862342,989.4758372781308,0.6590729514755947,,after
Austrian Grand Prix,2026-06-28,HAM,Ferrari,29,0.9106448663514706,0.5743552516135985,49.734161080479495,185.84275421478483,1114.4311918536246,1.3023597836905538,,after
Austrian Grand Prix,2026-06-28,HAM,Ferrari,30,1.0,0.6264208769595718,5.429909610734207,134.3888124441091,1233.9896547337974,1.9579114678077696,,after
Austrian Grand Prix,2026-06-28,HAM,Ferrari,31,0.6460097430025078,0.4212257036894264,31.83739332270261,172.800630403687,700.3481202499742,0.6486963950308428,,after
Austrian Grand Prix,2026-06-28,HAM,Ferrari,32,0.6887512892713198,0.43898115515425334,111.15638235732057,255.39953434445465,588.9547959131596,1.343208048310698,285.18177095596144,after
Austrian Grand Prix,2026-06-28,HAM,Ferrari,35,0.7102215351714586,0.37658250601335785,5.25230289946353,156.65824377792575,727.8607041625535,0.7520965707921811,,after
Austrian Grand Prix,2026-06-28,HAM,Ferrari,36,0.9531174770450127,0.583655932462307,302.8820381100157,447.10842490291606,931.7468184249949,1.074180626097237,487.40702316356004,after
Austrian Grand Prix,2026-06-28,HAM,Ferrari,37,0.9638313086174218,0.5936901526140144,325.469559846331,468.2006777789603,899.901499409249,1.9390149619122425,411.0374069482522,after
Austrian Grand Prix,2026-06-28,HAM,Ferrari,38,0.8004623428197931,0.5903666419546288,336.0059179356066,469.2057006327041,729.6121801633508,1.5036763643183482,438.57165941922494,after
Austrian Grand Prix,2026-06-28,HAM,Ferrari,39,0.8685376285478463,0.5816234959697998,41.13698522028612,170.51818940312916,1071.9261767071798,1.5394060562930407,,after
Austrian Grand Prix,2026-06-28,HAM,Ferrari,40,0.7802536192238734,0.5523209214012427,245.4944204236887,378.97204995873153,727.1158765973537,1.2664543571616167,338.5806629577974,after
Austrian Grand Prix,2026-06-28,HAM,Ferrari,41,0.7126995736427797,0.4607419230016079,85.48731218400317,222.14658064476347,691.1744306497424,1.1752374551692457,250.47317832418776,after
Austrian Grand Prix,2026-06-28,HAM,Ferrari,44,0.7326184751544346,0.3978528208200019,0.0002805407883840354,147.72260683644433,782.3595829678727,0.49003213643788496,,after
Austrian Grand Prix,2026-06-28,HAM,Ferrari,45,0.7342311050329859,0.4200359119463133,27.66796847539142,172.9947094008154,758.4119763321861,0.5099143123418965,,after
Austrian Grand Prix,2026-06-28,HAM,Ferrari,46,0.6817020758942554,0.45265786076121334,36.61716183346464,169.60481665842028,741.1628346795119,0.6137470911623999,,after
Austrian Grand Prix,2026-06-28,HAM,Ferrari,47,0.7020087165888597,0.4238818591554342,43.45892939461185,182.88681985928346,696.396167098884,0.7372887064587025,,after
Austrian Grand Prix,2026-06-28,HAM,Ferrari,49,0.6871548870349992,0.42246385268137393,25.980096020811107,164.041043586794,715.9396214038346,0.49223993634666674,,after
Austrian Grand Prix,2026-06-28,HAM,Ferrari,50,0.7555136455483523,0.41221325288747374,3.5407509603475558,150.84076790844355,813.592158686885,0.5513855752936629,,after
Austrian Grand Prix,2026-06-28,HAM,Ferrari,51,1.0,0.5923974158756419,3.8288176571177353,135.33885309180417,1200.582456804197,1.9266312944563704,,after
Austrian Grand Prix,2026-06-28,HAM,Ferrari,53,0.7030757657257064,0.643123502207124,299.06756273122653,432.25960134364675,846.2635428228143,1.1169166156190407,468.6577100355561,after
Austrian Grand Prix,2026-06-28,HAM,Ferrari,54,0.59973795306955,0.43725077714201155,191.7670144136871,320.6154357838424,263.2942493521809,2.331914262007225,355.40306917288314,after
Austrian Grand Prix,2026-06-28,HAM,Ferrari,55,0.6703055373881123,0.4507851092380575,122.65414382805686,257.3414869996941,563.8615194976263,1.1833469645074368,297.10612931177286,after
Austrian Grand Prix,2026-06-28,HAM,Ferrari,56,0.6983354421553629,0.42613037517574764,49.28248263625596,187.22136041125128,677.9596784031027,0.7827492163512039,,after
Austrian Grand Prix,2026-06-28,HAM,Ferrari,58,0.7516969135187115,0.4608983338534981,23.503964459612906,158.61342628934264,814.3870841330123,0.758523489351234,,after
Austrian Grand Prix,2026-06-28,HAM,Ferrari,59,0.6534295576736475,0.41517668874398167,60.00253329072226,196.0382221259714,598.4876257977251,1.0290429737196163,,after
Austrian Grand Prix,2026-06-28,HAM,Ferrari,60,0.6774627124618617,0.42702492168308076,57.75685019651963,196.07642394645342,667.2848424427422,0.8217683034664743,,after
Austrian Grand Prix,2026-06-28,HAM,Ferrari,61,0.7089400410328007,0.4179625967306861,40.77419585064448,184.9637030172434,714.7607002860448,0.606424404636423,,after
Austrian Grand Prix,2026-06-28,HAM,Ferrari,62,0.6833209766351774,0.4420208218616402,43.844874473763056,181.21973973736763,729.113268095508,0.5881531013132971,,after
Austrian Grand Prix,2026-06-28,HAM,Ferrari,63,0.6883967438429703,0.42660910528692586,44.5151842624195,183.64928548535318,698.9312885715624,0.5381406010142101,,after
Austrian Grand Prix,2026-06-28,HAM,Ferrari,64,0.7029224121173918,0.4004520487576686,44.36168491787568,189.41245700515523,648.2080120057135,0.885349650134684,,after
Austrian Grand Prix,2026-06-28,HAM,Ferrari,65,0.7689097390308155,0.42018827678541704,38.42365655051873,186.7636999113328,768.2885388768402,0.6717724640678616,,after
Austrian Grand Prix,2026-06-28,HAM,Ferrari,66,0.749036515926575,0.44083147182441357,33.45417348209959,174.37061499910482,779.6550837902142,0.8315714403186975,,after
Austrian Grand Prix,2026-06-28,HAM,Ferrari,67,0.7563909582006269,0.4669305603893695,58.52662247788981,196.8893266711901,793.6362243371799,0.8264805251045687,,after
Austrian Grand Prix,2026-06-28,HAM,Ferrari,70,0.6690070976592465,0.4498880502526116,34.10782700807395,168.15371709024322,738.2993709425675,0.6362186893716312,,after
Austrian Grand Prix,2026-06-28,HAM,Ferrari,71,0.6642009599934532,0.43012030570087495,12.330022867923772,147.67754611703896,749.8269744321374,0.7445871149032145,,after
Austrian Grand Prix,2026-06-28,HAD,Red Bull Racing,2,0.8051469478950675,0.5944685695026167,285.3979798356773,422.7191691265305,784.8942659466467,1.2379982161610619,530.9518172170585,after
Austrian Grand Prix,2026-06-28,HAD,Red Bull Racing,3,0.93624626179325,0.5813380327398626,202.90041017906103,350.4324218909886,1086.9689990933841,1.2815417878815887,,after
Austrian Grand Prix,2026-06-28,HAD,Red Bull Racing,4,0.9671783525432194,0.595429739639475,289.3765383124621,435.0313864667475,954.690643182145,1.5103322755932431,429.6748421410003,after
Austrian Grand Prix,2026-06-28,HAD,Red Bull Racing,5,0.71978736684078,0.39090311208000134,18.469266720009976,175.26833514583367,745.336007818889,1.0282174978692482,,after
Austrian Grand Prix,2026-06-28,HAD,Red Bull Racing,6,0.704394592890091,0.42719846271235123,25.12705006569998,172.3992808431996,771.5957686191075,0.8152586009318391,,after
Austrian Grand Prix,2026-06-28,HAD,Red Bull Racing,7,0.7040390742233444,0.48694433376245905,54.29243719711122,190.56804281130366,788.3770036987382,1.1829976809764715,228.62984764312128,after
Austrian Grand Prix,2026-06-28,HAD,Red Bull Racing,10,0.8857536021084146,0.6377680311218794,296.99284243531156,432.82176822664366,1024.0380234242398,1.9866387008688806,307.0916041287098,after
Austrian Grand Prix,2026-06-28,HAD,Red Bull Racing,11,0.8086021669615298,0.4833740244463062,24.18900973421653,172.9469041574461,969.1811900009499,0.4704121999188935,,after
Austrian Grand Prix,2026-06-28,HAD,Red Bull Racing,12,0.7790325307914153,0.4650577541277018,8.269810216631985,156.92812501739158,945.2884150689493,0.6317482071329873,,after
Austrian Grand Prix,2026-06-28,HAD,Red Bull Racing,13,0.5896793849928762,0.3699462271493848,7.729272963780939e-06,144.93079331884658,662.2896336673806,0.7187274781170425,,after
Austrian Grand Prix,2026-06-28,HAD,Red Bull Racing,15,0.6253922848157257,0.3359790300544877,4.196128865910517,165.46710762171185,648.007841288834,0.7571388158696161,,after
Austrian Grand Prix,2026-06-28,HAD,Red Bull Racing,16,0.6602643320929916,0.30904991898097917,0.000118412182487381,171.38588159037474,638.7075596817004,0.7465334115587817,,after
Austrian Grand Prix,2026-06-28,HAD,Red Bull Racing,17,0.6567046473779823,0.36863574291817824,17.865326720537233,175.49196638117388,687.1450012332378,0.8212479459598012,,after
Austrian Grand Prix,2026-06-28,HAD,Red Bull Racing,21,0.8778530728913677,0.5845620735880926,237.3444428081556,377.5140875405843,976.697304314182,1.1943538287874387,363.78259499598903,after
Austrian Grand Prix,2026-06-28,HAD,Red Bull Racing,23,0.7395138838405455,0.525643884549872,126.84500249671473,261.37840248673245,826.3165856679732,1.3167739947855857,,after
Austrian Grand Prix,2026-06-28,HAD,Red Bull Racing,24,0.7134876120125999,0.4189627533990209,7.936777813087274,156.3312513315679,810.9731647233934,0.7396964044543574,,after
Austrian Grand Prix,2026-06-28,HAD,Red Bull Racing,27,0.6097574171657066,0.28965552842809555,2.1688950676121738e-05,161.5872597637999,552.7876526137405,1.5340761406009351,,after
Austrian Grand Prix,2026-06-28,HAD,Red Bull Racing,28,0.794260090610325,0.5099359203285287,98.0676178895921,239.38019162034,878.2548608908198,0.9285609024945288,,after
Austrian Grand Prix,2026-06-28,HAD,Red Bull Racing,29,0.7468995356298762,0.45356975630481006,39.177943086455855,183.90221752227913,814.2058335808653,1.7809680790532707,449.94138145718796,after
Austrian Grand Prix,2026-06-28,HAD,Red Bull Racing,30,0.8667542363642369,0.5706316994326844,23.957039321351164,155.47496108703962,1074.2147923766472,1.6125188872712948,,after
Austrian Grand Prix,2026-06-28,HAD,Red Bull Racing,31,0.9770287122658781,0.7577045060773481,9463.40286385155,9805.362913144609,1254.5888809866958,2.1560389117083667,,after
Austrian Grand Prix,2026-06-28,HAD,Red Bull Racing,32,0.7637889493249581,0.42614616892852464,9.537826447347876e-05,149.52384274998818,866.2727513694695,0.7572661907681325,,after
Austrian Grand Prix,2026-06-28,HAD,Red Bull Racing,33,0.8930583579789926,0.3965759275364609,6.906461669156464,183.31054202546875,964.8909849295495,1.3785727854002139,,after
Austrian Grand Prix,2026-06-28,HAD,Red Bull Racing,34,0.7047148201347626,0.4506017944092864,35.19833809933707,174.6717633379671,782.8587137462711,0.8219238263650505,,after
Austrian Grand Prix,2026-06-28,HAD,Red Bull Racing,37,0.6983260507872325,0.4192892733920294,39.09509306276206,188.2473417640292,746.4901265219706,1.141160263970979,,after
Austrian Grand Prix,2026-06-28,HAD,Red Bull Racing,38,0.694795217252038,0.4518299551283847,71.61886056454377,211.91959936083532,688.3166986672161,1.3475433505888776,238.36734151501932,after
Austrian Grand Prix,2026-06-28,HAD,Red Bull Racing,39,0.6818748284216876,0.4775977619877171,51.95330613442514,185.6441798841193,761.35977869309,0.7424875915450799,,after
Austrian Grand Prix,2026-06-28,HAD,Red Bull Racing,42,0.8161272102997914,0.38813292942443084,17.77247393921408,185.00895169675255,844.3505226588584,2.3652079684896807,,after
Austrian Grand Prix,2026-06-28,HAD,Red Bull Racing,43,0.8495282385022215,0.47327470338318317,33.24448860832737,178.47124800199845,915.0680192488936,0.6858625318943431,,after
Austrian Grand Prix,2026-06-28,HAD,Red Bull Racing,44,0.9702244081491551,0.5885045040497179,53.63341003425928,185.61942828151643,1119.4958576638533,1.4983863490471008,,after
Austrian Grand Prix,2026-06-28,HAD,Red Bull Racing,45,0.8048723222879584,0.4360302624794742,20.136767893806297,166.71451855397473,842.3287233993062,0.6294389072013818,,after
Austrian Grand Prix,2026-06-28,HAD,Red Bull Racing,46,0.7680760502359522,0.4791281271337488,24.143328575772433,159.87432146560704,861.713928893333,0.7219804783729168,,after
Austrian Grand Prix,2026-06-28,HAD,Red Bull Racing,47,0.7341004261675412,0.4587830732003877,13.288862886258702,149.2656084996287,830.8419452985644,0.423120536362011,,after
Austrian Grand Prix,2026-06-28,HAD,Red Bull Racing,50,0.752814770547451,0.410284843384234,5.353381936055724,153.9186186331897,811.929718416738,0.6674096156859436,,after
Austrian Grand Prix,2026-06-28,HAD,Red Bull Racing,51,0.6755364119241507,0.46886201053583226,33.98203897003866,163.78699336855527,762.8577862846395,1.1298801770185285,,after
Austrian Grand Prix,2026-06-28,HAD,Red Bull Racing,53,0.6674190960228497,0.5246479341032363,66.89399956130215,196.72723550374752,825.3226068339006,1.059502637136888,312.77982684770427,after
Austrian Grand Prix,2026-06-28,HAD,Red Bull Racing,55,0.8434320082989233,0.4405828753509067,6.9776657045541,155.1575792385398,908.6353743647223,0.47652128330046967,,after
Austrian Grand Prix,2026-06-28,HAD,Red Bull Racing,56,0.9999999356496075,0.9295281683922472,93.18274848504606,218.0392603598609,1291.310472790167,4.357517867501634,,after
Austrian Grand Prix,2026-06-28,HAD,Red Bull Racing,58,0.7251948010225355,0.40189428259229154,24.38080169820358,174.0839856724625,739.3030950142852,1.391071081386376,,after
Austrian Grand Prix,2026-06-28,HAD,Red Bull Racing,60,0.7586816572133512,0.5144018374989033,59.839798973082225,189.23519104029893,854.3050994515794,0.7961565259609721,,after
Austrian Grand Prix,2026-06-28,HAD,Red Bull Racing,61,0.6660848458412252,0.4598141436366646,19.389633387834337,145.46586626340368,744.338504334467,0.8583556034034734,,after
Austrian Grand Prix,2026-06-28,HAD,Red Bull Racing,62,0.9850588434825635,0.6375703856852029,503.6821971174087,644.4413759665764,1077.1201145930188,3.1395600890860123,,after
Austrian Grand Prix,2026-06-28,HAD,Red Bull Racing,63,0.7032776504866994,0.45010922676574344,33.17820366551695,168.30957556499325,762.2862818360836,0.6798341826441674,,after
Austrian Grand Prix,2026-06-28,HAD,Red Bull Racing,64,0.7403753899489658,0.41943049094454693,30.42596492055414,179.7179395992349,783.3720976563374,1.0484023134781881,,after
Austrian Grand Prix,2026-06-28,HAD,Red Bull Racing,65,0.7609623718354782,0.42272344032245257,27.089891924116888,173.2072774088144,784.5923530303631,0.6655669893376728,,after
Austrian Grand Prix,2026-06-28,HAD,Red Bull Racing,66,0.7109704562494901,0.4427362051310029,36.70876092135631,174.56861476564129,755.8458939376806,0.5149580713740034,,after
Austrian Grand Prix,2026-06-28,HAD,Red Bull Racing,67,0.7220544132215271,0.44149941979236523,56.03054430555777,195.96539256056474,705.6090108836972,0.6641979511688928,241.9576821864485,after
Austrian Grand Prix,2026-06-28,HAD,Red Bull Racing,69,0.7848139338240475,0.4744973578497143,55.40297609276584,193.97512256677928,819.1997716115845,0.6300120406688338,,after
Austrian Grand Prix,2026-06-28,HAD,Red Bull Racing,70,0.8160859914258869,0.4709190911786907,16.174138156058955,156.1119078487497,910.9837870368476,0.7004631390024989,,after
Austrian Grand Prix,2026-06-28,HAD,Red Bull Racing,71,0.8971055886050272,0.4489913098163801,18.098069631757824,172.33172090019926,969.0143324540669,1.1601247269231576,,after
Austrian Grand Prix,2026-06-28,NOR,McLaren,2,0.9463034470236237,0.5863182999106131,343.3336653421111,492.34523172788056,907.0827625704151,0.9990071997497939,479.2232109010762,after
Austrian Grand Prix,2026-06-28,NOR,McLaren,3,0.9086096901143502,0.4765896927290115,28.39639725883036,185.3625740671706,1026.6940595423523,1.1016894357948357,,after
Austrian Grand Prix,2026-06-28,NOR,McLaren,4,0.8011377960444995,0.44242426756791253,4.450267420744594e-05,153.9232616961843,934.2848504777345,0.529288567796624,,after
Austrian Grand Prix,2026-06-28,NOR,McLaren,5,0.7674872993980449,0.3934635492787194,5.490820348565401e-06,164.00105112610288,853.5247042815232,1.238819815873026,,after
Austrian Grand Prix,2026-06-28,NOR,McLaren,6,0.6635932401934068,0.33381690779031825,4.313980149814676,169.49496465761663,663.7064941959217,0.9674932909488382,,after
Austrian Grand Prix,2026-06-28,NOR,McLaren,7,0.7519198838848501,0.4213629627199279,24.482183208025386,182.53274893075556,826.8502945165384,0.5614454305923142,,after
Austrian Grand Prix,2026-06-28,NOR,McLaren,10,0.6728782665021333,0.41096396676215563,29.943260294983265,182.1493237080167,733.8794342269471,0.5339210386120888,,after
Austrian Grand Prix,2026-06-28,NOR,McLaren,11,0.7325535956745801,0.3509654456259819,20.944249317776666,198.97825823760232,725.5086238182183,1.1551896316368602,,after
Austrian Grand Prix,2026-06-28,NOR,McLaren,12,0.6702004980023725,0.38061092822542925,33.71423072860601,190.65347049189813,664.679997069956,0.7545187954814985,,after
Austrian Grand Prix,2026-06-28,NOR,McLaren,13,0.631201474830017,0.35955692918803006,27.809502940178138,184.63948816082703,614.4491304201586,1.0655221636437004,,after
Austrian Grand Prix,2026-06-28,NOR,McLaren,14,0.6741363861514295,0.35141134246390454,27.51501904773932,195.0335240503393,650.2889544183172,1.094696766008543,,after
Austrian Grand Prix,2026-06-28,NOR,McLaren,15,0.6574984505286259,0.3644318501186109,42.6566520924588,201.97767342983556,603.6157723770837,0.9107690264259848,,after
Austrian Grand Prix,2026-06-28,NOR,McLaren,16,0.6572407820244901,0.37635221208905517,37.64176370844663,194.30387737498484,635.791709270186,0.8024096407002084,,after
Austrian Grand Prix,2026-06-28,NOR,McLaren,17,0.6765480340421156,0.3673520386890011,43.805310476230225,206.01342104265885,624.5160221074614,0.9982735474462623,,after
Austrian Grand Prix,2026-06-28,NOR,McLaren,18,0.6593224754272432,0.37703646940387675,43.10185321407156,200.35635102480808,632.1210999113265,1.1934568335449054,,after
Austrian Grand Prix,2026-06-28,NOR,McLaren,19,0.622819812026141,0.3612507680976123,39.85897971789797,198.20185046521988,584.333715854038,0.9155498027566289,,after
Austrian Grand Prix,2026-06-28,NOR,McLaren,20,0.6057027125683695,0.38877133687304105,86.64805962034845,234.91322607381002,484.6369362239004,1.214737120463527,259.24123644162233,after
Austrian Grand Prix,2026-06-28,NOR,McLaren,23,0.6092048412543525,0.42263817988563385,116.22898358457535,254.89513181673007,443.3013351059159,1.6595866626584714,296.192508118444,after
Austrian Grand Prix,2026-06-28,NOR,McLaren,27,0.6727077631395046,0.4302574518841032,123.3602638474874,269.03019945654927,506.24354579287586,1.7518178811220633,285.76753762482684,after
Austrian Grand Prix,2026-06-28,NOR,McLaren,28,0.6620533457318108,0.47013486904824153,169.6258852482122,305.82618966323196,467.87852507730315,1.3194760473035665,316.9316516264078,after
Austrian Grand Prix,2026-06-28,NOR,McLaren,29,0.7601963319556947,0.4386555743048883,94.13203672489847,245.0695474656686,685.8029545418746,1.4887745772638874,299.83512074416967,after
Austrian Grand Prix,2026-06-28,NOR,McLaren,30,0.7355416006410938,0.4503451493873478,92.73150686060644,237.30156190616654,685.0714185560008,1.2054051040910159,269.8129021711714,after
Austrian Grand Prix,2026-06-28,NOR,McLaren,31,0.6352979645027701,0.49408277917918975,169.0401879984807,299.44265113182774,509.4222586385772,1.6469680326030598,444.07200437944977,after
Austrian Grand Prix,2026-06-28,NOR,McLaren,32,0.6201108600976434,0.4561609084178861,134.36637655183927,264.6633420933175,465.83165366519535,1.7251391651240697,337.9384420933724,after
Austrian Grand Prix,2026-06-28,NOR,McLaren,33,0.6698071822620637,0.45537865710157727,132.88274280453112,269.97773707363007,514.9921031958294,1.3871325061833757,310.33755290655995,after
Austrian Grand Prix,2026-06-28,NOR,McLaren,34,0.6725997089938394,0.4099312496916393,60.648212518566815,204.82328991930754,623.0493673616454,0.48105905005853106,182.58853822160233,after
Austrian Grand Prix,2026-06-28,NOR,McLaren,37,0.6742392880263759,0.40221390165042825,44.36471937698786,189.06444777105006,647.8017330055078,0.6357915444030031,,after
Austrian Grand Prix,2026-06-28,NOR,McLaren,38,0.6531958836071667,0.41396955394937146,34.108763444811764,172.78949244902597,669.0099660892756,0.5515840198266778,,after
Austrian Grand Prix,2026-06-28,NOR,McLaren,39,0.7065539986614205,0.4419899304991374,30.520528743163595,173.4190411217138,782.2477819548485,0.4809189928537732,,after
Austrian Grand Prix,2026-06-28,NOR,McLaren,40,0.7495538740953733,0.41885256678618077,35.91002752503713,184.3287586377795,748.6503882333012,0.5829924177848703,,after
Austrian Grand Prix,2026-06-28,NOR,McLaren,41,0.7059852965774713,0.41621454913837364,58.3848870480999,205.19275287775446,656.5832882383027,0.685185687329938,191.06102257281572,after
Austrian Grand Prix,2026-06-28,NOR,McLaren,43,0.6932467058803217,0.4058846253387565,48.81137042165374,196.75837532202254,673.6395020777061,0.7924173772332548,,after
Austrian Grand Prix,2026-06-28,NOR,McLaren,44,0.7783920391315969,0.41397688772164637,33.053361131009716,185.9877904560071,778.4137306300964,0.8227082342772429,,after
Austrian Grand Prix,2026-06-28,NOR,McLaren,46,0.7157111122935591,0.4109110046290657,47.27661359192421,198.87989248373168,709.3300675105045,0.9169201404652066,,after
Austrian Grand Prix,2026-06-28,NOR,McLaren,49,0.7109142984212844,0.39971552381641506,42.03947552196564,189.22288987219576,668.9002169479055,0.6075280887995675,,after
Austrian Grand Prix,2026-06-28,NOR,McLaren,50,0.7735771929666093,0.4174258826739064,30.60139283763471,180.1846426906185,775.2486483699402,0.7761754470835865,,after
Austrian Grand Prix,2026-06-28,NOR,McLaren,53,0.6829506740298222,0.3881741931878378,50.544928780832976,198.64050025590336,607.0651338293188,0.7036643491670665,,after
Austrian Grand Prix,2026-06-28,NOR,McLaren,54,0.7151684584710669,0.38100216423502725,64.30744741561935,218.86542149524746,603.5154981854774,1.0191675587200175,208.41472172050464,after
Austrian Grand Prix,2026-06-28,NOR,McLaren,55,0.7164623256940448,0.4103897210033525,85.83038114086003,232.15119870225857,572.7223481608423,0.8203261997150263,233.39713602082978,after
Austrian Grand Prix,2026-06-28,NOR,McLaren,57,0.822743878824433,0.4411867872895696,29.940281443385196,179.59149553736418,858.8190120647264,0.6474540007966476,,after
Austrian Grand Prix,2026-06-28,NOR,McLaren,58,0.8112560645182207,0.4758035739235584,103.07041634137741,243.13057442357567,720.547130403573,0.7773860429721848,271.9463828555093,after
Austrian Grand Prix,2026-06-28,NOR,McLaren,60,0.717883850772326,0.38966354128623726,42.52549625292783,191.28151480689422,656.898501561305,0.7555029487537497,,after
Austrian Grand Prix,2026-06-28,NOR,McLaren,61,0.7416379528526486,0.42784579896462294,41.77290195410379,185.45609720707083,736.7430347645603,0.4794805660613462,,after
Austrian Grand Prix,2026-06-28,NOR,McLaren,63,0.7705311278111285,0.4316524892457175,40.90588441082616,185.64711157008801,766.3143357107198,0.464528126679691,,after
Austrian Grand Prix,2026-06-28,NOR,McLaren,64,0.7685153891855593,0.4093623585920275,35.82307319016469,185.68403808846264,739.5014894489822,0.4419554083009345,,after
Austrian Grand Prix,2026-06-28,NOR,McLaren,65,0.7669513131775455,0.4664211718087955,45.5620259861677,182.53316523303297,789.6354461010682,0.8126896429052708,,after
Austrian Grand Prix,2026-06-28,NOR,McLaren,66,0.8125468374975118,0.4539313197965806,23.534697172407,166.6437803980356,863.4298907831555,0.4569381894134775,,after
Austrian Grand Prix,2026-06-28,NOR,McLaren,67,0.8566532111400601,0.5200410589225702,74.52648276452882,212.58774680750113,924.0457925396122,0.9197392858989154,206.17430864338104,after
Austrian Grand Prix,2026-06-28,NOR,McLaren,68,0.7631822110541948,0.4120206484457642,19.844985288328253,166.73982712490934,772.1597966329174,0.4081661642015682,,after
Austrian Grand Prix,2026-06-28,NOR,McLaren,69,0.7933198389924878,0.44940209506312584,29.83572755412253,173.21699411845424,838.2404399884452,0.6884858785992589,,after
Austrian Grand Prix,2026-06-28,NOR,McLaren,70,0.7815896897134227,0.4392119521912788,25.906866819877806,175.35264790056797,860.3502288749065,0.48743877651356904,,after
Austrian Grand Prix,2026-06-28,NOR,McLaren,71,0.7477016827801508,0.4244832650891466,30.706186520231785,177.01907993071376,785.6719541129739,0.7195022173242343,,after
Austrian Grand Prix,2026-06-28,LEC,Ferrari,2,0.7190127019128154,0.48391376953123405,80.09152487619575,233.55838886935084,866.4070489891458,0.7832787815401618,267.14676360494764,after
Austrian Grand Prix,2026-06-28,LEC,Ferrari,5,0.644221979390043,0.4002025703157645,44.47783928924003,195.91629128137942,660.3304907119759,0.9005949595577512,,after
Austrian Grand Prix,2026-06-28,LEC,Ferrari,6,0.6791589982699175,0.42732841761906426,64.33735149534671,215.61106695724547,688.4473737680172,0.8900398266544965,,after
Austrian Grand Prix,2026-06-28,LEC,Ferrari,7,0.6511735571468609,0.4148277159776574,53.78695750566405,201.65466047499433,661.4671174166303,0.9627098776055512,,after
Austrian Grand Prix,2026-06-28,LEC,Ferrari,8,0.7534373847839454,0.5414102100063064,53.25280837055957,190.09875233733334,988.4908720257918,0.9424343389036975,,after
Austrian Grand Prix,2026-06-28,LEC,Ferrari,10,0.6847002519901468,0.4350522900258075,45.09535677704669,193.94658519434518,750.1601744613635,0.7374893379727895,,after
Austrian Grand Prix,2026-06-28,LEC,Ferrari,11,0.5816776935509601,0.3636452527762124,83.17209675702833,233.84005453904496,421.27592939134234,1.5339921133032766,226.65813729103363,after
Austrian Grand Prix,2026-06-28,LEC,Ferrari,15,0.5778115016138125,0.3776534140885196,72.44999147407839,220.5011901662279,492.725942823688,1.6940100738722046,,after
Austrian Grand Prix,2026-06-28,LEC,Ferrari,16,0.6387933495456742,0.44101805840649566,69.32238347400799,209.2433022807038,648.1726122628436,0.891551492049221,,after
Austrian Grand Prix,2026-06-28,LEC,Ferrari,17,0.6874071988018376,0.432967329350355,59.286616493884026,208.13932904688596,720.2573542964949,0.909065670133906,,after
Austrian Grand Prix,2026-06-28,LEC,Ferrari,19,0.5727451139113894,0.4613008779024943,79.01155289029478,208.29014618628614,611.4371820785312,1.3543587956583507,,after
Austrian Grand Prix,2026-06-28,LEC,Ferrari,20,0.5640593142355733,0.38497032530786013,72.71948984488903,213.36465297391183,459.1804251628266,1.1174714160984887,,after
Austrian Grand Prix,2026-06-28,LEC,Ferrari,21,0.5986139853267335,0.38658433062637676,53.290760970915635,196.94454444813636,560.6857732900357,0.528040872835421,,after
Austrian Grand Prix,2026-06-28,LEC,Ferrari,23,0.6757979122424771,0.41847769080031577,69.33497049359804,219.8910435221726,658.2635844181476,0.8292044713287487,,after
Austrian Grand Prix,2026-06-28,LEC,Ferrari,24,0.5828639483373396,0.42027953734810247,85.38110696289104,220.34230972251484,484.34095396714633,1.0787462791789537,230.70984077562272,after
Austrian Grand Prix,2026-06-28,LEC,Ferrari,27,0.6160048382591329,0.3456869170650993,46.302340316371975,199.92366292799707,513.4877555407965,0.8777719208680054,,after
Austrian Grand Prix,2026-06-28,LEC,Ferrari,29,0.6154711710087757,0.5195676437297247,168.93825067601117,294.0545319045044,589.5228941093319,1.555158168640167,285.7461370468465,after
Austrian Grand Prix,2026-06-28,LEC,Ferrari,30,0.6621472156941397,0.37992387048830106,58.815245103062914,214.44150841705803,590.8883253441772,0.9064559486693164,,after
Austrian Grand Prix,2026-06-28,LEC,Ferrari,32,0.6692603364037895,0.46734275243043766,64.76427054635816,202.03768469609267,714.4035210831058,0.681979410287695,194.2893498063093,after
Austrian Grand Prix,2026-06-28,LEC,Ferrari,35,0.7001425710741449,0.4256909911161338,59.47670105503823,210.37606816124654,708.6061961625953,1.1087394801326327,167.59785076176436,after
Austrian Grand Prix,2026-06-28,LEC,Ferrari,36,0.6181264886846797,0.46487268156576406,105.43370436276317,236.1645707576841,549.1426620520671,1.178773728697633,263.16062651065874,after
Austrian Grand Prix,2026-06-28,LEC,Ferrari,39,0.6474991847324644,0.4786004598962148,59.42497534312705,188.42692131121456,706.2439504422572,0.80571689015138,260.8570242361833,after
Austrian Grand Prix,2026-06-28,LEC,Ferrari,40,0.6295337083180278,0.44698916112971676,95.65929066575264,232.05727983919098,560.7324757259998,0.9094668188183994,215.69480975661742,after
Austrian Grand Prix,2026-06-28,LEC,Ferrari,41,0.5906501761221964,0.45788789791122436,81.06241451284939,207.1537268049374,551.4473469035871,0.7441214641277618,234.89405235084786,after
Austrian Grand Prix,2026-06-28,LEC,Ferrari,43,0.7327083875483716,0.45779706906234224,69.11503213060229,210.60395360729467,716.5641716650899,1.321807527956232,234.91895365479135,after
Austrian Grand Prix,2026-06-28,LEC,Ferrari,44,0.6704611060496557,0.42463163337229415,94.13972017785757,234.79532938000926,527.1258789743038,1.3096370040884489,260.0109642647946,after
Austrian Grand Prix,2026-06-28,LEC,Ferrari,45,0.6230320779171352,0.4472257955857505,96.92545540746922,229.03542735290455,536.7397657565833,0.881785095989728,245.06213302832816,after
Austrian Grand Prix,2026-06-28,LEC,Ferrari,46,0.6645093454836577,0.47055082008147264,127.43088742538016,262.3976110949147,542.6267227432403,1.5909799176808868,278.8561994245426,after
Austrian Grand Prix,2026-06-28,LEC,Ferrari,47,0.6645051930162046,0.45182293124273964,80.2068096550668,216.33555158334573,633.1602675544773,0.8565418397866246,188.66777941874358,after
Austrian Grand Prix,2026-06-28,LEC,Ferrari,49,0.8286903268027425,0.6065767156949828,248.1168105233179,378.45670800734354,899.951477751332,1.1402759389266568,350.8135025544235,after
Austrian Grand Prix,2026-06-28,LEC,Ferrari,50,0.7378859701294651,0.4676997278161785,62.62619945862737,201.50032642618157,755.193768003406,1.6563545366788965,181.30962308276153,after
Austrian Grand Prix,2026-06-28,LEC,Ferrari,51,0.6752084026955174,0.46722593431924336,70.8331276031706,201.95461263959035,668.0807924859547,1.3131258719615095,278.342005931179,after
Austrian Grand Prix,2026-06-28,LEC,Ferrari,53,0.7730076623142693,0.7968384914655843,377.0486198108639,499.9385679974732,949.1821832099816,2.7625027878785535,426.6940794410495,after
Austrian Grand Prix,2026-06-28,LEC,Ferrari,54,0.6601693439454371,0.4739380143801597,182.82996136605868,313.39129815650534,459.8802348851465,1.3510212278324651,342.15548569635575,after
Austrian Grand Prix,2026-06-28,LEC,Ferrari,55,0.683741278317108,0.5277861009117767,259.85429986703855,386.771998371632,410.7933883219593,1.2637999695875346,417.78824824889847,after
Austrian Grand Prix,2026-06-28,LEC,Ferrari,56,0.7655372025222285,0.44808899451999695,61.418777916062254,208.24366861427671,777.4081520060948,1.1058051972007883,,after
Austrian Grand Prix,2026-06-28,LEC,Ferrari,57,0.7986295287969493,0.6153116254331226,235.71621080215783,361.4027877817092,846.1153409450187,2.0912929190062433,370.342279869557,after
Austrian Grand Prix,2026-06-28,LEC,Ferrari,58,0.6934872260763709,0.4679331953954742,73.77460140836885,207.22469363898412,685.4735550818907,1.128174007386421,198.7852726367127,after
Austrian Grand Prix,2026-06-28,LEC,Ferrari,62,0.639854452654239,0.45828387149200017,72.18102154557252,199.83301835230108,602.9357897771848,0.9939858959993777,202.03484711290113,after
Austrian Grand Prix,2026-06-28,LEC,Ferrari,63,0.6299333767927477,0.43231831010125416,86.91988439229362,220.20196100413625,521.6923783727617,0.9455612385302986,210.04144888789807,after
Austrian Grand Prix,2026-06-28,LEC,Ferrari,64,0.6822198674084013,0.4015463353770734,77.04955289088512,221.4311079737563,536.0592931852647,1.453528038358537,229.6360109777401,after
Austrian Grand Prix,2026-06-28,LEC,Ferrari,65,0.6158394400164681,0.4540744937858256,151.46791617903602,280.863330148837,395.24957337695514,1.6898982045406346,308.986904903452,after
Austrian Grand Prix,2026-06-28,LEC,Ferrari,66,0.649104239146131,0.4270896221987769,121.4131468257932,259.48095513823904,447.8074326763607,1.849260275955435,300.491815950464,after
Austrian Grand Prix,2026-06-28,LEC,Ferrari,67,0.5920147977568785,0.47924072250775196,146.9669342836141,268.1869576856513,411.54028980524095,1.8074975676051646,361.57761817719194,after
Austrian Grand Prix,2026-06-28,LEC,Ferrari,68,0.5952299352310203,0.46002784821217413,146.10590609035424,270.3576316372533,374.507044953107,2.107664722428362,314.05671750377843,after
Austrian Grand Prix,2026-06-28,LEC,Ferrari,69,0.6381264170248665,0.4648080814327685,154.30108290631844,280.19957986122597,409.8163635507078,1.599503123656407,298.9284147932323,after
Austrian Grand Prix,2026-06-28,LEC,Ferrari,70,0.6188063405833805,0.45593852249836725,114.69467908081974,241.16660595616,482.7106997165291,1.4608206757144189,286.50134160374347,after
Austrian Grand Prix,2026-06-28,LEC,Ferrari,71,0.6224682798136482,0.465277290184526,130.84627575889556,256.78175314366075,454.3382010466064,1.3887900139325937,300.9979586774026,after
Austrian Grand Prix,2026-06-28,LAW,Racing Bulls,2,0.9221943939455358,0.3910698186056466,0.000109093991824487,173.76422146125344,934.9547579045839,0.6505854270259048,,after
Austrian Grand Prix,2026-06-28,LAW,Racing Bulls,3,0.9374432033328957,0.5245949026838632,12.983179686798804,161.04278368296792,1136.5627099282724,0.6127690164044313,,after
Austrian Grand Prix,2026-06-28,LAW,Racing Bulls,4,0.8135764707802108,0.4130161215582859,0.00011079698121205972,160.87484347429097,898.2089136276471,0.5774970904191716,,after
Austrian Grand Prix,2026-06-28,LAW,Racing Bulls,5,0.7497371377556392,0.3534802256829762,7.555668609306721e-07,165.58004623582661,749.8704631990087,0.850498973643473,,after
Austrian Grand Prix,2026-06-28,LAW,Racing Bulls,6,0.7529060626892452,0.40038357995002394,0.00011604869582831663,155.53835209101211,821.4738027226024,0.6722242693011911,,after
Austrian Grand Prix,2026-06-28,LAW,Racing Bulls,7,0.7556654253234141,0.407899793456949,18.554252122181392,176.06953836663112,822.3033939057287,0.994158072194638,,after
Austrian Grand Prix,2026-06-28,LAW,Racing Bulls,9,0.7615764388939615,0.4201499514474114,8.961452563132736,166.98513628509548,876.7483454318088,0.31373543199381254,,after
Austrian Grand Prix,2026-06-28,LAW,Racing Bulls,10,0.7191720303657342,0.4100192613748647,4.83174415974401,159.10342331731565,823.7859093511572,0.6756556071569128,,after
Austrian Grand Prix,2026-06-28,LAW,Racing Bulls,11,0.7363656906682952,0.3639489119380777,7.973724156239394,174.3782440292727,763.2162337482517,0.9483128299553812,,after
Austrian Grand Prix,2026-06-28,LAW,Racing Bulls,13,0.6978992871472559,0.37168628650857927,6.763378547049649,166.8510863289245,748.4260324242491,0.7776530958686118,,after
Austrian Grand Prix,2026-06-28,LAW,Racing Bulls,15,0.6928564871436398,0.39327196456716135,29.789718773763386,185.03281894710008,733.8406423110231,0.6692123996294517,,after
Austrian Grand Prix,2026-06-28,LAW,Racing Bulls,17,0.6670424450112077,0.3900112937602375,33.57843210657095,186.79486466472696,691.1439358000015,0.6827342832898959,,after
Austrian Grand Prix,2026-06-28,LAW,Racing Bulls,18,0.651780962559148,0.43771187860879895,47.773705224163876,187.74978895492526,747.516213694368,0.5626754658003494,,after
Austrian Grand Prix,2026-06-28,LAW,Racing Bulls,22,0.7777268807100884,0.47904590622999377,7.790426613606797,147.61424090178693,920.4578390612808,0.7903005999726648,,after
Austrian Grand Prix,2026-06-28,LAW,Racing Bulls,23,0.7451113268185319,0.40329406019327857,0.0002186343717554229,150.3925479019163,804.3653306853976,0.7995929622646679,,after
Austrian Grand Prix,2026-06-28,LAW,Racing Bulls,27,0.6161008652655666,0.3169984602237245,8.521670023339288,162.18646558794487,565.1218933934974,0.6512771558284866,,after
Austrian Grand Prix,2026-06-28,LAW,Racing Bulls,28,0.7491650277759759,0.4436829331057381,35.081857632275735,180.373714107284,818.0537226385895,0.4270041706247104,,after
Austrian Grand Prix,2026-06-28,LAW,Racing Bulls,29,0.6941842733768312,0.419064072320996,19.235813448644084,163.03516397391277,758.3078501096413,0.834291669180578,,after
Austrian Grand Prix,2026-06-28,LAW,Racing Bulls,30,0.7060895778799372,0.4357584331251942,19.922686142035477,159.25304876906893,773.0353896759905,0.4572466517822636,,after
Austrian Grand Prix,2026-06-28,LAW,Racing Bulls,32,0.7687363663720349,0.39255643082671887,3.786009097557279e-05,155.47865403816564,815.7303145643259,0.5832647960835375,,after
Austrian Grand Prix,2026-06-28,LAW,Racing Bulls,33,0.7777044841085512,0.4242628345471781,10.994634557969695,155.44205375285645,808.184191897103,0.548872703424097,,after
Austrian Grand Prix,2026-06-28,LAW,Racing Bulls,35,0.7117599225194055,0.4123994071573909,0.0001559985399934681,144.77374373342613,792.1846058783623,0.8828907485850834,,after
Austrian Grand Prix,2026-06-28,LAW,Racing Bulls,36,0.7357839388857093,0.4505606152215697,31.01826977225072,170.22861250885975,808.4253695896831,0.49435835968835834,,after
Austrian Grand Prix,2026-06-28,LAW,Racing Bulls,38,0.7465293472307281,0.4700226876284445,13.140432222769093,151.36407618399483,880.7952264800657,0.6104569798720614,,after
Austrian Grand Prix,2026-06-28,LAW,Racing Bulls,40,0.7256204807494662,0.458768227819377,45.81854553425701,184.5739869241773,800.8641897732653,0.6593465828641084,,after
Austrian Grand Prix,2026-06-28,LAW,Racing Bulls,41,0.7959855238927562,0.4235516555711055,0.00020292368880294853,152.4825816630992,890.200005688808,0.43911592705571056,,after
Austrian Grand Prix,2026-06-28,LAW,Racing Bulls,42,0.696044196798901,0.44677722787022184,29.67702784056565,165.62829513771078,766.596808815625,0.8218118768206364,,after
Austrian Grand Prix,2026-06-28,LAW,Racing Bulls,44,0.765407892125527,0.45859669189740454,20.53458550483146,160.4372283024182,860.6226435121646,0.5558506135954299,,after
Austrian Grand Prix,2026-06-28,LAW,Racing Bulls,47,0.6872143464962945,0.386877675167785,0.00010301074725714689,138.49132058871078,696.2673515700588,0.7253274411953318,,after
Austrian Grand Prix,2026-06-28,LAW,Racing Bulls,48,0.880470627738255,0.3697285419836262,2.4303229733622067e-05,167.92881500332564,851.2281421942052,1.153475118480881,,after
Austrian Grand Prix,2026-06-28,LAW,Racing Bulls,49,0.7625736393954435,0.43859641306968494,32.19783869030746,171.91918469151994,786.3841485856963,0.368448522679695,,after
Austrian Grand Prix,2026-06-28,LAW,Racing Bulls,50,0.7093971555789917,0.45435247878074897,9.686858642675176,143.24931909678995,811.8703240985359,0.6809442061862649,,after
Austrian Grand Prix,2026-06-28,LAW,Racing Bulls,51,0.6356649488319467,0.4380998268625535,54.623968289122224,183.36821328881206,641.9579629688051,0.5074930575115866,,after
Austrian Grand Prix,2026-06-28,LAW,Racing Bulls,53,0.5852960861171163,0.29357392494816914,31.415462147359808,182.09096114537084,433.17938674391024,0.9549868050587138,,after
Austrian Grand Prix,2026-06-28,LAW,Racing Bulls,54,0.6699250002019274,0.4062340953627446,49.792624208958415,189.25356325753484,643.5976631406332,0.7085726882419756,,after
Austrian Grand Prix,2026-06-28,LAW,Racing Bulls,55,0.6994494298520745,0.3956144629733421,38.936272103431854,183.75558535611034,672.8203917199688,0.7352174452897977,,after
Austrian Grand Prix,2026-06-28,LAW,Racing Bulls,58,0.7981592774526644,0.390985602921132,33.1406161300401,186.79403663130722,744.9385203308092,0.9786558937186258,,after
Austrian Grand Prix,2026-06-28,LAW,Racing Bulls,59,0.8136837247615185,0.3740540595479461,27.055420990609726,190.3939173710298,762.6588560652485,1.472726108548417,,after
Austrian Grand Prix,2026-06-28,LAW,Racing Bulls,60,0.718254663435811,0.4052406951625049,7.007954169016211,148.61372163517984,751.0035957938163,0.2560131202327223,,after
Austrian Grand Prix,2026-06-28,LAW,Racing Bulls,63,0.7128308546756555,0.472524852204646,22.845306730506547,153.96147359409497,821.5555803692378,0.5214116609951167,,after
Austrian Grand Prix,2026-06-28,LAW,Racing Bulls,64,0.7425626943561427,0.46833144078900096,31.50155163764152,165.01157739079983,826.7169227814268,0.6851853094119725,,after
Austrian Grand Prix,2026-06-28,LAW,Racing Bulls,65,0.7333074561375384,0.42585676494911884,15.304903268869014,156.5702725216815,788.6261413505858,0.5238151340726357,,after
Austrian Grand Prix,2026-06-28,LAW,Racing Bulls,66,0.7528347101369565,0.4380089037878954,47.3309828841197,187.9175450065031,764.5798691130476,0.6151036706895406,,after
Austrian Grand Prix,2026-06-28,LAW,Racing Bulls,67,0.7809739423069709,0.428982363679491,1.6685404874656233,144.71796211306054,839.6710915082625,0.7746315084794769,,after
Austrian Grand Prix,2026-06-28,LAW,Racing Bulls,68,0.7452590237148348,0.4345911532026256,0.00016724531313443925,138.23912246211358,817.9751521436639,0.6343691614890443,,after
Austrian Grand Prix,2026-06-28,LAW,Racing Bulls,69,0.6663620105161757,0.44571724751989955,54.539706864653546,185.5108340299693,691.474087706915,0.5178785272135363,,after
Austrian Grand Prix,2026-06-28,LAW,Racing Bulls,70,0.6904473998070475,0.41707029380799887,37.78204316555705,175.99733857558417,691.5501303015817,0.5100395994657346,,after
Austrian Grand Prix,2026-06-28,LIN,Racing Bulls,2,0.913027538926255,0.5314787997834768,0.9278353064316363,147.63521037071925,1153.9127531143008,0.6397749417588184,,after
Austrian Grand Prix,2026-06-28,LIN,Racing Bulls,3,0.9475434010712852,0.5868654532181912,104.56749291403928,247.6409793532931,1209.9450196309767,1.4864344053208582,,after
Austrian Grand Prix,2026-06-28,LIN,Racing Bulls,4,0.9095271698355857,0.5328175681261749,35.89747961729666,182.50641829903563,1118.7379384993235,2.064311169221812,,after
Austrian Grand Prix,2026-06-28,LIN,Racing Bulls,5,0.902732571323106,0.4691538050135187,0.00016831134782209058,155.08524747113532,1042.2132387215229,0.74263871630107,,after
Austrian Grand Prix,2026-06-28,LIN,Racing Bulls,6,0.8507599555952705,0.4980007438694993,36.13187558327047,183.99817341146436,1013.6770570807845,0.6435358307352583,,after
Austrian Grand Prix,2026-06-28,LIN,Racing Bulls,7,0.787680046958829,0.49285575156234046,35.34747477479419,178.8773025394212,950.7080590748373,0.9711397891200004,,after
Austrian Grand Prix,2026-06-28,LIN,Racing Bulls,8,0.7565672756219355,0.43597713277859784,10.348395996441383,167.87458791710765,915.6847706846016,0.9769186346951446,,after
Austrian Grand Prix,2026-06-28,LIN,Racing Bulls,9,0.7005682870533674,0.3783302230747239,6.113857534309934,169.0812620034203,777.2539968427195,0.5685491128982763,,after
Austrian Grand Prix,2026-06-28,LIN,Racing Bulls,10,0.7212188751774024,0.41100580586357155,22.8985591764059,179.8020640577047,808.6376444196364,0.5781193566304043,,after
Austrian Grand Prix,2026-06-28,LIN,Racing Bulls,11,0.6495676091406115,0.3597038012303812,30.904092700789988,189.86566617217574,638.6470093709003,0.8774606971260464,,after
Austrian Grand Prix,2026-06-28,LIN,Racing Bulls,13,0.6856329749214372,0.3720822519815605,0.8834643510396049,161.52810390620357,759.9504691286327,0.7174275028113074,,after
Austrian Grand Prix,2026-06-28,LIN,Racing Bulls,14,0.6512876903699928,0.4157051277520555,33.06711153881114,182.15754382962274,732.7572187643976,0.5478309582108382,,after
Austrian Grand Prix,2026-06-28,LIN,Racing Bulls,15,0.7237256315014701,0.3853575749371817,32.57496052089602,195.07546901903467,738.9883591746932,0.6915203692035128,,after
Austrian Grand Prix,2026-06-28,LIN,Racing Bulls,16,0.6993671245045022,0.3860503904140675,17.304281074145162,176.7640749001384,762.8749872545292,0.6805461171386074,,after
Austrian Grand Prix,2026-06-28,LIN,Racing Bulls,17,0.712469853586379,0.4384156436775207,45.02348371303384,193.35343844978362,792.8704168075186,0.4200166938735953,,after
Austrian Grand Prix,2026-06-28,LIN,Racing Bulls,22,0.6105404267730477,0.2565879558147687,9.172457441564575,190.21471978558517,493.70938712423975,0.9723044568863736,,after
Austrian Grand Prix,2026-06-28,LIN,Racing Bulls,23,0.5516390600319138,0.30662736040800526,27.284751240673305,181.2311614303136,472.02164618750464,1.0257545312494862,,after
Austrian Grand Prix,2026-06-28,LIN,Racing Bulls,28,0.6311342792004797,0.3799753092910508,29.85368330198271,177.35542918790978,642.36198761174,0.9145981250146112,,after
Austrian Grand Prix,2026-06-28,LIN,Racing Bulls,30,0.666676267432504,0.4182703117560901,55.391951030384924,197.40542515234313,652.4507996203206,0.3639412411120025,,after
Austrian Grand Prix,2026-06-28,LIN,Racing Bulls,32,0.6822295789102031,0.40700535452497766,39.54772983242858,187.9396672224013,707.372611016329,0.6024863565314064,,after
Austrian Grand Prix,2026-06-28,LIN,Racing Bulls,33,0.6573458615133276,0.39236800860141546,38.84390618720472,185.44671026046458,661.6548119142541,0.7094047631729511,,after
Austrian Grand Prix,2026-06-28,LIN,Racing Bulls,35,0.7402602910156673,0.418406184367955,41.54038383913444,195.60820681311296,781.3169430104418,0.8698335210319746,,after
Austrian Grand Prix,2026-06-28,LIN,Racing Bulls,36,0.6836133491847133,0.413771438471659,36.098906700056176,180.86654129604034,714.0775457678502,0.8784835772510239,,after
Austrian Grand Prix,2026-06-28,LIN,Racing Bulls,38,0.7478655730133368,0.4544045996211372,9.549798022084744,153.31344710783898,886.2922704961115,0.7841544979968214,,after
Austrian Grand Prix,2026-06-28,LIN,Racing Bulls,40,0.7126124153687254,0.4053282855118725,36.24033434551374,187.27267752869696,737.0327085629656,0.8212673851505696,,after
Austrian Grand Prix,2026-06-28,LIN,Racing Bulls,41,0.6996211479454769,0.4262518260695046,33.07588428022914,178.18153172677202,765.6577749508145,0.9022534386894795,,after
Austrian Grand Prix,2026-06-28,LIN,Racing Bulls,42,0.7182112355419031,0.4140502128812576,52.73637004031841,204.1319761676886,723.6770128927612,0.6145348098090286,,after
Austrian Grand Prix,2026-06-28,LIN,Racing Bulls,44,0.7418399934470172,0.4176487964356,31.63178959159047,184.3402940490355,798.4960507987669,0.6539619070775545,,after
Austrian Grand Prix,2026-06-28,LIN,Racing Bulls,45,0.8995124757988413,0.37180433147226,23.94987725674659,211.78988272469118,908.4441451134313,2.5800007389892063,,after
Austrian Grand Prix,2026-06-28,LIN,Racing Bulls,48,0.7925806492577385,0.3974841237626795,9.731840457888271,161.3750402770103,794.5222097282627,0.6436652742602056,,after
Austrian Grand Prix,2026-06-28,LIN,Racing Bulls,49,0.7277004253715184,0.4582640250121048,38.31999420575419,172.74905446428272,776.4765372148429,1.5014508054603672,,after
Austrian Grand Prix,2026-06-28,LIN,Racing Bulls,50,0.8244556274963115,0.43488666757617567,0.8325423390341085,149.2606000077017,902.4443890250295,0.7313580016332305,,after
Austrian Grand Prix,2026-06-28,LIN,Racing Bulls,51,0.7637005635078241,0.3883937990925523,16.676110692863993,167.84681559023562,749.5137735806144,0.5566333802413148,,after
Austrian Grand Prix,2026-06-28,LIN,Racing Bulls,53,0.6352887721723937,0.24116262377724856,18.38394515875742,190.5806294545984,425.45441756085387,1.0807245405287933,,after
Austrian Grand Prix,2026-06-28,LIN,Racing Bulls,54,0.7351751684387298,0.3759662393065517,25.31359520648869,177.61502040864804,698.3050501357255,0.6071416079147047,,after
Austrian Grand Prix,2026-06-28,LIN,Racing Bulls,55,0.7852485581524528,0.4105278651585778,18.033383062342253,174.31963732456393,845.8746752852479,0.6405920547568308,,after
Austrian Grand Prix,2026-06-28,LIN,Racing Bulls,57,0.697766455742887,0.40107311591775124,43.306368498015274,188.45175741443742,686.2025887688377,0.9706604091045063,,after
Austrian Grand Prix,2026-06-28,LIN,Racing Bulls,58,0.753186628397665,0.4044186809914177,39.23272064807306,186.92893126458472,722.1306940326411,0.6271901007289205,,after
Austrian Grand Prix,2026-06-28,LIN,Racing Bulls,59,0.8713183400646616,0.3932552324723769,14.458336336816245,179.2016725995233,874.4541720626104,1.0734671479211115,,after
Austrian Grand Prix,2026-06-28,LIN,Racing Bulls,60,0.7556414493132488,0.4267493940526904,17.045779492530627,160.1328427025973,800.4221882329599,0.290140746853737,,after
Austrian Grand Prix,2026-06-28,LIN,Racing Bulls,61,0.8453070670095665,0.5114375033300907,56.93274768141575,196.04988683095456,970.6232036086376,0.9891763408783478,,after
Austrian Grand Prix,2026-06-28,LIN,Racing Bulls,62,0.7780872681372641,0.4049476029192777,21.42390740940501,171.53963061902022,785.4256634507893,0.8702516416638882,,after
Austrian Grand Prix,2026-06-28,LIN,Racing Bulls,63,0.7565891979890054,0.42609005094234514,27.336884901413367,171.80933985178854,787.200312311288,0.6526874554532132,,after
Austrian Grand Prix,2026-06-28,LIN,Racing Bulls,64,0.8453281660135201,0.5362601473677797,75.48268797182521,208.84027628659982,970.5577770984091,1.149718187036433,,after
Austrian Grand Prix,2026-06-28,LIN,Racing Bulls,65,0.886722545103985,0.38977427844298446,2.909992173105308,170.20512406252385,908.665620365601,1.239680377052767,,after
Austrian Grand Prix,2026-06-28,LIN,Racing Bulls,66,0.7547736337435972,0.42743327660500174,35.45663493328199,179.6021069105547,772.4653444539172,0.486794566916408,,after
Austrian Grand Prix,2026-06-28,LIN,Racing Bulls,67,0.7933847872140466,0.3915747041806147,27.959997989141932,183.44512029206064,762.5327684413002,0.42839267052517527,,after
Austrian Grand Prix,2026-06-28,LIN,Racing Bulls,68,0.8442892025020547,0.5865997869467203,360.38792261995485,495.3676203878085,884.6992654394361,1.1835465835136894,,after
Austrian Grand Prix,2026-06-28,LIN,Racing Bulls,69,0.8199444671806912,0.5651705660083305,270.1498379660113,403.74030868549573,829.7052354319887,1.0299959870604722,332.5300925204197,after
Austrian Grand Prix,2026-06-28,LIN,Racing Bulls,70,0.744090774295256,0.3946936782335735,27.37939108016843,175.44682382057363,727.8018909751008,0.34437085959912694,,after
Austrian Grand Prix,2026-06-28,BOR,Audi,2,0.7873083923570545,0.4447323221553728,17.035638889164474,174.8323744316883,929.1242369614887,0.6183547907599957,,after
Austrian Grand Prix,2026-06-28,BOR,Audi,3,0.8244796289516801,0.5329370948286944,57.25518684184161,205.28824898441704,1056.347711147728,1.2397107845947117,,after
Austrian Grand Prix,2026-06-28,BOR,Audi,4,0.8125329032255503,0.4048760752962354,35.683273018038115,207.09884526540364,849.5873679172711,1.284562029014862,,after
Austrian Grand Prix,2026-06-28,BOR,Audi,5,0.6111967502360106,0.48051470009030545,26.212186062673126,158.46834056787333,796.5660891367736,0.6161880402790084,,after
Austrian Grand Prix,2026-06-28,BOR,Audi,6,0.6445175023191457,0.5733948042264655,159.36523178260586,286.2180880547684,816.9210805611851,1.1850232991898921,,after
Austrian Grand Prix,2026-06-28,BOR,Audi,7,0.813725642177592,0.6216196099224017,295.6410526555734,428.12525534906024,918.8197892803171,1.6783356538665628,542.9346928887795,after
Austrian Grand Prix,2026-06-28,BOR,Audi,8,0.642915556998651,0.31526061012232814,23.771567800658012,200.61699124739192,588.3660670106921,0.8525385639230503,,after
Austrian Grand Prix,2026-06-28,BOR,Audi,9,0.5711173701654711,0.35425755781613527,38.901800902767114,187.2951635335578,521.8190222877049,0.9034469777105857,,after
Austrian Grand Prix,2026-06-28,BOR,Audi,10,0.5274783418113249,0.3037006811481659,29.987060808924323,185.24323319464048,433.36891160588874,0.9925585299286392,,after
Austrian Grand Prix,2026-06-28,BOR,Audi,11,0.5819487348013268,0.3436949241739964,54.57460444450592,211.42868588796998,478.1575298129658,1.1189955371740983,,after
Austrian Grand Prix,2026-06-28,BOR,Audi,12,0.6241222639646274,0.34775714199558266,55.15090237011982,219.2330108709128,518.6066856613827,1.2240392910004225,,after
Austrian Grand Prix,2026-06-28,BOR,Audi,13,0.5929663035775514,0.34208535636938625,57.83507297658662,218.03008601141192,475.90475658205804,1.259736185933585,171.24722517075287,after
Austrian Grand Prix,2026-06-28,BOR,Audi,14,0.7366163390576939,0.40009644444826453,8.313472583431054e-05,160.4034859502645,847.5152676359826,0.829500908989664,,after
Austrian Grand Prix,2026-06-28,BOR,Audi,15,0.6038609249463889,0.38980622017675964,63.58404016136606,213.8638432761767,550.998916879985,1.057798771427997,226.6076357047325,after
Austrian Grand Prix,2026-06-28,BOR,Audi,16,0.5941286997250957,0.35232692424201273,47.24227831573572,205.18474885989107,534.6333898805071,1.1144905043301094,,after
Austrian Grand Prix,2026-06-28,BOR,Audi,20,0.8186058687990005,0.46144039101618783,12.560143508261056,164.67378165582025,967.523840139571,1.0922732806046942,,after
Austrian Grand Prix,2026-06-28,BOR,Audi,23,0.6239808487051117,0.3090913416952485,30.909985567910713,200.4225572010789,517.7322489315067,1.5077385573166147,,after
Austrian Grand Prix,2026-06-28,BOR,Audi,27,0.5901502380121317,0.3620286317276152,54.301032009629125,201.92650092638286,501.2169931071865,0.818340317334993,,after
Austrian Grand Prix,2026-06-28,BOR,Audi,28,0.6574894901480703,0.39203884651335164,57.267198650859505,207.83792596119991,607.0783023428679,1.2994077084476883,202.84304847814818,after
Austrian Grand Prix,2026-06-28,BOR,Audi,29,0.6735019171313807,0.32798501608200137,34.56232677423997,203.8910960381026,577.8923580451606,1.1785354376053487,,after
Austrian Grand Prix,2026-06-28,BOR,Audi,32,0.6581769603071679,0.32738006713531237,45.02296555292491,212.92989531476354,534.4468475442712,1.0890059227746407,,after
Austrian Grand Prix,2026-06-28,BOR,Audi,35,0.63052935956333,0.38014217124772104,49.869734270935915,197.99420657302238,578.0389405196235,0.9218736535451009,,after
Austrian Grand Prix,2026-06-28,BOR,Audi,37,0.6095553515539697,0.4321081188145926,68.55827551532828,209.5971450524113,623.1010321716352,0.9275351900779142,,after
Austrian Grand Prix,2026-06-28,BOR,Audi,38,0.5583511937086242,0.4133925601054231,84.46726184304795,216.9515819990646,457.5505527568218,1.30102092154458,222.14640125474375,after
Austrian Grand Prix,2026-06-28,BOR,Audi,39,0.5833953728392905,0.41376337410969294,65.741169579798,202.90188503415277,538.3445062282852,1.108814079375056,195.83172706490657,after
Austrian Grand Prix,2026-06-28,BOR,Audi,40,0.6306135042684335,0.4295285568782992,30.865716266646942,167.90671576687132,701.234304916929,0.5821835583900854,,after
Austrian Grand Prix,2026-06-28,BOR,Audi,41,0.8432128402620618,0.6101886070458672,274.58482494982326,407.3440624207205,964.3207737198181,2.1911190344560207,291.42887445852193,after
Austrian Grand Prix,2026-06-28,BOR,Audi,42,0.7700703590475554,0.5025246768307698,48.53785005673764,187.08271678170087,926.3149682247837,1.4976149466537196,,after
Austrian Grand Prix,2026-06-28,BOR,Audi,43,0.6278410134993798,0.3607249288115323,57.17359747333153,212.8956747892452,533.8066034945065,1.121842764081385,203.0820911312899,after
Austrian Grand Prix,2026-06-28,BOR,Audi,46,0.651117624232174,0.34300205191943134,38.078547045536865,195.9961499714499,560.5902742308415,1.390845999857757,,after
Austrian Grand Prix,2026-06-28,BOR,Audi,47,0.5867715533772669,0.35992068371963437,41.111558143380805,184.86834011944788,523.0938927525009,0.988332434584132,144.25600018998853,after
Austrian Grand Prix,2026-06-28,BOR,Audi,48,0.5678237305053138,0.29635750392822047,45.9657628560122,201.17317822881088,385.39606400261226,1.1428687824163173,,after
Austrian Grand Prix,2026-06-28,BOR,Audi,51,0.5814152246506357,0.3949801614618552,54.346423805773256,189.32615595117514,539.689793846069,0.9223511867625892,,after
Austrian Grand Prix,2026-06-28,BOR,Audi,53,0.6472864695817416,0.3897442768612546,63.541756791507694,209.86088507906348,572.3040676811286,1.1332363588012238,162.61946163040105,after
Austrian Grand Prix,2026-06-28,BOR,Audi,54,0.5850346532468216,0.35979701258518926,71.45444096225773,212.59090536079646,424.6653008116303,1.1155455414831799,172.77085364414046,after
Austrian Grand Prix,2026-06-28,BOR,Audi,55,0.574819320619724,0.314381021033336,49.54167776397258,198.47198718898247,416.8383257966099,0.8758408404197982,,after
Austrian Grand Prix,2026-06-28,BOR,Audi,56,0.5981693458847076,0.3976712864900052,51.559891973120955,192.44190777682837,587.2625777464413,0.8658459929888593,,after
Austrian Grand Prix,2026-06-28,BOR,Audi,57,0.6398057101981156,0.36227521140845736,42.885486497089545,186.54001837765878,549.6422645816615,0.5450783188989687,,after
Austrian Grand Prix,2026-06-28,BOR,Audi,58,0.6273315186226353,0.3754142768634895,53.401494507822186,199.0448146375617,557.6290661959499,0.8909470669183154,,after
Austrian Grand Prix,2026-06-28,BOR,Audi,59,0.6379409236588788,0.3948404300220293,52.31977503348989,192.21708790434351,594.4427885995361,0.8149381843005776,,after
Austrian Grand Prix,2026-06-28,BOR,Audi,61,0.6277545816213084,0.43892909265560365,73.08343407742754,205.85331769758474,606.2480529100108,0.7983876577847309,,after
Austrian Grand Prix,2026-06-28,BOR,Audi,63,0.6011095170516412,0.40834139262315433,55.512979100332785,190.30497758142866,580.3811787935416,0.9028219231891826,,after
Austrian Grand Prix,2026-06-28,BOR,Audi,64,0.6616233356357539,0.44017981319299937,38.01094765737949,171.10556018230474,705.2978310276809,1.0959060458344063,,after
Austrian Grand Prix,2026-06-28,BOR,Audi,65,0.6637081151916018,0.38946543760225893,36.96692155604086,182.43096264138535,649.7877058074198,0.878226888776031,,after
Austrian Grand Prix,2026-06-28,BOR,Audi,66,0.686259066731398,0.38996302282562456,59.02988107479909,210.31991366527072,617.3148904181627,1.002182227813303,,after
Austrian Grand Prix,2026-06-28,BOR,Audi,69,0.7965012131928305,0.3496376326387609,1.8247830957235573e-05,174.40176797167598,808.0462619868816,1.4349763802431728,,after
Austrian Grand Prix,2026-06-28,BOR,Audi,70,0.672445968842257,0.417868398813983,36.84539573179792,179.53068467662663,708.9772146520091,0.9239111693894643,,after
Austrian Grand Prix,2026-06-28,HUL,Audi,2,0.8461812624067261,0.5039552492543549,4.746847158870933e-06,147.07857407778337,1063.5512924156353,0.6979682739767381,,after
Austrian Grand Prix,2026-06-28,HUL,Audi,3,0.870932745144987,0.5307593092302242,0.0004927116267391555,145.76272665670288,1138.1399358974795,0.979402026478023,,after
Austrian Grand Prix,2026-06-28,HUL,Audi,4,0.6825975428331933,0.43718500563177604,4.842659249660442,149.40563892912988,824.2348550795546,0.5979889088638665,,after
Austrian Grand Prix,2026-06-28,HUL,Audi,5,0.7742429547082529,0.4907302556518059,23.16363283146327,168.84225624682256,965.9181342234182,0.9459953096398679,,after
Austrian Grand Prix,2026-06-28,HUL,Audi,6,0.7920019636703325,0.4809809032975773,18.21171184924194,165.47161246737548,965.0004380931499,1.1268492132095431,,after
Austrian Grand Prix,2026-06-28,HUL,Audi,7,0.7967388217683584,0.4793852556038495,29.666515461119978,180.81184264769024,971.0360684772057,0.6498414168391675,,after
Austrian Grand Prix,2026-06-28,HUL,Audi,9,0.7599293898983729,0.5071386491285089,75.12313432108442,218.80049160247268,900.7559771106596,0.6702532389976352,,after
Austrian Grand Prix,2026-06-28,HUL,Audi,10,0.8885113977490112,0.5145201873500916,50.222191813996204,198.21748637806664,1071.8664211875898,0.6595706973551207,,after
Austrian Grand Prix,2026-06-28,HUL,Audi,11,0.7009804592465385,0.38186678421390474,0.4969291993564697,163.54682148295103,800.6599097662798,0.7282831170820471,,after
Austrian Grand Prix,2026-06-28,HUL,Audi,12,0.7137602659732017,0.36512005092415634,11.19305706207375,176.4038136641473,742.74868333751,0.9540525310355893,,after
Austrian Grand Prix,2026-06-28,HUL,Audi,13,0.7278276309394847,0.4720391485097158,46.60961760244813,190.39749114205603,845.120582384254,0.7974810696166797,,after
Austrian Grand Prix,2026-06-28,HUL,Audi,14,0.5868422416088958,0.37019819605975846,33.33808830959062,181.76406887138765,591.3568431526207,0.8559382881540056,,after
Austrian Grand Prix,2026-06-28,HUL,Audi,15,0.7455898702315025,0.45090610604793696,52.80661237268261,209.60199469716142,855.7168133135257,1.2343063786303645,313.93170076491947,after
Austrian Grand Prix,2026-06-28,HUL,Audi,16,0.709530117826703,0.4422202089139015,65.73967572880734,219.17287258062444,757.500062187674,1.3789552701212684,453.9962124684911,after
Austrian Grand Prix,2026-06-28,HUL,Audi,19,0.5685664287049753,0.40640083291744433,83.9991107109883,224.90403767161084,481.7358586840951,1.0167145016932664,199.0973510037045,after
Austrian Grand Prix,2026-06-28,HUL,Audi,23,0.6292780388553691,0.4133458573012593,25.733963128128426,166.52747378053385,688.7511007265352,0.4433155477020523,,after
Austrian Grand Prix,2026-06-28,HUL,Audi,27,0.6123949356565155,0.4306649540478379,106.19995754329489,243.55639032123918,472.9316408321413,1.2503430509563098,256.8923144857522,after
Austrian Grand Prix,2026-06-28,HUL,Audi,28,0.6250935697942698,0.4008609462884314,70.32847831314486,217.77901766672124,572.0720821373878,0.9841425497337024,169.99613344935128,after
Austrian Grand Prix,2026-06-28,HUL,Audi,29,0.8150936866015499,0.26992579806545874,37.196873229221026,255.48014789405323,573.7133102687283,1.8640426537968147,166.5586282075585,after
Austrian Grand Prix,2026-06-28,HUL,Audi,31,0.6313326726560436,0.3749653562941976,65.76307099842981,221.6769729012908,540.6195713055548,1.4074076681133532,181.6106843999147,after
Austrian Grand Prix,2026-06-28,HUL,Audi,32,0.6215067744126357,0.38539452568849214,88.83960002870408,239.24829003271444,467.39796041971215,1.5036639158646985,236.66752096116332,after
Austrian Grand Prix,2026-06-28,HUL,Audi,33,0.5765147976642204,0.398425207256042,84.7258754972679,222.61002120782743,442.06965404338706,1.3582386373067818,240.86138604349958,after
Austrian Grand Prix,2026-06-28,HUL,Audi,34,0.5877978548649041,0.410803789030902,94.01723136518456,231.40954892776944,450.0644660233363,1.186793284134575,277.8064035745425,after
Austrian Grand Prix,2026-06-28,HUL,Audi,36,0.6186781139222761,0.3896793557848943,74.50590734641568,220.28211479721355,494.9163357395992,1.6821356502080513,239.03994631545672,after
Austrian Grand Prix,2026-06-28,HUL,Audi,38,0.5662793165230305,0.4007198806829185,53.21994140615551,190.14798109480162,557.4974198454058,1.0010317402611535,162.40214179146878,after
Austrian Grand Prix,2026-06-28,HUL,Audi,39,0.6046388424964977,0.4133657446467727,84.67546536919446,228.15120716921328,520.8834283651875,1.53077494233711,234.51805215617927,after
Austrian Grand Prix,2026-06-28,HUL,Audi,40,0.5874734257585879,0.4257668187041486,105.57766876846979,239.49992982450752,438.8033150957108,1.6914269329203284,247.93949986249476,after
Austrian Grand Prix,2026-06-28,HUL,Audi,41,0.5966299611392634,0.4525245081107186,133.6604515861327,263.92890745959164,426.07759669584397,1.5385192030694883,303.4454396537263,after
Austrian Grand Prix,2026-06-28,HUL,Audi,42,0.6068183608114754,0.4108955706201562,86.88605813879381,226.46684407346945,494.5609310400438,1.3111368441540372,250.76713074242124,after
Austrian Grand Prix,2026-06-28,HUL,Audi,43,0.6019704280635199,0.41000551676481517,85.89991356198693,221.47265942634218,477.75279729160764,1.5316000021314562,221.93885760111263,after
Austrian Grand Prix,2026-06-28,HUL,Audi,44,0.6475369474758791,0.40710365486156225,91.45641238852788,235.8895553121911,497.6606063742803,1.8854911076553855,271.79301164408787,after
Austrian Grand Prix,2026-06-28,HUL,Audi,47,0.6265780609684528,0.40750674062837233,77.91173293330255,219.91913659966102,521.8599230723172,1.1920046663556088,239.7431054518908,after
Austrian Grand Prix,2026-06-28,HUL,Audi,48,0.6258888693511966,0.39612641825279854,60.162220969250036,200.80182018768653,556.513033117071,0.7883921987076866,163.50594724329548,after
Austrian Grand Prix,2026-06-28,HUL,Audi,49,0.6533372468062872,0.3872244774749005,72.1912979144142,219.19994860878495,534.2088254224402,1.3588825533250801,189.2964355097461,after
Austrian Grand Prix,2026-06-28,HUL,Audi,50,0.6170746631792213,0.3708008793010288,21.56698521001156,167.90598712825167,651.9385150295752,0.8315407535153658,,after
Austrian Grand Prix,2026-06-28,HUL,Audi,53,0.6319368204482526,0.4192180882762818,17.975434101743748,152.51091439714702,723.4812801072313,0.7128077118528449,,after
Austrian Grand Prix,2026-06-28,HUL,Audi,54,0.7193609759187838,0.49023278277628723,94.28103425786311,225.52680408837426,729.9554900799303,1.0794956767197772,305.63584388721245,after
Austrian Grand Prix,2026-06-28,HUL,Audi,55,0.5611706338356369,0.4201656887925545,61.03171993239801,185.89008112247762,521.1518533458384,0.909495421403933,203.00867527649407,after
Austrian Grand Prix,2026-06-28,HUL,Audi,56,0.6106371349179899,0.403110972552601,39.910114098740294,173.5240629995385,589.5901612586609,0.7817616180396129,,after
Austrian Grand Prix,2026-06-28,HUL,Audi,57,0.6880022554629543,0.40528106963462246,45.34358421154902,192.62101141083713,701.470348679436,0.7225488771389221,,after
Austrian Grand Prix,2026-06-28,HUL,Audi,58,0.7475799823141215,0.3609278907534703,29.16232143547844,193.40238902934604,698.0530696214587,1.6778112386080644,,after
Austrian Grand Prix,2026-06-28,HUL,Audi,59,0.7369095617973801,0.41456118355482074,52.56865379297747,200.74217303758888,704.7091550793972,0.7125054318378965,,after
Austrian Grand Prix,2026-06-28,HUL,Audi,60,0.6365697911746991,0.4185162628846187,29.59185459120913,165.00439015975434,684.1222661438591,0.409564728598928,,after
Austrian Grand Prix,2026-06-28,HUL,Audi,62,0.7330046259572575,0.7100663911677365,347.71309710560024,463.6095123577523,936.0601077369821,1.441922253507447,,after
Austrian Grand Prix,2026-06-28,HUL,Audi,63,0.5292222995399763,0.3041881939278506,27.453987115105544,171.77358456598614,434.3444422869241,1.002018761980075,,after
Austrian Grand Prix,2026-06-28,HUL,Audi,64,0.6121028758984365,0.3585344250103678,30.81523774188084,179.95368921249954,588.5456771805274,1.3495287521359811,,after
Austrian Grand Prix,2026-06-28,HUL,Audi,65,0.694269121835577,0.3249134777204835,17.235008053974713,185.49449266553762,643.4088197571183,1.2487585257375087,,after
Austrian Grand Prix,2026-06-28,HUL,Audi,67,0.6049136620892415,0.3759876099253369,46.32091631740648,186.17607837051236,552.9413024536867,1.07478134373457,,after
Austrian Grand Prix,2026-06-28,HUL,Audi,69,0.6736598959358215,0.4872469286736674,60.839721474247135,188.99562024717352,766.0778786689482,1.021066979976671,,after
Austrian Grand Prix,2026-06-28,HUL,Audi,70,0.6062050504811043,0.36700840793911066,46.07166714905612,188.8611181442587,539.4053916037213,1.2299652341420342,,after
Austrian Grand Prix,2026-06-28,GAS,Alpine,2,0.9034002969956161,0.565711234593637,260.22804376193193,408.8138228547026,935.3461195407009,0.9656215872672846,411.23290311017064,after
Austrian Grand Prix,2026-06-28,GAS,Alpine,3,0.9099686165684441,0.576946091382319,208.52797136615266,357.5820367847927,960.6513981961955,1.212970536510789,449.1801200512154,after
Austrian Grand Prix,2026-06-28,GAS,Alpine,4,0.9224553920756544,0.5157405709781174,13.453926838436391,165.10212769037193,1143.3754158799115,1.4418371793201226,,after
Austrian Grand Prix,2026-06-28,GAS,Alpine,5,0.9130016925948936,0.567431325952954,0.0006352534358118181,146.20604400889408,1272.446768360551,1.4694843073880197,,after
Austrian Grand Prix,2026-06-28,GAS,Alpine,6,0.8527563835578406,0.5076176173016352,0.00012624986637162634,148.52895934047982,1093.4945546410609,0.8722330932239922,,after
Austrian Grand Prix,2026-06-28,GAS,Alpine,7,0.8451925134695656,0.5046272758776659,13.549158996435263,167.34110298986425,1105.6464101806448,0.6927211697289156,,after
Austrian Grand Prix,2026-06-28,GAS,Alpine,8,0.8221138999052785,0.484068645057793,0.00017757273554017393,153.66596161856964,1062.467009640337,1.0052964863555323,,after
Austrian Grand Prix,2026-06-28,GAS,Alpine,9,0.8431085387818018,0.5146674122652602,20.504461767019286,170.45008483392752,1100.3052319850317,1.030216182008143,,after
Austrian Grand Prix,2026-06-28,GAS,Alpine,10,0.7444116078486315,0.4558003552167228,1.1778541718879162e-05,151.114295370137,943.2968179353187,0.85149855998731,,after
Austrian Grand Prix,2026-06-28,GAS,Alpine,11,0.9742815813156219,0.7725506779953796,1621.4219437056313,1800.316747623447,1356.5483150522973,2.728091975261458,,after
Austrian Grand Prix,2026-06-28,GAS,Alpine,12,0.7776395780636626,0.7142982483766045,655.8704100871762,790.7726054893327,1152.0398539634953,0.6437311273918888,,after
Austrian Grand Prix,2026-06-28,GAS,Alpine,18,0.6215989458934928,0.36176471584982645,21.388454130864094,172.82073074157273,620.943476850058,0.6618511336108012,,after
Austrian Grand Prix,2026-06-28,GAS,Alpine,19,0.6018121139721342,0.4142518431494106,52.58404944607603,191.8939503357498,586.7792370805803,0.7949552351342476,,after
Austrian Grand Prix,2026-06-28,GAS,Alpine,20,0.6330235948129503,0.3888039547853112,38.75407635850988,187.5579464581606,624.4174392768391,0.7917261008311076,,after
Austrian Grand Prix,2026-06-28,GAS,Alpine,21,0.6713147254827034,0.36134077441291534,0.5766031908268541,161.44108558505744,732.4203856732431,0.7031147918867395,,after
Austrian Grand Prix,2026-06-28,GAS,Alpine,23,0.819169415712659,0.43299796823620695,2.2197471374526,160.59217294838416,947.4657104818942,0.738090873141172,,after
Austrian Grand Prix,2026-06-28,GAS,Alpine,27,0.6641425013791773,0.35147388564928883,31.32723318741869,190.5245666287751,604.1895194930702,0.8243283649624924,,after
Austrian Grand Prix,2026-06-28,GAS,Alpine,28,0.6579513101446408,0.36038778618623213,23.16237978541649,181.59146180656435,651.8464875785625,1.2201688180963801,,after
Austrian Grand Prix,2026-06-28,GAS,Alpine,29,0.6352112974127679,0.40689326100746864,51.63924427622849,196.42923725985992,616.3638865080014,0.839606002815449,204.3004425183675,after
Austrian Grand Prix,2026-06-28,GAS,Alpine,30,0.7171941005002426,0.39417786347476286,40.023106782101465,199.3124221122213,711.7760958737107,0.8972988256996932,,after
Austrian Grand Prix,2026-06-28,GAS,Alpine,31,0.6695713099441462,0.3606538557543318,33.90279048308574,191.22661906971814,622.8100654659568,1.070937694509569,,after
Austrian Grand Prix,2026-06-28,GAS,Alpine,32,0.6585246795575965,0.39601015235856796,38.12104543464645,187.79183300042052,664.1507325311901,0.7435399838010534,,after
Austrian Grand Prix,2026-06-28,GAS,Alpine,33,0.6609981017115011,0.4075383281002275,41.14860697800011,188.83139724127105,679.3497613250189,0.667204298856357,,after
Austrian Grand Prix,2026-06-28,GAS,Alpine,34,0.6233715700685443,0.41003459355393956,42.63817301808085,183.69707211836118,635.386411577482,0.7066589497742928,,after
Austrian Grand Prix,2026-06-28,GAS,Alpine,35,0.6533568040163733,0.39295124301135187,42.99401793864003,191.48117817167537,643.378857299389,0.7672746984927398,,after
Austrian Grand Prix,2026-06-28,GAS,Alpine,36,0.6409184713449891,0.3811822949469285,34.437959918637404,183.43821131919827,632.5302319198771,0.8871324133641477,,after
Austrian Grand Prix,2026-06-28,GAS,Alpine,37,0.6898464466156132,0.3739052215188217,34.281676762051596,195.59489780136082,685.1652017321542,0.756891371245511,,after
Austrian Grand Prix,2026-06-28,GAS,Alpine,40,0.7233312850793512,0.4242870256403912,26.6862265406542,179.2639818964414,808.2579039211663,0.6552163975686387,,after
Austrian Grand Prix,2026-06-28,GAS,Alpine,41,0.7511251132888892,0.3931118484094378,18.589061265641828,177.54958602181182,787.6736167431584,0.6029147339292342,,after
Austrian Grand Prix,2026-06-28,GAS,Alpine,42,0.7518852515101914,0.4720255704026597,57.08231354911247,200.98635845249507,819.7305287265405,1.1026858259889922,215.73142431901036,after
Austrian Grand Prix,2026-06-28,GAS,Alpine,43,1.0,0.8807308145478753,298165.2464917661,298515.2464917661,1223.2901427983777,5.686493909838282,506.475301199536,after
Austrian Grand Prix,2026-06-28,GAS,Alpine,44,0.6503532065112755,0.34963830400202517,12.249469130734258,168.3167231930663,652.2884184269993,0.926239241556244,,after
Austrian Grand Prix,2026-06-28,GAS,Alpine,45,0.747962755473717,0.4382167016744655,26.22801202758196,172.6212735097479,820.15311630394,0.6487367674415659,,after
Austrian Grand Prix,2026-06-28,GAS,Alpine,46,0.7580864824594707,0.4200558963046014,26.167618432868977,176.1583964941484,790.676490021922,0.6900352388136508,,after
Austrian Grand Prix,2026-06-28,GAS,Alpine,48,0.8387327652287054,0.5505817810699897,0.00034243412813535093,139.02035492037692,1166.7497908329788,1.085626469639807,,after
Austrian Grand Prix,2026-06-28,GAS,Alpine,49,0.7068503039488353,0.37925318076176845,13.511568041669664,165.12227368431107,717.833932716003,0.6222875681698083,,after
Austrian Grand Prix,2026-06-28,GAS,Alpine,50,0.7698507739838281,0.6578010917262195,98.6134171965381,216.84813361647028,1082.295706641759,1.1391260776059686,,after
Austrian Grand Prix,2026-06-28,GAS,Alpine,53,0.9472716831231893,0.5280189458787864,6.792008549015097,143.30113629465495,1067.9437791049686,1.0694977704327961,,after
Austrian Grand Prix,2026-06-28,GAS,Alpine,54,0.8366571260026989,0.3731978053000622,0.22242309274394736,162.12996787138448,821.5495315911564,0.906774771808758,,after
Austrian Grand Prix,2026-06-28,GAS,Alpine,55,0.7697636391616758,0.4084552989322769,2.180598482522363e-05,150.33433443036378,836.7909857755766,0.7489654753622579,,after
Austrian Grand Prix,2026-06-28,GAS,Alpine,56,0.988037960446968,0.5541258327942534,17.057170293224978,155.32810993473916,1166.1559445038113,1.1255084675545175,,after
Austrian Grand Prix,2026-06-28,GAS,Alpine,59,0.6872510384373749,0.34290758329749854,11.478501196321657,171.649197534256,665.831773528299,0.9261409171046588,,after
Austrian Grand Prix,2026-06-28,GAS,Alpine,60,0.7430883815706316,0.4295136843768269,32.82841628701675,178.83645283212002,774.8078131338947,0.6845822044055856,245.32876382847823,after
Austrian Grand Prix,2026-06-28,GAS,Alpine,62,0.7256441869324323,0.42067924653643735,34.74969754484641,179.1354692581854,733.5280999680925,0.9874163936850171,311.3082361018015,after
Austrian Grand Prix,2026-06-28,GAS,Alpine,63,0.7803323238478548,0.36946633805681284,1.2389904606261426,166.04847191931114,811.7762036263092,1.0568142240731975,,after
Austrian Grand Prix,2026-06-28,GAS,Alpine,64,0.763073084028302,0.4898992571259247,45.036020693405305,178.8246721292507,837.8920026112385,0.7863376066015149,,after
Austrian Grand Prix,2026-06-28,GAS,Alpine,65,0.738194510264446,0.443762188311428,0.00016493938040098305,137.6732863953785,837.3035521614516,0.5638195706115298,,after
Austrian Grand Prix,2026-06-28,GAS,Alpine,66,0.8164528958381304,0.5613230282253201,96.95578399576083,226.36738337829283,930.6234129374387,1.5395902809597548,,after
Austrian Grand Prix,2026-06-28,GAS,Alpine,67,0.8771374191352294,0.5593494374599646,160.8419981254424,297.0625661466818,904.5855781708716,1.253147093991948,278.69885766595814,after
Austrian Grand Prix,2026-06-28,GAS,Alpine,69,0.906924322973634,0.6162728796889521,231.72407626621361,364.04895721298374,961.4519665867566,1.7458394396036323,338.77243762646555,after
Austrian Grand Prix,2026-06-28,GAS,Alpine,70,0.9125690148760492,0.9695374750860666,49.82782867881458,170.23804031103862,1263.1869145213172,2.6441057987249925,,after
Austrian Grand Prix,2026-06-28,BEA,Haas F1 Team,2,0.9801957524113739,0.6662472141105674,335.7111078745136,477.2607857112498,1242.6420335736025,2.182701023564891,,after
Austrian Grand Prix,2026-06-28,BEA,Haas F1 Team,3,0.9457235191435326,0.6035618974520017,72.49991402547212,213.77329302568833,1251.4535649599443,1.71159760590135,,after
Austrian Grand Prix,2026-06-28,BEA,Haas F1 Team,4,0.9054808965104622,0.5753786487105358,31.631327294577027,171.7546557832639,1180.0087440024556,1.797136015280136,,after
Austrian Grand Prix,2026-06-28,BEA,Haas F1 Team,5,0.8656629547816749,0.60839667167238,432.8636523747625,578.3367043739565,1137.1368773815743,1.2273686002227753,,after
Austrian Grand Prix,2026-06-28,BEA,Haas F1 Team,6,0.8941814895255477,0.6929718798280974,8191.302255489384,8504.265776823326,1158.994423643218,1.3053946295309908,,after
Austrian Grand Prix,2026-06-28,BEA,Haas F1 Team,7,0.8870603419646139,0.5473969212126445,59.91090391629937,205.1364022757561,1111.5426764038389,1.1539296113241175,,after
Austrian Grand Prix,2026-06-28,BEA,Haas F1 Team,10,0.7291398316972327,0.4762234850312995,40.633960653999395,188.20974911991163,888.870723674232,0.4250772918271078,,after
Austrian Grand Prix,2026-06-28,BEA,Haas F1 Team,11,0.7032031988822898,0.45833021460864104,57.121384863265476,206.97417716170722,836.9718636449984,0.8698680423041136,,after
Austrian Grand Prix,2026-06-28,BEA,Haas F1 Team,12,0.6667479857069568,0.4526249216912261,38.11738637918247,184.1084035866516,814.7032948550499,0.4893670813821787,,after
Austrian Grand Prix,2026-06-28,BEA,Haas F1 Team,13,0.6878958664708436,0.4168055165717561,28.22409228236369,185.00300901904123,792.5035803449135,0.752210630463588,,after
Austrian Grand Prix,2026-06-28,BEA,Haas F1 Team,14,0.6969106992736847,0.41172557223530487,40.027144780335654,198.19993596944832,768.4164772284247,1.1025109093860423,,after
Austrian Grand Prix,2026-06-28,BEA,Haas F1 Team,15,0.6917545160046236,0.42552168653040057,46.597300918838656,200.32246186381002,770.0206393494663,1.1858996766269678,,after
Austrian Grand Prix,2026-06-28,BEA,Haas F1 Team,16,0.6880899169091329,0.45586822890020817,54.53676178671996,202.20639047366785,803.4845614887017,0.8207811589773834,,after
Austrian Grand Prix,2026-06-28,BEA,Haas F1 Team,23,0.6644927653858119,0.45305592530404876,46.97566971771557,190.9064873004402,765.4682880891681,0.7825714550672738,,after
Austrian Grand Prix,2026-06-28,BEA,Haas F1 Team,27,0.778172780940902,0.542442960405214,88.3726028552358,224.89784876727813,990.2787298422418,1.2138322172944889,,after
Austrian Grand Prix,2026-06-28,BEA,Haas F1 Team,28,0.6801523322804948,0.4830363695704999,56.235097055473304,192.97480585379938,808.0683946758294,0.5036857316914025,,after
Austrian Grand Prix,2026-06-28,BEA,Haas F1 Team,29,0.7154208959806957,0.4460197940614819,47.23727565401043,195.53338431749447,796.3201635318912,0.9512568510207158,,after
Austrian Grand Prix,2026-06-28,BEA,Haas F1 Team,31,0.6531432882730577,0.45270472987813565,45.52022064034841,184.78777617840313,762.5391837012305,0.4582281574057505,,after
Austrian Grand Prix,2026-06-28,BEA,Haas F1 Team,32,0.6518051686387354,0.44581179858426573,55.61433190557567,196.27689177256136,734.1542012941723,0.71411390652748,,after
Austrian Grand Prix,2026-06-28,BEA,Haas F1 Team,33,0.672380470689769,0.42788976467762263,50.93410862527531,197.81719835123704,726.2995198258437,0.7508925822565159,,after
Austrian Grand Prix,2026-06-28,BEA,Haas F1 Team,34,0.6854225241595273,0.3883754380060191,29.645237050421297,186.2222792007881,721.5401023697484,1.3357223202618886,,after
Austrian Grand Prix,2026-06-28,BEA,Haas F1 Team,35,0.6489439319217253,0.43630349157739856,60.67746760339718,203.40665744882682,704.1073400428861,0.7822562648444024,,after
Austrian Grand Prix,2026-06-28,BEA,Haas F1 Team,36,0.6558206710306315,0.43316390566713736,61.606682185076956,204.12718867263348,697.2770973147291,0.7170594844571787,,after
Austrian Grand Prix,2026-06-28,BEA,Haas F1 Team,37,0.5640413493902969,0.48208913593784547,74.31901166395056,198.2614642136229,646.5590659115949,0.6049270584036089,,after
Austrian Grand Prix,2026-06-28,BEA,Haas F1 Team,38,0.7431341566321845,0.698835695306832,1679.5066851390159,1837.810781612254,1054.0696214614625,1.3739563891155004,,after
Austrian Grand Prix,2026-06-28,BEA,Haas F1 Team,39,0.6381374382005162,0.3995526479738197,37.80888486693947,186.23865848255394,676.2486770134205,1.1680933261325335,,after
Austrian Grand Prix,2026-06-28,BEA,Haas F1 Team,41,0.7275082263526311,0.6246912738035223,166.77485018779686,288.25490531064287,993.9389876789597,1.8751183917931673,,after
Austrian Grand Prix,2026-06-28,BEA,Haas F1 Team,43,0.6245550386150739,0.44607071698880996,71.46394813469088,205.87881458545144,646.627102291136,0.7336693492306819,,after
Austrian Grand Prix,2026-06-28,BEA,Haas F1 Team,44,0.6847612867121332,0.49295861068140717,67.27487991646854,201.24070392303716,803.5171423643812,0.6822057031263028,,after
Austrian Grand Prix,2026-06-28,BEA,Haas F1 Team,47,0.6698514105310566,0.44126555478848667,71.80938872986212,211.48638030011213,692.1835396689618,0.6920090515528569,,after
Austrian Grand Prix,2026-06-28,BEA,Haas F1 Team,49,0.699663799437445,0.4185657020876538,49.880528148533685,198.4559544253571,728.0327224373489,0.812285729135319,,after
Austrian Grand Prix,2026-06-28,BEA,Haas F1 Team,52,0.7736492153369292,0.4783740768487752,87.55323715124781,227.75093505483818,797.1918756578285,1.1692786553030723,235.97386919670762,after
Austrian Grand Prix,2026-06-28,BEA,Haas F1 Team,53,0.5974358144051217,0.42953569066092284,68.80252836839249,201.0443373946268,605.2033067511766,0.6154632429768784,,after
Austrian Grand Prix,2026-06-28,BEA,Haas F1 Team,54,0.5985225626092174,0.45252274633956796,89.87757120895944,217.49613820518474,596.829914273799,0.5091807950434635,,after
Austrian Grand Prix,2026-06-28,BEA,Haas F1 Team,55,0.631242837895062,0.4507535500665437,69.98896572577209,202.95944031884312,663.5910131935821,0.3573837167517482,,after
Austrian Grand Prix,2026-06-28,BEA,Haas F1 Team,56,0.6650150739218279,0.4288209106433273,64.84950140049276,209.07968458258972,688.1992424661868,1.225264454666185,,after
Austrian Grand Prix,2026-06-28,BEA,Haas F1 Team,57,0.5951649248194993,0.452758461363508,73.50522138277907,201.37673226395395,617.4826668700327,1.018563693699925,,after
Austrian Grand Prix,2026-06-28,BEA,Haas F1 Team,58,0.6106953507739199,0.45270204495209404,70.44500673471697,200.9160276850381,640.0257692973883,0.49982262920326714,,after
Austrian Grand Prix,2026-06-28,BEA,Haas F1 Team,59,0.6106103963342407,0.4710212073725953,75.06228048478995,203.04543928012947,676.4287064784198,0.5763976953755787,,after
Austrian Grand Prix,2026-06-28,BEA,Haas F1 Team,60,0.5951586722299353,0.45849957456174706,80.68922051155587,207.75620094829304,605.1941359698521,0.5389082293707247,,after
Austrian Grand Prix,2026-06-28,BEA,Haas F1 Team,63,0.58239742130163,0.42507365111061096,57.07837715856696,184.29690500936437,578.5362418825848,0.8296894860738646,,after
Austrian Grand Prix,2026-06-28,BEA,Haas F1 Team,65,0.6609636593125706,0.4559664511175686,62.96394052233948,198.680043450731,720.4029143537256,0.7776941378132314,,after
Austrian Grand Prix,2026-06-28,BEA,Haas F1 Team,66,0.6235633708347913,0.4560987038545126,70.78044503593738,201.85261805430753,670.1980605710122,0.6766513226748715,,after
Austrian Grand Prix,2026-06-28,BEA,Haas F1 Team,67,0.6699894040964655,0.4496161395135552,75.17182527301135,213.391620033734,693.1652264539275,1.1414300575129763,,after
Austrian Grand Prix,2026-06-28,BEA,Haas F1 Team,68,0.5820116168832965,0.463562325488483,76.56425700431926,198.26073730491242,588.201614461158,0.679507552142658,,after
Austrian Grand Prix,2026-06-28,COL,Alpine,2,0.7701734182286205,0.5402621434867829,241.7356960376288,383.49444027370293,803.3997429204408,1.1637832666487786,568.1001469284038,after
Austrian Grand Prix,2026-06-28,COL,Alpine,3,0.9297303314924122,0.4799044553493909,0.00019879137420207433,154.36819563359956,1072.2535438362286,0.8609228981554068,,after
Austrian Grand Prix,2026-06-28,COL,Alpine,4,0.9999999999999307,0.8821803268265207,95.02242395339286,221.9183286120743,1258.8587848700065,4.327199121603445,,after
Austrian Grand Prix,2026-06-28,COL,Alpine,5,0.6834847045047636,0.40102571563876027,9.03060747133181e-06,153.41681642895736,795.5678213717096,1.1038603347493936,,after
Austrian Grand Prix,2026-06-28,COL,Alpine,6,0.734607387520965,0.31629390691459286,0.00013746883616135453,196.127933764336,754.3648108522573,1.7375891133956165,,after
Austrian Grand Prix,2026-06-28,COL,Alpine,7,0.7375916024073829,0.4325834987884007,14.66125387587276,169.95495994772577,879.7572254642016,0.8831443551340621,,after
Austrian Grand Prix,2026-06-28,COL,Alpine,10,0.759371699675549,0.5918128481910708,243.18004720627385,377.6240308747016,1029.656632286077,1.1690693318228869,,after
Austrian Grand Prix,2026-06-28,COL,Alpine,11,0.7376055107233155,0.5339452779840905,23.693030520209497,158.27125076655508,982.814369806755,1.2437702327601252,,after
Austrian Grand Prix,2026-06-28,COL,Alpine,12,0.8417898077135012,0.503677717105073,61.538484650744515,212.02867719694814,1014.1512872014017,0.9732580013804495,,after
Austrian Grand Prix,2026-06-28,COL,Alpine,13,0.7659888471533965,0.4693034178271654,48.45451194488579,199.51263839468726,923.3243995321986,0.9668455140753052,,after
Austrian Grand Prix,2026-06-28,COL,Alpine,14,0.8286892127196771,0.4827469115337918,19.08521424710188,170.717850368565,1013.18470247515,0.8893334121540861,,after
Austrian Grand Prix,2026-06-28,COL,Alpine,15,0.6643052756477213,0.38975514254140753,24.47943751391974,181.33824862807083,720.2189614413311,0.9597075198237889,,after
Austrian Grand Prix,2026-06-28,COL,Alpine,16,0.7084440406333621,0.3377898853161251,33.200849426383094,214.3856385820141,658.4830200934671,0.8411234664944134,,after
Austrian Grand Prix,2026-06-28,COL,Alpine,17,0.6621702970699178,0.3790790567540128,27.05702347218975,187.53137053262463,703.7107250019426,0.8390179734133878,,after
Austrian Grand Prix,2026-06-28,COL,Alpine,22,0.635378963658747,0.3735326713208199,28.29011278955342,177.4279717015381,626.1802376067313,0.486033217577745,,after
Austrian Grand Prix,2026-06-28,COL,Alpine,23,0.5653373507495343,0.3469868700419776,18.268159053859307,163.56523346122262,555.8058122340101,1.0628345855496988,,after
Austrian Grand Prix,2026-06-28,COL,Alpine,27,0.6696771235064626,0.3972333844851423,31.823790995659685,179.7383550840511,688.0017502236232,0.5663650825444432,,after
Austrian Grand Prix,2026-06-28,COL,Alpine,28,0.6400864266324185,0.3653153619698744,5.9133823434109795e-06,151.34331776453746,696.8289320419821,1.011877570038459,,after
Austrian Grand Prix,2026-06-28,COL,Alpine,29,0.7536729181143637,0.4138279225202334,45.25576772107663,199.1406952771136,751.5576024580106,1.2392593569480737,,after
Austrian Grand Prix,2026-06-28,COL,Alpine,30,0.8376131662873442,0.4828491649435708,53.77566516062752,196.8652189394071,888.2084289580274,0.9687285818681399,,after
Austrian Grand Prix,2026-06-28,COL,Alpine,31,0.5788006667289352,0.3141566936366702,15.449033262683564,168.6949079407518,522.2719802675125,0.7586700218662663,,after
Austrian Grand Prix,2026-06-28,COL,Alpine,32,0.9075069586009488,0.7999793622314522,40558.662959473164,40876.290394983494,1232.6540434863223,2.153640589260124,,after
Austrian Grand Prix,2026-06-28,COL,Alpine,33,0.6801649588360792,0.28328899142111935,5.9632500833878094e-05,181.47291120773423,612.7398301079652,1.4891684926015523,,after
Austrian Grand Prix,2026-06-28,COL,Alpine,34,0.6807420477193546,0.3093380979249944,1.2974769111104206e-06,172.54203871173567,652.8743535493587,1.178078934404074,,after
Austrian Grand Prix,2026-06-28,COL,Alpine,35,0.8002584737929497,0.32632156923539324,18.459529187962925,211.63717196774957,752.8184078740086,1.8570483311028767,,after
Austrian Grand Prix,2026-06-28,COL,Alpine,36,0.6330838882472508,0.38598190466629634,28.339024003057112,174.19048884368104,651.6333514217811,0.7217459960655366,,after
Austrian Grand Prix,2026-06-28,COL,Alpine,37,0.678376359149403,0.37376995933867,29.807563049371804,189.1087132594257,690.6888682600147,1.4512904174534222,,after
Austrian Grand Prix,2026-06-28,COL,Alpine,38,0.6099921325945936,0.37036203453723776,24.463985504600362,170.27576661002362,619.420477810946,0.6918710670006957,,after
Austrian Grand Prix,2026-06-28,COL,Alpine,39,0.760213131159061,0.31636496542055936,1.245468048237438e-06,185.05019875472644,737.8738569692023,1.6445414228737925,,after
Austrian Grand Prix,2026-06-28,COL,Alpine,40,0.7712976945676004,0.418830951282357,30.660109155831886,190.4367207828319,842.9295767523452,0.9505432275094579,,after
Austrian Grand Prix,2026-06-28,COL,Alpine,41,0.7139410192001313,0.40512853855063824,36.26068565862566,188.79024831583158,726.8212583286225,0.660145267283705,,after
Austrian Grand Prix,2026-06-28,COL,Alpine,42,0.6768096880069221,0.30621418779501336,24.29278915530913,194.3614454467957,560.6184806342036,1.2128094771444873,,after
Austrian Grand Prix,2026-06-28,COL,Alpine,43,0.7468754558138497,0.309423099163863,1.040163608120525e-06,179.8515832145774,698.0866524179058,1.104228133463132,,after
Austrian Grand Prix,2026-06-28,COL,Alpine,45,0.6959746712248773,0.32451569922059814,4.8994972629977225e-06,169.16101240443137,687.3054706272081,1.077416203562441,,after
Austrian Grand Prix,2026-06-28,COL,Alpine,48,0.6909727760575037,0.3499153604850207,21.109695873801257,170.397964103423,611.1621478059079,1.0541490080736038,,after
Austrian Grand Prix,2026-06-28,COL,Alpine,49,1.0,0.7753213177868875,21020.35642962438,21370.35642962438,1136.293626807298,3.5532646461747333,314.76759093149536,after
Austrian Grand Prix,2026-06-28,COL,Alpine,50,0.6438762386728054,0.3106369593848272,27.82558137112793,184.82455732219077,508.39828688236383,1.2939638804308093,,after
Austrian Grand Prix,2026-06-28,COL,Alpine,52,0.6410732519061095,0.3333281519846945,9.969080119275983,163.18690924012466,608.5426379404289,0.7777750955193323,,after
Austrian Grand Prix,2026-06-28,COL,Alpine,53,0.9402418295070898,0.6212119261299051,272.2798959332136,404.53857413507814,1048.6950250844461,2.5199472495088377,,after
Austrian Grand Prix,2026-06-28,COL,Alpine,54,0.9999999986664627,0.9202321663933625,93.73937179891436,218.37753839284412,1272.855445669191,4.732174642942629,,after
Austrian Grand Prix,2026-06-28,COL,Alpine,55,0.6698322052218563,0.37184117858159127,68.01490613229029,218.23979413291198,522.6768162482281,1.7117627317923052,230.1763661238055,after
Austrian Grand Prix,2026-06-28,COL,Alpine,56,0.7812100354555955,0.3527114557489481,54.23925493145939,225.41160618958878,636.1522378672589,2.07657347479845,225.42001273829078,after
Austrian Grand Prix,2026-06-28,COL,Alpine,57,0.6761547943978623,0.364654335682363,48.286825532332784,197.84518440619357,574.460851790973,0.6552760993470195,,after
Austrian Grand Prix,2026-06-28,COL,Alpine,58,0.6993043333995752,0.3579359819049337,54.662316356880545,208.77852123492713,553.1033511478082,1.2955826233179526,209.07905162205913,after
Austrian Grand Prix,2026-06-28,COL,Alpine,61,0.9585655156936332,0.932349482799625,93.4571686867981,216.10774600512954,1197.850404350996,3.422706271042307,,after
Austrian Grand Prix,2026-06-28,COL,Alpine,62,0.9999997930982445,0.9239326806717916,93.48356920281208,218.07038872949408,1267.5410162537103,4.295107540055842,,after
Austrian Grand Prix,2026-06-28,COL,Alpine,63,0.6610207100130522,0.367853135722768,23.966486416855933,170.78252960897535,627.6069341963885,0.7437311704269834,,after
Austrian Grand Prix,2026-06-28,COL,Alpine,64,0.6761012326173264,0.42249901271139473,72.84818837693878,211.35186363354222,596.1552917619617,1.2672580001264058,292.32124105079345,after
Austrian Grand Prix,2026-06-28,COL,Alpine,65,0.6504765686263783,0.40925741627192536,51.99362820227125,189.21553603245272,603.5073136963891,0.8829560479714702,204.742537259788,after
Austrian Grand Prix,2026-06-28,COL,Alpine,66,0.6612187616380196,0.40627932645529435,52.444518262453144,193.81817023266768,623.2995113412248,0.77566970314886,225.63525664694706,after
Austrian Grand Prix,2026-06-28,COL,Alpine,67,0.6803259709288911,0.402446167105894,42.21085363494195,185.12875291319853,649.5865440855565,0.7126940792331394,,after
Austrian Grand Prix,2026-06-28,COL,Alpine,68,0.7867545078377793,0.6131058200894766,142.0170877538609,264.57456422474536,989.7786073443223,0.721583903995556,,after
Austrian Grand Prix,2026-06-28,OCO,Haas F1 Team,2,1.0,0.8588523294190218,95.62670520154414,223.2925163930371,1252.738179207341,4.177290764950858,,after
Austrian Grand Prix,2026-06-28,OCO,Haas F1 Team,3,0.8470228848334995,0.6020703631410328,108.50707043883908,247.14317442707497,1112.1062072737566,1.3687312231872386,,after
Austrian Grand Prix,2026-06-28,OCO,Haas F1 Team,4,0.7926422392878909,0.524860561172359,61.67807792514708,203.51068824070765,969.7564754145412,0.8825004862362932,,after
Austrian Grand Prix,2026-06-28,OCO,Haas F1 Team,5,0.6789092654534977,0.43119455535151424,48.2902460149854,195.16542474764321,721.2553617998159,0.7101138406351366,,after
Austrian Grand Prix,2026-06-28,OCO,Haas F1 Team,6,0.6092482575678105,0.4504567514185603,46.843364932142336,184.021563910721,692.5925737731517,0.8978153755878954,,after
Austrian Grand Prix,2026-06-28,OCO,Haas F1 Team,7,0.6282503929346075,0.4387532762204565,50.26633505701768,193.03226749561273,691.0232660689194,0.5336573611073933,,after
Austrian Grand Prix,2026-06-28,OCO,Haas F1 Team,8,0.7144268481296318,0.5140269515237642,80.33418934018803,221.0719616662378,862.8345371882147,0.7662079698947877,201.7285650903294,after
Austrian Grand Prix,2026-06-28,OCO,Haas F1 Team,9,0.6073269631956549,0.39685919565124067,61.63175168885923,210.19573478300674,580.8872302302349,1.030730372401614,,after
Austrian Grand Prix,2026-06-28,OCO,Haas F1 Team,10,0.719971263804811,0.34109092261171714,35.743558926018174,226.8178765436879,689.697594370133,2.1767626551042345,,after
Austrian Grand Prix,2026-06-28,OCO,Haas F1 Team,11,0.6077402723411922,0.4172262697390948,65.181749415388,213.72317328783848,620.7094823966571,0.9560735779088733,,after
Austrian Grand Prix,2026-06-28,OCO,Haas F1 Team,12,0.574211718400144,0.46189511142307627,77.41411364331672,211.16386425293078,616.0866065520943,0.5089586336561605,,after
Austrian Grand Prix,2026-06-28,OCO,Haas F1 Team,13,0.609294928381538,0.4257514699938989,59.16752333684636,204.3150919958275,647.634578685308,0.7383481797012355,,after
Austrian Grand Prix,2026-06-28,OCO,Haas F1 Team,14,0.6252880039635091,0.3941964911691256,50.77847853501256,205.72308024122688,632.0254089799541,1.0221821572320167,,after
Austrian Grand Prix,2026-06-28,OCO,Haas F1 Team,15,0.5388254539529691,0.4492051809863676,88.71120972534392,219.37421012147576,535.4293163581369,1.1226344148164802,,after
Austrian Grand Prix,2026-06-28,OCO,Haas F1 Team,16,0.5900324184527415,0.43801422949683033,69.29278254649718,209.59873904908173,634.6794884500497,0.9349129062880411,,after
Austrian Grand Prix,2026-06-28,OCO,Haas F1 Team,20,0.7686583886280457,0.4595459632731153,48.681224322476254,202.9595403507754,880.222878809524,0.6477634453495679,,after
Austrian Grand Prix,2026-06-28,OCO,Haas F1 Team,22,0.7345252928073351,0.6064203364478351,66.61434177866968,189.56237326551084,1001.0179973297668,2.0367118714182273,,after
Austrian Grand Prix,2026-06-28,OCO,Haas F1 Team,23,0.5999202675013956,0.41931856104174126,67.48282211182375,207.88299288995955,564.4384911073371,0.8784564107670484,193.1414318109274,after
Austrian Grand Prix,2026-06-28,OCO,Haas F1 Team,27,0.9213251112355153,0.2983177419953113,20.74188482244797,252.30553563279992,805.2570741172394,3.0903334397831874,,after
Austrian Grand Prix,2026-06-28,OCO,Haas F1 Team,28,0.6477511550031413,0.44106810321215684,47.54269498606372,188.7814659502424,706.5028775474626,0.832358347994666,,after
Austrian Grand Prix,2026-06-28,OCO,Haas F1 Team,29,0.6261307657947922,0.4287373399314199,64.56632290483658,204.04231263718563,610.0145510031379,0.5779323004868512,185.5184156038187,after
Austrian Grand Prix,2026-06-28,OCO,Haas F1 Team,30,0.592152565178907,0.45287572021286016,55.162089549556974,185.30609910435996,650.2806576124237,0.6509111350849555,,after
Austrian Grand Prix,2026-06-28,OCO,Haas F1 Team,31,0.6372385782125742,0.40903756823698284,48.67217472689428,191.70302381957072,635.1231924724182,0.9701154232622825,,after
Austrian Grand Prix,2026-06-28,OCO,Haas F1 Team,32,0.5942054894595233,0.44222487117986187,63.847499322144884,197.53946280163083,615.4995544109024,0.7019267996150024,,after
Austrian Grand Prix,2026-06-28,OCO,Haas F1 Team,36,0.6404535670730079,0.41244058040729015,54.287483533165336,199.39466374226643,632.3477248795665,0.49921899456910257,,after
Austrian Grand Prix,2026-06-28,OCO,Haas F1 Team,37,0.5981681336922601,0.47918176235315363,82.53810733358692,210.83099372252386,643.2990258234437,0.8377249655507139,181.88061631506778,after
Austrian Grand Prix,2026-06-28,OCO,Haas F1 Team,38,0.5964657482649268,0.45184666697054726,58.20537564871029,191.5997262990015,659.0879677837211,0.9151996635131501,,after
Austrian Grand Prix,2026-06-28,OCO,Haas F1 Team,44,0.63144710082503,0.40217125240504886,50.699672995134186,191.66470072578306,599.1785353317048,0.6802943467454705,,after
Austrian Grand Prix,2026-06-28,OCO,Haas F1 Team,45,0.617347570989148,0.39792564813494696,50.82390948345128,192.76489501004792,589.6122863087912,0.9202628117100834,,after
Austrian Grand Prix,2026-06-28,OCO,Haas F1 Team,47,0.6921485370964705,0.40737080414664983,51.78013342219825,201.03166062414405,673.7849384349558,0.9112880807044681,,after
Austrian Grand Prix,2026-06-28,OCO,Haas F1 Team,48,0.6694862824875938,0.4468911522061701,58.52158506035074,197.06209468048988,699.4279163835375,0.4311552658271956,,after
Austrian Grand Prix,2026-06-28,OCO,Haas F1 Team,50,0.6232558519138324,0.4718630519776616,60.42058859293606,192.20904148153164,704.1815175318183,0.8506836007273276,,after
Austrian Grand Prix,2026-06-28,OCO,Haas F1 Team,52,0.6433408766097085,0.4108315794128961,60.29990936186385,205.11459852654463,620.2295657439797,0.988566711977051,,after
Austrian Grand Prix,2026-06-28,OCO,Haas F1 Team,53,0.6228086692874779,0.4321098578706775,79.11488981975043,215.53945214838885,564.1882244624504,0.4165008962484824,211.79408959754977,after
Austrian Grand Prix,2026-06-28,OCO,Haas F1 Team,54,0.670123729960449,0.438726798010721,93.31197954405144,234.89512040281738,604.5076445152065,0.7821282248143817,232.92419601815496,after
Austrian Grand Prix,2026-06-28,OCO,Haas F1 Team,55,0.6761738540930463,0.5620922078408301,98.77580592626545,220.56867667818545,833.3426527124731,1.0748598490293373,209.34930288443985,after
Austrian Grand Prix,2026-06-28,OCO,Haas F1 Team,56,0.647151767070346,0.46509539690919055,72.54684076426804,204.56350037303034,677.3750544979271,0.3721802143320265,,after
Austrian Grand Prix,2026-06-28,OCO,Haas F1 Team,57,0.6337947593778968,0.45231110811317893,69.188665969416,204.5230698930715,653.0672870434446,0.9858750969918462,215.07050588362077,after
Austrian Grand Prix,2026-06-28,OCO,Haas F1 Team,58,0.6670293340400804,0.4366864327738568,71.69636027531519,213.93851132797266,667.3856649942281,0.7965913430601206,190.2509404233827,after
Austrian Grand Prix,2026-06-28,OCO,Haas F1 Team,59,0.6652479581050655,0.4579183155961027,74.69577588357166,211.89290335637384,680.0596668317904,0.4958747545579651,218.24348163055802,after
Austrian Grand Prix,2026-06-28,OCO,Haas F1 Team,60,0.6605622019031848,0.4525229302931136,65.65026367782605,204.3261234006756,694.3507895101695,0.708939826408874,181.2645273217953,after
Austrian Grand Prix,2026-06-28,OCO,Haas F1 Team,61,0.6525023380233662,0.45505166462980673,65.07603731342697,201.55066621144383,686.4656221584688,0.7509892770558338,,after
Austrian Grand Prix,2026-06-28,OCO,Haas F1 Team,62,0.6548273572902085,0.4442300002307746,72.75110281895303,211.18709613833965,649.4127704943629,1.4522995351707841,183.4073468531072,after
Austrian Grand Prix,2026-06-28,OCO,Haas F1 Team,63,0.6849445311504782,0.4484222850579319,53.1494544188582,195.06146056799713,748.2613787631967,0.5854381536918191,,after
Austrian Grand Prix,2026-06-28,OCO,Haas F1 Team,67,0.6579678172123471,0.4525239721371609,74.8440117470887,211.71299630134908,667.37287260689,0.3911600833382992,195.44604681472768,after
Austrian Grand Prix,2026-06-28,OCO,Haas F1 Team,68,0.7579917995408401,0.5043467667837387,35.18922035242437,181.07913743368155,1003.0980315640171,0.8274071992413241,,after
Austrian Grand Prix,2026-06-28,OCO,Haas F1 Team,69,0.8330876527608376,0.5809545905512897,94.38175128749344,226.68979297234665,1040.3585572759093,0.9247581921996675,,after
Austrian Grand Prix,2026-06-28,ALB,Williams,2,1.0,0.7720299086577247,28140.883998323254,28490.883998323254,1172.9363202423997,1.6450504936106018,,after
Austrian Grand Prix,2026-06-28,ALB,Williams,3,0.7190540684425479,0.4189977532785133,0.00019620304554171606,151.8170420380716,838.7894354061311,0.7839604838749737,,after
Austrian Grand Prix,2026-06-28,ALB,Williams,4,0.7563865773412605,0.41363680615975895,8.059604661478946e-05,158.51843058009538,873.2182871738042,0.47312790803573396,,after
Austrian Grand Prix,2026-06-28,ALB,Williams,5,0.7733023129543132,0.4132769580973112,2.5801188270501666e-05,167.2215611994975,926.809159843071,0.8041469013620566,,after
Austrian Grand Prix,2026-06-28,ALB,Williams,6,0.7065905340628382,0.3568114801140811,4.315213160467572e-06,170.08784285035944,766.5970127162101,1.0614020055717641,,after
Austrian Grand Prix,2026-06-28,ALB,Williams,7,0.615927507023231,0.3471341384173929,8.08937630307855,167.96817333872107,651.8763021420598,0.7241931290387299,,after
Austrian Grand Prix,2026-06-28,ALB,Williams,10,0.7226152259339582,0.6500480371525361,243.99176240324394,369.8126412265993,1037.330985353547,1.073048110717333,,after
Austrian Grand Prix,2026-06-28,ALB,Williams,11,0.8028566117630286,0.6118584040178062,48.394775084970654,179.61250768931376,1160.8537491069744,0.8531731341907514,,after
Austrian Grand Prix,2026-06-28,ALB,Williams,12,0.7065801825621676,0.6146865081821155,174.04663617836752,299.33974230956017,978.1098315810327,1.2881356957929386,,after
Austrian Grand Prix,2026-06-28,ALB,Williams,13,0.7320643421436615,0.5972432268455621,80.68866534514456,209.87811726209733,1040.3288768178118,1.0223025054798025,,after
Austrian Grand Prix,2026-06-28,ALB,Williams,14,0.7222156636400956,0.6103122395423445,170.36711605660255,297.6328537244067,1007.0154531970068,0.9385180376441785,,after
Austrian Grand Prix,2026-06-28,ALB,Williams,15,0.5946698023126826,0.3417539853330648,21.3119906641348,179.02023239903434,589.3873100217901,0.9146465285690581,,after
Austrian Grand Prix,2026-06-28,ALB,Williams,16,0.6244814323314727,0.30831333315659815,11.005151692312186,185.2977375309745,597.9385069943623,0.9873583239201796,,after
Austrian Grand Prix,2026-06-28,ALB,Williams,17,0.5975132077190017,0.34488327393906576,28.21287356538118,189.68757203273532,589.4570180265491,0.7784893586362307,,after
Austrian Grand Prix,2026-06-28,ALB,Williams,20,0.6087357200920153,0.3897270155885271,34.65702112150723,180.35842162664508,631.5445040211625,0.9767428888004754,,after
Austrian Grand Prix,2026-06-28,ALB,Williams,22,0.6315798257159898,0.3478136431940674,17.651930982124515,176.07302294004398,631.1742843771206,1.0524542269290051,,after
Austrian Grand Prix,2026-06-28,ALB,Williams,23,0.6290273172276372,0.39676898054162685,18.564421674236332,166.6051689370982,704.0350173046903,0.6470449307157115,,after
Austrian Grand Prix,2026-06-28,ALB,Williams,27,0.6574517688442976,0.3499420933421908,20.665861392223146,183.12938132870687,649.5399519580791,1.0053035268763788,,after
Austrian Grand Prix,2026-06-28,ALB,Williams,28,0.5196614650204202,0.4121867010694445,22.76302536548344,149.31775568829494,591.4221401427723,0.6089452024613309,,after
Austrian Grand Prix,2026-06-28,ALB,Williams,29,0.6412476397290355,0.31480033976572364,17.26695326758962,187.03215321037555,593.3930250808874,0.9762258317751278,,after
Austrian Grand Prix,2026-06-28,ALB,Williams,30,0.6088990859476314,0.3552702765908647,24.8927373095132,174.02831134506164,589.5231395386974,0.8680273860302682,,after
Austrian Grand Prix,2026-06-28,ALB,Williams,32,0.6119154790464362,0.3580983318304188,3.026354887427205,151.82718205310533,655.1246128771724,0.6362048383228938,,after
Austrian Grand Prix,2026-06-28,ALB,Williams,33,0.6707065395868227,0.37799789783748067,18.577833750397726,180.46119204422953,732.3219267711165,1.012686701746307,,after
Austrian Grand Prix,2026-06-28,ALB,Williams,34,0.6466086831704244,0.3740535491168938,23.571542176226806,177.38058246959076,671.0622943511303,1.1145199303952191,,after
Austrian Grand Prix,2026-06-28,ALB,Williams,35,0.6502664007506488,0.3271368158632827,29.430251692665475,197.44899960808092,591.5353467754395,1.0922269874862107,,after
Austrian Grand Prix,2026-06-28,ALB,Williams,39,0.6249126577223288,0.3612862806647691,13.136600774659987,163.52532502861217,648.5119446189087,1.143211345214468,,after
Austrian Grand Prix,2026-06-28,ALB,Williams,40,0.6134123385766903,0.3785462481454795,26.526076491074132,169.61777521149153,615.4493067617259,0.5269102208702144,,after
Austrian Grand Prix,2026-06-28,ALB,Williams,41,0.7931293612161591,0.3799377264747124,4.357141524202841e-05,171.02113937582735,874.7365873763828,1.3576470888316,,after
Austrian Grand Prix,2026-06-28,ALB,Williams,42,0.6052683373365786,0.3674615085836433,23.67480229891186,168.29482417496277,605.4232826520102,0.9003699927605499,,after
Austrian Grand Prix,2026-06-28,ALB,Williams,43,0.6687258032611771,0.37557798713025625,34.936842376616866,188.5009233600993,649.1067326001952,0.7733346613616252,,after
Austrian Grand Prix,2026-06-28,ALB,Williams,44,0.6310218377501011,0.3708107573683997,39.603261159892305,185.57522257216067,581.6683442062182,0.5183903151434678,,after
Austrian Grand Prix,2026-06-28,ALB,Williams,45,0.6182365635739512,0.3534116563696279,11.752334343937068,160.6009962846397,626.4179598156913,0.783327776345024,,after
Austrian Grand Prix,2026-06-28,ALB,Williams,48,0.6015501147946719,0.3633169405027641,32.86341239102967,176.55409436845866,573.2910994307153,1.414885848518915,,after
Austrian Grand Prix,2026-06-28,ALB,Williams,49,0.5851645487616819,0.35163220165119535,41.41619298388905,184.6048901954608,504.2300679384428,1.0045652427714804,,after
Austrian Grand Prix,2026-06-28,ALB,Williams,50,0.6153064522219082,0.39201269407528405,28.94499113367692,164.00146659152531,612.427035189995,1.0322178865438816,,after
Austrian Grand Prix,2026-06-28,ALB,Williams,52,0.5448889502804607,0.32682663088576297,22.91899200295097,167.83643941772428,497.08358565652384,0.6806295060175876,,after
Austrian Grand Prix,2026-06-28,ALB,Williams,53,0.5844686326230981,0.32586390822600436,39.79836955727655,188.11764178791,469.8962979975578,0.8740819746903228,,after
Austrian Grand Prix,2026-06-28,ALB,Williams,54,0.5907095985635261,0.35046053748195544,56.612201404462674,199.98322613978874,460.9159591501645,0.9604936107305424,,after
Austrian Grand Prix,2026-06-28,ALB,Williams,55,0.6351222384161969,0.36847957173312096,35.09568106271686,182.6146580784593,595.0588686985187,0.6002350749725694,,after
Austrian Grand Prix,2026-06-28,ALB,Williams,56,0.6192530577800125,0.391406650749819,52.67898187665541,193.8950779525321,584.344761088184,0.5919879636044878,,after
Austrian Grand Prix,2026-06-28,ALB,Williams,57,0.5606029975805097,0.3527517960540621,40.998015463009246,181.0706293852769,490.1710356895769,0.620083571174524,,after
Austrian Grand Prix,2026-06-28,ALB,Williams,58,0.531801405861122,0.3752414582929425,52.202208663124054,180.846037347894,451.89881865111744,0.7287056930130678,,after
Austrian Grand Prix,2026-06-28,ALB,Williams,59,0.6667320191626057,0.37586934699788516,36.88456399816846,187.77511788635678,631.5246799580914,0.8477210720433941,,after
Austrian Grand Prix,2026-06-28,ALB,Williams,60,0.6344562922162037,0.3731967011627496,27.575019202811625,176.04639882616175,630.5895540061804,0.6812045904182719,,after
Austrian Grand Prix,2026-06-28,ALB,Williams,61,0.5798808407850715,0.3960048882421607,31.44658829346596,166.92149185799062,601.5399891684483,0.5843297564601906,,after
Austrian Grand Prix,2026-06-28,ALB,Williams,62,0.5872471005032353,0.2663852958316451,22.653805776865166,194.20673309651514,441.4409556959591,1.158751442242616,,after
Austrian Grand Prix,2026-06-28,ALB,Williams,65,0.6452580710995659,0.25117286842478337,5.7395534715605905e-06,188.6255804251137,539.9932810359435,1.7674834403367126,,after
Austrian Grand Prix,2026-06-28,ALB,Williams,66,0.6342132271606836,0.34572719626007475,21.025577688475614,177.6816120229196,613.4395026235455,0.9072760098902859,,after
Austrian Grand Prix,2026-06-28,ALB,Williams,67,0.6848209421065384,0.3798543485380464,7.718539785617697,169.5604294727451,778.5647994747823,1.0743585730452143,,after
Austrian Grand Prix,2026-06-28,ALB,Williams,68,0.707455718160449,0.39676986213267285,1.6982627246891566e-06,161.18699259466155,850.5531398303192,1.1857601413169168,,after
Austrian Grand Prix,2026-06-28,ALB,Williams,69,0.6160789738945991,0.3465189290081441,0.0001025671656479358,155.89828024588655,670.4720448076397,0.8798204017870922,,after
Austrian Grand Prix,2026-06-28,ALO,Aston Martin,2,0.7378912981464983,0.586329115761397,269.81694821374924,408.15094845189526,806.5450186979288,1.236021675090089,426.1941825953331,after
Austrian Grand Prix,2026-06-28,ALO,Aston Martin,3,0.6199996904903037,0.5379971464391293,386.26556921886225,517.2566411436924,438.1711185422172,0.7659026383813103,526.7009759518857,after
Austrian Grand Prix,2026-06-28,ALO,Aston Martin,4,0.49099368503039104,0.3598370571472026,96.38522502446283,238.75099312245098,339.3285751107532,1.181379692300352,241.5159937454245,after
Austrian Grand Prix,2026-06-28,ALO,Aston Martin,5,0.4538768000630842,0.3777752028714684,144.84141889451593,276.9925872114964,101.18868197095871,2.207225631732027,299.58448689204937,after
Austrian Grand Prix,2026-06-28,ALO,Aston Martin,6,0.4631569593596899,0.38424965991878945,138.27591025491216,271.375826816401,181.16259944589368,2.0171105752075573,330.33940983287835,after
Austrian Grand Prix,2026-06-28,ALO,Aston Martin,7,0.4336606188963131,0.38695915861892743,159.08671991812892,286.2064890450707,63.763372239002315,2.6528587978299574,367.23468053350877,after
Austrian Grand Prix,2026-06-28,ALO,Aston Martin,8,0.43703018510239205,0.40470892579264034,170.20117299812966,295.4803665287748,68.66591547486728,2.50644320944911,332.13431550317654,after
Austrian Grand Prix,2026-06-28,ALO,Aston Martin,9,0.46569115169260694,0.3512954547262842,121.2565392745401,261.722807809857,156.20607315482562,2.154069745148446,339.1633117121941,after
Austrian Grand Prix,2026-06-28,ALO,Aston Martin,10,0.453919965704151,0.3714132534543262,149.977582391409,284.90410112373496,89.50828087519953,2.50778681794948,299.5741416101756,after
Austrian Grand Prix,2026-06-28,ALO,Aston Martin,11,0.5063386583471214,0.31820059138776124,115.15004183746713,273.6985531064183,164.79487029480717,1.9684959843911745,269.94843363107344,after
Austrian Grand Prix,2026-06-28,ALO,Aston Martin,14,0.4576802763251269,0.3261929761216673,120.53550666228067,263.7403501073692,104.03144455353811,2.2844486443826657,299.6588508195507,after
Austrian Grand Prix,2026-06-28,ALO,Aston Martin,15,0.5008896933396393,0.3549426751330469,135.92825712015315,286.5246870362246,147.42521340249718,2.4107692369942337,290.4951055374259,after
Austrian Grand Prix,2026-06-28,ALO,Aston Martin,18,0.4696112932594798,0.32371805557744426,92.52649414787611,235.64383557004226,218.18822550809324,1.388934927346014,189.8765438421006,after
Austrian Grand Prix,2026-06-28,ALO,Aston Martin,20,0.3916186689250486,0.3653953642726608,136.97634817848797,256.6880287545763,49.20331681615056,1.8181073421011913,279.2393585988418,after
Austrian Grand Prix,2026-06-28,ALO,Aston Martin,22,0.5533160637435025,0.3008691270102838,57.156255962469444,230.28410880620635,389.721832201377,1.3561786678762902,,after
Austrian Grand Prix,2026-06-28,ALO,Aston Martin,23,0.557443870672924,0.33572545958387084,37.46385367513257,200.45866589825945,506.2444517338011,1.687085137772699,,after
Austrian Grand Prix,2026-06-28,ALO,Aston Martin,26,0.4865340194629858,0.32704258775918804,29.124304398846746,174.14755456541027,451.8700590397697,0.9536987982614092,,after
Austrian Grand Prix,2026-06-28,ALO,Aston Martin,28,0.5863885536608081,0.2831574171521211,0.8507336858169303,181.10300324452106,568.6457096182603,1.3218423441570974,,after
Austrian Grand Prix,2026-06-28,ALO,Aston Martin,29,0.5182905844458461,0.3213362243549134,0.00039576797697898626,144.73759934803218,541.8348905338587,0.9597086227422135,,after
Austrian Grand Prix,2026-06-28,ALO,Aston Martin,30,0.5416277498809416,0.5854514414223267,70.77910788359372,180.42704547305044,777.6337139820669,1.0442132316079769,,after
Austrian Grand Prix,2026-06-28,ALO,Aston Martin,31,0.4833770218996596,0.31010049925184763,68.35946458623565,213.73396759729803,278.90537502634044,1.0701578645350576,,after
Austrian Grand Prix,2026-06-28,ALO,Aston Martin,32,0.4830844499730737,0.2709844980386392,49.41619481625294,199.9578372071446,281.9270744461244,0.9783092147092273,,after
Austrian Grand Prix,2026-06-28,ALO,Aston Martin,35,0.6005051919724416,0.2630782394195301,81.90404685334167,271.34262329266744,269.1773529035248,1.3959149157962232,,after
Austrian Grand Prix,2026-06-28,ALO,Aston Martin,36,0.46179752873768526,0.32679595077938156,97.77018261583237,236.2038993862528,239.9344296366597,1.1415797418095266,,after
Austrian Grand Prix,2026-06-28,ALO,Aston Martin,37,0.589769161097792,0.2865648657674392,59.790555700119455,239.2855605482523,378.9884778063844,1.5896070731070173,,after
Austrian Grand Prix,2026-06-28,ALO,Aston Martin,39,0.6979864518241244,0.5414134171325271,38.191565921912115,164.49307401885687,919.6805935799955,1.2914766634147483,,after
Austrian Grand Prix,2026-06-28,ALO,Aston Martin,40,0.3363419020258505,0.18228740832484022,42.53947429768036,160.25914000672805,110.80105227492953,0.5685902928057298,,after
Austrian Grand Prix,2026-06-28,ALO,Aston Martin,41,0.647606498798572,0.5398166305677482,54.938911038399446,176.6174377810518,838.6254938104769,1.188532823370329,,after
Austrian Grand Prix,2026-06-28,ALO,Aston Martin,42,0.7125839724443614,0.6427576013192532,389.37441074641293,513.5773354550229,865.0160227002535,1.5178920332008343,275.1942076721975,after
Austrian Grand Prix,2026-06-28,ALO,Aston Martin,43,0.6151941245974825,0.5773906745161468,164.30740717118695,281.8150007966276,740.6440470051425,0.9920799451642743,240.187894992425,after
Austrian Grand Prix,2026-06-28,ALO,Aston Martin,44,0.6199688735892683,0.5441989009588833,62.935499820474504,181.96398979194578,825.9202716412948,0.9384853229449256,,after
Austrian Grand Prix,2026-06-28,ALO,Aston Martin,45,0.5216225544477959,0.5130231539879928,91.4897117236514,205.29324531989477,657.0142477835502,0.7086103686899652,,after
Austrian Grand Prix,2026-06-28,ALO,Aston Martin,46,0.4364093942822751,0.31043940534435305,98.39916867625487,229.71902463592897,132.5658747709944,1.3095865836240064,174.8558961213548,after
Austrian Grand Prix,2026-06-28,ALO,Aston Martin,47,0.5171424067569839,0.29345540521689345,76.00955015607198,234.7198076793034,276.88528668022764,1.0814285858461905,,after
Austrian Grand Prix,2026-06-28,ALO,Aston Martin,48,0.5641869581186475,0.17341709679186795,78.4123727996209,275.87780814114757,26.551632908955828,0.7942465619809341,,after
Austrian Grand Prix,2026-06-28,ALO,Aston Martin,51,0.34905659014782986,0.17671169977012727,63.687107225199966,185.85691377694042,-46.75096671082502,0.3511098712824957,,after
Austrian Grand Prix,2026-06-28,ALO,Aston Martin,52,0.6814505800437837,0.5324014914858789,64.02476741165096,186.42803747571986,828.0133014163629,0.9559603123724306,,after
Austrian Grand Prix,2026-06-28,ALO,Aston Martin,53,0.5743671684427213,0.48072995701569077,79.67079321625572,200.84171557248746,634.7413657919601,1.00873924192538,,after
Austrian Grand Prix,2026-06-28,ALO,Aston Martin,54,0.46677340233341175,0.334704258323076,57.02552969175002,186.68586718106607,350.73431585306264,1.1736437692599746,,after
Austrian Grand Prix,2026-06-28,ALO,Aston Martin,55,0.6478837424892491,0.2698184763300042,37.567196184718455,225.6710238960049,459.0099220036002,1.6466600360538892,,after
Austrian Grand Prix,2026-06-28,ALO,Aston Martin,56,0.5041261472542123,0.31902927108802726,59.664863410439374,202.03992776529563,370.14984774513636,0.8458436464201984,,after
Austrian Grand Prix,2026-06-28,ALO,Aston Martin,57,0.477143326598974,0.364830270669277,77.33334361549703,203.35574147105916,361.855115316594,0.8232705539590819,,after
Austrian Grand Prix,2026-06-28,ALO,Aston Martin,58,0.5185323945483281,0.29437692529200465,64.44506962583496,211.78928315323952,284.7632303752799,1.5176698153989874,182.57543641111192,after
Austrian Grand Prix,2026-06-28,ALO,Aston Martin,59,0.5061221617797782,0.31347395639696096,54.610289974589726,196.3549872665535,364.1431679174232,0.9652276880311389,,after
Austrian Grand Prix,2026-06-28,ALO,Aston Martin,60,0.5185153106297055,0.3207849569738254,61.872558290605376,205.71740452120088,368.30792122111586,1.012850364633695,,after
Austrian Grand Prix,2026-06-28,ALO,Aston Martin,61,0.2927847205299542,0.07033259544763612,67.67282832614409,170.14748051162803,-290.10149465973086,1.054423480281855,,after
Austrian Grand Prix,2026-06-28,ALO,Aston Martin,62,0.6836364540505829,0.6247083856024143,354.3286352006773,474.2828560233242,714.8552709065972,1.0192265269001561,483.2927311610789,after
Austrian Grand Prix,2026-06-28,ALO,Aston Martin,63,0.6046238610783423,0.24262772527372498,0.7982121012476674,186.60540319053868,497.00819741143863,1.1998039232217752,,after
Austrian Grand Prix,2026-06-28,ALO,Aston Martin,64,0.5666144934863889,0.29548799012260674,50.204053639357205,208.45960759937316,387.5190403700855,1.0784868731433588,,after
Austrian Grand Prix,2026-06-28,ALO,Aston Martin,65,0.4609226084330302,0.34719620149651287,76.14527704234293,201.53879281109263,303.6558410729188,1.1230366478680798,,after
Austrian Grand Prix,2026-06-28,ALO,Aston Martin,66,0.5259066431226164,0.35064760092401626,83.31386400915372,224.23131463858164,339.32748891508186,1.7204103361507648,206.40572611599777,after
Austrian Grand Prix,2026-06-28,ALO,Aston Martin,67,0.4650776496500972,0.38694093343390584,131.78096544015,252.6699162995833,155.73581265676208,2.560406172708635,259.4297141461381,after
Austrian Grand Prix,2026-06-28,STR,Aston Martin,2,0.6269744250252757,0.6716555457956997,3526.00698886499,3720.8381953580183,934.31101341289,0.9435878247310856,,after
Austrian Grand Prix,2026-06-28,STR,Aston Martin,3,0.5174217249323558,0.27602533605105745,52.259184991133885,218.27409957122273,314.04759151506914,1.1694862073439616,,after
Austrian Grand Prix,2026-06-28,STR,Aston Martin,4,0.5366968938610323,0.307897110233213,60.98158524032961,222.45615238961813,371.92783061076597,1.476451167408169,,after
Austrian Grand Prix,2026-06-28,STR,Aston Martin,5,0.5481387164573218,0.31060039590069033,54.10451235876936,217.74376463573807,392.829897130102,0.7224271094633892,,after
Austrian Grand Prix,2026-06-28,STR,Aston Martin,7,0.5369054225814743,0.3753784251885825,64.74223605107163,216.64349564689402,510.3002821209929,0.905997322028931,,after
Austrian Grand Prix,2026-06-28,STR,Aston Martin,8,0.5317516791681839,0.3519218839588696,80.09443645826447,229.94393681201979,378.04394134650204,1.5496387154194107,236.89731218298942,after
Austrian Grand Prix,2026-06-28,STR,Aston Martin,10,0.5037764132527949,0.3557976573652306,77.31062457753491,223.0655979418248,379.58023143797544,1.0059138771249194,,after
Austrian Grand Prix,2026-06-28,STR,Aston Martin,11,0.6263481975548241,0.28720088597200316,63.45294201482316,256.3865009002822,404.4233294178766,1.5705894088062113,,after
Austrian Grand Prix,2026-06-28,STR,Aston Martin,13,0.4638119528003455,0.3340797381905846,98.60715811217383,239.33770110759795,210.49980215736315,1.4631682691369654,235.089861809415,after
Austrian Grand Prix,2026-06-28,STR,Aston Martin,14,0.5122288322016572,0.34080657563999045,100.07561256244436,251.72784989114285,286.7995541835186,1.1926982964240516,191.05396636549168,after
Austrian Grand Prix,2026-06-28,STR,Aston Martin,15,0.4833229514811114,0.3564209224136659,110.39026146410167,252.06294536210748,233.39031956939812,1.2310103035689317,247.46048115004152,after
Austrian Grand Prix,2026-06-28,STR,Aston Martin,17,0.48523409931528694,0.3328753518908148,68.21834560978608,212.31263043532678,318.9397832204094,0.8928891501628184,,after
Austrian Grand Prix,2026-06-28,STR,Aston Martin,18,0.6335257769636707,0.2818458573414667,40.03285810186259,234.97282721520256,471.8842618336173,1.3605050915561896,,after
Austrian Grand Prix,2026-06-28,STR,Aston Martin,20,0.47251077163343985,0.36830492965772693,57.06508703882166,190.98056144615745,431.2261307806764,0.7574870521665928,,after
Austrian Grand Prix,2026-06-28,STR,Aston Martin,22,0.4683037972655202,0.3448668507081186,69.73396381741962,205.6356859358035,325.4908975506759,1.191845207446323,,after
Austrian Grand Prix,2026-06-28,STR,Aston Martin,23,0.5731371416325105,0.5804220635624997,104.87933878284746,220.66414178817357,824.4200830710661,1.8585942530889823,,after
Austrian Grand Prix,2026-06-28,STR,Aston Martin,26,0.5950687329975528,0.5812390945855198,37.56361559988516,152.96275460662542,880.2195842833451,1.597301599709229,,after
Austrian Grand Prix,2026-06-28,STR,Aston Martin,27,0.6140752993296417,0.3494165016802853,10.774707847516838,172.85690708522912,670.7487950563558,0.9710587520815865,,after
Austrian Grand Prix,2026-06-28,STR,Aston Martin,28,0.5214758355498512,0.31428537146675734,38.987203253272945,186.98475283268246,424.2364029581689,1.121015973431112,,after
Austrian Grand Prix,2026-06-28,STR,Aston Martin,29,0.5458094514922354,0.2368925141004394,8.7355567667376e-05,179.52522693089253,450.4794620894156,1.4284151734085702,,after
Austrian Grand Prix,2026-06-28,STR,Aston Martin,30,0.7088144283485988,0.24974176987834512,34.34386020656728,252.3281356902038,491.0497352715438,1.5782898525900326,,after
Austrian Grand Prix,2026-06-28,STR,Aston Martin,31,0.48503382925291594,0.30561749124039433,64.08520458011998,207.99036065770744,287.7229549162836,0.909701610451958,,after
Austrian Grand Prix,2026-06-28,STR,Aston Martin,33,0.640229777154346,0.2626481358237561,43.97441138656143,239.47619966768033,428.9589232133633,1.7814297873749312,,after
Austrian Grand Prix,2026-06-28,STR,Aston Martin,35,0.518247578878981,0.3247081111449282,77.67530651234812,224.56159151073908,254.09633892956532,1.287234642446162,150.82149052919564,after
Austrian Grand Prix,2026-06-28,STR,Aston Martin,36,0.5417776858855377,0.3281354389167183,59.10267014149324,209.8461205905658,394.11610880685475,1.5109242326134853,216.22316779201478,after
Austrian Grand Prix,2026-06-28,STR,Aston Martin,37,0.6888580942353267,0.5892860272938725,72.63107877837008,192.74770450936472,915.8140245400842,1.8965690985798698,,after
Austrian Grand Prix,2026-06-28,STR,Aston Martin,39,0.5826698476401577,0.3190090192787509,37.497372711062255,197.00781296347185,494.3246073870545,0.7889082076546289,,after
Austrian Grand Prix,2026-06-28,STR,Aston Martin,40,0.5318474311248614,0.3500605245474347,44.925497270212105,188.21279989907543,470.514337919592,0.7590799233506692,,after
Austrian Grand Prix,2026-06-28,STR,Aston Martin,41,0.5027591956650688,0.30972454785558406,67.68315078046757,214.2269395769984,348.5145980460535,1.2784623976371225,,after
Austrian Grand Prix,2026-06-28,STR,Aston Martin,42,0.595549214667958,0.3430411603398723,58.258000132094466,210.31799409687932,467.337309691634,0.8211623461342332,,after
Austrian Grand Prix,2026-06-28,STR,Aston Martin,43,0.5372521263699599,0.33278759050859663,55.07341157852453,196.78650146006603,412.22591597591037,0.649342191719136,,after
Austrian Grand Prix,2026-06-28,STR,Aston Martin,44,0.5448281147659726,0.28292549821459706,63.796377543355945,221.70334258299985,284.1957661282997,1.121708353902818,,after
Austrian Grand Prix,2026-06-28,SAI,Williams,2,0.8290011758217425,0.5552664411655348,181.6261353946997,326.0607371660463,976.4267328830942,0.9512468849895392,,after
Austrian Grand Prix,2026-06-28,SAI,Williams,3,0.7704028682687093,0.488080192448618,18.218736629625905,162.91451088645056,950.9423025267788,1.1009208702630453,,after
Austrian Grand Prix,2026-06-28,SAI,Williams,4,0.8360740464171939,0.40885137326787596,0.01016650845843394,171.58644190116496,956.6784388800489,1.0519574831751384,,after
Austrian Grand Prix,2026-06-28,SAI,Williams,5,0.7023790662789864,0.4491380434681495,7.366025817109313,160.5220856082826,907.3902496886523,0.6933005577373332,,after
Austrian Grand Prix,2026-06-28,SAI,Williams,6,0.7670296322404342,0.45948629099417604,26.819602908448054,181.15668814689027,929.5449379910197,1.082061406848995,,after
Austrian Grand Prix,2026-06-28,SAI,Williams,7,0.7304203347216492,0.4728227875548573,0.00042252031874156446,146.94549466549185,954.8849593607,1.021795352078841,,after
Austrian Grand Prix,2026-06-28,SAI,Williams,10,0.6804439992533475,0.4849286972911403,20.087519981047873,159.19061646052717,877.8069654165819,0.8877672894657722,,after
Austrian Grand Prix,2026-06-28,SAI,Williams,11,0.7182020075027636,0.423472831403941,8.526258706607239,165.66092419636294,865.0933406690106,0.7553189351614608,,after
Austrian Grand Prix,2026-06-28,SAI,Williams,12,0.7379389899155891,0.4266586066622333,2.3164851320967887,164.5481171311405,923.7473578327259,1.2834747776677917,,after
Austrian Grand Prix,2026-06-28,SAI,Williams,13,0.6147536993782109,0.42370086859656847,38.04664953327357,182.3410025332118,699.1264549420848,0.6144118161010396,,after
Austrian Grand Prix,2026-06-28,SAI,Williams,16,0.701175278097251,0.3533944456168124,49.26019162751203,229.5575903835441,632.8291357755221,1.6531203981336469,,after
Austrian Grand Prix,2026-06-28,SAI,Williams,17,0.5891283972729522,0.3929302117528935,44.37456305600963,189.99698447287255,605.8536017423748,0.8544968956606559,,after
Austrian Grand Prix,2026-06-28,SAI,Williams,18,0.5924840503854346,0.36774794405657124,35.24899002990418,186.74750904390763,582.0060825330999,1.0865812817552958,,after
Austrian Grand Prix,2026-06-28,SAI,Williams,20,0.6731464523882865,0.39189107280685465,25.507674126090023,182.79647781818443,721.6567291246803,1.3215211354260576,,after
Austrian Grand Prix,2026-06-28,SAI,Williams,22,0.5346098815425856,0.3904980312009353,63.82782854393633,199.42749634219527,475.1727405127296,0.7949548620586457,,after
Austrian Grand Prix,2026-06-28,SAI,Williams,23,0.6392847013818211,0.3602823783161222,56.53900892562529,219.57913173450524,554.3720160264928,1.510817193506771,264.3803369769725,after
Austrian Grand Prix,2026-06-28,PER,Cadillac,2,0.7846913870189113,0.5111637230105809,42.53375517837309,185.3441401804466,954.2032793534551,0.9169558483747964,,after
Austrian Grand Prix,2026-06-28,PER,Cadillac,3,0.9103714503444412,0.9316581766713463,94.25540705487585,218.7466958514693,1214.2241605215645,2.572324977507808,,after
Belgian Grand Prix,2026-07-19,ANT,Mercedes,33,0.4298701679238038,0.9972644418350034,3905.093097544851,4036.650740917709,2088.5914980712055,10.27326081121514,,after
Belgian Grand Prix,2026-07-19,LEC,Ferrari,13,0.24467867632050588,0.9363781951061985,15.498446644071201,61.978522284910525,1401.7759223142118,12.519374674827489,149.06112400406866,after
Belgian Grand Prix,2026-07-19,LEC,Ferrari,19,0.5288302886326308,0.17898289187934477,1.0227690641971507e-06,168.71880368066044,983.3000552399728,7.655981427297974,96.7440872885262,after
Belgian Grand Prix,2026-07-19,LEC,Ferrari,33,0.5414181628029215,0.2009056167383477,3.186521107530192e-08,145.84920959093773,1058.3732531578032,7.602166265226762,51.86188454869445,after
Belgian Grand Prix,2026-07-19,VER,Red Bull Racing,19,0.5425127425825355,0.16250999893642543,2.7331563595378766e-06,186.71995288618078,929.3591984834027,10.83679946904092,170.0620969367094,after
Belgian Grand Prix,2026-07-19,VER,Red Bull Racing,36,0.5911769425370523,0.16844082177042444,1.6112970592454399,185.31949592126784,994.0005407480977,8.37526045398456,60.71396333712671,after
Belgian Grand Prix,2026-07-19,VER,Red Bull Racing,40,0.6309408965507173,0.21277582664284334,2.0962549301932772e-07,146.3693462034424,1241.0099561304492,8.5453079985787,77.97315462243944,after
Belgian Grand Prix,2026-07-19,PIA,McLaren,7,0.4194686657278607,0.9999999572456827,0.00044155279051006073,67.02800622111195,2109.3846190033055,9.493492491813209,,after
Belgian Grand Prix,2026-07-19,PIA,McLaren,8,0.4828839769291724,0.7577691340581588,2.5273645857672594e-05,74.70112965747174,2012.7707366203379,9.37965689925499,73.10802193431597,after
Belgian Grand Prix,2026-07-19,PIA,McLaren,23,0.3533404454333368,0.7761393676379207,5.195634332425792e-06,60.62444957838782,1601.6190886993957,9.8681595277568,56.40598352654978,after
Belgian Grand Prix,2026-07-19,NOR,McLaren,28,0.5161417549854345,0.1969921888773793,1.666631512470797e-08,146.56473878168913,1008.6239793197987,9.151589151480557,60.36224906545395,after
Belgian Grand Prix,2026-07-19,NOR,McLaren,38,0.5734651439482379,0.1848855144297815,1.7488131656090416e-06,163.30200457385868,1055.1383609570291,6.000051529393799,387.6999825116202,after
Belgian Grand Prix,2026-07-19,NOR,McLaren,44,0.6817808255816432,0.23902216625269054,4.6053412717867565e-06,130.3595304749336,1379.2849559685146,9.519766941080201,149.7372312578731,after
Belgian Grand Prix,2026-07-19,BOR,Audi,7,0.4903826310956811,0.17349417636940948,7.667882597191924e-08,169.34067579360504,901.202273844823,6.911648905791112,,after
Belgian Grand Prix,2026-07-19,BOR,Audi,10,0.5460150420017654,0.20605383872992505,2.546630490915237e-06,149.98178904525827,1113.2099176986985,8.09388417090969,,after
Belgian Grand Prix,2026-07-19,BOR,Audi,11,0.5298826706851647,0.22451516963893675,2.055356376696145e-06,134.43013855699368,1139.331359167253,8.343440322778948,,after
Belgian Grand Prix,2026-07-19,BOR,Audi,12,0.5586767088160769,0.21760899311555065,3.3754411182118575e-05,143.01674104878455,1173.9834751295277,8.649131524315344,,after
Belgian Grand Prix,2026-07-19,BOR,Audi,15,0.2668436381860117,0.9999998706118333,0.00023198510414463886,49.003721224457365,1554.195966830326,12.835795465696116,124.55392242161479,after
Belgian Grand Prix,2026-07-19,BOR,Audi,16,0.4808309895956659,0.2020597558480632,1.9429180592042625e-06,140.8822668168212,976.6315725986335,6.901197635689237,,after
Belgian Grand Prix,2026-07-19,BOR,Audi,19,0.5819865474084329,0.19988696649593732,6.66487725474617e-08,160.2838789436282,1171.3689507102683,6.924402579164054,56.14295567359107,after
Belgian Grand Prix,2026-07-19,BOR,Audi,23,0.5104381679438763,0.1831410632040725,3.4674967581944298e-06,158.3720660565469,953.1211280261382,6.7067848050930134,50.43914990843166,after
Belgian Grand Prix,2026-07-19,BOR,Audi,32,0.5130023478980008,0.17082575128590646,1.5520941423353155e-07,169.24596480193316,913.9056064912198,7.209825589632234,,after
Belgian Grand Prix,2026-07-19,BOR,Audi,41,0.5467366242764832,0.1797638645338222,3.7924443487223978,164.0021098735555,913.6651505521304,6.552375988222998,67.11859454345448,after
Belgian Grand Prix,2026-07-19,LIN,Racing Bulls,8,0.5658273003579959,0.7473818763069865,3.565127942515245e-06,82.14533422429459,2237.6640882131583,7.852307409124251,485.0850435043817,after
Belgian Grand Prix,2026-07-19,LIN,Racing Bulls,14,0.6636241958544259,0.21264950573443692,2.3933792737493787e-08,154.73948509928118,1300.6380807503583,5.62184214250644,361.82612096129174,after
Belgian Grand Prix,2026-07-19,LIN,Racing Bulls,29,0.5992026081789377,0.23199078909819892,1.4931980785788471e-07,129.61516063010063,1223.8477789181954,5.155232665445541,420.21586586044106,after
Belgian Grand Prix,2026-07-19,LIN,Racing Bulls,32,0.644492099736999,0.2490926826777369,2.1514345021979773e-06,123.17851172439939,1344.5909303369122,7.287989910147999,429.433745537453,after
Belgian Grand Prix,2026-07-19,LIN,Racing Bulls,33,0.67271196974167,0.23578491479729863,1.614710089340545e-08,134.29349082914732,1369.3532109083244,6.296950734809281,399.6731410495344,after
Belgian Grand Prix,2026-07-19,LIN,Racing Bulls,38,0.6796152980846651,0.23071320091083877,4.892084267555882e-08,137.42709700697264,1366.4937126579666,6.6016058489533505,397.50676734735936,after
Belgian Grand Prix,2026-07-19,LIN,Racing Bulls,42,0.7139511317996821,0.24300177888938046,1.8619330876592758e-08,130.4936929911729,1442.3278362948995,7.842626978390381,202.38395102175943,after
Belgian Grand Prix,2026-07-19,LIN,Racing Bulls,43,0.6848045520897692,0.2527910148740605,2.6172728785221344e-06,122.65683062986778,1424.199204237006,5.141073418365307,331.6996420364057,after
Belgian Grand Prix,2026-07-19,GAS,Alpine,16,0.4728252256848797,0.16300387500856683,131.97072497431384,297.4595539640217,736.6649219189239,2.3118632615076167,,after
Belgian Grand Prix,2026-07-19,GAS,Alpine,24,0.6526437199450017,0.1667552314885597,131.874758592475,335.96089852021026,1058.2106969432468,2.2536855305679873,,after
Belgian Grand Prix,2026-07-19,LAW,Racing Bulls,7,0.5521132924753034,0.20101723875896457,1.0917124733075607e-06,154.0317130280716,1097.7170567050898,10.134524964518866,126.76531151875784,after
Belgian Grand Prix,2026-07-19,LAW,Racing Bulls,8,0.5321549813270263,0.18712569005206414,4.887438593983844e-07,164.24300291696488,1024.205494651188,9.259495103543582,79.70013007987058,after
Belgian Grand Prix,2026-07-19,LAW,Racing Bulls,17,0.5694681578305785,0.1891956193603944,23.796431543021235,188.5727277454372,705.7890497705773,7.9225101030283,386.5744892682929,after
Belgian Grand Prix,2026-07-19,LAW,Racing Bulls,19,0.6350269175390476,0.24887166837352592,1.7422536481282133e-08,126.12255258539224,1354.2465902249326,7.383071411834823,52.86696237546645,after
Belgian Grand Prix,2026-07-19,LAW,Racing Bulls,44,0.4698821964455243,0.8720550921269213,0.000218278871164327,71.71084682730206,2149.621774821503,11.153784008524205,,after
Belgian Grand Prix,2026-07-19,HUL,Audi,7,0.5751929036041371,0.21634187849129796,7.533485986380066e-08,145.11474978841446,1183.4480562274232,5.824830781353683,330.1147187286268,after
Belgian Grand Prix,2026-07-19,HUL,Audi,11,0.42307032185186305,0.9974969802284642,368.2226011266449,440.86988371990356,2109.644137557512,9.731668013456007,,after
Belgian Grand Prix,2026-07-19,HUL,Audi,12,0.4047348366071535,0.999999999999914,3.626021939347815e-05,65.37282430582087,2099.735214499668,13.109267207768125,,after
Belgian Grand Prix,2026-07-19,HUL,Audi,13,0.5512597550735506,0.20621120449251829,4.687047822888141,154.49403331915252,1049.6211194961963,5.2714213733557145,350.6105839400387,after
Belgian Grand Prix,2026-07-19,HUL,Audi,14,0.53631341805733,0.1671962396823079,8.162025286808549e-08,183.5621669438551,950.097694128047,6.371820724383122,,after
Belgian Grand Prix,2026-07-19,HUL,Audi,19,0.565309214233247,0.18730203597544312,9.531547680125543e-08,168.56615805620405,1088.5071681022116,6.388635193479354,172.65074529455802,after
Belgian Grand Prix,2026-07-19,HUL,Audi,24,0.31143850693986175,0.9999999997073532,0.41939118940858555,54.91717749768996,1726.018227594701,13.928550263495687,150.5410779228843,after
Belgian Grand Prix,2026-07-19,HUL,Audi,40,0.6195159256587904,0.24028435964635445,6.593799837447005e-08,126.71925707005921,1300.2217003694175,5.41065548859101,427.0489981204039,after
Belgian Grand Prix,2026-07-19,SAI,Williams,44,0.23087855199683668,0.8922627250204855,2.9210666365946366e-06,43.76088125863919,1283.2326440734323,10.946929632038898,,after
Belgian Grand Prix,2026-07-19,OCO,Haas F1 Team,6,0.3221230277265325,0.9999993527976047,6.673555723019796e-05,56.22442462831117,1796.308264627111,12.114367636075748,186.5216654814211,after
Belgian Grand Prix,2026-07-19,BOT,Cadillac,26,0.9999999999999838,2.275638628603679e-13,5.4551229255215824e-05,350.00005455122357,121.26990555459398,12.388861222075587,164.94226169510137,after
Belgian Grand Prix,2026-07-19,BOT,Cadillac,35,0.14070751648109558,0.8316572079806477,31.023390094690832,61.24664919739708,718.5748187646491,11.41298871520681,192.10046269363056,after
Belgian Grand Prix,2026-07-19,BOT,Cadillac,41,0.43611128934621624,0.12615707349823435,3.853790710038075e-08,152.63895130971358,622.8509877255282,9.953800868264173,196.82842131072937,after
Belgian Grand Prix,2026-07-19,ALO,Aston Martin,15,0.3632970509808002,0.16511742363487936,51.53755470869866,178.6915225519787,-216.4031172148767,6.212254553834318,52.68501222831033,after
Belgian Grand Prix,2026-07-19,PER,Cadillac,9,0.40614921124313347,0.11416479225289707,0.10184301581715562,142.25406695091388,521.405241519067,10.557934790847264,152.53695787186567,after
